protocol,model,pit
fixed,TSB-HB,1.0
fixed,TSB-HB,0.7937303849393444
fixed,TSB-HB,0.0
fixed,TSB-HB,1.0
fixed,TSB-HB,1.0
fixed,TSB-HB,1.0
fixed,TSB-HB,0.6928283118506664
fixed,TSB-HB,0.4483655235001788
fixed,TSB-HB,1.0
fixed,TSB-HB,0.4483655235001788
fixed,TSB-HB,0.845491357096647
fixed,TSB-HB,1.0
fixed,TSB-HB,0.553989652904311
fixed,TSB-HB,1.0
fixed,TSB-HB,0.3996014430216772
fixed,TSB-HB,0.3996014430216772
fixed,TSB-HB,0.0
fixed,TSB-HB,0.0
fixed,TSB-HB,0.0
fixed,TSB-HB,0.6020567400905813
fixed,TSB-HB,0.0
fixed,TSB-HB,0.6020567400905813
fixed,TSB-HB,0.0
fixed,TSB-HB,0.7197899665437671
fixed,TSB-HB,0.0
fixed,TSB-HB,0.35635069443433987
fixed,TSB-HB,0.0
fixed,TSB-HB,0.0
fixed,TSB-HB,0.7804910957968577
fixed,TSB-HB,0.35635069443433987
fixed,TSB-HB,0.22151721384530446
fixed,TSB-HB,0.7648707380957384
fixed,TSB-HB,1.0
fixed,TSB-HB,0.4284430383878588
fixed,TSB-HB,0.6158952870696385
fixed,TSB-HB,0.22151721384530446
fixed,TSB-HB,0.33854892371005685
fixed,TSB-HB,0.5252691707146763
fixed,TSB-HB,1.0
fixed,TSB-HB,0.33854892371005685
fixed,TSB-HB,0.43652255748679053
fixed,TSB-HB,0.5970368756919859
fixed,TSB-HB,0.2918921220855298
fixed,TSB-HB,0.2290226719481514
fixed,TSB-HB,0.2918921220855298
fixed,TSB-HB,0.0
fixed,TSB-HB,0.37367419616553277
fixed,TSB-HB,0.0
fixed,TSB-HB,0.2322813924761174
fixed,TSB-HB,0.5544865265863412
fixed,TSB-HB,0.7749895544006502
fixed,TSB-HB,0.8953072386670139
fixed,TSB-HB,0.7749895544006502
fixed,TSB-HB,0.0
fixed,TSB-HB,0.532460518534876
fixed,TSB-HB,0.532460518534876
fixed,TSB-HB,0.0
fixed,TSB-HB,1.0
fixed,TSB-HB,0.532460518534876
fixed,TSB-HB,0.0
fixed,TSB-HB,0.0
fixed,TSB-HB,0.2318049933501365
fixed,TSB-HB,0.4938268715336618
fixed,TSB-HB,0.35238860490546203
fixed,TSB-HB,0.7092233864241066
fixed,TSB-HB,0.7809399505989327
fixed,TSB-HB,0.0
fixed,TSB-HB,0.0
fixed,TSB-HB,0.4158689836946406
fixed,TSB-HB,1.0
fixed,TSB-HB,0.4158689836946406
fixed,TSB-HB,0.0
fixed,TSB-HB,0.666372158152531
fixed,TSB-HB,0.666372158152531
fixed,TSB-HB,0.666372158152531
fixed,TSB-HB,0.666372158152531
fixed,TSB-HB,0.41548027599695986
fixed,TSB-HB,0.41548027599695986
fixed,TSB-HB,1.0
fixed,TSB-HB,0.41614101940916115
fixed,TSB-HB,0.8779749123786595
fixed,TSB-HB,0.8779749123786595
fixed,TSB-HB,0.0
fixed,TSB-HB,1.0
fixed,TSB-HB,0.4105566686153596
fixed,TSB-HB,0.8473591277036919
fixed,TSB-HB,0.7977913911768505
fixed,TSB-HB,0.32302909637513816
fixed,TSB-HB,1.0
fixed,TSB-HB,1.0
fixed,TSB-HB,0.21869136397270594
fixed,TSB-HB,1.0
fixed,TSB-HB,0.5435421233801232
fixed,TSB-HB,0.3820965758468827
fixed,TSB-HB,0.5435421233801232
fixed,TSB-HB,0.5435421233801232
fixed,TSB-HB,0.0
fixed,TSB-HB,0.0
fixed,TSB-HB,0.5695157909913651
fixed,TSB-HB,0.3659024242105474
fixed,TSB-HB,0.7527765070515975
fixed,TSB-HB,0.5695157909913651
fixed,TSB-HB,0.27932046488277446
fixed,TSB-HB,0.0
fixed,TSB-HB,0.27932046488277446
fixed,TSB-HB,0.527562274194728
fixed,TSB-HB,0.27932046488277446
fixed,TSB-HB,0.0
fixed,TSB-HB,0.605387175326724
fixed,TSB-HB,0.7561169258216053
fixed,TSB-HB,0.7561169258216053
fixed,TSB-HB,0.605387175326724
fixed,TSB-HB,0.8262111052619151
fixed,TSB-HB,0.896305284702225
fixed,TSB-HB,0.7847650472168535
fixed,TSB-HB,0.7847650472168535
fixed,TSB-HB,0.7847650472168535
fixed,TSB-HB,0.7847650472168535
fixed,TSB-HB,0.47494282413530675
fixed,TSB-HB,0.0
fixed,TSB-HB,0.3878269171397898
fixed,TSB-HB,0.3878269171397898
fixed,TSB-HB,0.8411045811610982
fixed,TSB-HB,0.8411045811610982
fixed,TSB-HB,0.3878269171397898
fixed,TSB-HB,0.0
fixed,TSB-HB,0.0
fixed,TSB-HB,0.5873573138070074
fixed,TSB-HB,0.4130484995674891
fixed,TSB-HB,0.4130484995674891
fixed,TSB-HB,0.5873573138070074
fixed,TSB-HB,0.7386823518867941
fixed,TSB-HB,0.0
fixed,TSB-HB,0.6056501215085667
fixed,TSB-HB,0.0
fixed,TSB-HB,1.0
fixed,TSB-HB,0.6056501215085667
fixed,TSB-HB,0.0
fixed,TSB-HB,0.0
fixed,TSB-HB,0.1913032078856935
fixed,TSB-HB,0.1913032078856935
fixed,TSB-HB,0.40947681488393894
fixed,TSB-HB,0.160868805257129
fixed,TSB-HB,0.817694194024055
fixed,TSB-HB,0.0
fixed,TSB-HB,0.21298473267695717
fixed,TSB-HB,0.21298473267695717
fixed,TSB-HB,0.861223777147241
fixed,TSB-HB,0.21298473267695717
fixed,TSB-HB,0.861223777147241
fixed,TSB-HB,0.5722732333858016
fixed,TSB-HB,0.8413644376199793
fixed,TSB-HB,0.7610156819389471
fixed,TSB-HB,0.0
fixed,TSB-HB,0.0
fixed,TSB-HB,0.0
fixed,TSB-HB,0.3088649368700015
fixed,TSB-HB,0.891794474435554
fixed,TSB-HB,0.0
fixed,TSB-HB,1.0
fixed,TSB-HB,0.891794474435554
fixed,TSB-HB,0.0
fixed,TSB-HB,0.0
fixed,TSB-HB,0.621134631735047
fixed,TSB-HB,0.43571993629415173
fixed,TSB-HB,0.0
fixed,TSB-HB,0.8574508984296958
fixed,TSB-HB,0.7750740485998602
fixed,TSB-HB,0.0
fixed,TSB-HB,0.0
fixed,TSB-HB,0.30401752658958253
fixed,TSB-HB,0.0
fixed,TSB-HB,0.8901669576737223
fixed,TSB-HB,0.30401752658958253
fixed,TSB-HB,0.5633897467415595
fixed,TSB-HB,0.2148765770443702
fixed,TSB-HB,0.0
fixed,TSB-HB,1.0
fixed,TSB-HB,0.3897707082061478
fixed,TSB-HB,0.2148765770443702
fixed,TSB-HB,0.34961492569853814
fixed,TSB-HB,1.0
fixed,TSB-HB,0.0
fixed,TSB-HB,0.5070603873123244
fixed,TSB-HB,0.34961492569853814
fixed,TSB-HB,0.5587068797211235
fixed,TSB-HB,0.5430745705715978
fixed,TSB-HB,0.8053117467070189
fixed,TSB-HB,0.1972698370280454
fixed,TSB-HB,0.8053117467070189
fixed,TSB-HB,0.7701112477967089
fixed,TSB-HB,0.4366864106782713
fixed,TSB-HB,0.28037356381934325
fixed,TSB-HB,0.28037356381934325
fixed,TSB-HB,0.28037356381934325
fixed,TSB-HB,0.8263097038719154
fixed,TSB-HB,0.5237177264554546
fixed,TSB-HB,0.0
fixed,TSB-HB,0.544586421448056
fixed,TSB-HB,0.544586421448056
fixed,TSB-HB,0.28051909265473424
fixed,TSB-HB,0.8280145150985011
fixed,TSB-HB,0.7381937460100669
fixed,TSB-HB,0.28051909265473424
fixed,TSB-HB,0.5497217284493617
fixed,TSB-HB,0.3391406237578058
fixed,TSB-HB,0.3391406237578058
fixed,TSB-HB,0.8130553927305503
fixed,TSB-HB,0.5497217284493617
fixed,TSB-HB,0.0
fixed,TSB-HB,0.3185144730317675
fixed,TSB-HB,0.3185144730317675
fixed,TSB-HB,0.3185144730317675
fixed,TSB-HB,0.8327319562637729
fixed,TSB-HB,0.5438200567420223
fixed,TSB-HB,0.0
fixed,TSB-HB,0.7904382356367737
fixed,TSB-HB,0.8824203906363893
fixed,TSB-HB,0.6976563905066407
fixed,TSB-HB,0.0
fixed,TSB-HB,0.0
fixed,TSB-HB,0.0
fixed,TSB-HB,0.6263590419911045
fixed,TSB-HB,0.7862414559593112
fixed,TSB-HB,0.5212626983616387
fixed,TSB-HB,0.7314553856205702
fixed,TSB-HB,0.3802032787183185
fixed,TSB-HB,0.23238922885218397
fixed,TSB-HB,0.0
fixed,TSB-HB,0.44167871098127365
fixed,TSB-HB,0.6544399916916369
fixed,TSB-HB,0.44167871098127365
fixed,TSB-HB,0.44167871098127365
fixed,TSB-HB,0.44167871098127365
fixed,TSB-HB,0.0
fixed,TSB-HB,0.7863873711163245
fixed,TSB-HB,0.5903760543497386
fixed,TSB-HB,0.8956700882390292
fixed,TSB-HB,0.30208620176883816
fixed,TSB-HB,0.5903760543497386
fixed,TSB-HB,0.0
fixed,TSB-HB,1.0
fixed,TSB-HB,0.4851892912517184
fixed,TSB-HB,0.7965925899663011
fixed,TSB-HB,0.0
fixed,TSB-HB,0.0
fixed,TSB-HB,0.39750967706749135
fixed,TSB-HB,0.6834353960222068
fixed,TSB-HB,0.39750967706749135
fixed,TSB-HB,1.0
fixed,TSB-HB,0.0
fixed,TSB-HB,0.39750967706749135
fixed,TSB-HB,0.7712866077460245
fixed,TSB-HB,0.5967055466474661
fixed,TSB-HB,0.0
fixed,TSB-HB,0.4151582522013709
fixed,TSB-HB,0.4151582522013709
fixed,TSB-HB,0.5967055466474661
fixed,TSB-HB,0.16589137694085299
fixed,TSB-HB,0.3398354546189425
fixed,TSB-HB,0.13294568847042648
fixed,TSB-HB,0.277753758520682
fixed,TSB-HB,0.651945439082183
fixed,TSB-HB,0.19883706541127943
fixed,TSB-HB,0.4161781495971725
fixed,TSB-HB,0.7131942299603748
fixed,TSB-HB,0.33308907479858624
fixed,TSB-HB,0.4161781495971725
fixed,TSB-HB,0.0
fixed,TSB-HB,1.0
fixed,TSB-HB,0.12393596668465637
fixed,TSB-HB,0.6189699094659251
fixed,TSB-HB,0.7687880203870503
fixed,TSB-HB,1.0
fixed,TSB-HB,0.37934551334050465
fixed,TSB-HB,1.0
fixed,TSB-HB,0.7085374192346718
fixed,TSB-HB,0.8696533478531828
fixed,TSB-HB,0.4014465952139836
fixed,TSB-HB,1.0
fixed,TSB-HB,0.7085374192346718
fixed,TSB-HB,0.0
fixed,TSB-HB,0.0
fixed,TSB-HB,0.5784737103415294
fixed,TSB-HB,1.0
fixed,TSB-HB,1.0
fixed,TSB-HB,0.0
fixed,TSB-HB,0.0
fixed,TSB-HB,0.8214571501191329
fixed,TSB-HB,1.0
fixed,TSB-HB,0.7259810539177736
fixed,TSB-HB,0.8214571501191329
fixed,TSB-HB,0.5414786976963667
fixed,TSB-HB,0.0
fixed,TSB-HB,0.2724042054073229
fixed,TSB-HB,0.140030364035532
fixed,TSB-HB,0.36101284884638907
fixed,TSB-HB,0.36101284884638907
fixed,TSB-HB,0.0
fixed,TSB-HB,0.7163357003388664
fixed,TSB-HB,0.0
fixed,TSB-HB,0.7491896764989787
fixed,TSB-HB,0.43959277932515606
fixed,TSB-HB,0.0
fixed,TSB-HB,0.0
fixed,TSB-HB,0.43959277932515606
fixed,TSB-HB,0.0
fixed,TSB-HB,0.3448333996496169
fixed,TSB-HB,0.3448333996496169
fixed,TSB-HB,0.0
fixed,TSB-HB,0.0
fixed,TSB-HB,0.0
fixed,TSB-HB,0.4216509375864159
fixed,TSB-HB,0.5010114835775885
fixed,TSB-HB,0.21697633267430239
fixed,TSB-HB,0.26220317341606963
fixed,TSB-HB,0.5010114835775885
fixed,TSB-HB,0.21697633267430239
fixed,TSB-HB,0.0
fixed,TSB-HB,0.8121194448868888
fixed,TSB-HB,0.5012466842018163
fixed,TSB-HB,0.0
fixed,TSB-HB,0.0
fixed,TSB-HB,0.0
fixed,TSB-HB,0.23795381475222888
fixed,TSB-HB,1.0
fixed,TSB-HB,0.8294724680775676
fixed,TSB-HB,0.23795381475222888
fixed,TSB-HB,0.8294724680775676
fixed,TSB-HB,0.23795381475222888
fixed,TSB-HB,0.2528801692144254
fixed,TSB-HB,1.0
fixed,TSB-HB,0.6448484288770976
fixed,TSB-HB,0.0
fixed,TSB-HB,0.6448484288770976
fixed,TSB-HB,0.6448484288770976
fixed,TSB-HB,0.8263868489580877
fixed,TSB-HB,0.7707695014938679
fixed,TSB-HB,0.7707695014938679
fixed,TSB-HB,0.5551497627144789
fixed,TSB-HB,0.17589227577350194
fixed,TSB-HB,0.5551497627144789
fixed,TSB-HB,0.0
fixed,TSB-HB,1.0
fixed,TSB-HB,0.0
fixed,TSB-HB,0.8000734933324842
fixed,TSB-HB,0.0
fixed,TSB-HB,0.6258817059924967
fixed,TSB-HB,0.8731744776573315
fixed,TSB-HB,1.0
fixed,TSB-HB,1.0
fixed,TSB-HB,0.0
fixed,TSB-HB,0.0
fixed,TSB-HB,0.0
fixed,TSB-HB,0.23487642921106405
fixed,TSB-HB,1.0
fixed,TSB-HB,0.8507876828642011
fixed,TSB-HB,0.23487642921106405
fixed,TSB-HB,0.4635706721335619
fixed,TSB-HB,0.6428569627818749
fixed,TSB-HB,0.0
fixed,TSB-HB,0.4634486747562014
fixed,TSB-HB,0.4634486747562014
fixed,TSB-HB,0.4634486747562014
fixed,TSB-HB,1.0
fixed,TSB-HB,0.4634486747562014
fixed,TSB-HB,0.0
fixed,TSB-HB,0.2743384207372867
fixed,TSB-HB,0.7831035944509455
fixed,TSB-HB,0.4970974980331328
fixed,TSB-HB,1.0
fixed,TSB-HB,0.0
fixed,TSB-HB,0.0
fixed,TSB-HB,0.28499885117556983
fixed,TSB-HB,0.514762023535273
fixed,TSB-HB,0.28499885117556983
fixed,TSB-HB,1.0
fixed,TSB-HB,0.28499885117556983
fixed,TSB-HB,0.0
fixed,TSB-HB,0.33327878157478286
fixed,TSB-HB,0.33327878157478286
fixed,TSB-HB,0.33327878157478286
fixed,TSB-HB,1.0
fixed,TSB-HB,0.0
fixed,TSB-HB,0.0
fixed,TSB-HB,0.4346054510623537
fixed,TSB-HB,0.4346054510623537
fixed,TSB-HB,0.4346054510623537
fixed,TSB-HB,1.0
fixed,TSB-HB,0.6426352956088446
fixed,TSB-HB,0.0
fixed,TSB-HB,0.6294179427615398
fixed,TSB-HB,0.6294179427615398
fixed,TSB-HB,0.6294179427615398
fixed,TSB-HB,1.0
fixed,TSB-HB,0.0
fixed,TSB-HB,0.0
fixed,TSB-HB,0.514099746244609
fixed,TSB-HB,0.514099746244609
fixed,TSB-HB,0.38095754066814447
fixed,TSB-HB,1.0
fixed,TSB-HB,0.0
fixed,TSB-HB,0.0
fixed,TSB-HB,0.3282451796924883
fixed,TSB-HB,0.3282451796924883
fixed,TSB-HB,0.3282451796924883
fixed,TSB-HB,1.0
fixed,TSB-HB,0.0
fixed,TSB-HB,0.0
fixed,TSB-HB,0.6121214096303748
fixed,TSB-HB,0.3697303269876762
fixed,TSB-HB,0.3697303269876762
fixed,TSB-HB,1.0
fixed,TSB-HB,0.0
fixed,TSB-HB,0.0
fixed,TSB-HB,0.8310559528805767
fixed,TSB-HB,0.18129865513366866
fixed,TSB-HB,0.23549775855611446
fixed,TSB-HB,0.371690517679608
fixed,TSB-HB,0.20839820684489158
fixed,TSB-HB,0.0
fixed,TSB-HB,0.6676575159059854
fixed,TSB-HB,0.2150962252416036
fixed,TSB-HB,0.2150962252416036
fixed,TSB-HB,0.6676575159059854
fixed,TSB-HB,0.3754674751302763
fixed,TSB-HB,0.0
fixed,TSB-HB,0.56519738127103
fixed,TSB-HB,0.56519738127103
fixed,TSB-HB,0.2380569543165749
fixed,TSB-HB,0.8410583858697486
fixed,TSB-HB,0.0
fixed,TSB-HB,0.0
fixed,TSB-HB,0.7219064047801866
fixed,TSB-HB,0.7219064047801866
fixed,TSB-HB,0.3509783575301235
fixed,TSB-HB,1.0
fixed,TSB-HB,0.3509783575301235
fixed,TSB-HB,0.0
fixed,TSB-HB,0.5458532425191222
fixed,TSB-HB,0.3490875023768287
fixed,TSB-HB,0.3490875023768287
fixed,TSB-HB,1.0
fixed,TSB-HB,0.0
fixed,TSB-HB,0.0
fixed,TSB-HB,0.7254835073936394
fixed,TSB-HB,0.7254835073936394
fixed,TSB-HB,0.5403133604093906
fixed,TSB-HB,1.0
fixed,TSB-HB,0.5403133604093906
fixed,TSB-HB,0.0
fixed,TSB-HB,0.5335266600243119
fixed,TSB-HB,0.5335266600243119
fixed,TSB-HB,0.3152971865407893
fixed,TSB-HB,0.8919218905214892
fixed,TSB-HB,0.0
fixed,TSB-HB,0.0
fixed,TSB-HB,0.6685207841009405
fixed,TSB-HB,0.5138604500420905
fixed,TSB-HB,0.38086392397103674
fixed,TSB-HB,1.0
fixed,TSB-HB,0.0
fixed,TSB-HB,0.0
fixed,TSB-HB,0.5201712223607153
fixed,TSB-HB,0.38336468403642737
fixed,TSB-HB,0.38336468403642737
fixed,TSB-HB,1.0
fixed,TSB-HB,0.0
fixed,TSB-HB,0.0
fixed,TSB-HB,0.5677619102348707
fixed,TSB-HB,0.5677619102348707
fixed,TSB-HB,0.4038177841872054
fixed,TSB-HB,1.0
fixed,TSB-HB,0.0
fixed,TSB-HB,0.0
fixed,TSB-HB,0.587135714036033
fixed,TSB-HB,0.587135714036033
fixed,TSB-HB,0.40885435745718224
fixed,TSB-HB,1.0
fixed,TSB-HB,0.0
fixed,TSB-HB,0.0
fixed,TSB-HB,0.0
fixed,TSB-HB,0.5904317170697198
fixed,TSB-HB,0.487297700270397
fixed,TSB-HB,0.0
fixed,TSB-HB,0.0
fixed,TSB-HB,0.8223705570044045
fixed,TSB-HB,0.4417055973466153
fixed,TSB-HB,0.4417055973466153
fixed,TSB-HB,0.0
fixed,TSB-HB,0.4417055973466153
fixed,TSB-HB,0.4417055973466153
fixed,TSB-HB,0.4965967047878067
fixed,TSB-HB,0.805535513096126
fixed,TSB-HB,0.0
fixed,TSB-HB,0.0
fixed,TSB-HB,0.0
fixed,TSB-HB,0.4965967047878067
fixed,TSB-HB,0.0
fixed,TSB-HB,0.0
fixed,TSB-HB,1.0
fixed,TSB-HB,0.5304734678523996
fixed,TSB-HB,0.5304734678523996
fixed,TSB-HB,0.5304734678523996
fixed,TSB-HB,0.4570137288179692
fixed,TSB-HB,0.4570137288179692
fixed,TSB-HB,0.4570137288179692
fixed,TSB-HB,0.6881456504981398
fixed,TSB-HB,0.0
fixed,TSB-HB,0.4570137288179692
fixed,TSB-HB,0.0
fixed,TSB-HB,1.0
fixed,TSB-HB,1.0
fixed,TSB-HB,0.7827079912804039
fixed,TSB-HB,0.5848616970792981
fixed,TSB-HB,0.7827079912804039
fixed,TSB-HB,0.5487969455109939
fixed,TSB-HB,0.8525567658823437
fixed,TSB-HB,0.5487969455109939
fixed,TSB-HB,0.5487969455109939
fixed,TSB-HB,0.5487969455109939
fixed,TSB-HB,0.5487969455109939
fixed,TSB-HB,0.29835466355554185
fixed,TSB-HB,0.7685784752180748
fixed,TSB-HB,0.0
fixed,TSB-HB,0.0
fixed,TSB-HB,0.29835466355554185
fixed,TSB-HB,0.7685784752180748
fixed,TSB-HB,0.0
fixed,TSB-HB,0.26509502123425477
fixed,TSB-HB,0.8961321181260125
fixed,TSB-HB,0.7031473783774232
fixed,TSB-HB,0.8126371393425675
fixed,TSB-HB,0.26509502123425477
fixed,TSB-HB,0.6524517986617232
fixed,TSB-HB,0.38203112778884524
fixed,TSB-HB,1.0
fixed,TSB-HB,0.6524517986617232
fixed,TSB-HB,0.0
fixed,TSB-HB,0.0
fixed,TSB-HB,0.22531708174758266
fixed,TSB-HB,0.5558517737452485
fixed,TSB-HB,0.39673382487445885
fixed,TSB-HB,0.22531708174758266
fixed,TSB-HB,0.39673382487445885
fixed,TSB-HB,0.0
fixed,TSB-HB,0.0
fixed,TSB-HB,0.37391797419911227
fixed,TSB-HB,0.0
fixed,TSB-HB,0.7774634955348276
fixed,TSB-HB,0.0
fixed,TSB-HB,0.0
fixed,TSB-HB,0.0
fixed,TSB-HB,0.3896791367840373
fixed,TSB-HB,0.3896791367840373
fixed,TSB-HB,0.3896791367840373
fixed,TSB-HB,0.6258677237319181
fixed,TSB-HB,0.3896791367840373
fixed,TSB-HB,0.0
fixed,TSB-HB,0.5765461410235968
fixed,TSB-HB,0.5765461410235968
fixed,TSB-HB,0.0
fixed,TSB-HB,0.33425455696727313
fixed,TSB-HB,0.33425455696727313
fixed,TSB-HB,0.3034180526448812
fixed,TSB-HB,0.594062469929837
fixed,TSB-HB,0.7900652088399163
fixed,TSB-HB,0.3034180526448812
fixed,TSB-HB,0.0
fixed,TSB-HB,0.0
fixed,TSB-HB,0.46978145640438024
fixed,TSB-HB,0.0
fixed,TSB-HB,0.46978145640438024
fixed,TSB-HB,0.0
fixed,TSB-HB,0.46978145640438024
fixed,TSB-HB,1.0
fixed,TSB-HB,0.4379762965726617
fixed,TSB-HB,0.0
fixed,TSB-HB,0.4379762965726617
fixed,TSB-HB,0.4379762965726617
fixed,TSB-HB,0.4379762965726617
fixed,TSB-HB,0.7665193059900327
fixed,TSB-HB,0.39218910280335595
fixed,TSB-HB,0.0
fixed,TSB-HB,0.22568816387475676
fixed,TSB-HB,0.0
fixed,TSB-HB,0.22568816387475676
fixed,TSB-HB,1.0
fixed,TSB-HB,0.21394180351324393
fixed,TSB-HB,0.40483657535553075
fixed,TSB-HB,0.40483657535553075
fixed,TSB-HB,0.21394180351324393
fixed,TSB-HB,0.0
fixed,TSB-HB,0.5964650391527639
fixed,TSB-HB,0.6436180813302446
fixed,TSB-HB,0.0
fixed,TSB-HB,0.2359035444407314
fixed,TSB-HB,0.0
fixed,TSB-HB,0.0
fixed,TSB-HB,0.7768045432754934
fixed,TSB-HB,0.8513447112797947
fixed,TSB-HB,1.0
fixed,TSB-HB,0.7804077374369204
fixed,TSB-HB,0.0
fixed,TSB-HB,0.0
fixed,TSB-HB,0.6597854302724949
fixed,TSB-HB,0.22870212465434642
fixed,TSB-HB,0.0
fixed,TSB-HB,0.0
fixed,TSB-HB,0.0
fixed,TSB-HB,0.8305610222918083
fixed,TSB-HB,0.7755811743218892
fixed,TSB-HB,0.8037721903976475
fixed,TSB-HB,0.6058068852286361
fixed,TSB-HB,0.21599725945011566
fixed,TSB-HB,0.37123522740352644
fixed,TSB-HB,0.4375759198443736
fixed,TSB-HB,0.5544203189783289
fixed,TSB-HB,0.8967685333456352
fixed,TSB-HB,0.6553238087098865
fixed,TSB-HB,0.0
fixed,TSB-HB,0.21580209460423033
fixed,TSB-HB,0.7012001206941901
fixed,TSB-HB,0.0
fixed,TSB-HB,0.7531578766070707
fixed,TSB-HB,0.6621963804360173
fixed,TSB-HB,0.31885395009558004
fixed,TSB-HB,0.6621963804360173
fixed,TSB-HB,0.0
fixed,TSB-HB,0.4584333719068048
fixed,TSB-HB,0.0
fixed,TSB-HB,0.0
fixed,TSB-HB,0.5207953263692146
fixed,TSB-HB,1.0
fixed,TSB-HB,0.34289853507354534
fixed,TSB-HB,1.0
fixed,TSB-HB,0.5234515096053415
fixed,TSB-HB,0.26563017230415653
fixed,TSB-HB,1.0
fixed,TSB-HB,0.0
fixed,TSB-HB,1.0
fixed,TSB-HB,0.5234515096053415
fixed,TSB-HB,0.5477261344629636
fixed,TSB-HB,0.36854268444242144
fixed,TSB-HB,0.5477261344629636
fixed,TSB-HB,0.36854268444242144
fixed,TSB-HB,0.0
fixed,TSB-HB,0.36854268444242144
fixed,TSB-HB,0.0
fixed,TSB-HB,0.8034115433034522
fixed,TSB-HB,1.0
fixed,TSB-HB,0.0
fixed,TSB-HB,0.30692025269100887
fixed,TSB-HB,0.0
fixed,TSB-HB,0.0
fixed,TSB-HB,0.7696415744414563
fixed,TSB-HB,0.7696415744414563
fixed,TSB-HB,0.8482747285738749
fixed,TSB-HB,0.7696415744414563
fixed,TSB-HB,0.4289311883312318
fixed,TSB-HB,0.6531325762180401
fixed,TSB-HB,0.2608662891716942
fixed,TSB-HB,0.6531325762180401
fixed,TSB-HB,0.2608662891716942
fixed,TSB-HB,1.0
fixed,TSB-HB,0.2608662891716942
fixed,TSB-HB,0.0
fixed,TSB-HB,0.3576720354456717
fixed,TSB-HB,0.5681796802793784
fixed,TSB-HB,0.0
fixed,TSB-HB,0.5681796802793784
fixed,TSB-HB,0.3576720354456717
fixed,TSB-HB,0.0
fixed,TSB-HB,0.40976742750395106
fixed,TSB-HB,0.40976742750395106
fixed,TSB-HB,0.40976742750395106
fixed,TSB-HB,0.5910825491494625
fixed,TSB-HB,0.5910825491494625
fixed,TSB-HB,0.5526777722696777
fixed,TSB-HB,1.0
fixed,TSB-HB,0.0
fixed,TSB-HB,0.0
fixed,TSB-HB,0.0
fixed,TSB-HB,0.0
fixed,TSB-HB,0.8458590484182746
fixed,TSB-HB,0.0
fixed,TSB-HB,0.8458590484182746
fixed,TSB-HB,0.599669231280984
fixed,TSB-HB,0.599669231280984
fixed,TSB-HB,0.0
fixed,TSB-HB,0.6089064952435714
fixed,TSB-HB,0.36825048900144064
fixed,TSB-HB,0.6089064952435714
fixed,TSB-HB,0.0
fixed,TSB-HB,0.6089064952435714
fixed,TSB-HB,0.36825048900144064
fixed,TSB-HB,0.0
fixed,TSB-HB,0.0
fixed,TSB-HB,0.6063418854830003
fixed,TSB-HB,0.3685592496539687
fixed,TSB-HB,0.4871184993079373
fixed,TSB-HB,0.0
fixed,TSB-HB,0.0
fixed,TSB-HB,0.4458370314882826
fixed,TSB-HB,0.8349580870261242
fixed,TSB-HB,0.0
fixed,TSB-HB,0.6781590004291937
fixed,TSB-HB,0.0
fixed,TSB-HB,0.0
fixed,TSB-HB,0.4111806750836491
fixed,TSB-HB,0.774073545783824
fixed,TSB-HB,0.0
fixed,TSB-HB,0.5926328922215279
fixed,TSB-HB,0.0
fixed,TSB-HB,0.0
fixed,TSB-HB,0.43230592649533517
fixed,TSB-HB,0.818786211009143
fixed,TSB-HB,0.0
fixed,TSB-HB,0.651578019534923
fixed,TSB-HB,0.43230592649533517
fixed,TSB-HB,0.0
fixed,TSB-HB,0.44789837522995146
fixed,TSB-HB,0.3012078295794021
fixed,TSB-HB,0.3012078295794021
fixed,TSB-HB,0.44789837522995146
fixed,TSB-HB,0.44789837522995146
fixed,TSB-HB,0.0
fixed,TSB-HB,0.42343457310036514
fixed,TSB-HB,0.6104729111840815
fixed,TSB-HB,0.0
fixed,TSB-HB,0.6104729111840815
fixed,TSB-HB,0.0
fixed,TSB-HB,0.0
fixed,TSB-HB,0.4089802034656489
fixed,TSB-HB,0.5791307822519871
fixed,TSB-HB,0.4089802034656489
fixed,TSB-HB,0.5791307822519871
fixed,TSB-HB,0.0
fixed,TSB-HB,0.0
fixed,TSB-HB,0.3821044164896055
fixed,TSB-HB,0.3821044164896055
fixed,TSB-HB,0.3821044164896055
fixed,TSB-HB,0.6100263605528047
fixed,TSB-HB,0.0
fixed,TSB-HB,0.0
fixed,TSB-HB,0.35583843485595734
fixed,TSB-HB,0.6368291532054773
fixed,TSB-HB,0.35583843485595734
fixed,TSB-HB,0.6368291532054773
fixed,TSB-HB,0.6368291532054773
fixed,TSB-HB,0.0
fixed,TSB-HB,0.0
fixed,TSB-HB,0.7741180679640169
fixed,TSB-HB,0.0
fixed,TSB-HB,0.6340393997514187
fixed,TSB-HB,0.8145272247601095
fixed,TSB-HB,0.0
fixed,TSB-HB,0.2883441889218876
fixed,TSB-HB,0.5525097134199106
fixed,TSB-HB,0.0
fixed,TSB-HB,0.5525097134199106
fixed,TSB-HB,0.0
fixed,TSB-HB,0.0
fixed,TSB-HB,0.829668135861901
fixed,TSB-HB,0.0
fixed,TSB-HB,0.6311828571202314
fixed,TSB-HB,0.26863147160793704
fixed,TSB-HB,0.6311828571202314
fixed,TSB-HB,0.4219680104240449
fixed,TSB-HB,0.39542908355256845
fixed,TSB-HB,0.6840937073660464
fixed,TSB-HB,0.39542908355256845
fixed,TSB-HB,0.0
fixed,TSB-HB,0.0
fixed,TSB-HB,0.0
fixed,TSB-HB,0.4222571219574923
fixed,TSB-HB,0.27909697853951226
fixed,TSB-HB,0.4222571219574923
fixed,TSB-HB,0.883022986775448
fixed,TSB-HB,0.7697610574445692
fixed,TSB-HB,0.7625443286643024
fixed,TSB-HB,0.0
fixed,TSB-HB,1.0
fixed,TSB-HB,0.8371570525607298
fixed,TSB-HB,0.22857190483498566
fixed,TSB-HB,1.0
fixed,TSB-HB,0.0
fixed,TSB-HB,0.4506108540717112
fixed,TSB-HB,0.19442077925996032
fixed,TSB-HB,0.2528104075851519
fixed,TSB-HB,0.6872986339863209
fixed,TSB-HB,0.8095687598474347
fixed,TSB-HB,0.7141748380701776
fixed,TSB-HB,0.602387531793897
fixed,TSB-HB,0.33068490982851345
fixed,TSB-HB,0.0
fixed,TSB-HB,0.2525937563668321
fixed,TSB-HB,0.4087760632901948
fixed,TSB-HB,0.45144753386680214
fixed,TSB-HB,0.45144753386680214
fixed,TSB-HB,0.45144753386680214
fixed,TSB-HB,0.0
fixed,TSB-HB,0.0
fixed,TSB-HB,0.3003618834667005
fixed,TSB-HB,0.0
fixed,TSB-HB,0.6556225703854817
fixed,TSB-HB,0.4419821445786557
fixed,TSB-HB,0.4419821445786557
fixed,TSB-HB,0.6556225703854817
fixed,TSB-HB,0.4419821445786557
fixed,TSB-HB,0.0
fixed,TSB-HB,0.0
fixed,TSB-HB,0.4118213244257013
fixed,TSB-HB,0.4118213244257013
fixed,TSB-HB,0.22496167640837042
fixed,TSB-HB,0.7532606293019356
fixed,TSB-HB,0.0
fixed,TSB-HB,0.0
fixed,TSB-HB,0.0
fixed,TSB-HB,1.0
fixed,TSB-HB,0.0
fixed,TSB-HB,1.0
fixed,TSB-HB,0.0
fixed,TSB-HB,0.7965379751622302
fixed,TSB-HB,0.8589498516820738
fixed,TSB-HB,0.0
fixed,TSB-HB,0.23422384094082735
fixed,TSB-HB,0.0
fixed,TSB-HB,0.6071761087535184
fixed,TSB-HB,0.6071761087535184
fixed,TSB-HB,0.3668800875813584
fixed,TSB-HB,0.6071761087535184
fixed,TSB-HB,1.0
fixed,TSB-HB,0.0
fixed,TSB-HB,0.0
fixed,TSB-HB,0.5147412808160321
fixed,TSB-HB,0.8157887438857587
fixed,TSB-HB,1.0
fixed,TSB-HB,0.38015874571583197
fixed,TSB-HB,0.8157887438857587
fixed,TSB-HB,0.0
fixed,TSB-HB,0.0
fixed,TSB-HB,0.0
fixed,TSB-HB,0.0
fixed,TSB-HB,0.0
fixed,TSB-HB,0.0
fixed,TSB-HB,0.6220071981736517
fixed,TSB-HB,0.6220071981736517
fixed,TSB-HB,0.0
fixed,TSB-HB,1.0
fixed,TSB-HB,0.35644329299235133
fixed,TSB-HB,0.6220071981736517
fixed,TSB-HB,0.0
fixed,TSB-HB,0.0
fixed,TSB-HB,0.3435720711478312
fixed,TSB-HB,0.7540283306518163
fixed,TSB-HB,1.0
fixed,TSB-HB,1.0
fixed,TSB-HB,0.6152158442004586
fixed,TSB-HB,0.6152158442004586
fixed,TSB-HB,0.6152158442004586
fixed,TSB-HB,0.0
fixed,TSB-HB,0.0
fixed,TSB-HB,0.41956331254740153
fixed,TSB-HB,0.4399024690831196
fixed,TSB-HB,0.7499020541319994
fixed,TSB-HB,0.0
fixed,TSB-HB,0.0
fixed,TSB-HB,0.0
fixed,TSB-HB,0.0
fixed,TSB-HB,0.46509382500374175
fixed,TSB-HB,0.7537325070326596
fixed,TSB-HB,0.0
fixed,TSB-HB,0.46509382500374175
fixed,TSB-HB,0.0
fixed,TSB-HB,0.46509382500374175
fixed,TSB-HB,0.0
fixed,TSB-HB,0.4051234205609373
fixed,TSB-HB,0.4051234205609373
fixed,TSB-HB,0.0
fixed,TSB-HB,0.0
fixed,TSB-HB,0.4051234205609373
fixed,TSB-HB,0.0
fixed,TSB-HB,1.0
fixed,TSB-HB,0.4559064997058695
fixed,TSB-HB,0.0
fixed,TSB-HB,0.7466316027199639
fixed,TSB-HB,1.0
fixed,TSB-HB,0.0
fixed,TSB-HB,0.43326228869084815
fixed,TSB-HB,0.43326228869084815
fixed,TSB-HB,0.0
fixed,TSB-HB,0.0
fixed,TSB-HB,0.43326228869084815
fixed,TSB-HB,0.0
fixed,TSB-HB,0.5574854166809587
fixed,TSB-HB,1.0
fixed,TSB-HB,0.2813230323622529
fixed,TSB-HB,0.0
fixed,TSB-HB,0.0
fixed,TSB-HB,0.0
fixed,TSB-HB,0.7768256607356925
fixed,TSB-HB,0.4942515534820647
fixed,TSB-HB,0.0
fixed,TSB-HB,0.6531581587159714
fixed,TSB-HB,0.6531581587159714
fixed,TSB-HB,0.0
fixed,TSB-HB,0.43869737223213046
fixed,TSB-HB,0.43869737223213046
fixed,TSB-HB,0.0
fixed,TSB-HB,0.725989748726721
fixed,TSB-HB,0.725989748726721
fixed,TSB-HB,0.28827527733425296
fixed,TSB-HB,0.28827527733425296
fixed,TSB-HB,0.0
fixed,TSB-HB,1.0
fixed,TSB-HB,0.28827527733425296
fixed,TSB-HB,0.0
fixed,TSB-HB,0.2621597434360273
fixed,TSB-HB,0.0
fixed,TSB-HB,0.2621597434360273
fixed,TSB-HB,0.8498031429326749
fixed,TSB-HB,0.5351079635651081
fixed,TSB-HB,0.0
fixed,TSB-HB,0.6098204233557984
fixed,TSB-HB,0.8776354073597235
fixed,TSB-HB,0.6980483952556513
fixed,TSB-HB,0.5215924514559456
fixed,TSB-HB,0.4006190107270916
fixed,TSB-HB,0.8028015254459225
fixed,TSB-HB,0.4597793233723046
fixed,TSB-HB,0.6225654023471641
fixed,TSB-HB,0.0
fixed,TSB-HB,0.7600417792003683
fixed,TSB-HB,0.8249449843841564
fixed,TSB-HB,0.5471853544290228
fixed,TSB-HB,0.3933551580107812
fixed,TSB-HB,0.0
fixed,TSB-HB,0.0
fixed,TSB-HB,0.678761436200481
fixed,TSB-HB,0.3933551580107812
fixed,TSB-HB,0.3933551580107812
fixed,TSB-HB,0.0
fixed,TSB-HB,0.727205177310539
fixed,TSB-HB,1.0
fixed,TSB-HB,0.20334487551366223
fixed,TSB-HB,0.6160128365517806
fixed,TSB-HB,0.5048204957930224
fixed,TSB-HB,0.40853372472546834
fixed,TSB-HB,0.0
fixed,TSB-HB,0.5865435818260301
fixed,TSB-HB,0.40853372472546834
fixed,TSB-HB,0.0
fixed,TSB-HB,0.0
fixed,TSB-HB,0.4350458574817434
fixed,TSB-HB,0.8992256950987992
fixed,TSB-HB,0.0
fixed,TSB-HB,0.746511030674975
fixed,TSB-HB,0.4350458574817434
fixed,TSB-HB,0.4350458574817434
fixed,TSB-HB,0.6797378148279901
fixed,TSB-HB,1.0
fixed,TSB-HB,0.41346123894421094
fixed,TSB-HB,0.41346123894421094
fixed,TSB-HB,1.0
fixed,TSB-HB,0.0
fixed,TSB-HB,0.0
fixed,TSB-HB,0.47200805429095577
fixed,TSB-HB,0.8573061117253968
fixed,TSB-HB,0.647064477005035
fixed,TSB-HB,0.7798441432551821
fixed,TSB-HB,0.8185751274902895
fixed,TSB-HB,0.0
fixed,TSB-HB,0.47851923288112297
fixed,TSB-HB,0.0
fixed,TSB-HB,0.0
fixed,TSB-HB,1.0
fixed,TSB-HB,0.0
fixed,TSB-HB,0.0
fixed,TSB-HB,0.5219222730643244
fixed,TSB-HB,0.5219222730643244
fixed,TSB-HB,0.0
fixed,TSB-HB,0.5219222730643244
fixed,TSB-HB,0.0
fixed,TSB-HB,0.563703946349276
fixed,TSB-HB,0.0
fixed,TSB-HB,0.2097001271358726
fixed,TSB-HB,0.38358768778588614
fixed,TSB-HB,0.8535674745067464
fixed,TSB-HB,0.7922055820183659
fixed,TSB-HB,0.5910571352826095
fixed,TSB-HB,0.4132321088636099
fixed,TSB-HB,0.22050665533942448
fixed,TSB-HB,0.5910571352826095
fixed,TSB-HB,0.5910571352826095
fixed,TSB-HB,0.8140503598739104
fixed,TSB-HB,0.22617015482416586
fixed,TSB-HB,0.0
fixed,TSB-HB,0.6797221908434405
fixed,TSB-HB,0.7628311582981144
fixed,TSB-HB,0.0
fixed,TSB-HB,0.8967743991404314
fixed,TSB-HB,0.7177390276931733
fixed,TSB-HB,0.20517676918058014
fixed,TSB-HB,0.0
fixed,TSB-HB,0.36731537699383454
fixed,TSB-HB,0.36731537699383454
fixed,TSB-HB,0.20517676918058014
fixed,TSB-HB,0.8444514214230141
fixed,TSB-HB,0.317492828217375
fixed,TSB-HB,0.317492828217375
fixed,TSB-HB,1.0
fixed,TSB-HB,0.317492828217375
fixed,TSB-HB,1.0
fixed,TSB-HB,0.0
fixed,TSB-HB,0.2343311425128938
fixed,TSB-HB,0.7440761411405408
fixed,TSB-HB,0.0
fixed,TSB-HB,0.7440761411405408
fixed,TSB-HB,0.7687972028944129
fixed,TSB-HB,0.3405556408569357
fixed,TSB-HB,0.3405556408569357
fixed,TSB-HB,0.743397661022789
fixed,TSB-HB,0.0
fixed,TSB-HB,0.0
fixed,TSB-HB,0.743397661022789
fixed,TSB-HB,0.0
fixed,TSB-HB,0.0
fixed,TSB-HB,0.40005581065497053
fixed,TSB-HB,0.40005581065497053
fixed,TSB-HB,0.702672745518962
fixed,TSB-HB,0.40005581065497053
fixed,TSB-HB,0.0
fixed,TSB-HB,0.0
fixed,TSB-HB,0.31534572943322253
fixed,TSB-HB,0.31534572943322253
fixed,TSB-HB,0.31534572943322253
fixed,TSB-HB,0.31534572943322253
fixed,TSB-HB,0.0
fixed,TSB-HB,0.0
fixed,TSB-HB,1.0
fixed,TSB-HB,0.8288421169734217
fixed,TSB-HB,0.8288421169734217
fixed,TSB-HB,1.0
fixed,TSB-HB,0.30948164891199625
fixed,TSB-HB,0.0
fixed,TSB-HB,0.6216837621315892
fixed,TSB-HB,0.49291867390459054
fixed,TSB-HB,0.49291867390459054
fixed,TSB-HB,0.30948164891199625
fixed,TSB-HB,0.0
fixed,TSB-HB,0.0
fixed,TSB-HB,0.0
fixed,TSB-HB,0.45091167109481955
fixed,TSB-HB,0.45091167109481955
fixed,TSB-HB,0.0
fixed,TSB-HB,0.5579702655608191
fixed,TSB-HB,0.8481952213446374
fixed,TSB-HB,0.5579702655608191
fixed,TSB-HB,0.0
fixed,TSB-HB,0.8481952213446374
fixed,TSB-HB,0.0
fixed,TSB-HB,0.3434293534050584
fixed,TSB-HB,0.1667924857081946
fixed,TSB-HB,0.7856892699444297
fixed,TSB-HB,0.4673017977128513
fixed,TSB-HB,0.0
fixed,TSB-HB,0.7856892699444297
fixed,TSB-HB,0.28230361719700076
fixed,TSB-HB,0.0
fixed,TSB-HB,0.0
fixed,TSB-HB,0.0
fixed,TSB-HB,0.0
fixed,TSB-HB,0.0
fixed,TSB-HB,0.4053883483865705
fixed,TSB-HB,0.4053883483865705
fixed,TSB-HB,0.0
fixed,TSB-HB,0.0
fixed,TSB-HB,0.0
fixed,TSB-HB,0.0
fixed,TSB-HB,0.6750719797796457
fixed,TSB-HB,0.0
fixed,TSB-HB,0.0
fixed,TSB-HB,0.8125279754696036
fixed,TSB-HB,0.8445454832689699
fixed,TSB-HB,0.0
fixed,TSB-HB,0.5169984683346307
fixed,TSB-HB,0.7303481964292866
fixed,TSB-HB,0.7896506377273346
fixed,TSB-HB,0.42601595319079777
fixed,TSB-HB,0.7303481964292866
fixed,TSB-HB,0.3380079765953989
fixed,TSB-HB,0.8335506810168174
fixed,TSB-HB,0.6452133900076126
fixed,TSB-HB,0.0
fixed,TSB-HB,0.32412287654634825
fixed,TSB-HB,0.8335506810168174
fixed,TSB-HB,0.6452133900076126
fixed,TSB-HB,0.20204129057058096
fixed,TSB-HB,0.20204129057058096
fixed,TSB-HB,0.20204129057058096
fixed,TSB-HB,0.0
fixed,TSB-HB,0.6089057849433617
fixed,TSB-HB,0.718063876880337
fixed,TSB-HB,0.8587521414217664
fixed,TSB-HB,0.6718335599706405
fixed,TSB-HB,0.3305888319970533
fixed,TSB-HB,0.3305888319970533
fixed,TSB-HB,0.0
fixed,TSB-HB,0.3305888319970533
fixed,TSB-HB,0.750879111776009
fixed,TSB-HB,0.7811623118811727
fixed,TSB-HB,1.0
fixed,TSB-HB,1.0
fixed,TSB-HB,0.637582729803387
fixed,TSB-HB,0.7811623118811727
fixed,TSB-HB,0.42545098306740803
fixed,TSB-HB,0.6172309729252967
fixed,TSB-HB,0.7838357051896266
fixed,TSB-HB,0.6172309729252967
fixed,TSB-HB,0.42545098306740803
fixed,TSB-HB,0.8808767169685677
fixed,TSB-HB,0.30026109554292535
fixed,TSB-HB,0.7695035736867445
fixed,TSB-HB,0.8755694245759112
fixed,TSB-HB,0.8755694245759112
fixed,TSB-HB,0.30026109554292535
fixed,TSB-HB,0.7695035736867445
fixed,TSB-HB,0.5428487741601279
fixed,TSB-HB,0.5428487741601279
fixed,TSB-HB,0.0
fixed,TSB-HB,0.0
fixed,TSB-HB,0.8251892338998227
fixed,TSB-HB,0.0
fixed,TSB-HB,0.2734797573262904
fixed,TSB-HB,0.7580332534153248
fixed,TSB-HB,0.8532904186765017
fixed,TSB-HB,0.8532904186765017
fixed,TSB-HB,0.2734797573262904
fixed,TSB-HB,0.5537037378953369
fixed,TSB-HB,0.3704430345332511
fixed,TSB-HB,1.0
fixed,TSB-HB,0.7437287350462989
fixed,TSB-HB,0.0
fixed,TSB-HB,0.3704430345332511
fixed,TSB-HB,0.7437287350462989
fixed,TSB-HB,0.3593312271715402
fixed,TSB-HB,0.6717265550593728
fixed,TSB-HB,0.0
fixed,TSB-HB,0.6717265550593728
fixed,TSB-HB,0.0
fixed,TSB-HB,0.0
fixed,TSB-HB,0.8835559056258584
fixed,TSB-HB,0.0
fixed,TSB-HB,0.8835559056258584
fixed,TSB-HB,0.8835559056258584
fixed,TSB-HB,0.4422983155907295
fixed,TSB-HB,0.8835559056258584
fixed,TSB-HB,0.0
fixed,TSB-HB,0.40597977311200917
fixed,TSB-HB,0.8028535925854983
fixed,TSB-HB,1.0
fixed,TSB-HB,0.40597977311200917
fixed,TSB-HB,0.640908996467638
fixed,TSB-HB,0.5279993501221757
fixed,TSB-HB,0.5279993501221757
fixed,TSB-HB,0.0
fixed,TSB-HB,0.5279993501221757
fixed,TSB-HB,1.0
fixed,TSB-HB,0.5279993501221757
fixed,TSB-HB,0.5457435783757282
fixed,TSB-HB,0.7421360532812589
fixed,TSB-HB,1.0
fixed,TSB-HB,0.7421360532812589
fixed,TSB-HB,0.30172822797728543
fixed,TSB-HB,0.7421360532812589
fixed,TSB-HB,0.0
fixed,TSB-HB,0.39979274782121943
fixed,TSB-HB,0.6482590544237655
fixed,TSB-HB,0.0
fixed,TSB-HB,0.6482590544237655
fixed,TSB-HB,1.0
fixed,TSB-HB,0.6793308941128956
fixed,TSB-HB,0.39347812622596967
fixed,TSB-HB,0.6793308941128956
fixed,TSB-HB,0.6793308941128956
fixed,TSB-HB,0.39347812622596967
fixed,TSB-HB,0.8434216938786536
fixed,TSB-HB,0.0
fixed,TSB-HB,0.0
fixed,TSB-HB,0.5505744889151802
fixed,TSB-HB,0.7354724461311263
fixed,TSB-HB,0.5505744889151802
fixed,TSB-HB,0.7354724461311263
fixed,TSB-HB,0.0
fixed,TSB-HB,0.434930512109926
fixed,TSB-HB,0.0
fixed,TSB-HB,0.0
fixed,TSB-HB,0.434930512109926
fixed,TSB-HB,0.0
fixed,TSB-HB,0.3990620211584054
fixed,TSB-HB,0.0
fixed,TSB-HB,0.8010202366353438
fixed,TSB-HB,0.8010202366353438
fixed,TSB-HB,0.3990620211584054
fixed,TSB-HB,0.7231776548023037
fixed,TSB-HB,0.0
fixed,TSB-HB,0.0
fixed,TSB-HB,0.0
fixed,TSB-HB,0.4650200692695057
fixed,TSB-HB,0.0
fixed,TSB-HB,0.7358399318689652
fixed,TSB-HB,0.6646590050994673
fixed,TSB-HB,0.0
fixed,TSB-HB,0.6646590050994673
fixed,TSB-HB,0.18885506617419306
fixed,TSB-HB,0.5571504491651459
fixed,TSB-HB,0.8028182563743465
fixed,TSB-HB,0.4085312167930809
fixed,TSB-HB,0.0
fixed,TSB-HB,0.587033802936225
fixed,TSB-HB,0.4085312167930809
fixed,TSB-HB,0.4085312167930809
fixed,TSB-HB,0.7699277121994778
fixed,TSB-HB,0.7657360381495678
fixed,TSB-HB,0.0
fixed,TSB-HB,0.0
fixed,TSB-HB,0.0
fixed,TSB-HB,0.0
fixed,TSB-HB,0.0
fixed,TSB-HB,0.7716894863361838
fixed,TSB-HB,0.0
fixed,TSB-HB,0.0
fixed,TSB-HB,0.0
fixed,TSB-HB,0.0
fixed,TSB-HB,0.0
fixed,TSB-HB,0.3318039045202046
fixed,TSB-HB,0.3318039045202046
fixed,TSB-HB,0.0
fixed,TSB-HB,0.3318039045202046
fixed,TSB-HB,0.3318039045202046
fixed,TSB-HB,0.0
fixed,TSB-HB,0.0
fixed,TSB-HB,0.34973284055408027
fixed,TSB-HB,0.0
fixed,TSB-HB,0.0
fixed,TSB-HB,0.0
fixed,TSB-HB,0.0
fixed,TSB-HB,0.0
fixed,TSB-HB,0.5267066988739337
fixed,TSB-HB,0.35576124911022833
fixed,TSB-HB,0.2061716104404747
fixed,TSB-HB,0.2061716104404747
fixed,TSB-HB,0.2061716104404747
fixed,TSB-HB,0.0
fixed,TSB-HB,0.29652241482393155
fixed,TSB-HB,0.0
fixed,TSB-HB,0.29652241482393155
fixed,TSB-HB,0.29652241482393155
fixed,TSB-HB,0.0
fixed,TSB-HB,0.24755372403796672
fixed,TSB-HB,0.5055353585795311
fixed,TSB-HB,0.6891219007815736
fixed,TSB-HB,0.5055353585795311
fixed,TSB-HB,0.5055353585795311
fixed,TSB-HB,0.0
fixed,TSB-HB,0.0
fixed,TSB-HB,1.0
fixed,TSB-HB,0.6319560283995541
fixed,TSB-HB,0.6319560283995541
fixed,TSB-HB,0.42378923767185017
fixed,TSB-HB,0.0
fixed,TSB-HB,0.29955910633218763
fixed,TSB-HB,0.23943545644967712
fixed,TSB-HB,0.6144388107843771
fixed,TSB-HB,0.5095099193483806
fixed,TSB-HB,0.23943545644967712
fixed,TSB-HB,0.6144388107843771
fixed,TSB-HB,0.7868784799754629
fixed,TSB-HB,1.0
fixed,TSB-HB,0.5679308843960204
fixed,TSB-HB,0.0
fixed,TSB-HB,0.0
fixed,TSB-HB,0.0
fixed,TSB-HB,0.4395475398657792
fixed,TSB-HB,0.4395475398657792
fixed,TSB-HB,0.2512799021564593
fixed,TSB-HB,0.4395475398657792
fixed,TSB-HB,0.7592800164013098
fixed,TSB-HB,0.4395475398657792
fixed,TSB-HB,0.521614003438279
fixed,TSB-HB,0.729743513210815
fixed,TSB-HB,0.521614003438279
fixed,TSB-HB,0.521614003438279
fixed,TSB-HB,0.729743513210815
fixed,TSB-HB,0.0
fixed,TSB-HB,0.0
fixed,TSB-HB,0.5741448732151611
fixed,TSB-HB,0.0
fixed,TSB-HB,0.32919043988870367
fixed,TSB-HB,0.5741448732151611
fixed,TSB-HB,0.32919043988870367
fixed,TSB-HB,0.566091062633794
fixed,TSB-HB,0.853968825400802
fixed,TSB-HB,0.566091062633794
fixed,TSB-HB,0.0
fixed,TSB-HB,0.0
fixed,TSB-HB,0.0
fixed,TSB-HB,0.48207420765674347
fixed,TSB-HB,0.48207420765674347
fixed,TSB-HB,0.7765023266173715
fixed,TSB-HB,0.0
fixed,TSB-HB,1.0
fixed,TSB-HB,0.48207420765674347
fixed,TSB-HB,0.7272644566936106
fixed,TSB-HB,1.0
fixed,TSB-HB,0.30004473312102015
fixed,TSB-HB,0.0
fixed,TSB-HB,1.0
fixed,TSB-HB,0.5239665591794308
fixed,TSB-HB,0.5180254136944128
fixed,TSB-HB,0.5180254136944128
fixed,TSB-HB,0.2118743869064239
fixed,TSB-HB,0.2118743869064239
fixed,TSB-HB,0.0
fixed,TSB-HB,0.2118743869064239
fixed,TSB-HB,0.6577548151771865
fixed,TSB-HB,0.20891852902856037
fixed,TSB-HB,0.3642657216997999
fixed,TSB-HB,0.0
fixed,TSB-HB,0.5325683082012441
fixed,TSB-HB,0.20891852902856037
fixed,TSB-HB,1.0
fixed,TSB-HB,0.8743575906949017
fixed,TSB-HB,0.2848922351356569
fixed,TSB-HB,0.5650079318283718
fixed,TSB-HB,0.0
fixed,TSB-HB,1.0
fixed,TSB-HB,0.8397537376842156
fixed,TSB-HB,1.0
fixed,TSB-HB,0.8397537376842156
fixed,TSB-HB,1.0
fixed,TSB-HB,1.0
fixed,TSB-HB,1.0
fixed,TSB-HB,0.8185200136188581
fixed,TSB-HB,0.8768448415666477
fixed,TSB-HB,1.0
fixed,TSB-HB,0.0
fixed,TSB-HB,0.0
fixed,TSB-HB,0.0
fixed,TSB-HB,1.0
fixed,TSB-HB,1.0
fixed,TSB-HB,0.7948562714438765
fixed,TSB-HB,0.0
fixed,TSB-HB,0.0
fixed,TSB-HB,0.0
fixed,TSB-HB,0.0
fixed,TSB-HB,0.7521723338740418
fixed,TSB-HB,0.0
fixed,TSB-HB,0.0
fixed,TSB-HB,0.0
fixed,TSB-HB,0.4379259143594028
fixed,TSB-HB,0.0
fixed,TSB-HB,0.4250550886192169
fixed,TSB-HB,0.0
fixed,TSB-HB,0.0
fixed,TSB-HB,0.0
fixed,TSB-HB,0.0
fixed,TSB-HB,0.3806194731506809
fixed,TSB-HB,0.7215399688791322
fixed,TSB-HB,0.21054750924065058
fixed,TSB-HB,0.21054750924065058
fixed,TSB-HB,0.21054750924065058
fixed,TSB-HB,0.21054750924065058
fixed,TSB-HB,0.7365287785818928
fixed,TSB-HB,0.8845588535042139
fixed,TSB-HB,0.7365287785818928
fixed,TSB-HB,0.43891725238002827
fixed,TSB-HB,0.43891725238002827
fixed,TSB-HB,0.7365287785818928
fixed,TSB-HB,0.24673410000254023
fixed,TSB-HB,0.17336705000127012
fixed,TSB-HB,0.17336705000127012
fixed,TSB-HB,0.0
fixed,TSB-HB,0.0
fixed,TSB-HB,0.0
fixed,TSB-HB,0.0
fixed,TSB-HB,0.274092519534272
fixed,TSB-HB,1.0
fixed,TSB-HB,0.7724502914014333
fixed,TSB-HB,0.4326377352410486
fixed,TSB-HB,1.0
fixed,TSB-HB,0.6550425247450549
fixed,TSB-HB,0.5292007641391744
fixed,TSB-HB,0.5292007641391744
fixed,TSB-HB,0.818890914132559
fixed,TSB-HB,0.6550425247450549
fixed,TSB-HB,0.5292007641391744
fixed,TSB-HB,0.0
fixed,TSB-HB,0.28674850962393816
fixed,TSB-HB,0.5001087847692862
fixed,TSB-HB,0.5001087847692862
fixed,TSB-HB,0.0
fixed,TSB-HB,0.0
fixed,TSB-HB,0.40101470580132903
fixed,TSB-HB,0.40101470580132903
fixed,TSB-HB,0.0
fixed,TSB-HB,0.7210887366121782
fixed,TSB-HB,0.8058525293257063
fixed,TSB-HB,0.22516861709328154
fixed,TSB-HB,0.6830759324733658
fixed,TSB-HB,0.7629706908131116
fixed,TSB-HB,0.4926823052653919
fixed,TSB-HB,1.0
fixed,TSB-HB,1.0
fixed,TSB-HB,0.0
fixed,TSB-HB,0.0
fixed,TSB-HB,0.7960456730721883
fixed,TSB-HB,0.0
fixed,TSB-HB,0.0
fixed,TSB-HB,0.0
fixed,TSB-HB,0.0
fixed,TSB-HB,0.39449584105805147
fixed,TSB-HB,1.0
fixed,TSB-HB,0.5437676608425144
fixed,TSB-HB,0.0
fixed,TSB-HB,0.0
fixed,TSB-HB,0.5437676608425144
fixed,TSB-HB,0.0
fixed,TSB-HB,0.43059585614160567
fixed,TSB-HB,1.0
fixed,TSB-HB,1.0
fixed,TSB-HB,0.6056883832316867
fixed,TSB-HB,0.6056883832316867
fixed,TSB-HB,0.8070466969110719
fixed,TSB-HB,0.6244154296480547
fixed,TSB-HB,0.6244154296480547
fixed,TSB-HB,0.357415953081169
fixed,TSB-HB,1.0
fixed,TSB-HB,0.357415953081169
fixed,TSB-HB,1.0
fixed,TSB-HB,0.7640475267197439
fixed,TSB-HB,0.37547762337316193
fixed,TSB-HB,0.8045141642618885
fixed,TSB-HB,0.5514674839044343
fixed,TSB-HB,0.5975764680414135
fixed,TSB-HB,0.729648899372112
fixed,TSB-HB,0.4245589207706524
fixed,TSB-HB,0.5429192139408636
fixed,TSB-HB,0.8995193262476108
fixed,TSB-HB,0.5429192139408636
fixed,TSB-HB,0.4245589207706524
fixed,TSB-HB,0.0
fixed,TSB-HB,0.664788216510072
fixed,TSB-HB,0.664788216510072
fixed,TSB-HB,0.4407165721773097
fixed,TSB-HB,0.664788216510072
fixed,TSB-HB,0.664788216510072
fixed,TSB-HB,0.3233483435005516
fixed,TSB-HB,0.49943541948296416
fixed,TSB-HB,1.0
fixed,TSB-HB,0.8637121099864592
fixed,TSB-HB,0.6656162455199313
fixed,TSB-HB,0.49943541948296416
fixed,TSB-HB,0.0
fixed,TSB-HB,0.37216501725521023
fixed,TSB-HB,0.8215315240677707
fixed,TSB-HB,0.37216501725521023
fixed,TSB-HB,0.0
fixed,TSB-HB,0.0
fixed,TSB-HB,0.503021118265849
fixed,TSB-HB,0.8340183251920315
fixed,TSB-HB,0.786831055553092
fixed,TSB-HB,0.7255776971732549
fixed,TSB-HB,0.786831055553092
fixed,TSB-HB,0.20234272987558477
fixed,TSB-HB,0.44904240945843565
fixed,TSB-HB,0.6851313014246249
fixed,TSB-HB,0.6851313014246249
fixed,TSB-HB,0.6851313014246249
fixed,TSB-HB,0.0
fixed,TSB-HB,0.0
fixed,TSB-HB,0.4362117149758501
fixed,TSB-HB,0.6789364352009271
fixed,TSB-HB,0.4362117149758501
fixed,TSB-HB,0.0
fixed,TSB-HB,0.6789364352009271
fixed,TSB-HB,1.0
fixed,TSB-HB,0.7394938410419195
fixed,TSB-HB,0.40007073953375905
fixed,TSB-HB,0.5838470015968324
fixed,TSB-HB,0.21474608928551925
fixed,TSB-HB,0.21474608928551925
fixed,TSB-HB,0.8150746372266291
fixed,TSB-HB,0.2857776766802256
fixed,TSB-HB,0.4858717754130596
fixed,TSB-HB,1.0
fixed,TSB-HB,0.0
fixed,TSB-HB,0.8350795414010771
fixed,TSB-HB,0.7661503753496067
fixed,TSB-HB,0.7857415429786323
fixed,TSB-HB,0.48527779987704234
fixed,TSB-HB,0.0
fixed,TSB-HB,0.0
fixed,TSB-HB,0.26300410700683524
fixed,TSB-HB,0.26300410700683524
fixed,TSB-HB,0.6927810445043294
fixed,TSB-HB,0.44456064718894156
fixed,TSB-HB,0.0
fixed,TSB-HB,0.0
fixed,TSB-HB,0.44456064718894156
fixed,TSB-HB,0.0
fixed,TSB-HB,0.5558760827443399
fixed,TSB-HB,0.0
fixed,TSB-HB,0.0
fixed,TSB-HB,0.3285197828911727
fixed,TSB-HB,0.3285197828911727
fixed,TSB-HB,0.5558760827443399
fixed,TSB-HB,0.45837929692102986
fixed,TSB-HB,0.8589940053464661
fixed,TSB-HB,0.780146568464416
fixed,TSB-HB,0.45837929692102986
fixed,TSB-HB,1.0
fixed,TSB-HB,0.45837929692102986
fixed,TSB-HB,0.7855763152759909
fixed,TSB-HB,0.7499076018866864
fixed,TSB-HB,0.7855763152759909
fixed,TSB-HB,0.0
fixed,TSB-HB,0.5074213509020821
fixed,TSB-HB,0.5074213509020821
fixed,TSB-HB,0.30418759731974004
fixed,TSB-HB,0.30418759731974004
fixed,TSB-HB,0.8007050274627023
fixed,TSB-HB,0.8007050274627023
fixed,TSB-HB,0.8007050274627023
fixed,TSB-HB,0.18882771392083025
fixed,TSB-HB,0.7652745361734986
fixed,TSB-HB,0.633008625449029
fixed,TSB-HB,0.7652745361734986
fixed,TSB-HB,0.26642352599297137
fixed,TSB-HB,0.26642352599297137
fixed,TSB-HB,0.0
fixed,TSB-HB,0.0
fixed,TSB-HB,0.39865498911336295
fixed,TSB-HB,0.39865498911336295
fixed,TSB-HB,0.39865498911336295
fixed,TSB-HB,0.0
fixed,TSB-HB,0.7896551621708162
fixed,TSB-HB,0.0
fixed,TSB-HB,0.8420935469398204
fixed,TSB-HB,0.22338511520858761
fixed,TSB-HB,1.0
fixed,TSB-HB,0.34726452134534735
fixed,TSB-HB,0.7576257233428808
fixed,TSB-HB,0.0
fixed,TSB-HB,0.44436885759575473
fixed,TSB-HB,1.0
fixed,TSB-HB,0.6672421685406751
fixed,TSB-HB,1.0
fixed,TSB-HB,0.6672421685406751
fixed,TSB-HB,0.7831605750794703
fixed,TSB-HB,1.0
fixed,TSB-HB,0.7831605750794703
fixed,TSB-HB,1.0
fixed,TSB-HB,0.6532611428730859
fixed,TSB-HB,0.25830094175613705
fixed,TSB-HB,0.0
fixed,TSB-HB,0.0
fixed,TSB-HB,0.7995747922492683
fixed,TSB-HB,0.7995747922492683
fixed,TSB-HB,1.0
fixed,TSB-HB,0.0
fixed,TSB-HB,0.0
fixed,TSB-HB,1.0
fixed,TSB-HB,0.0
fixed,TSB-HB,0.6652142915320468
fixed,TSB-HB,0.6652142915320468
fixed,TSB-HB,0.6652142915320468
fixed,TSB-HB,0.3797488832437199
fixed,TSB-HB,0.3797488832437199
fixed,TSB-HB,0.6241259463711628
fixed,TSB-HB,0.0
fixed,TSB-HB,0.3797488832437199
fixed,TSB-HB,0.0
fixed,TSB-HB,0.0
fixed,TSB-HB,0.49809092797056576
fixed,TSB-HB,0.6627395605295558
fixed,TSB-HB,0.6627395605295558
fixed,TSB-HB,1.0
fixed,TSB-HB,0.26416066346329586
fixed,TSB-HB,0.0
fixed,TSB-HB,0.5316616804858801
fixed,TSB-HB,0.733807561931723
fixed,TSB-HB,0.5316616804858801
fixed,TSB-HB,1.0
fixed,TSB-HB,0.5316616804858801
fixed,TSB-HB,0.0
fixed,TSB-HB,0.4738238438840447
fixed,TSB-HB,0.7761833690804937
fixed,TSB-HB,0.4738238438840447
fixed,TSB-HB,0.8483226721910193
fixed,TSB-HB,0.24713667422537006
fixed,TSB-HB,0.0
fixed,TSB-HB,0.3004469773832584
fixed,TSB-HB,0.6878302189973325
fixed,TSB-HB,0.49483654181756775
fixed,TSB-HB,1.0
fixed,TSB-HB,0.49483654181756775
fixed,TSB-HB,0.0
fixed,TSB-HB,0.7038427340050983
fixed,TSB-HB,0.23692121759320225
fixed,TSB-HB,0.7038427340050983
fixed,TSB-HB,0.23692121759320225
fixed,TSB-HB,0.0
fixed,TSB-HB,1.0
fixed,TSB-HB,1.0
fixed,TSB-HB,0.8379677686000881
fixed,TSB-HB,0.0
fixed,TSB-HB,0.0
fixed,TSB-HB,0.0
fixed,TSB-HB,0.0
fixed,TSB-HB,0.6858388517817342
fixed,TSB-HB,0.22969192097065635
fixed,TSB-HB,0.6858388517817342
fixed,TSB-HB,0.22969192097065635
fixed,TSB-HB,0.0
fixed,TSB-HB,0.2857552978343749
fixed,TSB-HB,0.18428611963832786
fixed,TSB-HB,0.6960166292588131
fixed,TSB-HB,1.0
fixed,TSB-HB,0.8306530237946306
fixed,TSB-HB,0.5793181105498344
fixed,TSB-HB,0.7188217257352763
fixed,TSB-HB,1.0
fixed,TSB-HB,1.0
fixed,TSB-HB,0.26866257309163544
fixed,TSB-HB,0.7794774422307648
fixed,TSB-HB,0.8445891625333234
fixed,TSB-HB,0.28059042586729704
fixed,TSB-HB,0.0
fixed,TSB-HB,0.0
fixed,TSB-HB,0.4579651093556797
fixed,TSB-HB,0.0
fixed,TSB-HB,0.1906302997149042
fixed,TSB-HB,0.661095857764468
fixed,TSB-HB,0.661095857764468
fixed,TSB-HB,0.5027054473904891
fixed,TSB-HB,0.0
fixed,TSB-HB,0.330937687255319
fixed,TSB-HB,1.0
fixed,TSB-HB,0.5274062014821362
fixed,TSB-HB,0.3887794037828988
fixed,TSB-HB,0.0
fixed,TSB-HB,0.7736379486343214
fixed,TSB-HB,0.6999198476442605
fixed,TSB-HB,0.8957571672994226
fixed,TSB-HB,0.5780444631642073
fixed,TSB-HB,0.7962288542305752
fixed,TSB-HB,0.0
fixed,TSB-HB,1.0
fixed,TSB-HB,0.7688746586036455
fixed,TSB-HB,1.0
fixed,TSB-HB,0.22673559462767565
fixed,TSB-HB,0.864593495719656
fixed,TSB-HB,0.4878803365708252
fixed,TSB-HB,1.0
fixed,TSB-HB,0.22673559462767565
fixed,TSB-HB,0.4878803365708252
fixed,TSB-HB,0.0
fixed,TSB-HB,0.2972943238959731
fixed,TSB-HB,0.0
fixed,TSB-HB,0.0
fixed,TSB-HB,0.0
fixed,TSB-HB,1.0
fixed,TSB-HB,0.0
fixed,TSB-HB,1.0
fixed,TSB-HB,1.0
fixed,TSB-HB,0.4188260852396388
fixed,TSB-HB,0.0
fixed,TSB-HB,0.6821534577704664
fixed,TSB-HB,1.0
fixed,TSB-HB,1.0
fixed,TSB-HB,1.0
fixed,TSB-HB,0.0
fixed,TSB-HB,0.0
fixed,TSB-HB,0.0
fixed,TSB-HB,0.4219273370935983
fixed,TSB-HB,0.5515258117798868
fixed,TSB-HB,1.0
fixed,TSB-HB,0.6050883847850002
fixed,TSB-HB,0.1403864559420664
fixed,TSB-HB,0.4971399770382293
fixed,TSB-HB,0.4773721619980562
fixed,TSB-HB,0.0
fixed,TSB-HB,1.0
fixed,TSB-HB,0.2843924921769023
fixed,TSB-HB,0.2843924921769023
fixed,TSB-HB,0.2843924921769023
fixed,TSB-HB,0.16114362660585083
fixed,TSB-HB,0.40306702595614086
fixed,TSB-HB,0.0
fixed,TSB-HB,0.0
fixed,TSB-HB,0.31675330152193837
fixed,TSB-HB,0.0
fixed,TSB-HB,0.0
fixed,TSB-HB,0.0
fixed,TSB-HB,1.0
fixed,TSB-HB,1.0
fixed,TSB-HB,1.0
fixed,TSB-HB,1.0
fixed,TSB-HB,0.23330623469555353
fixed,TSB-HB,0.7653725656253711
fixed,TSB-HB,0.6214972994909295
fixed,TSB-HB,0.23330623469555353
fixed,TSB-HB,0.23330623469555353
fixed,TSB-HB,0.44377014716953034
fixed,TSB-HB,0.0
fixed,TSB-HB,0.47071892843383967
fixed,TSB-HB,1.0
fixed,TSB-HB,0.0
fixed,TSB-HB,0.47071892843383967
fixed,TSB-HB,0.0
fixed,TSB-HB,0.3916689219516616
fixed,TSB-HB,0.0
fixed,TSB-HB,0.5743464246375132
fixed,TSB-HB,0.8149844790797548
fixed,TSB-HB,0.0
fixed,TSB-HB,0.0
fixed,TSB-HB,0.18892583418083544
fixed,TSB-HB,0.0
fixed,TSB-HB,0.18892583418083544
fixed,TSB-HB,0.18892583418083544
fixed,TSB-HB,0.18892583418083544
fixed,TSB-HB,0.0
fixed,TSB-HB,0.5921644260272345
fixed,TSB-HB,0.0
fixed,TSB-HB,0.19766504113671474
fixed,TSB-HB,1.0
fixed,TSB-HB,1.0
fixed,TSB-HB,0.7773193376459011
fixed,TSB-HB,0.5831640522909121
fixed,TSB-HB,0.5831640522909121
fixed,TSB-HB,1.0
fixed,TSB-HB,1.0
fixed,TSB-HB,0.0
fixed,TSB-HB,0.5831640522909121
fixed,TSB-HB,0.4322932497259968
fixed,TSB-HB,1.0
fixed,TSB-HB,1.0
fixed,TSB-HB,0.0
fixed,TSB-HB,0.0
fixed,TSB-HB,0.0
fixed,TSB-HB,0.565631981807339
fixed,TSB-HB,0.37206850433860716
fixed,TSB-HB,0.8363986046410815
fixed,TSB-HB,1.0
fixed,TSB-HB,0.37206850433860716
fixed,TSB-HB,0.7518125023404242
fixed,TSB-HB,0.37039988164568677
fixed,TSB-HB,0.6400670017780623
fixed,TSB-HB,0.37039988164568677
fixed,TSB-HB,1.0
fixed,TSB-HB,0.37039988164568677
fixed,TSB-HB,0.8154549728716947
fixed,TSB-HB,0.0
fixed,TSB-HB,0.3156551637683061
fixed,TSB-HB,0.3156551637683061
fixed,TSB-HB,0.3156551637683061
fixed,TSB-HB,0.6218105033439074
fixed,TSB-HB,0.3156551637683061
fixed,TSB-HB,0.0
fixed,TSB-HB,0.2611361965856683
fixed,TSB-HB,0.17774321262415058
fixed,TSB-HB,0.17774321262415058
fixed,TSB-HB,0.6732423983002072
fixed,TSB-HB,0.17774321262415058
fixed,TSB-HB,0.6121759131520639
fixed,TSB-HB,0.4890659468902505
fixed,TSB-HB,0.8478244904216412
fixed,TSB-HB,0.3186453663348037
fixed,TSB-HB,0.19391433509964912
fixed,TSB-HB,0.0
fixed,TSB-HB,0.0
fixed,TSB-HB,0.0
fixed,TSB-HB,0.467726105898739
fixed,TSB-HB,0.23480663874165922
fixed,TSB-HB,0.6622868529004439
fixed,TSB-HB,0.23480663874165922
fixed,TSB-HB,0.0
fixed,TSB-HB,0.0
fixed,TSB-HB,0.0
fixed,TSB-HB,0.21249153149582503
fixed,TSB-HB,0.21249153149582503
fixed,TSB-HB,0.21249153149582503
fixed,TSB-HB,0.0
fixed,TSB-HB,0.22103743424583674
fixed,TSB-HB,0.4300946311932462
fixed,TSB-HB,0.22103743424583674
fixed,TSB-HB,0.6307547577772109
fixed,TSB-HB,0.22103743424583674
fixed,TSB-HB,0.0
fixed,TSB-HB,0.2387722776087751
fixed,TSB-HB,0.4852910474186981
fixed,TSB-HB,0.2387722776087751
fixed,TSB-HB,0.6847516907685672
fixed,TSB-HB,0.2387722776087751
fixed,TSB-HB,0.7569771584547281
fixed,TSB-HB,0.18304620804938876
fixed,TSB-HB,0.2861329887411009
fixed,TSB-HB,0.18304620804938876
fixed,TSB-HB,0.2861329887411009
fixed,TSB-HB,0.18304620804938876
fixed,TSB-HB,0.0
fixed,TSB-HB,0.38976312715110006
fixed,TSB-HB,0.8313532770675383
fixed,TSB-HB,1.0
fixed,TSB-HB,0.38976312715110006
fixed,TSB-HB,0.6674861526573139
fixed,TSB-HB,1.0
fixed,TSB-HB,1.0
fixed,TSB-HB,0.0
fixed,TSB-HB,0.43834022286147545
fixed,TSB-HB,0.0
fixed,TSB-HB,0.0
fixed,TSB-HB,0.0
fixed,TSB-HB,0.0
fixed,TSB-HB,0.30339902487632353
fixed,TSB-HB,0.30339902487632353
fixed,TSB-HB,0.5206604983762757
fixed,TSB-HB,0.7012075626789203
fixed,TSB-HB,0.0
fixed,TSB-HB,0.4648590595917689
fixed,TSB-HB,0.35742952979588444
fixed,TSB-HB,0.7367719117249567
fixed,TSB-HB,0.4648590595917689
fixed,TSB-HB,0.8104015972597004
fixed,TSB-HB,0.670373907571648
fixed,TSB-HB,0.0
fixed,TSB-HB,0.670373907571648
fixed,TSB-HB,0.0
fixed,TSB-HB,0.0
fixed,TSB-HB,0.670373907571648
fixed,TSB-HB,0.5651277707994703
fixed,TSB-HB,0.0
fixed,TSB-HB,0.5651277707994703
fixed,TSB-HB,0.0
fixed,TSB-HB,0.0
fixed,TSB-HB,0.5651277707994703
fixed,TSB-HB,0.0
fixed,TSB-HB,1.0
fixed,TSB-HB,0.8296946739011903
fixed,TSB-HB,0.329558036371721
fixed,TSB-HB,0.5521693002227075
fixed,TSB-HB,0.5521693002227075
fixed,TSB-HB,0.41513329994368653
fixed,TSB-HB,0.7533907641710692
fixed,TSB-HB,0.7533907641710692
fixed,TSB-HB,0.5985519810636736
fixed,TSB-HB,0.41513329994368653
fixed,TSB-HB,0.0
fixed,TSB-HB,0.0
fixed,TSB-HB,0.33610943951676286
fixed,TSB-HB,0.33610943951676286
fixed,TSB-HB,0.0
fixed,TSB-HB,0.0
fixed,TSB-HB,0.5298505142287159
fixed,TSB-HB,1.0
fixed,TSB-HB,0.18208581493543435
fixed,TSB-HB,0.6199904691698197
fixed,TSB-HB,0.4333267205641709
fixed,TSB-HB,0.4333267205641709
fixed,TSB-HB,0.5641043348109772
fixed,TSB-HB,0.4243353885087857
fixed,TSB-HB,0.0
fixed,TSB-HB,0.6341140562928167
fixed,TSB-HB,0.7851079989182883
fixed,TSB-HB,0.7851079989182883
fixed,TSB-HB,0.7562706981569598
fixed,TSB-HB,1.0
fixed,TSB-HB,0.8206395889444162
fixed,TSB-HB,0.7966653896754881
fixed,TSB-HB,0.0
fixed,TSB-HB,0.0
fixed,TSB-HB,0.0
fixed,TSB-HB,1.0
fixed,TSB-HB,0.7712941778487503
fixed,TSB-HB,1.0
fixed,TSB-HB,0.4164510816492851
fixed,TSB-HB,0.0
fixed,TSB-HB,0.4164510816492851
fixed,TSB-HB,0.5157475783867237
fixed,TSB-HB,0.6755346909140502
fixed,TSB-HB,1.0
fixed,TSB-HB,0.7855305044203325
fixed,TSB-HB,0.0
fixed,TSB-HB,0.0
fixed,TSB-HB,0.0
fixed,TSB-HB,0.48254151476271967
fixed,TSB-HB,0.48254151476271967
fixed,TSB-HB,0.0
fixed,TSB-HB,0.48254151476271967
fixed,TSB-HB,0.0
fixed,TSB-HB,0.1441430479694549
fixed,TSB-HB,0.5172511507079093
fixed,TSB-HB,0.2956136023522411
fixed,TSB-HB,0.7451840836666448
fixed,TSB-HB,0.7451840836666448
fixed,TSB-HB,1.0
fixed,TSB-HB,0.4538110028989595
fixed,TSB-HB,0.8455531458377256
fixed,TSB-HB,1.0
fixed,TSB-HB,0.6991940186792267
fixed,TSB-HB,0.5704114527139886
fixed,TSB-HB,0.7860366539642316
fixed,TSB-HB,0.22192465502024827
fixed,TSB-HB,0.32000534811972875
fixed,TSB-HB,0.6629336799189404
fixed,TSB-HB,0.5016849785543483
fixed,TSB-HB,0.0
fixed,TSB-HB,0.7834080662476306
fixed,TSB-HB,0.41534797517996674
fixed,TSB-HB,0.41534797517996674
fixed,TSB-HB,0.0
fixed,TSB-HB,0.0
fixed,TSB-HB,0.41534797517996674
fixed,TSB-HB,0.7435111096954186
fixed,TSB-HB,0.0
fixed,TSB-HB,0.8318858106901994
fixed,TSB-HB,0.5363959182827511
fixed,TSB-HB,0.5363959182827511
fixed,TSB-HB,0.5363959182827511
fixed,TSB-HB,0.0
fixed,TSB-HB,0.5407243705656696
fixed,TSB-HB,0.6819522458115717
fixed,TSB-HB,0.5407243705656696
fixed,TSB-HB,0.6819522458115717
fixed,TSB-HB,0.3669385280083408
fixed,TSB-HB,0.5407243705656696
fixed,TSB-HB,0.0
fixed,TSB-HB,0.0
fixed,TSB-HB,0.0
fixed,TSB-HB,0.0
fixed,TSB-HB,0.712054981774804
fixed,TSB-HB,0.4526351255202824
fixed,TSB-HB,0.0
fixed,TSB-HB,0.5358255307856731
fixed,TSB-HB,0.41200429640185887
fixed,TSB-HB,1.0
fixed,TSB-HB,0.0
fixed,TSB-HB,0.0
fixed,TSB-HB,0.0
fixed,TSB-HB,0.40435126998848614
fixed,TSB-HB,0.40435126998848614
fixed,TSB-HB,0.0
fixed,TSB-HB,0.5669897532414199
fixed,TSB-HB,1.0
fixed,TSB-HB,0.0
fixed,TSB-HB,0.5305198120805595
fixed,TSB-HB,0.5305198120805595
fixed,TSB-HB,0.0
fixed,TSB-HB,0.5305198120805595
fixed,TSB-HB,0.0
fixed,TSB-HB,0.34399584930945726
fixed,TSB-HB,0.5865125717871507
fixed,TSB-HB,0.0
fixed,TSB-HB,0.34399584930945726
fixed,TSB-HB,0.5865125717871507
fixed,TSB-HB,0.0
fixed,TSB-HB,0.8228813816105911
fixed,TSB-HB,0.0
fixed,TSB-HB,0.0
fixed,TSB-HB,0.5478327991684248
fixed,TSB-HB,0.5478327991684248
fixed,TSB-HB,0.5478327991684248
fixed,TSB-HB,0.0
fixed,TSB-HB,0.3953151289736484
fixed,TSB-HB,0.6977098551584084
fixed,TSB-HB,0.0
fixed,TSB-HB,0.0
fixed,TSB-HB,0.0
fixed,TSB-HB,0.0
fixed,TSB-HB,0.7247542755446336
fixed,TSB-HB,0.7247542755446336
fixed,TSB-HB,1.0
fixed,TSB-HB,0.7247542755446336
fixed,TSB-HB,0.38891149403893643
fixed,TSB-HB,0.8629301089511338
fixed,TSB-HB,0.0
fixed,TSB-HB,0.6852336509529635
fixed,TSB-HB,0.8629301089511338
fixed,TSB-HB,1.0
fixed,TSB-HB,0.35979085567203234
fixed,TSB-HB,0.21657890623113701
fixed,TSB-HB,0.8647399975490723
fixed,TSB-HB,0.21657890623113701
fixed,TSB-HB,0.5743776687378807
fixed,TSB-HB,0.7199943790791037
fixed,TSB-HB,0.0
fixed,TSB-HB,0.20523502157177065
fixed,TSB-HB,0.8443052483045461
fixed,TSB-HB,0.36265659576189857
fixed,TSB-HB,0.36265659576189857
fixed,TSB-HB,0.6817508688007252
fixed,TSB-HB,0.0
fixed,TSB-HB,0.24898697758048233
fixed,TSB-HB,0.3821011480322061
fixed,TSB-HB,1.0
fixed,TSB-HB,0.8717385635736272
fixed,TSB-HB,0.8717385635736272
fixed,TSB-HB,0.6128732567188885
fixed,TSB-HB,0.0
fixed,TSB-HB,0.27826267250344877
fixed,TSB-HB,0.5783721009524643
fixed,TSB-HB,1.0
fixed,TSB-HB,0.0
fixed,TSB-HB,0.27826267250344877
fixed,TSB-HB,1.0
fixed,TSB-HB,0.235866369959795
fixed,TSB-HB,0.235866369959795
fixed,TSB-HB,0.0
fixed,TSB-HB,0.0
fixed,TSB-HB,0.0
fixed,TSB-HB,0.4829070651591763
fixed,TSB-HB,0.0
fixed,TSB-HB,0.6618663868506823
fixed,TSB-HB,0.4829070651591763
fixed,TSB-HB,0.4829070651591763
fixed,TSB-HB,0.6618663868506823
fixed,TSB-HB,0.0
fixed,TSB-HB,0.43784011183091553
fixed,TSB-HB,0.6542986205648437
fixed,TSB-HB,0.6542986205648437
fixed,TSB-HB,1.0
fixed,TSB-HB,0.0
fixed,TSB-HB,0.6533294744621264
fixed,TSB-HB,0.6533294744621264
fixed,TSB-HB,0.6533294744621264
fixed,TSB-HB,0.6533294744621264
fixed,TSB-HB,0.0
fixed,TSB-HB,0.4367692273558115
fixed,TSB-HB,0.0
fixed,TSB-HB,0.32979493442346164
fixed,TSB-HB,0.0
fixed,TSB-HB,0.8298677234827506
fixed,TSB-HB,0.8298677234827506
fixed,TSB-HB,0.5324490977245323
fixed,TSB-HB,0.5290052311290472
fixed,TSB-HB,0.8155306309616297
fixed,TSB-HB,0.5290052311290472
fixed,TSB-HB,0.0
fixed,TSB-HB,0.0
fixed,TSB-HB,0.0
fixed,TSB-HB,0.20802817125261042
fixed,TSB-HB,0.0
fixed,TSB-HB,0.859143834937008
fixed,TSB-HB,0.6089690822292748
fixed,TSB-HB,0.6089690822292748
fixed,TSB-HB,0.6089690822292748
fixed,TSB-HB,0.0
fixed,TSB-HB,0.8628754513356733
fixed,TSB-HB,0.701130326849452
fixed,TSB-HB,0.3855050213522965
fixed,TSB-HB,0.0
fixed,TSB-HB,0.0
fixed,TSB-HB,0.342886318073095
fixed,TSB-HB,0.342886318073095
fixed,TSB-HB,0.7815300555962716
fixed,TSB-HB,0.5931111691265929
fixed,TSB-HB,0.342886318073095
fixed,TSB-HB,0.0
fixed,TSB-HB,0.0
fixed,TSB-HB,0.7316213953624562
fixed,TSB-HB,0.7316213953624562
fixed,TSB-HB,0.7316213953624562
fixed,TSB-HB,0.0
fixed,TSB-HB,0.0
fixed,TSB-HB,0.6511987055657309
fixed,TSB-HB,0.22233577807052485
fixed,TSB-HB,0.4480443128343675
fixed,TSB-HB,0.4480443128343675
fixed,TSB-HB,0.4480443128343675
fixed,TSB-HB,0.6511987055657309
fixed,TSB-HB,0.6894459189528211
fixed,TSB-HB,0.38766541048029013
fixed,TSB-HB,0.0
fixed,TSB-HB,0.0
fixed,TSB-HB,0.0
fixed,TSB-HB,0.0
fixed,TSB-HB,0.0
fixed,TSB-HB,0.5935820264325823
fixed,TSB-HB,0.8544526954846173
fixed,TSB-HB,0.0
fixed,TSB-HB,0.42413434543713635
fixed,TSB-HB,0.0
fixed,TSB-HB,0.0
fixed,TSB-HB,0.5228086566976219
fixed,TSB-HB,0.46719975704555594
fixed,TSB-HB,0.0
fixed,TSB-HB,0.0
fixed,TSB-HB,0.2616721613168216
fixed,TSB-HB,0.0
fixed,TSB-HB,1.0
fixed,TSB-HB,0.4632440850977112
fixed,TSB-HB,0.0
fixed,TSB-HB,0.0
fixed,TSB-HB,0.0
fixed,TSB-HB,0.4094215288054033
fixed,TSB-HB,0.8610078976550363
fixed,TSB-HB,0.6952468546583433
fixed,TSB-HB,0.0
fixed,TSB-HB,0.0
fixed,TSB-HB,0.0
fixed,TSB-HB,0.0
fixed,TSB-HB,0.8729623267281681
fixed,TSB-HB,0.41901372418487554
fixed,TSB-HB,0.0
fixed,TSB-HB,0.0
fixed,TSB-HB,0.0
fixed,TSB-HB,0.41737150252465904
fixed,TSB-HB,1.0
fixed,TSB-HB,0.41737150252465904
fixed,TSB-HB,0.0
fixed,TSB-HB,0.0
fixed,TSB-HB,0.0
fixed,TSB-HB,0.6000941275588467
fixed,TSB-HB,0.0
fixed,TSB-HB,0.4200628106650066
fixed,TSB-HB,1.0
fixed,TSB-HB,0.4200628106650066
fixed,TSB-HB,0.7670018550416671
fixed,TSB-HB,0.3827710795259701
fixed,TSB-HB,0.3827710795259701
fixed,TSB-HB,0.0
fixed,TSB-HB,0.0
fixed,TSB-HB,1.0
fixed,TSB-HB,0.5145913731200248
fixed,TSB-HB,0.7849814828730526
fixed,TSB-HB,0.0
fixed,TSB-HB,0.7849814828730526
fixed,TSB-HB,1.0
fixed,TSB-HB,1.0
fixed,TSB-HB,1.0
fixed,TSB-HB,0.7605122623927918
fixed,TSB-HB,0.0
fixed,TSB-HB,0.5601127168206442
fixed,TSB-HB,0.7605122623927918
fixed,TSB-HB,1.0
fixed,TSB-HB,0.0
fixed,TSB-HB,0.0
fixed,TSB-HB,0.5969310079744323
fixed,TSB-HB,0.4611949539346766
fixed,TSB-HB,0.6366629122952152
fixed,TSB-HB,0.5174671993328664
fixed,TSB-HB,0.8122248454779126
fixed,TSB-HB,1.0
fixed,TSB-HB,0.608635506010089
fixed,TSB-HB,0.7769321328871882
fixed,TSB-HB,0.15215947439313685
fixed,TSB-HB,1.0
fixed,TSB-HB,0.8968017078736498
fixed,TSB-HB,0.0
fixed,TSB-HB,0.7463733581707169
fixed,TSB-HB,1.0
fixed,TSB-HB,0.28885771997413656
fixed,TSB-HB,0.46835344819941044
fixed,TSB-HB,0.46835344819941044
fixed,TSB-HB,0.3067291214802245
fixed,TSB-HB,0.5601101050768782
fixed,TSB-HB,0.8045501215884003
fixed,TSB-HB,0.0
fixed,TSB-HB,0.44107403621963526
fixed,TSB-HB,0.44107403621963526
fixed,TSB-HB,0.0
fixed,TSB-HB,0.33183932736808586
fixed,TSB-HB,1.0
fixed,TSB-HB,0.4955179821042576
fixed,TSB-HB,1.0
fixed,TSB-HB,0.0
fixed,TSB-HB,0.7991824806130153
fixed,TSB-HB,0.2627927072833266
fixed,TSB-HB,0.2627927072833266
fixed,TSB-HB,0.6362365961913526
fixed,TSB-HB,1.0
fixed,TSB-HB,0.3114985910840778
fixed,TSB-HB,0.7847597581659107
fixed,TSB-HB,0.3138158759241947
fixed,TSB-HB,1.0
fixed,TSB-HB,0.8293578634481005
fixed,TSB-HB,0.2760108819202946
fixed,TSB-HB,0.21433167949802057
fixed,TSB-HB,0.31066573615418663
fixed,TSB-HB,0.31066573615418663
fixed,TSB-HB,1.0
fixed,TSB-HB,0.37133147230837327
fixed,TSB-HB,0.31066573615418663
fixed,TSB-HB,0.37133147230837327
fixed,TSB-HB,0.0
fixed,TSB-HB,0.43553114508194235
fixed,TSB-HB,1.0
fixed,TSB-HB,0.2963827862704856
fixed,TSB-HB,0.4819139313524279
fixed,TSB-HB,0.2963827862704856
fixed,TSB-HB,0.4235960456651904
fixed,TSB-HB,0.0
fixed,TSB-HB,0.0
fixed,TSB-HB,0.3367980228325952
fixed,TSB-HB,1.0
fixed,TSB-HB,0.0
fixed,TSB-HB,0.35885360720157167
fixed,TSB-HB,0.0
fixed,TSB-HB,0.835074665449314
fixed,TSB-HB,0.7212955639890879
fixed,TSB-HB,0.7712507670416044
fixed,TSB-HB,0.6353750262884007
fixed,TSB-HB,0.548728098792388
fixed,TSB-HB,0.670228222585131
fixed,TSB-HB,1.0
fixed,TSB-HB,0.0
fixed,TSB-HB,0.0
fixed,TSB-HB,0.0
fixed,TSB-HB,0.5756836263932359
fixed,TSB-HB,0.0
fixed,TSB-HB,1.0
fixed,TSB-HB,0.0
fixed,TSB-HB,0.0
fixed,TSB-HB,0.5756836263932359
fixed,TSB-HB,0.0
fixed,TSB-HB,0.675504578915574
fixed,TSB-HB,0.0
fixed,TSB-HB,0.0
fixed,TSB-HB,0.4496780973658908
fixed,TSB-HB,0.0
fixed,TSB-HB,0.8615842552589124
fixed,TSB-HB,0.0
fixed,TSB-HB,0.4030288577209482
fixed,TSB-HB,0.8615842552589124
fixed,TSB-HB,0.4030288577209482
fixed,TSB-HB,0.5753263785370607
fixed,TSB-HB,0.0
fixed,TSB-HB,0.3767080184665834
fixed,TSB-HB,0.3767080184665834
fixed,TSB-HB,0.0
fixed,TSB-HB,0.0
fixed,TSB-HB,0.3767080184665834
fixed,TSB-HB,0.2600594485383001
fixed,TSB-HB,0.2600594485383001
fixed,TSB-HB,0.783766403019327
fixed,TSB-HB,0.6563057268718949
fixed,TSB-HB,0.6563057268718949
fixed,TSB-HB,1.0
fixed,TSB-HB,0.0
fixed,TSB-HB,0.0
fixed,TSB-HB,0.0
fixed,TSB-HB,0.6421614180382863
fixed,TSB-HB,0.3906100021918103
fixed,TSB-HB,0.0
fixed,TSB-HB,1.0
fixed,TSB-HB,0.2808299508216562
fixed,TSB-HB,0.750062403240191
fixed,TSB-HB,0.5447805012429473
fixed,TSB-HB,0.750062403240191
fixed,TSB-HB,0.2808299508216562
fixed,TSB-HB,0.4303034995448284
fixed,TSB-HB,0.6412982756235422
fixed,TSB-HB,0.0
fixed,TSB-HB,0.0
fixed,TSB-HB,0.8076057203891664
fixed,TSB-HB,0.4303034995448284
fixed,TSB-HB,0.4209728547837589
fixed,TSB-HB,0.0
fixed,TSB-HB,0.4209728547837589
fixed,TSB-HB,1.0
fixed,TSB-HB,0.6254939663332604
fixed,TSB-HB,0.0
fixed,TSB-HB,0.18798555204762626
fixed,TSB-HB,0.5987079772480536
fixed,TSB-HB,0.7203133749776451
fixed,TSB-HB,0.2997440383022263
fixed,TSB-HB,0.18798555204762626
fixed,TSB-HB,0.2997440383022263
fixed,TSB-HB,0.6617604709086927
fixed,TSB-HB,0.4960064835220878
fixed,TSB-HB,0.4960064835220878
fixed,TSB-HB,0.0
fixed,TSB-HB,0.0
fixed,TSB-HB,0.0
fixed,TSB-HB,0.3461145285034394
fixed,TSB-HB,0.3461145285034394
fixed,TSB-HB,0.6290147664139858
fixed,TSB-HB,0.8099161685554369
fixed,TSB-HB,0.3461145285034394
fixed,TSB-HB,0.6290147664139858
fixed,TSB-HB,0.5155610141085286
fixed,TSB-HB,1.0
fixed,TSB-HB,0.5155610141085286
fixed,TSB-HB,1.0
fixed,TSB-HB,1.0
fixed,TSB-HB,0.8165987808168015
fixed,TSB-HB,0.3209313157144796
fixed,TSB-HB,0.5206033804950748
fixed,TSB-HB,0.200128467243666
fixed,TSB-HB,0.6090780290551128
fixed,TSB-HB,0.200128467243666
fixed,TSB-HB,0.3915906584949035
fixed,TSB-HB,1.0
fixed,TSB-HB,0.7880628987003044
fixed,TSB-HB,0.0
fixed,TSB-HB,0.2873110164974063
fixed,TSB-HB,0.8641231116113082
fixed,TSB-HB,0.6657294437401529
fixed,TSB-HB,0.5196200284095966
fixed,TSB-HB,0.8306732065975718
fixed,TSB-HB,0.5196200284095966
fixed,TSB-HB,0.8306732065975718
fixed,TSB-HB,0.5196200284095966
fixed,TSB-HB,0.8306732065975718
fixed,TSB-HB,0.0
fixed,TSB-HB,0.35510859925789945
fixed,TSB-HB,0.6474079706852457
fixed,TSB-HB,0.0
fixed,TSB-HB,0.4602171985157989
fixed,TSB-HB,0.0
fixed,TSB-HB,0.43831361342228115
fixed,TSB-HB,0.43831361342228115
fixed,TSB-HB,1.0
fixed,TSB-HB,0.43831361342228115
fixed,TSB-HB,0.2899849599861164
fixed,TSB-HB,0.5562067619975085
fixed,TSB-HB,0.8897118830386971
fixed,TSB-HB,0.7228299962909943
fixed,TSB-HB,0.8055746257212903
fixed,TSB-HB,0.5280302942376592
fixed,TSB-HB,0.0
fixed,TSB-HB,1.0
fixed,TSB-HB,0.646976883471388
fixed,TSB-HB,0.5445288209779944
fixed,TSB-HB,0.698200914718085
fixed,TSB-HB,0.4173525561970466
fixed,TSB-HB,0.8747111127566323
fixed,TSB-HB,0.5445288209779944
fixed,TSB-HB,0.42375138055329425
fixed,TSB-HB,0.0
fixed,TSB-HB,0.42375138055329425
fixed,TSB-HB,0.6190692877798636
fixed,TSB-HB,0.0
fixed,TSB-HB,0.887454515841926
fixed,TSB-HB,0.8014465731145889
fixed,TSB-HB,1.0
fixed,TSB-HB,1.0
fixed,TSB-HB,0.24333624345243748
fixed,TSB-HB,0.39122219202052805
fixed,TSB-HB,0.6428573805831925
fixed,TSB-HB,0.29175486254216293
fixed,TSB-HB,0.45806644702423405
fixed,TSB-HB,0.29175486254216293
fixed,TSB-HB,0.5918258865227612
fixed,TSB-HB,0.0
fixed,TSB-HB,1.0
fixed,TSB-HB,0.42528678048657087
fixed,TSB-HB,0.0
fixed,TSB-HB,0.0
fixed,TSB-HB,0.0
fixed,TSB-HB,0.42528678048657087
fixed,TSB-HB,0.6161262257165037
fixed,TSB-HB,0.4049270426090109
fixed,TSB-HB,0.5314488481878142
fixed,TSB-HB,0.6311327295254656
fixed,TSB-HB,0.0
fixed,TSB-HB,0.4049270426090109
fixed,TSB-HB,0.2660359046480768
fixed,TSB-HB,0.0
fixed,TSB-HB,0.0
fixed,TSB-HB,0.0
fixed,TSB-HB,0.0
fixed,TSB-HB,0.22006313863238308
fixed,TSB-HB,0.5144723084305773
fixed,TSB-HB,0.0
fixed,TSB-HB,0.4189780954781249
fixed,TSB-HB,0.0
fixed,TSB-HB,0.0
fixed,TSB-HB,0.0
fixed,TSB-HB,1.0
fixed,TSB-HB,1.0
fixed,TSB-HB,0.8616586683595319
fixed,TSB-HB,1.0
fixed,TSB-HB,0.8616586683595319
fixed,TSB-HB,0.5863237405654278
fixed,TSB-HB,1.0
fixed,TSB-HB,0.38680124674111455
fixed,TSB-HB,0.38680124674111455
fixed,TSB-HB,0.7138466083094088
fixed,TSB-HB,0.531466306033711
fixed,TSB-HB,0.0
fixed,TSB-HB,0.8190681693509122
fixed,TSB-HB,0.29459288992033916
fixed,TSB-HB,0.2655853067632581
fixed,TSB-HB,0.6082385867499313
fixed,TSB-HB,0.4396308057057445
fixed,TSB-HB,0.5422239892873716
fixed,TSB-HB,0.8178326352917372
fixed,TSB-HB,0.6361189879190993
fixed,TSB-HB,0.3253875097194036
fixed,TSB-HB,0.0
fixed,TSB-HB,0.6361189879190993
fixed,TSB-HB,0.0
fixed,TSB-HB,0.0
fixed,TSB-HB,0.0
fixed,TSB-HB,0.3268886753685908
fixed,TSB-HB,0.5170092738768863
fixed,TSB-HB,0.0
fixed,TSB-HB,0.0
fixed,TSB-HB,0.7047216008124337
fixed,TSB-HB,0.6891543864721271
fixed,TSB-HB,0.8864739974548892
fixed,TSB-HB,0.8597379399926239
fixed,TSB-HB,0.0
fixed,TSB-HB,0.24997245768737672
fixed,TSB-HB,0.47561942094215415
fixed,TSB-HB,0.7522106058332922
fixed,TSB-HB,0.2849205567023368
fixed,TSB-HB,0.7522106058332922
fixed,TSB-HB,0.46473638230702097
fixed,TSB-HB,0.0
fixed,TSB-HB,0.7522106058332922
fixed,TSB-HB,0.0
fixed,TSB-HB,0.0
fixed,TSB-HB,0.0
fixed,TSB-HB,0.0
fixed,TSB-HB,0.7752990973630765
fixed,TSB-HB,0.7752990973630765
fixed,TSB-HB,0.0
fixed,TSB-HB,1.0
fixed,TSB-HB,0.0
fixed,TSB-HB,0.804379030194279
fixed,TSB-HB,0.0
fixed,TSB-HB,0.49373812512665066
fixed,TSB-HB,0.0
fixed,TSB-HB,0.24704234626102542
fixed,TSB-HB,0.0
fixed,TSB-HB,0.5298534706515425
fixed,TSB-HB,0.5298534706515425
fixed,TSB-HB,0.0
fixed,TSB-HB,0.6104515788886749
fixed,TSB-HB,0.6104515788886749
fixed,TSB-HB,0.487237969688493
fixed,TSB-HB,0.0
fixed,TSB-HB,0.7937584666802523
fixed,TSB-HB,0.0
fixed,TSB-HB,0.19003993865763186
fixed,TSB-HB,1.0
fixed,TSB-HB,1.0
fixed,TSB-HB,0.48983846533694964
fixed,TSB-HB,0.31005929624837625
fixed,TSB-HB,0.6233527074523372
fixed,TSB-HB,0.0
fixed,TSB-HB,0.4393853361181531
fixed,TSB-HB,0.6369391223877067
fixed,TSB-HB,0.0
fixed,TSB-HB,0.0
fixed,TSB-HB,0.7902181554277128
fixed,TSB-HB,0.0
fixed,TSB-HB,0.46397135472968243
fixed,TSB-HB,0.46397135472968243
fixed,TSB-HB,0.0
fixed,TSB-HB,0.7076847193765997
fixed,TSB-HB,0.0
fixed,TSB-HB,0.29322958887638306
fixed,TSB-HB,0.0
fixed,TSB-HB,0.1855431950904286
fixed,TSB-HB,0.29322958887638306
fixed,TSB-HB,0.5993591765019739
fixed,TSB-HB,0.46860323620121536
fixed,TSB-HB,0.4248175921817591
fixed,TSB-HB,0.636424739354199
fixed,TSB-HB,0.0
fixed,TSB-HB,0.636424739354199
fixed,TSB-HB,0.0
fixed,TSB-HB,0.4248175921817591
fixed,TSB-HB,0.0
fixed,TSB-HB,1.0
fixed,TSB-HB,0.7822306992290491
fixed,TSB-HB,1.0
fixed,TSB-HB,0.8255194688127556
fixed,TSB-HB,0.27449997113453123
fixed,TSB-HB,0.21268674884135164
fixed,TSB-HB,0.8307746206683922
fixed,TSB-HB,0.21268674884135164
fixed,TSB-HB,0.0
fixed,TSB-HB,0.8307746206683922
fixed,TSB-HB,0.7517803625102811
fixed,TSB-HB,0.593595163271775
fixed,TSB-HB,0.866324112282724
fixed,TSB-HB,1.0
fixed,TSB-HB,0.7721104036802661
fixed,TSB-HB,0.7721104036802661
fixed,TSB-HB,1.0
fixed,TSB-HB,0.0
fixed,TSB-HB,0.7767451333429392
fixed,TSB-HB,0.7767451333429392
fixed,TSB-HB,0.8103203487865858
fixed,TSB-HB,0.23451761232770074
fixed,TSB-HB,0.7767451333429392
fixed,TSB-HB,0.4050618101899452
fixed,TSB-HB,0.4050618101899452
fixed,TSB-HB,0.0
fixed,TSB-HB,0.0
fixed,TSB-HB,0.2737735555310572
fixed,TSB-HB,1.0
fixed,TSB-HB,0.8732697282102089
fixed,TSB-HB,1.0
fixed,TSB-HB,0.3520287012437273
fixed,TSB-HB,0.24409224781621583
fixed,TSB-HB,1.0
fixed,TSB-HB,0.24409224781621583
fixed,TSB-HB,0.511670075432603
fixed,TSB-HB,0.511670075432603
fixed,TSB-HB,0.5606565341648408
fixed,TSB-HB,0.7752714398885293
fixed,TSB-HB,0.38530473253522424
fixed,TSB-HB,0.6586294516293165
fixed,TSB-HB,0.0
fixed,TSB-HB,0.0
fixed,TSB-HB,0.3280888742326662
fixed,TSB-HB,0.207085451297554
fixed,TSB-HB,0.0
fixed,TSB-HB,0.7746129461112312
fixed,TSB-HB,0.2770866537714346
fixed,TSB-HB,0.5509392164919086
fixed,TSB-HB,0.5509392164919086
fixed,TSB-HB,0.5509392164919086
fixed,TSB-HB,0.0
fixed,TSB-HB,0.5509392164919086
fixed,TSB-HB,0.0
fixed,TSB-HB,0.7543484150266896
fixed,TSB-HB,0.7543484150266896
fixed,TSB-HB,0.3646417958278728
fixed,TSB-HB,1.0
fixed,TSB-HB,0.8385910707451284
fixed,TSB-HB,0.36690649633494976
fixed,TSB-HB,0.8484542424418255
fixed,TSB-HB,0.0
fixed,TSB-HB,0.36690649633494976
fixed,TSB-HB,0.0
fixed,TSB-HB,0.6771291856966812
fixed,TSB-HB,1.0
fixed,TSB-HB,1.0
fixed,TSB-HB,0.3013335930933432
fixed,TSB-HB,0.3013335930933432
fixed,TSB-HB,0.3013335930933432
fixed,TSB-HB,0.3013335930933432
fixed,TSB-HB,0.6117442341864152
fixed,TSB-HB,0.6117442341864152
fixed,TSB-HB,0.0
fixed,TSB-HB,1.0
fixed,TSB-HB,0.0
fixed,TSB-HB,0.0
fixed,TSB-HB,0.8440886846767053
fixed,TSB-HB,0.8440886846767053
fixed,TSB-HB,0.0
fixed,TSB-HB,1.0
fixed,TSB-HB,0.0
fixed,TSB-HB,0.0
fixed,TSB-HB,0.5419733980801439
fixed,TSB-HB,0.5419733980801439
fixed,TSB-HB,0.7502103291091669
fixed,TSB-HB,0.7502103291091669
fixed,TSB-HB,0.29098822521787
fixed,TSB-HB,1.0
fixed,TSB-HB,0.0
fixed,TSB-HB,0.6723610981067678
fixed,TSB-HB,0.46410081531876085
fixed,TSB-HB,1.0
fixed,TSB-HB,0.8049828827923313
fixed,TSB-HB,0.6723610981067678
fixed,TSB-HB,0.0
fixed,TSB-HB,0.8537627019610874
fixed,TSB-HB,0.8537627019610874
fixed,TSB-HB,1.0
fixed,TSB-HB,0.8537627019610874
fixed,TSB-HB,0.5491379958806166
fixed,TSB-HB,0.0
fixed,TSB-HB,0.5729937311087808
fixed,TSB-HB,0.6989743925944158
fixed,TSB-HB,1.0
fixed,TSB-HB,0.2705265985638721
fixed,TSB-HB,0.2705265985638721
fixed,TSB-HB,0.30530850141480187
fixed,TSB-HB,0.0
fixed,TSB-HB,0.30530850141480187
fixed,TSB-HB,0.4571043047371821
fixed,TSB-HB,0.4571043047371821
fixed,TSB-HB,0.4571043047371821
fixed,TSB-HB,0.0
fixed,TSB-HB,1.0
fixed,TSB-HB,0.7888652449239969
fixed,TSB-HB,0.8550512861917099
fixed,TSB-HB,0.8550512861917099
fixed,TSB-HB,0.7888652449239969
fixed,TSB-HB,0.5415187991507532
fixed,TSB-HB,0.0
fixed,TSB-HB,0.5415187991507532
fixed,TSB-HB,0.5415187991507532
fixed,TSB-HB,0.739797254462108
fixed,TSB-HB,0.3324848232567692
fixed,TSB-HB,0.22913234746779443
fixed,TSB-HB,0.1860882316451963
fixed,TSB-HB,0.5719186679836881
fixed,TSB-HB,0.14304411582259816
fixed,TSB-HB,0.3981642447624957
fixed,TSB-HB,1.0
fixed,TSB-HB,0.5383358271004185
fixed,TSB-HB,0.5383358271004185
fixed,TSB-HB,1.0
fixed,TSB-HB,0.5383358271004185
fixed,TSB-HB,0.2165495693489023
fixed,TSB-HB,0.3784679686396688
fixed,TSB-HB,0.0
fixed,TSB-HB,0.7783202479630608
fixed,TSB-HB,0.0
fixed,TSB-HB,0.0
fixed,TSB-HB,0.0
fixed,TSB-HB,0.4861553373762158
fixed,TSB-HB,0.0
fixed,TSB-HB,0.0
fixed,TSB-HB,0.0
fixed,TSB-HB,0.8239452810596775
fixed,TSB-HB,0.0
fixed,TSB-HB,0.0
fixed,TSB-HB,0.7809420634182667
fixed,TSB-HB,0.5007114410768799
fixed,TSB-HB,0.0
fixed,TSB-HB,0.7809420634182667
fixed,TSB-HB,0.7809420634182667
fixed,TSB-HB,0.7809420634182667
fixed,TSB-HB,0.0
fixed,TSB-HB,0.0
fixed,TSB-HB,0.29527324636065044
fixed,TSB-HB,0.29527324636065044
fixed,TSB-HB,0.29527324636065044
fixed,TSB-HB,0.571257461981598
fixed,TSB-HB,0.0
fixed,TSB-HB,0.0
fixed,TSB-HB,0.0
fixed,TSB-HB,0.49198610212626254
fixed,TSB-HB,0.0
fixed,TSB-HB,0.7926967189450724
fixed,TSB-HB,0.0
fixed,TSB-HB,0.2266767623898072
fixed,TSB-HB,0.7799857904825238
fixed,TSB-HB,0.449451011752972
fixed,TSB-HB,0.8595370160149561
fixed,TSB-HB,0.6400180547299429
fixed,TSB-HB,0.25935813916632333
fixed,TSB-HB,0.6978082690210236
fixed,TSB-HB,0.5017829257989584
fixed,TSB-HB,0.25935813916632333
fixed,TSB-HB,0.5017829257989584
fixed,TSB-HB,0.25935813916632333
fixed,TSB-HB,0.7423491755437561
fixed,TSB-HB,0.8403001896046065
fixed,TSB-HB,0.29002897287317453
fixed,TSB-HB,0.5379074751968894
fixed,TSB-HB,0.0
fixed,TSB-HB,0.5379074751968894
fixed,TSB-HB,0.0
fixed,TSB-HB,0.8116296645675319
fixed,TSB-HB,0.0
fixed,TSB-HB,0.5022517198221443
fixed,TSB-HB,0.0
fixed,TSB-HB,0.0
fixed,TSB-HB,0.0
fixed,TSB-HB,0.0
fixed,TSB-HB,1.0
fixed,TSB-HB,1.0
fixed,TSB-HB,1.0
fixed,TSB-HB,0.6024847843625221
fixed,TSB-HB,0.7352669003316037
fixed,TSB-HB,1.0
fixed,TSB-HB,0.5456388098992266
fixed,TSB-HB,0.0
fixed,TSB-HB,0.0
fixed,TSB-HB,0.0
fixed,TSB-HB,0.7667916890529982
fixed,TSB-HB,0.761820872403218
fixed,TSB-HB,0.0
fixed,TSB-HB,0.8960329219472829
fixed,TSB-HB,0.3213280329807895
fixed,TSB-HB,0.3213280329807895
fixed,TSB-HB,0.5093931183333511
fixed,TSB-HB,1.0
fixed,TSB-HB,1.0
fixed,TSB-HB,1.0
fixed,TSB-HB,1.0
fixed,TSB-HB,1.0
fixed,TSB-HB,0.0
fixed,TSB-HB,0.3808771636551357
fixed,TSB-HB,0.3808771636551357
fixed,TSB-HB,0.5998230754571321
fixed,TSB-HB,0.5998230754571321
fixed,TSB-HB,0.5998230754571321
fixed,TSB-HB,0.1603043372798606
fixed,TSB-HB,0.5570506295640137
fixed,TSB-HB,0.5570506295640137
fixed,TSB-HB,0.2989882257482334
fixed,TSB-HB,0.6843110390722268
fixed,TSB-HB,0.4901182588613954
fixed,TSB-HB,0.6016860355180228
fixed,TSB-HB,0.7922827745221279
fixed,TSB-HB,0.0
fixed,TSB-HB,0.0
fixed,TSB-HB,0.0
fixed,TSB-HB,0.6016860355180228
fixed,TSB-HB,0.0
fixed,TSB-HB,0.5422820009860876
fixed,TSB-HB,0.5422820009860876
fixed,TSB-HB,0.5422820009860876
fixed,TSB-HB,0.0
fixed,TSB-HB,1.0
fixed,TSB-HB,0.8362604419714476
fixed,TSB-HB,1.0
fixed,TSB-HB,1.0
fixed,TSB-HB,0.7661816019610876
fixed,TSB-HB,1.0
fixed,TSB-HB,0.8362604419714476
fixed,TSB-HB,0.0
fixed,TSB-HB,0.4865763513986428
fixed,TSB-HB,0.8815583038937398
fixed,TSB-HB,0.6752821091376859
fixed,TSB-HB,0.6752821091376859
fixed,TSB-HB,0.8815583038937398
fixed,TSB-HB,0.15202700192223167
fixed,TSB-HB,0.5288166675915923
fixed,TSB-HB,0.3553395733709186
fixed,TSB-HB,1.0
fixed,TSB-HB,0.0
fixed,TSB-HB,1.0
fixed,TSB-HB,0.5650958964361026
fixed,TSB-HB,0.5650958964361026
fixed,TSB-HB,0.5650958964361026
fixed,TSB-HB,0.5650958964361026
fixed,TSB-HB,0.0
fixed,TSB-HB,0.0
fixed,TSB-HB,0.0
fixed,TSB-HB,0.49099642308570385
fixed,TSB-HB,0.0
fixed,TSB-HB,0.649425342392143
fixed,TSB-HB,0.49099642308570385
fixed,TSB-HB,0.2664463893105461
fixed,TSB-HB,0.0
fixed,TSB-HB,0.0
fixed,TSB-HB,0.0
fixed,TSB-HB,0.38119369100573675
fixed,TSB-HB,0.0
fixed,TSB-HB,0.8716778563348072
fixed,TSB-HB,0.6338516088867359
fixed,TSB-HB,0.4268971845795354
fixed,TSB-HB,0.4268971845795354
fixed,TSB-HB,0.4268971845795354
fixed,TSB-HB,0.0
fixed,TSB-HB,0.4268971845795354
fixed,TSB-HB,0.0
fixed,TSB-HB,0.7882703944839883
fixed,TSB-HB,0.0
fixed,TSB-HB,0.7882703944839883
fixed,TSB-HB,0.7882703944839883
fixed,TSB-HB,0.0
fixed,TSB-HB,0.5081892328836086
fixed,TSB-HB,0.0
fixed,TSB-HB,0.0
fixed,TSB-HB,0.5081892328836086
fixed,TSB-HB,0.0
fixed,TSB-HB,0.5081892328836086
fixed,TSB-HB,0.4673257797421165
fixed,TSB-HB,0.4673257797421165
fixed,TSB-HB,1.0
fixed,TSB-HB,0.0
fixed,TSB-HB,0.4673257797421165
fixed,TSB-HB,0.4673257797421165
fixed,TSB-HB,0.0
fixed,TSB-HB,0.23552039365402924
fixed,TSB-HB,0.7334807268556405
fixed,TSB-HB,0.40032923971125356
fixed,TSB-HB,0.40032923971125356
fixed,TSB-HB,0.8748882122077399
fixed,TSB-HB,0.0
fixed,TSB-HB,0.8032192159430604
fixed,TSB-HB,0.5055786859462194
fixed,TSB-HB,0.0
fixed,TSB-HB,0.0
fixed,TSB-HB,0.5055786859462194
fixed,TSB-HB,1.0
fixed,TSB-HB,0.0
fixed,TSB-HB,0.0
fixed,TSB-HB,0.46154543048827257
fixed,TSB-HB,0.0
fixed,TSB-HB,0.46154543048827257
fixed,TSB-HB,0.6118998576953333
fixed,TSB-HB,0.2699944378618966
fixed,TSB-HB,0.6118998576953333
fixed,TSB-HB,0.6118998576953333
fixed,TSB-HB,0.8759692802660133
fixed,TSB-HB,0.8397246892762658
fixed,TSB-HB,0.7893072581109232
fixed,TSB-HB,0.17801626991601782
fixed,TSB-HB,0.7537925961047067
fixed,TSB-HB,0.5071152382503109
fixed,TSB-HB,0.8958512441295723
fixed,TSB-HB,0.860336582123356
fixed,TSB-HB,0.0
fixed,TSB-HB,0.46849113227794664
fixed,TSB-HB,0.0
fixed,TSB-HB,0.0
fixed,TSB-HB,0.46849113227794664
fixed,TSB-HB,0.0
fixed,TSB-HB,0.0
fixed,TSB-HB,0.35260230183405855
fixed,TSB-HB,0.0
fixed,TSB-HB,0.35260230183405855
fixed,TSB-HB,0.4552046036681171
fixed,TSB-HB,0.7528606822014279
fixed,TSB-HB,0.4667685753488312
fixed,TSB-HB,0.4667685753488312
fixed,TSB-HB,0.0
fixed,TSB-HB,0.0
fixed,TSB-HB,0.4667685753488312
fixed,TSB-HB,0.4667685753488312
fixed,TSB-HB,0.38165396386651185
fixed,TSB-HB,1.0
fixed,TSB-HB,0.38165396386651185
fixed,TSB-HB,0.6523490492813868
fixed,TSB-HB,0.6523490492813868
fixed,TSB-HB,0.8188290474122105
fixed,TSB-HB,0.0
fixed,TSB-HB,0.0
fixed,TSB-HB,0.8318590716950982
fixed,TSB-HB,0.0
fixed,TSB-HB,0.0
fixed,TSB-HB,0.5179359157992918
fixed,TSB-HB,0.7634357847914073
fixed,TSB-HB,0.0
fixed,TSB-HB,1.0
fixed,TSB-HB,0.0
fixed,TSB-HB,0.0
fixed,TSB-HB,0.7634357847914073
fixed,TSB-HB,0.3482168178010111
fixed,TSB-HB,0.0
fixed,TSB-HB,0.5998102032862285
fixed,TSB-HB,0.7770029237490679
fixed,TSB-HB,0.7770029237490679
fixed,TSB-HB,0.3482168178010111
fixed,TSB-HB,0.34163858143353515
fixed,TSB-HB,0.8136824572274217
fixed,TSB-HB,1.0
fixed,TSB-HB,0.0
fixed,TSB-HB,0.51009804777257
fixed,TSB-HB,0.34163858143353515
fixed,TSB-HB,0.6847744094511958
fixed,TSB-HB,0.4440789434428355
fixed,TSB-HB,0.0
fixed,TSB-HB,0.4440789434428355
fixed,TSB-HB,0.4440789434428355
fixed,TSB-HB,0.4440789434428355
fixed,TSB-HB,0.303611972799147
fixed,TSB-HB,0.0
fixed,TSB-HB,0.5371650131313416
fixed,TSB-HB,0.8156985401886416
fixed,TSB-HB,1.0
fixed,TSB-HB,0.6280411144823831
fixed,TSB-HB,1.0
fixed,TSB-HB,0.8975651015259152
fixed,TSB-HB,0.0
fixed,TSB-HB,0.4514790730032116
fixed,TSB-HB,0.6632613595011744
fixed,TSB-HB,0.0
fixed,TSB-HB,1.0
fixed,TSB-HB,1.0
fixed,TSB-HB,0.0
fixed,TSB-HB,0.4009170436669577
fixed,TSB-HB,0.4009170436669577
fixed,TSB-HB,0.0
fixed,TSB-HB,0.6932021425333679
fixed,TSB-HB,0.8314233895462001
fixed,TSB-HB,0.0
fixed,TSB-HB,0.6932021425333679
fixed,TSB-HB,0.6932021425333679
fixed,TSB-HB,0.6932021425333679
fixed,TSB-HB,0.5827715515447427
fixed,TSB-HB,1.0
fixed,TSB-HB,0.0
fixed,TSB-HB,0.33774714281376966
fixed,TSB-HB,0.33774714281376966
fixed,TSB-HB,0.0
fixed,TSB-HB,0.0
fixed,TSB-HB,0.0
fixed,TSB-HB,0.336491692487533
fixed,TSB-HB,0.336491692487533
fixed,TSB-HB,0.0
fixed,TSB-HB,0.336491692487533
fixed,TSB-HB,0.45437098488368244
fixed,TSB-HB,0.45437098488368244
fixed,TSB-HB,0.0
fixed,TSB-HB,0.0
fixed,TSB-HB,0.8469040362694046
fixed,TSB-HB,0.0
fixed,TSB-HB,0.49684719925009035
fixed,TSB-HB,0.6757320612426971
fixed,TSB-HB,0.49684719925009035
fixed,TSB-HB,0.49684719925009035
fixed,TSB-HB,0.49684719925009035
fixed,TSB-HB,0.0
fixed,TSB-HB,0.4059258034308024
fixed,TSB-HB,0.807355856285705
fixed,TSB-HB,0.4059258034308024
fixed,TSB-HB,0.653469810062445
fixed,TSB-HB,0.5422954798695611
fixed,TSB-HB,0.653469810062445
fixed,TSB-HB,0.5318687351138768
fixed,TSB-HB,0.5318687351138768
fixed,TSB-HB,0.5318687351138768
fixed,TSB-HB,0.5318687351138768
fixed,TSB-HB,0.32239334419403326
fixed,TSB-HB,0.8039794274444931
fixed,TSB-HB,0.0
fixed,TSB-HB,0.8586965638001518
fixed,TSB-HB,0.0
fixed,TSB-HB,0.7542796710683486
fixed,TSB-HB,0.0
fixed,TSB-HB,0.0
fixed,TSB-HB,0.4137218497807231
fixed,TSB-HB,1.0
fixed,TSB-HB,0.8508358982316001
fixed,TSB-HB,0.8508358982316001
fixed,TSB-HB,0.4137218497807231
fixed,TSB-HB,0.6903666498830388
fixed,TSB-HB,0.4727805402509586
fixed,TSB-HB,0.4727805402509586
fixed,TSB-HB,0.7613657164036198
fixed,TSB-HB,0.7613657164036198
fixed,TSB-HB,0.0
fixed,TSB-HB,0.7613657164036198
fixed,TSB-HB,0.740034366058795
fixed,TSB-HB,0.8804888091917442
fixed,TSB-HB,0.8804888091917442
fixed,TSB-HB,0.47046019302580405
fixed,TSB-HB,0.0
fixed,TSB-HB,0.47046019302580405
fixed,TSB-HB,0.8185985933122301
fixed,TSB-HB,0.3221574868294917
fixed,TSB-HB,0.3221574868294917
fixed,TSB-HB,0.6219777483731835
fixed,TSB-HB,0.0
fixed,TSB-HB,0.0
fixed,TSB-HB,0.0
fixed,TSB-HB,0.0
fixed,TSB-HB,0.3479349173071025
fixed,TSB-HB,0.3479349173071025
fixed,TSB-HB,0.0
fixed,TSB-HB,0.7823615790466123
fixed,TSB-HB,0.4364223103545335
fixed,TSB-HB,0.4364223103545335
fixed,TSB-HB,0.0
fixed,TSB-HB,1.0
fixed,TSB-HB,0.19821317909794545
fixed,TSB-HB,0.30983778099789266
fixed,TSB-HB,0.24438747267258468
fixed,TSB-HB,0.24438747267258468
fixed,TSB-HB,0.8046785317139824
fixed,TSB-HB,0.5019316152695061
fixed,TSB-HB,0.5019316152695061
fixed,TSB-HB,1.0
fixed,TSB-HB,0.5380461327198067
fixed,TSB-HB,1.0
fixed,TSB-HB,0.5380461327198067
fixed,TSB-HB,0.5380461327198067
fixed,TSB-HB,0.0
fixed,TSB-HB,0.8236338364840935
fixed,TSB-HB,0.0
fixed,TSB-HB,0.38929806480441376
fixed,TSB-HB,0.38929806480441376
fixed,TSB-HB,1.0
fixed,TSB-HB,0.38929806480441376
fixed,TSB-HB,0.8287179255996003
fixed,TSB-HB,0.8752108859344118
fixed,TSB-HB,0.0
fixed,TSB-HB,0.0
fixed,TSB-HB,0.0
fixed,TSB-HB,0.41468663703139097
fixed,TSB-HB,0.0
fixed,TSB-HB,0.7743374499899093
fixed,TSB-HB,0.5798145836430565
fixed,TSB-HB,0.0
fixed,TSB-HB,0.7743374499899093
fixed,TSB-HB,0.33128373257802535
fixed,TSB-HB,0.7743374499899093
fixed,TSB-HB,0.16031305096705933
fixed,TSB-HB,0.7997152777686483
fixed,TSB-HB,0.5593462887479447
fixed,TSB-HB,0.658277787866954
fixed,TSB-HB,0.4477122568894011
fixed,TSB-HB,0.22062610193411863
fixed,TSB-HB,0.7800892529857921
fixed,TSB-HB,0.7800892529857921
fixed,TSB-HB,1.0
fixed,TSB-HB,0.0
fixed,TSB-HB,0.0
fixed,TSB-HB,0.7800892529857921
fixed,TSB-HB,0.2174010026823145
fixed,TSB-HB,0.39353584321233825
fixed,TSB-HB,0.0
fixed,TSB-HB,0.5630281577362725
fixed,TSB-HB,0.2174010026823145
fixed,TSB-HB,0.39353584321233825
fixed,TSB-HB,0.2666618207816187
fixed,TSB-HB,1.0
fixed,TSB-HB,0.8786382486624421
fixed,TSB-HB,1.0
fixed,TSB-HB,0.3589839034375536
fixed,TSB-HB,0.0
fixed,TSB-HB,0.0
fixed,TSB-HB,0.684633930843551
fixed,TSB-HB,0.0
fixed,TSB-HB,0.684633930843551
fixed,TSB-HB,0.26982979863026213
fixed,TSB-HB,0.802107214921732
fixed,TSB-HB,0.6909744218585935
fixed,TSB-HB,0.39170649420534015
fixed,TSB-HB,1.0
fixed,TSB-HB,0.39170649420534015
fixed,TSB-HB,0.0
fixed,TSB-HB,0.39170649420534015
fixed,TSB-HB,0.6815466761445632
fixed,TSB-HB,0.24843068132097093
fixed,TSB-HB,0.14947689377365697
fixed,TSB-HB,0.5344318836461751
fixed,TSB-HB,0.24843068132097093
fixed,TSB-HB,0.5344318836461751
fixed,TSB-HB,0.0
fixed,TSB-HB,0.36229750707384323
fixed,TSB-HB,0.4690736075069887
fixed,TSB-HB,0.7615838067254276
fixed,TSB-HB,0.4690736075069887
fixed,TSB-HB,0.2555214066406978
fixed,TSB-HB,0.0
fixed,TSB-HB,0.0
fixed,TSB-HB,0.0
fixed,TSB-HB,0.439218000450954
fixed,TSB-HB,0.23883741852172571
fixed,TSB-HB,0.439218000450954
fixed,TSB-HB,0.19492494140409178
fixed,TSB-HB,0.19492494140409178
fixed,TSB-HB,0.4679360741136951
fixed,TSB-HB,0.7019930811742936
fixed,TSB-HB,0.31443879310447176
fixed,TSB-HB,0.7019930811742936
fixed,TSB-HB,0.7907608386457801
fixed,TSB-HB,0.0
fixed,TSB-HB,0.3394727469607484
fixed,TSB-HB,0.7907608386457801
fixed,TSB-HB,0.6067427813137318
fixed,TSB-HB,0.3394727469607484
fixed,TSB-HB,0.0
fixed,TSB-HB,0.0
fixed,TSB-HB,0.44419143163744035
fixed,TSB-HB,0.0
fixed,TSB-HB,0.44419143163744035
fixed,TSB-HB,0.44419143163744035
fixed,TSB-HB,0.0
fixed,TSB-HB,0.0
fixed,TSB-HB,0.2944778473568685
fixed,TSB-HB,0.6770337575501362
fixed,TSB-HB,0.2944778473568685
fixed,TSB-HB,0.6770337575501362
fixed,TSB-HB,0.5376149915157877
fixed,TSB-HB,0.5376149915157877
fixed,TSB-HB,0.0
fixed,TSB-HB,0.0
fixed,TSB-HB,0.5376149915157877
fixed,TSB-HB,0.0
fixed,TSB-HB,0.7727359038613794
fixed,TSB-HB,1.0
fixed,TSB-HB,1.0
fixed,TSB-HB,0.0
fixed,TSB-HB,0.0
fixed,TSB-HB,0.0
fixed,TSB-HB,0.5214889585040068
fixed,TSB-HB,1.0
fixed,TSB-HB,0.5318678505297796
fixed,TSB-HB,0.0
fixed,TSB-HB,0.8806086584607533
fixed,TSB-HB,0.0
fixed,TSB-HB,0.0
fixed,TSB-HB,0.0
fixed,TSB-HB,0.0
fixed,TSB-HB,0.8174671033983609
fixed,TSB-HB,0.8174671033983609
fixed,TSB-HB,0.0
fixed,TSB-HB,0.46805469868598637
fixed,TSB-HB,0.46805469868598637
fixed,TSB-HB,0.46805469868598637
fixed,TSB-HB,0.0
fixed,TSB-HB,0.0
fixed,TSB-HB,0.46805469868598637
fixed,TSB-HB,0.5155963386846363
fixed,TSB-HB,0.8472774792093338
fixed,TSB-HB,0.5155963386846363
fixed,TSB-HB,1.0
fixed,TSB-HB,0.0
fixed,TSB-HB,0.0
fixed,TSB-HB,0.602443490838647
fixed,TSB-HB,0.602443490838647
fixed,TSB-HB,0.602443490838647
fixed,TSB-HB,0.0
fixed,TSB-HB,0.0
fixed,TSB-HB,0.0
fixed,TSB-HB,0.6610685528384966
fixed,TSB-HB,0.6610685528384966
fixed,TSB-HB,0.6610685528384966
fixed,TSB-HB,0.6610685528384966
fixed,TSB-HB,0.0
fixed,TSB-HB,0.0
fixed,TSB-HB,0.606701976799678
fixed,TSB-HB,0.0
fixed,TSB-HB,0.30136100336262206
fixed,TSB-HB,0.30136100336262206
fixed,TSB-HB,0.30136100336262206
fixed,TSB-HB,0.0
fixed,TSB-HB,0.0
fixed,TSB-HB,0.6344725222275063
fixed,TSB-HB,0.6344725222275063
fixed,TSB-HB,0.0
fixed,TSB-HB,0.0
fixed,TSB-HB,0.0
fixed,TSB-HB,0.0
fixed,TSB-HB,0.4703782531690748
fixed,TSB-HB,1.0
fixed,TSB-HB,0.0
fixed,TSB-HB,0.0
fixed,TSB-HB,0.0
fixed,TSB-HB,0.5035217578233093
fixed,TSB-HB,0.5035217578233093
fixed,TSB-HB,0.0
fixed,TSB-HB,0.0
fixed,TSB-HB,0.802334996111225
fixed,TSB-HB,1.0
fixed,TSB-HB,1.0
fixed,TSB-HB,0.6337993167474621
fixed,TSB-HB,0.45768176269044447
fixed,TSB-HB,0.0
fixed,TSB-HB,0.0
fixed,TSB-HB,0.0
fixed,TSB-HB,0.0
fixed,TSB-HB,0.0
fixed,TSB-HB,0.35351611305363373
fixed,TSB-HB,0.0
fixed,TSB-HB,0.0
fixed,TSB-HB,1.0
fixed,TSB-HB,0.5681075484754186
fixed,TSB-HB,0.5681075484754186
fixed,TSB-HB,0.5681075484754186
fixed,TSB-HB,0.5681075484754186
fixed,TSB-HB,0.0
fixed,TSB-HB,0.0
fixed,TSB-HB,0.8464736262891496
fixed,TSB-HB,0.0
fixed,TSB-HB,0.0
fixed,TSB-HB,0.0
fixed,TSB-HB,0.5537243800953895
fixed,TSB-HB,0.0
fixed,TSB-HB,0.0
fixed,TSB-HB,0.812240137619642
fixed,TSB-HB,0.5183820322105263
fixed,TSB-HB,0.5183820322105263
fixed,TSB-HB,0.812240137619642
fixed,TSB-HB,0.0
fixed,TSB-HB,0.5941032619160082
fixed,TSB-HB,0.3684720196455138
fixed,TSB-HB,0.5941032619160082
fixed,TSB-HB,0.3684720196455138
fixed,TSB-HB,0.2389644256043954
fixed,TSB-HB,0.7655259644372066
fixed,TSB-HB,0.4334325584044025
fixed,TSB-HB,0.4334325584044025
fixed,TSB-HB,0.0
fixed,TSB-HB,0.8327009896177452
fixed,TSB-HB,0.6644692172349338
fixed,TSB-HB,0.6644692172349338
fixed,TSB-HB,0.35807269513569046
fixed,TSB-HB,0.0
fixed,TSB-HB,0.35807269513569046
fixed,TSB-HB,0.0
fixed,TSB-HB,0.0
fixed,TSB-HB,0.0
fixed,TSB-HB,0.7671428364097813
fixed,TSB-HB,0.34236683093612014
fixed,TSB-HB,0.34236683093612014
fixed,TSB-HB,0.34236683093612014
fixed,TSB-HB,0.0
fixed,TSB-HB,0.0
fixed,TSB-HB,0.4369118495044728
fixed,TSB-HB,0.0
fixed,TSB-HB,0.4369118495044728
fixed,TSB-HB,0.4369118495044728
fixed,TSB-HB,0.0
fixed,TSB-HB,0.0
fixed,TSB-HB,0.0
fixed,TSB-HB,0.0
fixed,TSB-HB,0.0
fixed,TSB-HB,0.4570428499939152
fixed,TSB-HB,0.8452639752018551
fixed,TSB-HB,0.0
fixed,TSB-HB,0.8471537659560405
fixed,TSB-HB,0.837144044489223
fixed,TSB-HB,1.0
fixed,TSB-HB,0.3783750827666076
fixed,TSB-HB,0.23195273941594968
fixed,TSB-HB,0.3396629597947436
fixed,TSB-HB,0.31250523001954467
fixed,TSB-HB,0.31250523001954467
fixed,TSB-HB,0.0
fixed,TSB-HB,0.31250523001954467
fixed,TSB-HB,0.5777079565872041
fixed,TSB-HB,1.0
fixed,TSB-HB,0.0
fixed,TSB-HB,0.48208287134209454
fixed,TSB-HB,0.8092318150147167
fixed,TSB-HB,0.34332853957863596
fixed,TSB-HB,0.48208287134209454
fixed,TSB-HB,0.7661943663113144
fixed,TSB-HB,0.5424643166996416
fixed,TSB-HB,1.0
fixed,TSB-HB,0.0
fixed,TSB-HB,0.28005203390233235
fixed,TSB-HB,0.0
fixed,TSB-HB,0.28005203390233235
fixed,TSB-HB,0.0
fixed,TSB-HB,0.0
fixed,TSB-HB,0.8206680726308837
fixed,TSB-HB,0.3962360643419459
fixed,TSB-HB,0.0
fixed,TSB-HB,0.648872275186015
fixed,TSB-HB,0.0
fixed,TSB-HB,0.8687912254491498
fixed,TSB-HB,0.0
fixed,TSB-HB,0.6421887359213955
fixed,TSB-HB,0.3520326928101456
fixed,TSB-HB,1.0
fixed,TSB-HB,0.3479955542143778
fixed,TSB-HB,1.0
fixed,TSB-HB,0.7844499409123283
fixed,TSB-HB,0.5988120363073044
fixed,TSB-HB,0.0
fixed,TSB-HB,0.0
fixed,TSB-HB,0.0
fixed,TSB-HB,0.0
fixed,TSB-HB,0.42048701395692395
fixed,TSB-HB,0.8053523511951373
fixed,TSB-HB,0.627307100934366
fixed,TSB-HB,0.0
fixed,TSB-HB,0.0
fixed,TSB-HB,0.0
fixed,TSB-HB,0.8407282784406014
fixed,TSB-HB,0.6673400100608341
fixed,TSB-HB,0.36224656973724195
fixed,TSB-HB,0.0
fixed,TSB-HB,0.0
fixed,TSB-HB,0.23441413524896945
fixed,TSB-HB,1.0
fixed,TSB-HB,0.7725674768408018
fixed,TSB-HB,0.23441413524896945
fixed,TSB-HB,0.8488690543043177
fixed,TSB-HB,0.20450378890864074
fixed,TSB-HB,0.8631924729638989
fixed,TSB-HB,0.20450378890864074
fixed,TSB-HB,0.551778469580278
fixed,TSB-HB,0.36591151797757715
fixed,TSB-HB,0.8631924729638989
fixed,TSB-HB,0.0
fixed,TSB-HB,0.5682318595779776
fixed,TSB-HB,0.5682318595779776
fixed,TSB-HB,0.5682318595779776
fixed,TSB-HB,0.0
fixed,TSB-HB,0.0
fixed,TSB-HB,0.5305449984828339
fixed,TSB-HB,0.5305449984828339
fixed,TSB-HB,0.0
fixed,TSB-HB,0.0
fixed,TSB-HB,0.5305449984828339
fixed,TSB-HB,0.0
fixed,TSB-HB,0.6561195780099617
fixed,TSB-HB,0.0
fixed,TSB-HB,0.0
fixed,TSB-HB,0.0
fixed,TSB-HB,0.0
fixed,TSB-HB,0.8332593675774785
fixed,TSB-HB,0.8927971613273584
fixed,TSB-HB,0.6005048308358172
fixed,TSB-HB,0.3456274202496381
fixed,TSB-HB,0.6005048308358172
fixed,TSB-HB,0.0
fixed,TSB-HB,0.0
fixed,TSB-HB,0.7985319980677363
fixed,TSB-HB,0.7985319980677363
fixed,TSB-HB,0.5938883638050437
fixed,TSB-HB,0.7985319980677363
fixed,TSB-HB,0.3218769755051431
fixed,TSB-HB,0.5938883638050437
fixed,TSB-HB,0.7723875031812311
fixed,TSB-HB,0.5667825211235191
fixed,TSB-HB,0.29676590061703684
fixed,TSB-HB,0.29676590061703684
fixed,TSB-HB,0.0
fixed,TSB-HB,1.0
fixed,TSB-HB,0.3352973751988752
fixed,TSB-HB,0.3352973751988752
fixed,TSB-HB,0.7565426444763966
fixed,TSB-HB,0.19985126602381464
fixed,TSB-HB,0.505037293623204
fixed,TSB-HB,0.505037293623204
fixed,TSB-HB,0.4378085442606778
fixed,TSB-HB,0.7224910451213216
fixed,TSB-HB,0.0
fixed,TSB-HB,0.8714428793900514
fixed,TSB-HB,0.4378085442606778
fixed,TSB-HB,0.4378085442606778
fixed,TSB-HB,1.0
fixed,TSB-HB,0.0
fixed,TSB-HB,0.753488779584311
fixed,TSB-HB,0.2513557707142823
fixed,TSB-HB,0.2513557707142823
fixed,TSB-HB,0.8531426030735015
fixed,TSB-HB,0.43342745321953646
fixed,TSB-HB,0.2244997497107925
fixed,TSB-HB,0.8368732694922679
fixed,TSB-HB,0.8368732694922679
fixed,TSB-HB,0.763794909642833
fixed,TSB-HB,0.6168044359792615
fixed,TSB-HB,0.44991468232972576
fixed,TSB-HB,0.44991468232972576
fixed,TSB-HB,0.0
fixed,TSB-HB,0.6760559546940244
fixed,TSB-HB,0.44991468232972576
fixed,TSB-HB,0.44991468232972576
fixed,TSB-HB,0.811057029745399
fixed,TSB-HB,0.69533524680536
fixed,TSB-HB,0.0
fixed,TSB-HB,0.0
fixed,TSB-HB,0.0
fixed,TSB-HB,0.0
fixed,TSB-HB,0.247724921813995
fixed,TSB-HB,0.3771670237729825
fixed,TSB-HB,0.3771670237729825
fixed,TSB-HB,0.5039235492802526
fixed,TSB-HB,0.0
fixed,TSB-HB,0.8089785614372591
fixed,TSB-HB,0.0
fixed,TSB-HB,0.8177332292933563
fixed,TSB-HB,0.5306718201888311
fixed,TSB-HB,0.8177332292933563
fixed,TSB-HB,0.0
fixed,TSB-HB,0.0
fixed,TSB-HB,1.0
fixed,TSB-HB,0.8736385771112986
fixed,TSB-HB,0.724347845043926
fixed,TSB-HB,0.5746118877267343
fixed,TSB-HB,0.724347845043926
fixed,TSB-HB,0.5746118877267343
fixed,TSB-HB,0.0
fixed,TSB-HB,0.4751422699193425
fixed,TSB-HB,0.0
fixed,TSB-HB,0.4751422699193425
fixed,TSB-HB,0.4751422699193425
fixed,TSB-HB,0.0
fixed,TSB-HB,0.2574686505409474
fixed,TSB-HB,0.6375271268740909
fixed,TSB-HB,0.7712001444113477
fixed,TSB-HB,0.7712001444113477
fixed,TSB-HB,0.46994150973857435
fixed,TSB-HB,0.8423716407132982
fixed,TSB-HB,0.3472643478597488
fixed,TSB-HB,0.3472643478597488
fixed,TSB-HB,0.3472643478597488
fixed,TSB-HB,0.3472643478597488
fixed,TSB-HB,0.8070738192249202
fixed,TSB-HB,0.6280255466646066
fixed,TSB-HB,0.4876059575473243
fixed,TSB-HB,1.0
fixed,TSB-HB,0.4876059575473243
fixed,TSB-HB,0.4876059575473243
fixed,TSB-HB,0.4876059575473243
fixed,TSB-HB,0.4876059575473243
fixed,TSB-HB,0.0
fixed,TSB-HB,0.782117118186541
fixed,TSB-HB,0.48959386978016717
fixed,TSB-HB,0.0
fixed,TSB-HB,1.0
fixed,TSB-HB,0.48959386978016717
fixed,TSB-HB,0.0
fixed,TSB-HB,1.0
fixed,TSB-HB,0.558506542853123
fixed,TSB-HB,1.0
fixed,TSB-HB,0.0
fixed,TSB-HB,0.19192715669531535
fixed,TSB-HB,0.3739491114432509
fixed,TSB-HB,0.3739491114432509
fixed,TSB-HB,1.0
fixed,TSB-HB,0.0
fixed,TSB-HB,0.3739491114432509
fixed,TSB-HB,0.0
fixed,TSB-HB,0.0
fixed,TSB-HB,0.0
fixed,TSB-HB,0.8303951141597299
fixed,TSB-HB,0.658375293207206
fixed,TSB-HB,1.0
fixed,TSB-HB,1.0
fixed,TSB-HB,0.80374043135768
fixed,TSB-HB,0.45819162347935194
fixed,TSB-HB,0.6096741653143586
fixed,TSB-HB,0.0
fixed,TSB-HB,0.35106696834544776
fixed,TSB-HB,0.5415418090280836
fixed,TSB-HB,0.34815468167725117
fixed,TSB-HB,0.8092664339928419
fixed,TSB-HB,0.6199141650230323
fixed,TSB-HB,0.34815468167725117
fixed,TSB-HB,0.34815468167725117
fixed,TSB-HB,0.8092664339928419
fixed,TSB-HB,0.5891016691137475
fixed,TSB-HB,0.7801119345542553
fixed,TSB-HB,0.5891016691137475
fixed,TSB-HB,0.7801119345542553
fixed,TSB-HB,0.3240020676807096
fixed,TSB-HB,0.7801119345542553
fixed,TSB-HB,0.1450076237337979
fixed,TSB-HB,0.0
fixed,TSB-HB,0.23502287120139373
fixed,TSB-HB,0.3101207194985643
fixed,TSB-HB,0.6165521024365191
fixed,TSB-HB,0.880432409202732
fixed,TSB-HB,0.1780600729500868
fixed,TSB-HB,0.0
fixed,TSB-HB,0.1780600729500868
fixed,TSB-HB,0.7866996212531868
fixed,TSB-HB,0.40966699632725373
fixed,TSB-HB,0.6375019232118503
fixed,TSB-HB,0.0
fixed,TSB-HB,0.8907839071458769
fixed,TSB-HB,0.0
fixed,TSB-HB,0.0
fixed,TSB-HB,0.4838883677595993
fixed,TSB-HB,0.4838883677595993
fixed,TSB-HB,0.0
fixed,TSB-HB,0.1591974345161777
fixed,TSB-HB,0.1591974345161777
fixed,TSB-HB,0.8355292168100549
fixed,TSB-HB,0.21839486903235544
fixed,TSB-HB,1.0
fixed,TSB-HB,0.0
fixed,TSB-HB,0.0
fixed,TSB-HB,0.0
fixed,TSB-HB,0.4548503661315316
fixed,TSB-HB,0.3854888963150668
fixed,TSB-HB,0.0
fixed,TSB-HB,0.0
fixed,TSB-HB,0.6163507932128494
fixed,TSB-HB,0.6163507932128494
fixed,TSB-HB,0.4489944248245653
fixed,TSB-HB,0.4489944248245653
fixed,TSB-HB,0.6163507932128494
fixed,TSB-HB,0.4696533398773708
fixed,TSB-HB,0.240907182333308
fixed,TSB-HB,0.4696533398773708
fixed,TSB-HB,0.8618674922727623
fixed,TSB-HB,0.4696533398773708
fixed,TSB-HB,0.6513079985781248
fixed,TSB-HB,0.0
fixed,TSB-HB,0.6263793370552624
fixed,TSB-HB,0.0
fixed,TSB-HB,0.30203778205505544
fixed,TSB-HB,0.6263793370552624
fixed,TSB-HB,0.0
fixed,TSB-HB,0.8494858332035062
fixed,TSB-HB,0.49694172684968096
fixed,TSB-HB,0.8494858332035062
fixed,TSB-HB,0.8119206927737523
fixed,TSB-HB,0.49694172684968096
fixed,TSB-HB,0.5251194862818288
fixed,TSB-HB,0.3764274310309171
fixed,TSB-HB,0.0
fixed,TSB-HB,0.7823646433350034
fixed,TSB-HB,0.6620887662978698
fixed,TSB-HB,0.0
fixed,TSB-HB,0.5035793074092622
fixed,TSB-HB,0.6400297869133847
fixed,TSB-HB,1.0
fixed,TSB-HB,0.4322850962991116
fixed,TSB-HB,0.4322850962991116
fixed,TSB-HB,0.8029327704920761
fixed,TSB-HB,0.6400297869133847
fixed,TSB-HB,0.6404989537432657
fixed,TSB-HB,0.6404989537432657
fixed,TSB-HB,0.3895865886710758
fixed,TSB-HB,0.6404989537432657
fixed,TSB-HB,1.0
fixed,TSB-HB,1.0
fixed,TSB-HB,0.49661427883320974
fixed,TSB-HB,0.0
fixed,TSB-HB,0.49661427883320974
fixed,TSB-HB,0.0
fixed,TSB-HB,0.0
fixed,TSB-HB,0.7886008110112194
fixed,TSB-HB,0.21939816352296382
fixed,TSB-HB,0.0
fixed,TSB-HB,0.4511550656573706
fixed,TSB-HB,0.4511550656573706
fixed,TSB-HB,0.6591106801172195
fixed,TSB-HB,0.8859402587194459
fixed,TSB-HB,0.6566304090161972
fixed,TSB-HB,0.3372377500462922
fixed,TSB-HB,0.3372377500462922
fixed,TSB-HB,0.6566304090161972
fixed,TSB-HB,1.0
fixed,TSB-HB,1.0
fixed,TSB-HB,0.8269049026574251
fixed,TSB-HB,0.3638381555308801
fixed,TSB-HB,0.0
fixed,TSB-HB,0.3638381555308801
fixed,TSB-HB,0.0
fixed,TSB-HB,0.0
fixed,TSB-HB,0.6303125116535044
fixed,TSB-HB,0.6303125116535044
fixed,TSB-HB,0.6303125116535044
fixed,TSB-HB,0.3554045521227642
fixed,TSB-HB,0.0
fixed,TSB-HB,0.0
fixed,TSB-HB,0.5311563300882529
fixed,TSB-HB,0.7281025020441552
fixed,TSB-HB,0.27423095936641423
fixed,TSB-HB,0.8281599659033648
fixed,TSB-HB,0.5311563300882529
fixed,TSB-HB,0.27423095936641423
fixed,TSB-HB,0.8247871047711868
fixed,TSB-HB,0.0
fixed,TSB-HB,0.6528706287604011
fixed,TSB-HB,0.6528706287604011
fixed,TSB-HB,0.3638851561531846
fixed,TSB-HB,0.3638851561531846
fixed,TSB-HB,1.0
fixed,TSB-HB,1.0
fixed,TSB-HB,0.8806909115632346
fixed,TSB-HB,0.0
fixed,TSB-HB,0.4085024454695231
fixed,TSB-HB,0.0
fixed,TSB-HB,0.5652417777195439
fixed,TSB-HB,0.5652417777195439
fixed,TSB-HB,0.0
fixed,TSB-HB,0.5652417777195439
fixed,TSB-HB,0.0
fixed,TSB-HB,0.8408367143873341
fixed,TSB-HB,0.0
fixed,TSB-HB,0.0
fixed,TSB-HB,0.0
fixed,TSB-HB,0.5758940555669031
fixed,TSB-HB,0.5758940555669031
fixed,TSB-HB,0.29002066990350417
fixed,TSB-HB,0.7411599164495091
fixed,TSB-HB,0.32090360200972456
fixed,TSB-HB,1.0
fixed,TSB-HB,1.0
fixed,TSB-HB,0.7411599164495091
fixed,TSB-HB,0.8257676471014874
fixed,TSB-HB,0.1985124818207826
fixed,TSB-HB,0.7109459088568961
fixed,TSB-HB,0.544918553765069
fixed,TSB-HB,0.3488875199312278
fixed,TSB-HB,0.7109459088568961
fixed,TSB-HB,0.8908818242792266
fixed,TSB-HB,0.0
fixed,TSB-HB,0.4797309164751773
fixed,TSB-HB,0.4797309164751773
fixed,TSB-HB,0.4797309164751773
fixed,TSB-HB,0.4797309164751773
fixed,TSB-HB,0.0
fixed,TSB-HB,0.24735028535576284
fixed,TSB-HB,0.48569655844836007
fixed,TSB-HB,0.24735028535576284
fixed,TSB-HB,0.0
fixed,TSB-HB,0.0
fixed,TSB-HB,0.24735028535576284
fixed,TSB-HB,0.817190939968266
fixed,TSB-HB,1.0
fixed,TSB-HB,1.0
fixed,TSB-HB,1.0
fixed,TSB-HB,0.5307409328558643
fixed,TSB-HB,0.817190939968266
fixed,TSB-HB,0.482147543748198
fixed,TSB-HB,1.0
fixed,TSB-HB,0.482147543748198
fixed,TSB-HB,0.7698859816140426
fixed,TSB-HB,0.482147543748198
fixed,TSB-HB,0.482147543748198
fixed,TSB-HB,0.8462209217027021
fixed,TSB-HB,0.6972420166509845
fixed,TSB-HB,0.6972420166509845
fixed,TSB-HB,1.0
fixed,TSB-HB,0.4531367359958909
fixed,TSB-HB,0.6972420166509845
fixed,TSB-HB,0.0
fixed,TSB-HB,0.47621605772505043
fixed,TSB-HB,0.7406866805128393
fixed,TSB-HB,0.47621605772505043
fixed,TSB-HB,0.47621605772505043
fixed,TSB-HB,0.0
fixed,TSB-HB,0.0
fixed,TSB-HB,0.8345993563621523
fixed,TSB-HB,0.23248415098549466
fixed,TSB-HB,0.5936055590235774
fixed,TSB-HB,0.765255651460892
fixed,TSB-HB,0.1794904905912968
fixed,TSB-HB,0.0
fixed,TSB-HB,0.7516930538796225
fixed,TSB-HB,0.0
fixed,TSB-HB,0.7516930538796225
fixed,TSB-HB,0.47875140703123
fixed,TSB-HB,0.0
fixed,TSB-HB,0.0
fixed,TSB-HB,0.0
fixed,TSB-HB,0.4243022503890647
fixed,TSB-HB,0.0
fixed,TSB-HB,0.0
fixed,TSB-HB,0.0
fixed,TSB-HB,0.0
fixed,TSB-HB,0.0
fixed,TSB-HB,0.43029174680380033
fixed,TSB-HB,0.0
fixed,TSB-HB,0.0
fixed,TSB-HB,0.7184032009032171
fixed,TSB-HB,0.4635076992137097
fixed,TSB-HB,0.4635076992137097
fixed,TSB-HB,0.778195003217542
fixed,TSB-HB,0.778195003217542
fixed,TSB-HB,0.24938847503028086
fixed,TSB-HB,0.4635076992137097
fixed,TSB-HB,0.42340689236919105
fixed,TSB-HB,0.21985845796569553
fixed,TSB-HB,0.8369073913152766
fixed,TSB-HB,0.21985845796569553
fixed,TSB-HB,0.42340689236919105
fixed,TSB-HB,0.0
fixed,TSB-HB,0.8615630436086581
fixed,TSB-HB,0.0
fixed,TSB-HB,0.5596571714940151
fixed,TSB-HB,0.7612854555785701
fixed,TSB-HB,0.5596571714940151
fixed,TSB-HB,0.8615630436086581
fixed,TSB-HB,0.8611451879920259
fixed,TSB-HB,0.0
fixed,TSB-HB,0.6304110203684087
fixed,TSB-HB,0.0
fixed,TSB-HB,0.4320318924977707
fixed,TSB-HB,0.2195562148416002
fixed,TSB-HB,0.6804663270578217
fixed,TSB-HB,0.6804663270578217
fixed,TSB-HB,0.6804663270578217
fixed,TSB-HB,0.0
fixed,TSB-HB,0.0
fixed,TSB-HB,0.28020630640761224
fixed,TSB-HB,0.693251956226701
fixed,TSB-HB,0.42485810740039964
fixed,TSB-HB,0.42485810740039964
fixed,TSB-HB,0.42485810740039964
fixed,TSB-HB,0.0
fixed,TSB-HB,0.0
fixed,TSB-HB,0.47185689144835463
fixed,TSB-HB,0.7106763476669233
fixed,TSB-HB,0.47185689144835463
fixed,TSB-HB,0.47185689144835463
fixed,TSB-HB,0.7106763476669233
fixed,TSB-HB,0.7106763476669233
fixed,TSB-HB,0.4189812394839977
fixed,TSB-HB,0.7837087578913124
fixed,TSB-HB,0.5649645349560866
fixed,TSB-HB,0.8417976306775644
fixed,TSB-HB,0.2574454168252089
fixed,TSB-HB,0.7837087578913124
fixed,TSB-HB,0.8841094259800195
fixed,TSB-HB,0.0
fixed,TSB-HB,0.586116580333945
fixed,TSB-HB,0.21145112726628051
fixed,TSB-HB,0.8153281177657831
fixed,TSB-HB,0.3983581960042246
fixed,TSB-HB,1.0
fixed,TSB-HB,0.426766165585545
fixed,TSB-HB,0.6069230997948822
fixed,TSB-HB,0.426766165585545
fixed,TSB-HB,0.0
fixed,TSB-HB,0.0
fixed,TSB-HB,0.1886917362825273
fixed,TSB-HB,0.4811240333863481
fixed,TSB-HB,0.4811240333863481
fixed,TSB-HB,0.0
fixed,TSB-HB,0.7428632496353063
fixed,TSB-HB,1.0
fixed,TSB-HB,0.4984177000458899
fixed,TSB-HB,1.0
fixed,TSB-HB,0.0
fixed,TSB-HB,0.4984177000458899
fixed,TSB-HB,0.4984177000458899
fixed,TSB-HB,1.0
fixed,TSB-HB,0.7639833671958547
fixed,TSB-HB,0.41870432268404745
fixed,TSB-HB,0.41870432268404745
fixed,TSB-HB,0.41870432268404745
fixed,TSB-HB,0.41870432268404745
fixed,TSB-HB,1.0
fixed,TSB-HB,0.2489002318143017
fixed,TSB-HB,0.7018270253503581
fixed,TSB-HB,0.8179118400863158
fixed,TSB-HB,0.0
fixed,TSB-HB,0.2489002318143017
fixed,TSB-HB,0.0
fixed,TSB-HB,0.8158036596189345
fixed,TSB-HB,0.0
fixed,TSB-HB,0.42429625257375325
fixed,TSB-HB,0.42429625257375325
fixed,TSB-HB,0.42429625257375325
fixed,TSB-HB,0.6396751726058556
fixed,TSB-HB,0.6755765791291722
fixed,TSB-HB,0.47382313206496907
fixed,TSB-HB,0.23448400238187248
fixed,TSB-HB,0.0
fixed,TSB-HB,0.23448400238187248
fixed,TSB-HB,0.0
fixed,TSB-HB,0.0
fixed,TSB-HB,0.4474395386314576
fixed,TSB-HB,0.4474395386314576
fixed,TSB-HB,0.0
fixed,TSB-HB,0.0
fixed,TSB-HB,0.0
fixed,TSB-HB,0.4745713679158245
fixed,TSB-HB,0.4745713679158245
fixed,TSB-HB,0.7620580666286929
fixed,TSB-HB,0.4745713679158245
fixed,TSB-HB,0.0
fixed,TSB-HB,0.4745713679158245
fixed,TSB-HB,0.0
fixed,TSB-HB,0.0
fixed,TSB-HB,0.0
fixed,TSB-HB,0.4066366970004093
fixed,TSB-HB,0.0
fixed,TSB-HB,1.0
fixed,TSB-HB,0.0
fixed,TSB-HB,0.0
fixed,TSB-HB,0.4009148154420657
fixed,TSB-HB,0.0
fixed,TSB-HB,0.4009148154420657
fixed,TSB-HB,0.0
fixed,TSB-HB,0.8391978453948482
fixed,TSB-HB,0.0
fixed,TSB-HB,0.4237506982647862
fixed,TSB-HB,0.683960091463008
fixed,TSB-HB,1.0
fixed,TSB-HB,0.683960091463008
fixed,TSB-HB,0.0
fixed,TSB-HB,0.632490142540769
fixed,TSB-HB,0.39476803604427685
fixed,TSB-HB,0.0
fixed,TSB-HB,0.632490142540769
fixed,TSB-HB,0.0
fixed,TSB-HB,0.5301633997211449
fixed,TSB-HB,0.5301633997211449
fixed,TSB-HB,0.5301633997211449
fixed,TSB-HB,0.5301633997211449
fixed,TSB-HB,0.0
fixed,TSB-HB,0.5301633997211449
fixed,TSB-HB,0.44467097634881153
fixed,TSB-HB,0.0
fixed,TSB-HB,0.0
fixed,TSB-HB,0.44467097634881153
fixed,TSB-HB,0.6921443098022053
fixed,TSB-HB,0.6921443098022053
fixed,TSB-HB,0.0
fixed,TSB-HB,0.77412111516081
fixed,TSB-HB,0.5745945600393056
fixed,TSB-HB,0.35199916761808764
fixed,TSB-HB,0.35199916761808764
fixed,TSB-HB,0.35199916761808764
fixed,TSB-HB,0.7689407753419374
fixed,TSB-HB,0.0
fixed,TSB-HB,0.0
fixed,TSB-HB,0.7689407753419374
fixed,TSB-HB,0.7689407753419374
fixed,TSB-HB,0.45938601308427296
fixed,TSB-HB,0.43205121226532883
fixed,TSB-HB,0.6562290284812897
fixed,TSB-HB,0.0
fixed,TSB-HB,0.43205121226532883
fixed,TSB-HB,0.0
fixed,TSB-HB,0.6562290284812897
fixed,TSB-HB,0.0
fixed,TSB-HB,0.7788042599979876
fixed,TSB-HB,0.8216144696730414
fixed,TSB-HB,0.35971317072517595
fixed,TSB-HB,0.2162080613251138
fixed,TSB-HB,0.6129142445508771
fixed,TSB-HB,0.6519012183922661
fixed,TSB-HB,0.3775764120266032
fixed,TSB-HB,0.6519012183922661
fixed,TSB-HB,0.0
fixed,TSB-HB,0.0
fixed,TSB-HB,0.6519012183922661
fixed,TSB-HB,0.26351995317055477
fixed,TSB-HB,0.0
fixed,TSB-HB,0.26351995317055477
fixed,TSB-HB,0.0
fixed,TSB-HB,0.26351995317055477
fixed,TSB-HB,0.832100732751218
fixed,TSB-HB,0.5436914123700726
fixed,TSB-HB,0.2978069293505634
fixed,TSB-HB,0.2978069293505634
fixed,TSB-HB,0.5436914123700726
fixed,TSB-HB,0.5436914123700726
fixed,TSB-HB,1.0
fixed,TSB-HB,0.0
fixed,TSB-HB,0.6157906639222436
fixed,TSB-HB,0.3876884556185333
fixed,TSB-HB,0.3876884556185333
fixed,TSB-HB,0.0
fixed,TSB-HB,0.0
fixed,TSB-HB,0.23838831792661624
fixed,TSB-HB,0.23838831792661624
fixed,TSB-HB,0.0
fixed,TSB-HB,0.5047819965207249
fixed,TSB-HB,0.23838831792661624
fixed,TSB-HB,0.23838831792661624
fixed,TSB-HB,0.413635042194686
fixed,TSB-HB,0.7508410861892005
fixed,TSB-HB,0.0
fixed,TSB-HB,0.413635042194686
fixed,TSB-HB,0.413635042194686
fixed,TSB-HB,1.0
fixed,TSB-HB,0.26004578101183806
fixed,TSB-HB,0.6804201451272296
fixed,TSB-HB,0.8752961016665048
fixed,TSB-HB,0.26004578101183806
fixed,TSB-HB,0.0
fixed,TSB-HB,0.17734571117305375
fixed,TSB-HB,0.6018839443833222
fixed,TSB-HB,0.0
fixed,TSB-HB,0.3445192770346732
fixed,TSB-HB,0.0
fixed,TSB-HB,0.0
fixed,TSB-HB,0.3445192770346732
fixed,TSB-HB,0.8374946601922834
fixed,TSB-HB,0.40643179384041184
fixed,TSB-HB,0.40643179384041184
fixed,TSB-HB,0.0
fixed,TSB-HB,0.40643179384041184
fixed,TSB-HB,0.0
fixed,TSB-HB,0.0
fixed,TSB-HB,0.0
fixed,TSB-HB,0.0
fixed,TSB-HB,0.0
fixed,TSB-HB,0.0
fixed,TSB-HB,0.0
fixed,TSB-HB,0.5953303579270349
fixed,TSB-HB,0.5953303579270349
fixed,TSB-HB,0.0
fixed,TSB-HB,0.3461660698885918
fixed,TSB-HB,0.5953303579270349
fixed,TSB-HB,0.0
fixed,TSB-HB,0.0
fixed,TSB-HB,0.0
fixed,TSB-HB,1.0
fixed,TSB-HB,0.4234519138661181
fixed,TSB-HB,0.8499987060513582
fixed,TSB-HB,0.6959109574244313
fixed,TSB-HB,0.2720432587498774
fixed,TSB-HB,0.0
fixed,TSB-HB,0.0
fixed,TSB-HB,1.0
fixed,TSB-HB,0.7698788179631507
fixed,TSB-HB,0.0
fixed,TSB-HB,0.3467365935309428
fixed,TSB-HB,0.0
fixed,TSB-HB,0.6273518507161415
fixed,TSB-HB,0.0
fixed,TSB-HB,0.0
fixed,TSB-HB,0.8523735450575183
fixed,TSB-HB,0.0
fixed,TSB-HB,0.0
fixed,TSB-HB,0.8221849157378327
fixed,TSB-HB,0.0
fixed,TSB-HB,0.0
fixed,TSB-HB,0.8221849157378327
fixed,TSB-HB,0.0
fixed,TSB-HB,1.0
fixed,TSB-HB,0.2745856077552596
fixed,TSB-HB,0.0
fixed,TSB-HB,0.0
fixed,TSB-HB,0.6004510309247767
fixed,TSB-HB,0.0
fixed,TSB-HB,0.23467653941305563
fixed,TSB-HB,0.23467653941305563
fixed,TSB-HB,0.0
fixed,TSB-HB,0.23467653941305563
fixed,TSB-HB,0.0
fixed,TSB-HB,0.7279838236781945
fixed,TSB-HB,0.5323217961551114
fixed,TSB-HB,0.7279838236781945
fixed,TSB-HB,0.5323217961551114
fixed,TSB-HB,0.7279838236781945
fixed,TSB-HB,0.7279838236781945
fixed,TSB-HB,0.4525262435545963
fixed,TSB-HB,0.4525262435545963
fixed,TSB-HB,0.4525262435545963
fixed,TSB-HB,0.0
fixed,TSB-HB,0.8557475699150949
fixed,TSB-HB,0.4525262435545963
fixed,TSB-HB,0.3700075335293977
fixed,TSB-HB,0.8284446654551771
fixed,TSB-HB,0.0
fixed,TSB-HB,0.0
fixed,TSB-HB,0.6536203883467238
fixed,TSB-HB,0.6536203883467238
fixed,TSB-HB,0.42236074491503234
fixed,TSB-HB,0.42236074491503234
fixed,TSB-HB,0.7512557765797295
fixed,TSB-HB,0.7512557765797295
fixed,TSB-HB,0.42236074491503234
fixed,TSB-HB,1.0
fixed,TSB-HB,0.33744868217358115
fixed,TSB-HB,0.19410456493720318
fixed,TSB-HB,0.5407020572090432
fixed,TSB-HB,0.8083175385804116
fixed,TSB-HB,0.5407020572090432
fixed,TSB-HB,0.887253865042809
fixed,TSB-HB,0.36819901369147334
fixed,TSB-HB,0.36819901369147334
fixed,TSB-HB,0.0
fixed,TSB-HB,0.36819901369147334
fixed,TSB-HB,0.36819901369147334
fixed,TSB-HB,0.36819901369147334
fixed,TSB-HB,1.0
fixed,TSB-HB,1.0
fixed,TSB-HB,0.895394682738897
fixed,TSB-HB,0.0
fixed,TSB-HB,0.0
fixed,TSB-HB,0.0
fixed,TSB-HB,0.5812982203232273
fixed,TSB-HB,0.2237195213455656
fixed,TSB-HB,0.4683402706691093
fixed,TSB-HB,0.0
fixed,TSB-HB,0.2237195213455656
fixed,TSB-HB,0.1618597606727828
fixed,TSB-HB,0.0
fixed,TSB-HB,0.7918246737231431
fixed,TSB-HB,0.279027153101948
fixed,TSB-HB,1.0
fixed,TSB-HB,0.7918246737231431
fixed,TSB-HB,0.7918246737231431
fixed,TSB-HB,0.5751887329206066
fixed,TSB-HB,0.7611072432574661
fixed,TSB-HB,0.0
fixed,TSB-HB,0.22687663541321929
fixed,TSB-HB,0.4676018242783974
fixed,TSB-HB,0.6745796721298452
fixed,TSB-HB,0.8680539344134064
fixed,TSB-HB,0.49578961796519855
fixed,TSB-HB,0.8100244148237685
fixed,TSB-HB,0.8100244148237685
fixed,TSB-HB,0.19259678228798643
fixed,TSB-HB,0.40674013847830287
fixed,TSB-HB,0.0
fixed,TSB-HB,0.3145627639028054
fixed,TSB-HB,0.19348917603176488
fixed,TSB-HB,0.0
fixed,TSB-HB,0.0
fixed,TSB-HB,0.19348917603176488
fixed,TSB-HB,0.7587479911809393
fixed,TSB-HB,0.43117414829066825
fixed,TSB-HB,0.7587479911809393
fixed,TSB-HB,0.8307641931798226
fixed,TSB-HB,0.0
fixed,TSB-HB,0.7587479911809393
fixed,TSB-HB,0.8913734373369047
fixed,TSB-HB,0.37726557616124706
fixed,TSB-HB,0.5752293487118928
fixed,TSB-HB,0.8178777977427156
fixed,TSB-HB,0.0
fixed,TSB-HB,1.0
fixed,TSB-HB,0.6776429195922695
fixed,TSB-HB,0.19016583070960963
fixed,TSB-HB,0.0
fixed,TSB-HB,0.19016583070960963
fixed,TSB-HB,0.3193268887720782
fixed,TSB-HB,0.19016583070960963
fixed,TSB-HB,0.6615883952689016
fixed,TSB-HB,0.24580004247824214
fixed,TSB-HB,0.4827002101316308
fixed,TSB-HB,0.6615883952689016
fixed,TSB-HB,0.6615883952689016
fixed,TSB-HB,0.4827002101316308
fixed,TSB-HB,0.7573993287408659
fixed,TSB-HB,0.5699102586708342
fixed,TSB-HB,0.7573993287408659
fixed,TSB-HB,0.7573993287408659
fixed,TSB-HB,0.4021246377695496
fixed,TSB-HB,0.5699102586708342
fixed,TSB-HB,0.797927868770827
fixed,TSB-HB,1.0
fixed,TSB-HB,0.4672767937016767
fixed,TSB-HB,0.0
fixed,TSB-HB,0.0
fixed,TSB-HB,0.0
fixed,TSB-HB,1.0
fixed,TSB-HB,0.755713342840177
fixed,TSB-HB,0.8401535849570976
fixed,TSB-HB,0.0
fixed,TSB-HB,0.0
fixed,TSB-HB,0.0
fixed,TSB-HB,0.7391194277550943
fixed,TSB-HB,0.586057322988148
fixed,TSB-HB,0.586057322988148
fixed,TSB-HB,0.8130799537163763
fixed,TSB-HB,0.21710803919022392
fixed,TSB-HB,1.0
fixed,TSB-HB,0.8191545108434711
fixed,TSB-HB,0.0
fixed,TSB-HB,0.0
fixed,TSB-HB,0.3878731881646943
fixed,TSB-HB,1.0
fixed,TSB-HB,0.5339806212162024
fixed,TSB-HB,0.6157880111748572
fixed,TSB-HB,0.24642494377713486
fixed,TSB-HB,0.45518997696540564
fixed,TSB-HB,0.0
fixed,TSB-HB,0.24642494377713486
fixed,TSB-HB,0.45518997696540564
fixed,TSB-HB,1.0
fixed,TSB-HB,0.0
fixed,TSB-HB,0.8933890063555591
fixed,TSB-HB,0.792830442984799
fixed,TSB-HB,0.424526454465863
fixed,TSB-HB,0.424526454465863
fixed,TSB-HB,0.4734030771337816
fixed,TSB-HB,0.0
fixed,TSB-HB,0.23266102266998198
fixed,TSB-HB,0.0
fixed,TSB-HB,0.6671575429864249
fixed,TSB-HB,1.0
fixed,TSB-HB,0.23940731100095672
fixed,TSB-HB,0.6786165091725327
fixed,TSB-HB,0.23940731100095672
fixed,TSB-HB,0.49056805164425626
fixed,TSB-HB,0.49056805164425626
fixed,TSB-HB,0.8007622464868418
fixed,TSB-HB,0.6642599179023086
fixed,TSB-HB,0.0
fixed,TSB-HB,0.45893526398150697
fixed,TSB-HB,0.0
fixed,TSB-HB,0.6642599179023086
fixed,TSB-HB,1.0
fixed,TSB-HB,0.39791102673953155
fixed,TSB-HB,0.0
fixed,TSB-HB,0.39791102673953155
fixed,TSB-HB,0.39791102673953155
fixed,TSB-HB,0.8486656566700969
fixed,TSB-HB,0.8486656566700969
fixed,TSB-HB,0.3459422632951661
fixed,TSB-HB,1.0
fixed,TSB-HB,0.6441165180171173
fixed,TSB-HB,0.6441165180171173
fixed,TSB-HB,1.0
fixed,TSB-HB,1.0
fixed,TSB-HB,0.0
fixed,TSB-HB,0.0
fixed,TSB-HB,0.349297178764332
fixed,TSB-HB,0.5534182057683514
fixed,TSB-HB,1.0
fixed,TSB-HB,0.8375979284901605
fixed,TSB-HB,1.0
fixed,TSB-HB,0.8806746750697974
fixed,TSB-HB,0.2132137641616536
fixed,TSB-HB,0.0
fixed,TSB-HB,0.0
fixed,TSB-HB,0.0
fixed,TSB-HB,0.6209692366865096
fixed,TSB-HB,1.0
fixed,TSB-HB,0.6209692366865096
fixed,TSB-HB,0.6209692366865096
fixed,TSB-HB,0.8060181318666457
fixed,TSB-HB,1.0
fixed,TSB-HB,0.0
fixed,TSB-HB,0.5379912321753227
fixed,TSB-HB,0.38855389847550925
fixed,TSB-HB,0.38855389847550925
fixed,TSB-HB,0.7321727562324216
fixed,TSB-HB,0.834516940108019
fixed,TSB-HB,0.0
fixed,TSB-HB,1.0
fixed,TSB-HB,0.8095130576762702
fixed,TSB-HB,0.6177902789303455
fixed,TSB-HB,0.8095130576762702
fixed,TSB-HB,1.0
fixed,TSB-HB,0.0
fixed,TSB-HB,0.5783470329225444
fixed,TSB-HB,0.40434644010173926
fixed,TSB-HB,0.5783470329225444
fixed,TSB-HB,0.863398140040704
fixed,TSB-HB,0.863398140040704
fixed,TSB-HB,0.27697483708397924
fixed,TSB-HB,0.8574654701567733
fixed,TSB-HB,0.7578589445846691
fixed,TSB-HB,0.5492470363835241
fixed,TSB-HB,0.7578589445846691
fixed,TSB-HB,1.0
fixed,TSB-HB,0.0
fixed,TSB-HB,0.5060707509268049
fixed,TSB-HB,0.3770837657798507
fixed,TSB-HB,0.3770837657798507
fixed,TSB-HB,0.8113794209841249
fixed,TSB-HB,0.8113794209841249
fixed,TSB-HB,0.0
fixed,TSB-HB,0.5509592948607981
fixed,TSB-HB,0.3478899430484049
fixed,TSB-HB,0.5509592948607981
fixed,TSB-HB,1.0
fixed,TSB-HB,0.8497382602709308
fixed,TSB-HB,0.1948284473704635
fixed,TSB-HB,1.0
fixed,TSB-HB,0.3263974507092331
fixed,TSB-HB,0.6511054090802912
fixed,TSB-HB,0.6511054090802912
fixed,TSB-HB,1.0
fixed,TSB-HB,0.0
fixed,TSB-HB,0.5064804373973553
fixed,TSB-HB,0.8396767642255711
fixed,TSB-HB,0.5064804373973553
fixed,TSB-HB,1.0
fixed,TSB-HB,1.0
fixed,TSB-HB,0.0
fixed,TSB-HB,0.6780279452615914
fixed,TSB-HB,0.0
fixed,TSB-HB,0.0
fixed,TSB-HB,0.0
fixed,TSB-HB,0.492071317186456
fixed,TSB-HB,1.0
fixed,TSB-HB,1.0
fixed,TSB-HB,1.0
fixed,TSB-HB,0.0
fixed,TSB-HB,0.0
fixed,TSB-HB,0.0
fixed,TSB-HB,0.39177709061320076
fixed,TSB-HB,0.0
fixed,TSB-HB,0.2080022220341895
fixed,TSB-HB,0.0
fixed,TSB-HB,0.2080022220341895
fixed,TSB-HB,1.0
fixed,TSB-HB,0.0
fixed,TSB-HB,0.5844411704740058
fixed,TSB-HB,0.5092176083956195
fixed,TSB-HB,0.21405347724252188
fixed,TSB-HB,0.21405347724252188
fixed,TSB-HB,0.6596647325523922
fixed,TSB-HB,0.6829764888106002
fixed,TSB-HB,0.34739449208463635
fixed,TSB-HB,0.5316892219460511
fixed,TSB-HB,0.5316892219460511
fixed,TSB-HB,1.0
fixed,TSB-HB,0.8608762330028236
fixed,TSB-HB,0.5831973297859663
fixed,TSB-HB,0.8976128667935196
fixed,TSB-HB,0.7856814096424748
fixed,TSB-HB,0.2796705378116254
fixed,TSB-HB,1.0
fixed,TSB-HB,0.7856814096424748
fixed,TSB-HB,0.4866968155915676
fixed,TSB-HB,0.7898653991251428
fixed,TSB-HB,0.4866968155915676
fixed,TSB-HB,0.868713616883827
fixed,TSB-HB,0.6638751175778854
fixed,TSB-HB,0.6638751175778854
fixed,TSB-HB,0.7218359055154935
fixed,TSB-HB,0.5173248504689434
fixed,TSB-HB,0.2668383313321483
fixed,TSB-HB,0.0
fixed,TSB-HB,0.0
fixed,TSB-HB,0.2668383313321483
fixed,TSB-HB,0.8058941375138186
fixed,TSB-HB,0.0
fixed,TSB-HB,0.8058941375138186
fixed,TSB-HB,1.0
fixed,TSB-HB,0.0
fixed,TSB-HB,1.0
fixed,TSB-HB,0.8952248249281834
fixed,TSB-HB,0.5723698936367092
fixed,TSB-HB,0.5723698936367092
fixed,TSB-HB,0.2659436631938798
fixed,TSB-HB,0.2659436631938798
fixed,TSB-HB,0.7815943514691767
fixed,TSB-HB,0.8003131560489298
fixed,TSB-HB,0.2858151162772731
fixed,TSB-HB,0.8003131560489298
fixed,TSB-HB,0.8003131560489298
fixed,TSB-HB,0.2858151162772731
fixed,TSB-HB,1.0
fixed,TSB-HB,0.5886705464918524
fixed,TSB-HB,0.34855629750881617
fixed,TSB-HB,0.7740465101446472
fixed,TSB-HB,0.8712373134913782
fixed,TSB-HB,0.0
fixed,TSB-HB,0.34855629750881617
fixed,TSB-HB,1.0
fixed,TSB-HB,0.7076256632386762
fixed,TSB-HB,1.0
fixed,TSB-HB,0.12667063228394845
fixed,TSB-HB,0.0
fixed,TSB-HB,0.0
fixed,TSB-HB,0.8107895011551564
fixed,TSB-HB,1.0
fixed,TSB-HB,0.4337863382583066
fixed,TSB-HB,0.6479558737082872
fixed,TSB-HB,0.0
fixed,TSB-HB,0.6479558737082872
fixed,TSB-HB,0.5928121971976047
fixed,TSB-HB,0.35309394490784834
fixed,TSB-HB,0.5928121971976047
fixed,TSB-HB,0.0
fixed,TSB-HB,0.0
fixed,TSB-HB,0.5928121971976047
fixed,TSB-HB,0.1851324632899754
fixed,TSB-HB,0.29129842841148246
fixed,TSB-HB,0.29129842841148246
fixed,TSB-HB,1.0
fixed,TSB-HB,1.0
fixed,TSB-HB,0.7986422792845536
fixed,TSB-HB,0.0
fixed,TSB-HB,0.320247993889738
fixed,TSB-HB,0.0
fixed,TSB-HB,0.320247993889738
fixed,TSB-HB,0.320247993889738
fixed,TSB-HB,0.5662900243858809
fixed,TSB-HB,0.7733888654715053
fixed,TSB-HB,1.0
fixed,TSB-HB,0.7060323296830008
fixed,TSB-HB,0.7733888654715053
fixed,TSB-HB,0.6099929116266688
fixed,TSB-HB,1.0
fixed,TSB-HB,0.8321860727727616
fixed,TSB-HB,1.0
fixed,TSB-HB,0.4003812907248782
fixed,TSB-HB,1.0
fixed,TSB-HB,0.6628800901321334
fixed,TSB-HB,1.0
fixed,TSB-HB,1.0
fixed,TSB-HB,0.0
fixed,TSB-HB,0.5164079128980994
fixed,TSB-HB,0.5164079128980994
fixed,TSB-HB,0.0
fixed,TSB-HB,1.0
fixed,TSB-HB,0.43043274233131734
fixed,TSB-HB,0.43043274233131734
fixed,TSB-HB,0.43043274233131734
fixed,TSB-HB,0.0
fixed,TSB-HB,0.7648906333534627
fixed,TSB-HB,0.43043274233131734
fixed,TSB-HB,0.5697377197684399
fixed,TSB-HB,0.5697377197684399
fixed,TSB-HB,0.2155945498080703
fixed,TSB-HB,0.5697377197684399
fixed,TSB-HB,0.7211754415933581
fixed,TSB-HB,0.8058746486264249
fixed,TSB-HB,0.0
fixed,TSB-HB,0.401799946059448
fixed,TSB-HB,0.6269043621831932
fixed,TSB-HB,0.0
fixed,TSB-HB,0.401799946059448
fixed,TSB-HB,0.0
fixed,TSB-HB,0.5329537833047027
fixed,TSB-HB,0.8529376061280491
fixed,TSB-HB,1.0
fixed,TSB-HB,0.0
fixed,TSB-HB,0.0
fixed,TSB-HB,0.0
fixed,TSB-HB,0.3276822980067188
fixed,TSB-HB,0.3276822980067188
fixed,TSB-HB,0.7779435086096144
fixed,TSB-HB,0.5887006161319431
fixed,TSB-HB,0.3276822980067188
fixed,TSB-HB,0.5887006161319431
fixed,TSB-HB,0.0
fixed,TSB-HB,0.37130052864021923
fixed,TSB-HB,0.0
fixed,TSB-HB,0.37130052864021923
fixed,TSB-HB,0.7912377567571371
fixed,TSB-HB,0.6195269144893275
fixed,TSB-HB,0.2991993865081657
fixed,TSB-HB,0.7583046896549808
fixed,TSB-HB,0.6280322216742761
fixed,TSB-HB,0.6280322216742761
fixed,TSB-HB,0.18648360887000143
fixed,TSB-HB,0.6280322216742761
fixed,TSB-HB,0.378977022789647
fixed,TSB-HB,0.378977022789647
fixed,TSB-HB,0.0
fixed,TSB-HB,0.378977022789647
fixed,TSB-HB,0.0
fixed,TSB-HB,0.0
fixed,TSB-HB,0.7611164884366904
fixed,TSB-HB,0.0
fixed,TSB-HB,0.0
fixed,TSB-HB,0.34899872901611456
fixed,TSB-HB,0.0
fixed,TSB-HB,0.34899872901611456
fixed,TSB-HB,0.6163726490029555
fixed,TSB-HB,0.852700835518409
fixed,TSB-HB,0.22086836071190621
fixed,TSB-HB,0.6163726490029555
fixed,TSB-HB,0.0
fixed,TSB-HB,1.0
fixed,TSB-HB,0.4301897160864318
fixed,TSB-HB,0.0
fixed,TSB-HB,0.0
fixed,TSB-HB,0.7185867010924335
fixed,TSB-HB,0.0
fixed,TSB-HB,0.7185867010924335
fixed,TSB-HB,1.0
fixed,TSB-HB,0.42576702306479897
fixed,TSB-HB,0.23733970113573216
fixed,TSB-HB,0.42576702306479897
fixed,TSB-HB,0.23733970113573216
fixed,TSB-HB,1.0
fixed,TSB-HB,0.45463701635539067
fixed,TSB-HB,0.0
fixed,TSB-HB,0.0
fixed,TSB-HB,0.45463701635539067
fixed,TSB-HB,0.0
fixed,TSB-HB,0.7121221506411811
fixed,TSB-HB,0.7396088964185029
fixed,TSB-HB,0.7765450642871912
fixed,TSB-HB,1.0
fixed,TSB-HB,0.7396088964185029
fixed,TSB-HB,0.670742786683369
fixed,TSB-HB,1.0
fixed,TSB-HB,0.8368854359121313
fixed,TSB-HB,1.0
fixed,TSB-HB,0.8948067968880069
fixed,TSB-HB,0.0
fixed,TSB-HB,0.0
fixed,TSB-HB,0.0
fixed,TSB-HB,0.551526072567153
fixed,TSB-HB,0.24959839611738002
fixed,TSB-HB,0.6312136709541781
fixed,TSB-HB,0.7109012693412031
fixed,TSB-HB,0.35573563419659915
fixed,TSB-HB,0.7688544968115787
fixed,TSB-HB,0.3195692074787555
fixed,TSB-HB,0.8081222024604956
fixed,TSB-HB,0.0
fixed,TSB-HB,0.7511922211506558
fixed,TSB-HB,0.3195692074787555
fixed,TSB-HB,0.8081222024604956
fixed,TSB-HB,0.3801572981494573
fixed,TSB-HB,0.0
fixed,TSB-HB,0.0
fixed,TSB-HB,0.3801572981494573
fixed,TSB-HB,0.3801572981494573
fixed,TSB-HB,1.0
fixed,TSB-HB,0.41523606885407227
fixed,TSB-HB,0.0
fixed,TSB-HB,1.0
fixed,TSB-HB,0.21653177268471457
fixed,TSB-HB,0.6002337805892956
fixed,TSB-HB,0.7536055453140631
fixed,TSB-HB,0.4476563373972363
fixed,TSB-HB,0.0
fixed,TSB-HB,0.4476563373972363
fixed,TSB-HB,0.4476563373972363
fixed,TSB-HB,0.4476563373972363
fixed,TSB-HB,1.0
fixed,TSB-HB,0.438816381411289
fixed,TSB-HB,0.0
fixed,TSB-HB,0.8837292111768575
fixed,TSB-HB,0.6088920570433529
fixed,TSB-HB,0.6088920570433529
fixed,TSB-HB,0.23107717361982175
fixed,TSB-HB,0.7578372477860925
fixed,TSB-HB,0.8542893344078758
fixed,TSB-HB,0.0
fixed,TSB-HB,0.0
fixed,TSB-HB,0.0
fixed,TSB-HB,1.0
fixed,TSB-HB,0.0
fixed,TSB-HB,0.0
fixed,TSB-HB,0.0
fixed,TSB-HB,1.0
fixed,TSB-HB,0.5139639292820212
fixed,TSB-HB,1.0
fixed,TSB-HB,1.0
fixed,TSB-HB,0.0
fixed,TSB-HB,0.45690373790679784
fixed,TSB-HB,0.45690373790679784
fixed,TSB-HB,0.0
fixed,TSB-HB,0.45690373790679784
fixed,TSB-HB,0.7000413609429013
fixed,TSB-HB,0.0
fixed,TSB-HB,0.0
fixed,TSB-HB,0.0
fixed,TSB-HB,0.0
fixed,TSB-HB,0.7000413609429013
fixed,TSB-HB,1.0
fixed,TSB-HB,1.0
fixed,TSB-HB,0.35497971079567825
fixed,TSB-HB,0.0
fixed,TSB-HB,0.0
fixed,TSB-HB,0.0
fixed,TSB-HB,0.0
fixed,TSB-HB,0.0
fixed,TSB-HB,0.47643720987381366
fixed,TSB-HB,0.0
fixed,TSB-HB,0.47643720987381366
fixed,TSB-HB,0.47643720987381366
fixed,TSB-HB,0.0
fixed,TSB-HB,0.6076290336974228
fixed,TSB-HB,0.0
fixed,TSB-HB,0.0
fixed,TSB-HB,0.0
fixed,TSB-HB,0.0
fixed,TSB-HB,0.36194885642772356
fixed,TSB-HB,1.0
fixed,TSB-HB,0.36194885642772356
fixed,TSB-HB,0.4738977128554471
fixed,TSB-HB,1.0
fixed,TSB-HB,0.7985073327425084
fixed,TSB-HB,0.28050013407533836
fixed,TSB-HB,0.15513487977390308
fixed,TSB-HB,0.28050013407533836
fixed,TSB-HB,0.15513487977390308
fixed,TSB-HB,0.736344998142326
fixed,TSB-HB,0.5782151473337476
fixed,TSB-HB,0.0
fixed,TSB-HB,0.2234979099900904
fixed,TSB-HB,0.0
fixed,TSB-HB,0.30689837993128916
fixed,TSB-HB,0.0
fixed,TSB-HB,0.30689837993128916
fixed,TSB-HB,0.8078813273990746
fixed,TSB-HB,0.5220993488190023
fixed,TSB-HB,0.8078813273990746
fixed,TSB-HB,0.3833705652736751
fixed,TSB-HB,0.0
fixed,TSB-HB,0.5220993488190023
fixed,TSB-HB,0.6857966136598985
fixed,TSB-HB,0.0
fixed,TSB-HB,0.8311817328972637
fixed,TSB-HB,0.6857966136598985
fixed,TSB-HB,0.45823786352045476
fixed,TSB-HB,0.0
fixed,TSB-HB,1.0
fixed,TSB-HB,0.7216356884957091
fixed,TSB-HB,0.5724279327331812
fixed,TSB-HB,0.8698887321363831
fixed,TSB-HB,0.21284062693075767
fixed,TSB-HB,0.7216356884957091
fixed,TSB-HB,0.32017407530820263
fixed,TSB-HB,0.0
fixed,TSB-HB,0.32017407530820263
fixed,TSB-HB,0.0
fixed,TSB-HB,0.32017407530820263
fixed,TSB-HB,0.0
fixed,TSB-HB,0.6145196829730736
fixed,TSB-HB,0.0
fixed,TSB-HB,0.7939797687338882
fixed,TSB-HB,0.3463579351182804
fixed,TSB-HB,0.3463579351182804
fixed,TSB-HB,0.0
fixed,TSB-HB,1.0
fixed,TSB-HB,1.0
fixed,TSB-HB,1.0
fixed,TSB-HB,0.0
fixed,TSB-HB,0.0
fixed,TSB-HB,0.0
fixed,TSB-HB,1.0
fixed,TSB-HB,0.20458380425661254
fixed,TSB-HB,0.8191239341014026
fixed,TSB-HB,1.0
fixed,TSB-HB,0.20458380425661254
fixed,TSB-HB,0.6356591535010809
fixed,TSB-HB,0.5367121580284485
fixed,TSB-HB,0.7949078631329483
fixed,TSB-HB,0.2690431950570823
fixed,TSB-HB,0.7949078631329483
fixed,TSB-HB,0.6408727632919928
fixed,TSB-HB,1.0
fixed,TSB-HB,0.24138965992542755
fixed,TSB-HB,0.4373393868560702
fixed,TSB-HB,0.24138965992542755
fixed,TSB-HB,0.0
fixed,TSB-HB,0.6062068724951579
fixed,TSB-HB,0.24138965992542755
fixed,TSB-HB,0.771195711109332
fixed,TSB-HB,0.771195711109332
fixed,TSB-HB,0.8458220353447552
fixed,TSB-HB,0.8458220353447552
fixed,TSB-HB,0.45197922022049897
fixed,TSB-HB,0.771195711109332
fixed,TSB-HB,1.0
fixed,TSB-HB,0.0
fixed,TSB-HB,0.8821967016382304
fixed,TSB-HB,0.6010383186296426
fixed,TSB-HB,0.0
fixed,TSB-HB,0.6010383186296426
fixed,TSB-HB,0.0
fixed,TSB-HB,0.0
fixed,TSB-HB,0.8023977133846726
fixed,TSB-HB,0.0
fixed,TSB-HB,0.7317591480682102
fixed,TSB-HB,0.23570019565179492
fixed,TSB-HB,0.5801401181997363
fixed,TSB-HB,0.0
fixed,TSB-HB,0.17702465146850355
fixed,TSB-HB,0.17702465146850355
fixed,TSB-HB,0.7883531998264899
fixed,TSB-HB,0.25925281173161435
fixed,TSB-HB,0.7516580125713578
fixed,TSB-HB,0.0
fixed,TSB-HB,0.0
fixed,TSB-HB,0.5358836323574869
fixed,TSB-HB,0.0
fixed,TSB-HB,0.5358836323574869
fixed,TSB-HB,0.3517510019757637
fixed,TSB-HB,0.3517510019757637
fixed,TSB-HB,0.6407943755632687
fixed,TSB-HB,0.8180764153890041
fixed,TSB-HB,0.8180764153890041
fixed,TSB-HB,1.0
fixed,TSB-HB,0.45999523776162043
fixed,TSB-HB,0.651894233561415
fixed,TSB-HB,0.45999523776162043
fixed,TSB-HB,0.0
fixed,TSB-HB,0.45999523776162043
fixed,TSB-HB,0.7880255732222629
fixed,TSB-HB,0.6449388285411393
fixed,TSB-HB,0.6449388285411393
fixed,TSB-HB,1.0
fixed,TSB-HB,0.6449388285411393
fixed,TSB-HB,0.6449388285411393
fixed,TSB-HB,0.8459416159667572
fixed,TSB-HB,0.24210354722427685
fixed,TSB-HB,0.5036204307935673
fixed,TSB-HB,0.0
fixed,TSB-HB,0.8132929307177391
fixed,TSB-HB,0.8132929307177391
fixed,TSB-HB,0.5036204307935673
fixed,TSB-HB,0.0
fixed,TSB-HB,0.0
fixed,TSB-HB,1.0
fixed,TSB-HB,1.0
fixed,TSB-HB,0.0
fixed,TSB-HB,0.0
fixed,TSB-HB,0.0
fixed,TSB-HB,0.0
fixed,TSB-HB,0.820628914476639
fixed,TSB-HB,0.0
fixed,TSB-HB,0.0
fixed,TSB-HB,0.0
fixed,TSB-HB,0.7045536409568621
fixed,TSB-HB,0.7045536409568621
fixed,TSB-HB,0.2664124343141142
fixed,TSB-HB,0.2664124343141142
fixed,TSB-HB,0.2664124343141142
fixed,TSB-HB,0.7045536409568621
fixed,TSB-HB,0.7018115803896905
fixed,TSB-HB,0.7018115803896905
fixed,TSB-HB,0.24275980950979675
fixed,TSB-HB,0.24275980950979675
fixed,TSB-HB,0.24275980950979675
fixed,TSB-HB,0.7018115803896905
fixed,TSB-HB,0.38163291923419346
fixed,TSB-HB,1.0
fixed,TSB-HB,0.8111449801844334
fixed,TSB-HB,0.2397584832115977
fixed,TSB-HB,0.8664806937746562
fixed,TSB-HB,0.8111449801844334
fixed,TSB-HB,0.0
fixed,TSB-HB,0.24409564991310095
fixed,TSB-HB,0.5948742270062023
fixed,TSB-HB,0.5948742270062023
fixed,TSB-HB,0.6842725270110048
fixed,TSB-HB,0.7601221124900027
fixed,TSB-HB,0.7771237617029627
fixed,TSB-HB,0.29062518860128955
fixed,TSB-HB,0.21185784608005803
fixed,TSB-HB,0.0
fixed,TSB-HB,0.7771237617029627
fixed,TSB-HB,1.0
fixed,TSB-HB,0.0
fixed,TSB-HB,0.7742083991432575
fixed,TSB-HB,0.7742083991432575
fixed,TSB-HB,0.0
fixed,TSB-HB,1.0
fixed,TSB-HB,0.2486789984068179
fixed,TSB-HB,0.24535123741294257
fixed,TSB-HB,0.823672749042899
fixed,TSB-HB,0.7144349198690447
fixed,TSB-HB,0.24535123741294257
fixed,TSB-HB,0.5145285201508287
fixed,TSB-HB,0.5145285201508287
fixed,TSB-HB,0.7907917735188303
fixed,TSB-HB,0.0
fixed,TSB-HB,0.7004950686934065
fixed,TSB-HB,1.0
fixed,TSB-HB,0.0
fixed,TSB-HB,0.0
fixed,TSB-HB,0.18063272725836566
fixed,TSB-HB,0.4269248149323009
fixed,TSB-HB,0.18063272725836566
fixed,TSB-HB,0.18063272725836566
fixed,TSB-HB,0.5594111549569393
fixed,TSB-HB,0.4269248149323009
fixed,TSB-HB,0.7010935076809997
fixed,TSB-HB,0.4318061327899487
fixed,TSB-HB,0.4318061327899487
fixed,TSB-HB,0.0
fixed,TSB-HB,0.0
fixed,TSB-HB,0.7010935076809997
fixed,TSB-HB,0.7589820624100854
fixed,TSB-HB,0.689508132995053
fixed,TSB-HB,0.7965497897174969
fixed,TSB-HB,0.8716852443323201
fixed,TSB-HB,0.8341175170249084
fixed,TSB-HB,0.7589820624100854
fixed,TSB-HB,0.6261641033892978
fixed,TSB-HB,1.0
fixed,TSB-HB,0.0
fixed,TSB-HB,0.875213640647909
fixed,TSB-HB,0.875213640647909
fixed,TSB-HB,1.0
fixed,TSB-HB,0.6283965175207034
fixed,TSB-HB,0.45632781082714124
fixed,TSB-HB,0.2476144890601914
fixed,TSB-HB,0.45632781082714124
fixed,TSB-HB,0.0
fixed,TSB-HB,0.0
fixed,TSB-HB,0.4940166467587895
fixed,TSB-HB,0.24843026959779083
fixed,TSB-HB,0.4940166467587895
fixed,TSB-HB,0.7974063121282635
fixed,TSB-HB,0.0
fixed,TSB-HB,0.0
fixed,TSB-HB,0.782108196778207
fixed,TSB-HB,0.587626325258948
fixed,TSB-HB,0.782108196778207
fixed,TSB-HB,0.782108196778207
fixed,TSB-HB,0.0
fixed,TSB-HB,0.587626325258948
fixed,TSB-HB,0.27047646481927795
fixed,TSB-HB,0.17967480168477656
fixed,TSB-HB,0.590084455883396
fixed,TSB-HB,0.27047646481927795
fixed,TSB-HB,0.0
fixed,TSB-HB,0.27047646481927795
fixed,TSB-HB,0.19989078926548692
fixed,TSB-HB,0.19989078926548692
fixed,TSB-HB,0.34908274014531276
fixed,TSB-HB,0.5326577512341614
fixed,TSB-HB,0.0
fixed,TSB-HB,0.34908274014531276
fixed,TSB-HB,0.6931219978262699
fixed,TSB-HB,0.3590768356921501
fixed,TSB-HB,0.3590768356921501
fixed,TSB-HB,0.1693887433277259
fixed,TSB-HB,0.23877748665545181
fixed,TSB-HB,0.489198807788882
fixed,TSB-HB,0.5608416746688245
fixed,TSB-HB,0.8398364022092702
fixed,TSB-HB,0.5608416746688245
fixed,TSB-HB,0.0
fixed,TSB-HB,0.0
fixed,TSB-HB,0.0
fixed,TSB-HB,0.22433262001805232
fixed,TSB-HB,0.8493413898429412
fixed,TSB-HB,0.8493413898429412
fixed,TSB-HB,0.4113879047463975
fixed,TSB-HB,0.22433262001805232
fixed,TSB-HB,0.8781306416958932
fixed,TSB-HB,0.0
fixed,TSB-HB,0.0
fixed,TSB-HB,0.0
fixed,TSB-HB,0.5525521378188326
fixed,TSB-HB,0.5525521378188326
fixed,TSB-HB,0.0
fixed,TSB-HB,0.39290527618238946
fixed,TSB-HB,0.20689142661288915
fixed,TSB-HB,0.5946425014129744
fixed,TSB-HB,0.5946425014129744
fixed,TSB-HB,0.0
fixed,TSB-HB,0.20689142661288915
fixed,TSB-HB,0.23398005065227073
fixed,TSB-HB,0.23398005065227073
fixed,TSB-HB,0.4338696477346158
fixed,TSB-HB,0.749970335003503
fixed,TSB-HB,0.0
fixed,TSB-HB,0.23398005065227073
fixed,TSB-HB,0.0
fixed,TSB-HB,0.37798957595593385
fixed,TSB-HB,0.6365999126078108
fixed,TSB-HB,0.37798957595593385
fixed,TSB-HB,0.37798957595593385
fixed,TSB-HB,0.6365999126078108
fixed,TSB-HB,0.0
fixed,TSB-HB,1.0
fixed,TSB-HB,0.7774159602798859
fixed,TSB-HB,0.4964294050543092
fixed,TSB-HB,0.4964294050543092
fixed,TSB-HB,1.0
fixed,TSB-HB,0.6256365043722621
fixed,TSB-HB,0.8094874359428924
fixed,TSB-HB,1.0
fixed,TSB-HB,0.8094874359428924
fixed,TSB-HB,0.6256365043722621
fixed,TSB-HB,1.0
fixed,TSB-HB,0.0
fixed,TSB-HB,0.80783440144339
fixed,TSB-HB,0.5331984396594736
fixed,TSB-HB,0.5331984396594736
fixed,TSB-HB,0.5331984396594736
fixed,TSB-HB,0.0
fixed,TSB-HB,0.2321104946756898
fixed,TSB-HB,0.45497056673755387
fixed,TSB-HB,0.6463413487175831
fixed,TSB-HB,0.45497056673755387
fixed,TSB-HB,0.2321104946756898
fixed,TSB-HB,0.7854432868394168
fixed,TSB-HB,0.0
fixed,TSB-HB,0.5450407061490615
fixed,TSB-HB,0.0
fixed,TSB-HB,0.8504101998730125
fixed,TSB-HB,0.0
fixed,TSB-HB,0.5450407061490615
fixed,TSB-HB,0.4770033968307632
fixed,TSB-HB,0.0
fixed,TSB-HB,0.6745840509217796
fixed,TSB-HB,0.14693692710336123
fixed,TSB-HB,0.4770033968307632
fixed,TSB-HB,0.4770033968307632
fixed,TSB-HB,0.0
fixed,TSB-HB,0.0
fixed,TSB-HB,0.4459644414332577
fixed,TSB-HB,0.0
fixed,TSB-HB,0.4459644414332577
fixed,TSB-HB,0.4459644414332577
fixed,TSB-HB,0.7237978645430736
fixed,TSB-HB,0.15345078403919926
fixed,TSB-HB,0.6262697282714308
fixed,TSB-HB,0.0
fixed,TSB-HB,0.528741591999788
fixed,TSB-HB,0.6262697282714308
fixed,TSB-HB,0.5239162878392889
fixed,TSB-HB,0.5239162878392889
fixed,TSB-HB,0.8095761878288014
fixed,TSB-HB,0.0
fixed,TSB-HB,0.0
fixed,TSB-HB,0.8095761878288014
fixed,TSB-HB,0.1712561848545292
fixed,TSB-HB,0.24251236970905837
fixed,TSB-HB,0.37893798142119994
fixed,TSB-HB,0.0
fixed,TSB-HB,0.24251236970905837
fixed,TSB-HB,0.1712561848545292
fixed,TSB-HB,0.6688442348069958
fixed,TSB-HB,0.3472667656700775
fixed,TSB-HB,0.3472667656700775
fixed,TSB-HB,0.5291904020681284
fixed,TSB-HB,0.0
fixed,TSB-HB,0.3472667656700775
fixed,TSB-HB,0.4872051954907042
fixed,TSB-HB,0.6201939645615279
fixed,TSB-HB,0.30880290477999367
fixed,TSB-HB,0.1897993055213785
fixed,TSB-HB,0.0
fixed,TSB-HB,0.4872051954907042
fixed,TSB-HB,0.650763132537926
fixed,TSB-HB,0.0
fixed,TSB-HB,0.650763132537926
fixed,TSB-HB,0.0
fixed,TSB-HB,0.0
fixed,TSB-HB,0.3953162917508346
fixed,TSB-HB,0.8060890878189666
fixed,TSB-HB,0.0
fixed,TSB-HB,0.7396665037613614
fixed,TSB-HB,0.6091298271779002
fixed,TSB-HB,0.30347018552235194
fixed,TSB-HB,0.0
fixed,TSB-HB,0.0
fixed,TSB-HB,0.0
fixed,TSB-HB,0.285527631981691
fixed,TSB-HB,0.0
fixed,TSB-HB,0.21015667566108542
fixed,TSB-HB,0.0
fixed,TSB-HB,0.4347795444025869
fixed,TSB-HB,0.0
fixed,TSB-HB,0.0
fixed,TSB-HB,0.0
fixed,TSB-HB,0.0
fixed,TSB-HB,0.0
fixed,TSB-HB,0.46528964242941234
fixed,TSB-HB,0.0
fixed,TSB-HB,0.46528964242941234
fixed,TSB-HB,0.46528964242941234
fixed,TSB-HB,0.0
fixed,TSB-HB,0.0
fixed,TSB-HB,0.5288019869718094
fixed,TSB-HB,1.0
fixed,TSB-HB,0.22574518943602906
fixed,TSB-HB,0.37902975998330113
fixed,TSB-HB,0.0
fixed,TSB-HB,0.0
fixed,TSB-HB,0.192186253899349
fixed,TSB-HB,0.0
fixed,TSB-HB,0.0
fixed,TSB-HB,0.0
fixed,TSB-HB,0.0
fixed,TSB-HB,0.0
fixed,TSB-HB,0.0
fixed,TSB-HB,0.5576690205400495
fixed,TSB-HB,0.6969789635134687
fixed,TSB-HB,0.0
fixed,TSB-HB,0.5576690205400495
fixed,TSB-HB,0.20851176411266348
fixed,TSB-HB,1.0
fixed,TSB-HB,0.40860614776381
fixed,TSB-HB,0.7202507711131019
fixed,TSB-HB,0.0
fixed,TSB-HB,0.7202507711131019
fixed,TSB-HB,0.0
fixed,TSB-HB,0.7468641614191889
fixed,TSB-HB,0.7468641614191889
fixed,TSB-HB,0.7468641614191889
fixed,TSB-HB,0.0
fixed,TSB-HB,0.42262795603318737
fixed,TSB-HB,0.42262795603318737
fixed,TSB-HB,0.4039659981771522
fixed,TSB-HB,0.17533726282122036
fixed,TSB-HB,0.7484307844620992
fixed,TSB-HB,0.0
fixed,TSB-HB,0.4039659981771522
fixed,TSB-HB,0.25136628825519775
fixed,TSB-HB,0.39966851291934097
fixed,TSB-HB,0.0
fixed,TSB-HB,0.8545252380314088
fixed,TSB-HB,0.0
fixed,TSB-HB,0.6507642082666647
fixed,TSB-HB,0.24642615348556102
fixed,TSB-HB,0.0
fixed,TSB-HB,1.0
fixed,TSB-HB,0.7973606372013515
fixed,TSB-HB,0.5844201398458782
fixed,TSB-HB,0.26203272463223154
fixed,TSB-HB,0.5844201398458782
fixed,TSB-HB,0.0
fixed,TSB-HB,0.7469257835701275
fixed,TSB-HB,0.4061863151409212
fixed,TSB-HB,0.0
fixed,TSB-HB,0.6097074922572787
fixed,TSB-HB,0.0
fixed,TSB-HB,0.8598225453210361
fixed,TSB-HB,1.0
fixed,TSB-HB,0.23348522792711757
fixed,TSB-HB,0.5856996059646373
fixed,TSB-HB,0.16674261396355877
fixed,TSB-HB,1.0
fixed,TSB-HB,0.0
fixed,TSB-HB,0.5258013195669566
fixed,TSB-HB,0.0
fixed,TSB-HB,0.5258013195669566
fixed,TSB-HB,0.5258013195669566
fixed,TSB-HB,0.0
fixed,TSB-HB,0.36204533033758535
fixed,TSB-HB,0.36204533033758535
fixed,TSB-HB,0.0
fixed,TSB-HB,0.4740906606751707
fixed,TSB-HB,0.4740906606751707
fixed,TSB-HB,0.5896979204834863
fixed,TSB-HB,0.17912152094799372
fixed,TSB-HB,0.36209079040463615
fixed,TSB-HB,0.7738134808763382
fixed,TSB-HB,0.0
fixed,TSB-HB,0.7738134808763382
fixed,TSB-HB,0.0
fixed,TSB-HB,0.7926074206564582
fixed,TSB-HB,0.7926074206564582
fixed,TSB-HB,0.5718227876905435
fixed,TSB-HB,0.5718227876905435
fixed,TSB-HB,0.0
fixed,TSB-HB,0.0
fixed,TSB-HB,0.0
fixed,TSB-HB,0.7610049614586009
fixed,TSB-HB,0.576170314778092
fixed,TSB-HB,1.0
fixed,TSB-HB,0.23661938275537636
fixed,TSB-HB,0.7346272870499893
fixed,TSB-HB,0.0
fixed,TSB-HB,0.8062070515464875
fixed,TSB-HB,1.0
fixed,TSB-HB,0.266311926020539
fixed,TSB-HB,0.0
fixed,TSB-HB,1.0
fixed,TSB-HB,0.6371451558699742
fixed,TSB-HB,0.2599940358594429
fixed,TSB-HB,0.0
fixed,TSB-HB,0.2599940358594429
fixed,TSB-HB,0.0
fixed,TSB-HB,0.5689611160789819
fixed,TSB-HB,0.2321771573306964
fixed,TSB-HB,0.12202952622178274
fixed,TSB-HB,0.0
fixed,TSB-HB,0.12202952622178274
fixed,TSB-HB,0.37361243293764157
fixed,TSB-HB,0.14405905244356548
fixed,TSB-HB,0.0
fixed,TSB-HB,0.0
fixed,TSB-HB,0.0
fixed,TSB-HB,0.26734078285089724
fixed,TSB-HB,0.0
fixed,TSB-HB,0.6068436310959151
fixed,TSB-HB,0.6444583963425463
fixed,TSB-HB,0.5008238227189904
fixed,TSB-HB,1.0
fixed,TSB-HB,0.0
fixed,TSB-HB,0.0
fixed,TSB-HB,0.0
fixed,TSB-HB,0.6703227207430432
fixed,TSB-HB,0.8788551968117174
fixed,TSB-HB,0.24433239046893365
fixed,TSB-HB,0.48414028484519867
fixed,TSB-HB,0.24433239046893365
fixed,TSB-HB,0.48414028484519867
fixed,TSB-HB,0.42581470185738257
fixed,TSB-HB,0.0
fixed,TSB-HB,0.0
fixed,TSB-HB,0.6146327824968391
fixed,TSB-HB,0.0
fixed,TSB-HB,0.42581470185738257
fixed,TSB-HB,0.3712496839354592
fixed,TSB-HB,0.8399610266062743
fixed,TSB-HB,0.0
fixed,TSB-HB,0.3712496839354592
fixed,TSB-HB,0.0
fixed,TSB-HB,0.0
fixed,TSB-HB,0.2305303968102439
fixed,TSB-HB,0.6041349892911108
fixed,TSB-HB,0.6041349892911108
fixed,TSB-HB,0.6041349892911108
fixed,TSB-HB,1.0
fixed,TSB-HB,0.7583941214729683
fixed,TSB-HB,0.7134922610038159
fixed,TSB-HB,0.5647752842906092
fixed,TSB-HB,0.0
fixed,TSB-HB,0.7134922610038159
fixed,TSB-HB,0.0
fixed,TSB-HB,0.8009964698235319
fixed,TSB-HB,0.7025371334177536
fixed,TSB-HB,0.3658964729435873
fixed,TSB-HB,0.0
fixed,TSB-HB,0.7025371334177536
fixed,TSB-HB,0.0
fixed,TSB-HB,1.0
fixed,TSB-HB,0.5801633169470047
fixed,TSB-HB,0.8588188427029869
fixed,TSB-HB,0.5801633169470047
fixed,TSB-HB,0.7655769407821184
fixed,TSB-HB,0.0
fixed,TSB-HB,0.5801633169470047
fixed,TSB-HB,0.3029525136214745
fixed,TSB-HB,0.5514877114386487
fixed,TSB-HB,0.3029525136214745
fixed,TSB-HB,0.7518369361514543
fixed,TSB-HB,0.3029525136214745
fixed,TSB-HB,0.0
fixed,TSB-HB,0.0
fixed,TSB-HB,0.35318410416841073
fixed,TSB-HB,0.35318410416841073
fixed,TSB-HB,0.35318410416841073
fixed,TSB-HB,0.6076166137269738
fixed,TSB-HB,0.0
fixed,TSB-HB,0.8729991448273315
fixed,TSB-HB,0.33523346897166517
fixed,TSB-HB,0.6930983584920939
fixed,TSB-HB,0.6930983584920939
fixed,TSB-HB,0.33523346897166517
fixed,TSB-HB,0.0
fixed,TSB-HB,0.29047853934032614
fixed,TSB-HB,0.0
fixed,TSB-HB,0.29047853934032614
fixed,TSB-HB,1.0
fixed,TSB-HB,0.0
fixed,TSB-HB,0.0
fixed,TSB-HB,0.0
fixed,TSB-HB,0.6269766551613303
fixed,TSB-HB,0.0
fixed,TSB-HB,0.8052713992729417
fixed,TSB-HB,0.6269766551613303
fixed,TSB-HB,0.6269766551613303
fixed,TSB-HB,0.7661595090293988
fixed,TSB-HB,0.8563741888418271
fixed,TSB-HB,0.5775038988611665
fixed,TSB-HB,0.16078128706345698
fixed,TSB-HB,0.8864457487793032
fixed,TSB-HB,0.7962310689668749
fixed,TSB-HB,0.0
fixed,TSB-HB,0.5188336664703278
fixed,TSB-HB,1.0
fixed,TSB-HB,0.34068536661348375
fixed,TSB-HB,0.34068536661348375
fixed,TSB-HB,0.2483810390425725
fixed,TSB-HB,1.0
fixed,TSB-HB,0.0
fixed,TSB-HB,0.0
fixed,TSB-HB,0.6204197989491915
fixed,TSB-HB,0.7615770326790773
fixed,TSB-HB,0.4575166971782648
fixed,TSB-HB,0.5393067405460116
fixed,TSB-HB,0.0
fixed,TSB-HB,0.5393067405460116
fixed,TSB-HB,0.0
fixed,TSB-HB,0.5393067405460116
fixed,TSB-HB,0.8571458446580905
fixed,TSB-HB,0.40318305876407773
fixed,TSB-HB,0.22414291152189092
fixed,TSB-HB,0.7617436584191443
fixed,TSB-HB,0.4290710321202573
fixed,TSB-HB,0.12482858230437818
fixed,TSB-HB,0.5243350684111023
fixed,TSB-HB,0.43374956068774595
fixed,TSB-HB,0.43374956068774595
fixed,TSB-HB,0.43374956068774595
fixed,TSB-HB,0.0
fixed,TSB-HB,0.0
fixed,TSB-HB,0.43374956068774595
fixed,TSB-HB,1.0
fixed,TSB-HB,0.8571311208045896
fixed,TSB-HB,1.0
fixed,TSB-HB,0.0
fixed,TSB-HB,0.0
fixed,TSB-HB,0.7826860951084756
fixed,TSB-HB,0.7826617755790163
fixed,TSB-HB,0.0
fixed,TSB-HB,1.0
fixed,TSB-HB,1.0
fixed,TSB-HB,0.5353973956294414
fixed,TSB-HB,0.7826617755790163
fixed,TSB-HB,0.6215049078445734
fixed,TSB-HB,1.0
fixed,TSB-HB,1.0
fixed,TSB-HB,0.7958199887892098
fixed,TSB-HB,0.420909282713844
fixed,TSB-HB,0.6215049078445734
fixed,TSB-HB,0.4211695500181345
fixed,TSB-HB,0.8887471805728764
fixed,TSB-HB,1.0
fixed,TSB-HB,1.0
fixed,TSB-HB,0.6170385751807054
fixed,TSB-HB,0.4211695500181345
fixed,TSB-HB,0.40420639572599765
fixed,TSB-HB,0.0
fixed,TSB-HB,0.834787766375159
fixed,TSB-HB,0.6705130588351244
fixed,TSB-HB,0.6705130588351244
fixed,TSB-HB,0.40420639572599765
fixed,TSB-HB,0.5323360208092778
fixed,TSB-HB,0.36781419146134087
fixed,TSB-HB,1.0
fixed,TSB-HB,0.8417353379234137
fixed,TSB-HB,0.36781419146134087
fixed,TSB-HB,0.7775039487190758
fixed,TSB-HB,0.21475576574200467
fixed,TSB-HB,0.5222831783982436
fixed,TSB-HB,1.0
fixed,TSB-HB,0.5502079393341262
fixed,TSB-HB,1.0
fixed,TSB-HB,1.0
fixed,TSB-HB,0.6070746126137758
fixed,TSB-HB,0.0
fixed,TSB-HB,0.6070746126137758
fixed,TSB-HB,0.4183353080121197
fixed,TSB-HB,0.8745745024821764
fixed,TSB-HB,0.4183353080121197
fixed,TSB-HB,0.7220035224093366
fixed,TSB-HB,0.7220035224093366
fixed,TSB-HB,1.0
fixed,TSB-HB,0.7220035224093366
fixed,TSB-HB,0.7220035224093366
fixed,TSB-HB,0.0
fixed,TSB-HB,0.4804820093288402
fixed,TSB-HB,0.20812497938815638
fixed,TSB-HB,0.6776478435502733
fixed,TSB-HB,0.3375666181014808
fixed,TSB-HB,0.7989740078482845
fixed,TSB-HB,0.4804820093288402
fixed,TSB-HB,0.5304588699122791
fixed,TSB-HB,0.5304588699122791
fixed,TSB-HB,0.0
fixed,TSB-HB,0.5304588699122791
fixed,TSB-HB,0.5304588699122791
fixed,TSB-HB,0.5304588699122791
fixed,TSB-HB,0.0
fixed,TSB-HB,0.4454858902447598
fixed,TSB-HB,0.7623856044872565
fixed,TSB-HB,0.7623856044872565
fixed,TSB-HB,0.4454858902447598
fixed,TSB-HB,0.0
fixed,TSB-HB,0.0
fixed,TSB-HB,0.8991234505601563
fixed,TSB-HB,0.0
fixed,TSB-HB,0.0
fixed,TSB-HB,0.45264802101569734
fixed,TSB-HB,0.0
fixed,TSB-HB,0.0
fixed,TSB-HB,0.5787390477932085
fixed,TSB-HB,0.5787390477932085
fixed,TSB-HB,0.5787390477932085
fixed,TSB-HB,0.40503067837415196
fixed,TSB-HB,0.0
fixed,TSB-HB,0.469392722063733
fixed,TSB-HB,1.0
fixed,TSB-HB,0.8630245070855598
fixed,TSB-HB,0.7250280077879562
fixed,TSB-HB,0.469392722063733
fixed,TSB-HB,0.7250280077879562
fixed,TSB-HB,0.3547566381561579
fixed,TSB-HB,0.0
fixed,TSB-HB,0.5674470735672732
fixed,TSB-HB,0.0
fixed,TSB-HB,0.3547566381561579
fixed,TSB-HB,0.0
fixed,TSB-HB,0.7602499954304679
fixed,TSB-HB,0.28764516635266535
fixed,TSB-HB,0.28764516635266535
fixed,TSB-HB,0.0
fixed,TSB-HB,0.0
fixed,TSB-HB,0.0
fixed,TSB-HB,0.2089023203606872
fixed,TSB-HB,0.27109769213519774
fixed,TSB-HB,0.3571272340482118
fixed,TSB-HB,0.7858787076845776
fixed,TSB-HB,0.5210565455725583
fixed,TSB-HB,0.7585176276501231
fixed,TSB-HB,0.802718433932033
fixed,TSB-HB,0.8814739973472787
fixed,TSB-HB,0.5140349886284765
fixed,TSB-HB,0.28439124627242823
fixed,TSB-HB,0.28439124627242823
fixed,TSB-HB,0.28439124627242823
fixed,TSB-HB,0.7687846146736498
fixed,TSB-HB,0.0
fixed,TSB-HB,0.4372203966672319
fixed,TSB-HB,0.0
fixed,TSB-HB,0.0
fixed,TSB-HB,0.5290140921174292
fixed,TSB-HB,0.0
fixed,TSB-HB,0.2799449186805004
fixed,TSB-HB,0.2799449186805004
fixed,TSB-HB,0.5325285470538684
fixed,TSB-HB,0.2799449186805004
fixed,TSB-HB,0.0
fixed,TSB-HB,0.6277898082949983
fixed,TSB-HB,0.0
fixed,TSB-HB,0.47282487694935166
fixed,TSB-HB,0.2696967905735857
fixed,TSB-HB,0.2696967905735857
fixed,TSB-HB,0.2696967905735857
fixed,TSB-HB,0.23520197538845963
fixed,TSB-HB,0.6863446277308858
fixed,TSB-HB,0.23520197538845963
fixed,TSB-HB,0.23520197538845963
fixed,TSB-HB,0.48796788698102656
fixed,TSB-HB,0.8984996120824008
fixed,TSB-HB,0.0
fixed,TSB-HB,0.1833636887349815
fixed,TSB-HB,0.0
fixed,TSB-HB,0.0
fixed,TSB-HB,0.0
fixed,TSB-HB,0.2673617710730889
fixed,TSB-HB,0.20754187529702045
fixed,TSB-HB,0.3609861171838783
fixed,TSB-HB,0.3609861171838783
fixed,TSB-HB,0.20754187529702045
fixed,TSB-HB,1.0
fixed,TSB-HB,0.6691665481769962
fixed,TSB-HB,0.0
fixed,TSB-HB,0.7835016869401458
fixed,TSB-HB,0.5459564827349255
fixed,TSB-HB,1.0
fixed,TSB-HB,1.0
fixed,TSB-HB,0.43774136921414253
fixed,TSB-HB,0.0
fixed,TSB-HB,1.0
fixed,TSB-HB,1.0
fixed,TSB-HB,1.0
fixed,TSB-HB,0.5487853761828746
fixed,TSB-HB,0.653908960239444
fixed,TSB-HB,0.4774230802085633
fixed,TSB-HB,1.0
fixed,TSB-HB,1.0
fixed,TSB-HB,0.7908762111619269
fixed,TSB-HB,0.4774230802085633
fixed,TSB-HB,0.7908762111619269
fixed,TSB-HB,0.22188490368530372
fixed,TSB-HB,0.5108772984387646
fixed,TSB-HB,0.5999858316948777
fixed,TSB-HB,0.0
fixed,TSB-HB,0.366758961595965
fixed,TSB-HB,0.22188490368530372
fixed,TSB-HB,0.5625112963409679
fixed,TSB-HB,1.0
fixed,TSB-HB,1.0
fixed,TSB-HB,0.839471343482176
fixed,TSB-HB,0.5625112963409679
fixed,TSB-HB,0.7542906543597132
fixed,TSB-HB,0.5302454892595192
fixed,TSB-HB,0.6606295527767514
fixed,TSB-HB,1.0
fixed,TSB-HB,0.0
fixed,TSB-HB,0.5302454892595192
fixed,TSB-HB,1.0
fixed,TSB-HB,1.0
fixed,TSB-HB,0.0
fixed,TSB-HB,0.0
fixed,TSB-HB,0.4365665042820458
fixed,TSB-HB,0.7554160141758153
fixed,TSB-HB,0.4365665042820458
fixed,TSB-HB,1.0
fixed,TSB-HB,1.0
fixed,TSB-HB,0.0
fixed,TSB-HB,0.555435991034454
fixed,TSB-HB,1.0
fixed,TSB-HB,1.0
fixed,TSB-HB,1.0
fixed,TSB-HB,1.0
fixed,TSB-HB,1.0
fixed,TSB-HB,1.0
fixed,TSB-HB,1.0
fixed,TSB-HB,0.8136780427278975
fixed,TSB-HB,0.0
fixed,TSB-HB,0.0
fixed,TSB-HB,0.0
fixed,TSB-HB,0.0
fixed,TSB-HB,0.0
fixed,TSB-HB,0.4360296287268914
fixed,TSB-HB,0.0
fixed,TSB-HB,0.7646034479464201
fixed,TSB-HB,0.2555013294737023
fixed,TSB-HB,0.5511008019330316
fixed,TSB-HB,0.1383403110964228
fixed,TSB-HB,0.8475645927201797
fixed,TSB-HB,0.0
fixed,TSB-HB,0.3530723072652855
fixed,TSB-HB,0.3530723072652855
fixed,TSB-HB,0.7385926540298693
fixed,TSB-HB,0.3530723072652855
fixed,TSB-HB,0.5054848898404054
fixed,TSB-HB,0.4531210776433109
fixed,TSB-HB,0.4531210776433109
fixed,TSB-HB,0.6863569569968078
fixed,TSB-HB,0.8325541275131157
fixed,TSB-HB,0.4531210776433109
fixed,TSB-HB,0.0
fixed,TSB-HB,0.6610795792337882
fixed,TSB-HB,1.0
fixed,TSB-HB,0.3968047083818899
fixed,TSB-HB,0.6610795792337882
fixed,TSB-HB,0.8313954583512596
fixed,TSB-HB,0.6610795792337882
fixed,TSB-HB,0.43282343951812596
fixed,TSB-HB,0.59821154435179
fixed,TSB-HB,0.43282343951812596
fixed,TSB-HB,0.8966009830297736
fixed,TSB-HB,0.43282343951812596
fixed,TSB-HB,0.2505573778159775
fixed,TSB-HB,0.7022633594004498
fixed,TSB-HB,0.7022633594004498
fixed,TSB-HB,0.0
fixed,TSB-HB,0.4504992962937582
fixed,TSB-HB,0.8539596129594718
fixed,TSB-HB,0.8539596129594718
fixed,TSB-HB,0.0
fixed,TSB-HB,0.0
fixed,TSB-HB,0.0
fixed,TSB-HB,0.0
fixed,TSB-HB,0.0
fixed,TSB-HB,0.4667024638353602
fixed,TSB-HB,0.0
fixed,TSB-HB,0.7641118777543365
fixed,TSB-HB,0.6221772104171291
fixed,TSB-HB,0.6221772104171291
fixed,TSB-HB,0.6221772104171291
fixed,TSB-HB,1.0
fixed,TSB-HB,0.0
fixed,TSB-HB,0.4779267373902093
fixed,TSB-HB,0.7595298477837571
fixed,TSB-HB,1.0
fixed,TSB-HB,0.0
fixed,TSB-HB,0.0
fixed,TSB-HB,0.22810416460984026
fixed,TSB-HB,0.4589946321847571
fixed,TSB-HB,0.5520014893259044
fixed,TSB-HB,0.7531673846979878
fixed,TSB-HB,0.0
fixed,TSB-HB,0.6660401720286677
fixed,TSB-HB,0.0
fixed,TSB-HB,1.0
fixed,TSB-HB,1.0
fixed,TSB-HB,0.2736262995241553
fixed,TSB-HB,0.2736262995241553
fixed,TSB-HB,0.6767078801954534
fixed,TSB-HB,0.0
fixed,TSB-HB,0.4126479965537221
fixed,TSB-HB,0.0
fixed,TSB-HB,0.592755133459014
fixed,TSB-HB,0.0
fixed,TSB-HB,0.592755133459014
fixed,TSB-HB,0.0
fixed,TSB-HB,0.7505950168251104
fixed,TSB-HB,0.4427120665186669
fixed,TSB-HB,0.8987985308096883
fixed,TSB-HB,0.0
fixed,TSB-HB,0.7505950168251104
fixed,TSB-HB,0.7545644382368488
fixed,TSB-HB,0.7545644382368488
fixed,TSB-HB,0.3922549613227302
fixed,TSB-HB,1.0
fixed,TSB-HB,0.0
fixed,TSB-HB,0.3922549613227302
fixed,TSB-HB,0.4333106443003013
fixed,TSB-HB,0.0
fixed,TSB-HB,0.7863180760499859
fixed,TSB-HB,0.0
fixed,TSB-HB,0.8753816636469594
fixed,TSB-HB,0.0
fixed,TSB-HB,0.6561221553855795
fixed,TSB-HB,0.8125166315310192
fixed,TSB-HB,0.6561221553855795
fixed,TSB-HB,0.0
fixed,TSB-HB,0.0
fixed,TSB-HB,0.39948443551766777
fixed,TSB-HB,0.0
fixed,TSB-HB,0.4391564199641185
fixed,TSB-HB,0.0
fixed,TSB-HB,0.7404235861483569
fixed,TSB-HB,0.31978491467582815
fixed,TSB-HB,1.0
fixed,TSB-HB,0.0
fixed,TSB-HB,0.0
fixed,TSB-HB,1.0
fixed,TSB-HB,0.0
fixed,TSB-HB,1.0
fixed,TSB-HB,0.5316930561051432
fixed,TSB-HB,0.5429211957899688
fixed,TSB-HB,0.5429211957899688
fixed,TSB-HB,0.0
fixed,TSB-HB,0.5429211957899688
fixed,TSB-HB,1.0
fixed,TSB-HB,0.7588807548358842
fixed,TSB-HB,0.0
fixed,TSB-HB,0.0
fixed,TSB-HB,0.0
fixed,TSB-HB,1.0
fixed,TSB-HB,0.5016980102796307
fixed,TSB-HB,0.5016980102796307
fixed,TSB-HB,0.34243257228596813
fixed,TSB-HB,0.7941139856353848
fixed,TSB-HB,0.602580933457411
fixed,TSB-HB,0.34243257228596813
fixed,TSB-HB,0.7941139856353848
fixed,TSB-HB,0.34243257228596813
fixed,TSB-HB,0.0
fixed,TSB-HB,0.8463145605397904
fixed,TSB-HB,0.4108534779756525
fixed,TSB-HB,0.0
fixed,TSB-HB,0.0
fixed,TSB-HB,0.4108534779756525
fixed,TSB-HB,0.7365422914748826
fixed,TSB-HB,0.5874016629318347
fixed,TSB-HB,1.0
fixed,TSB-HB,0.8093522420137346
fixed,TSB-HB,0.8093522420137346
fixed,TSB-HB,0.2201543224642328
fixed,TSB-HB,1.0
fixed,TSB-HB,0.4626623900706675
fixed,TSB-HB,0.8369313831790938
fixed,TSB-HB,0.6944642657360608
fixed,TSB-HB,0.0
fixed,TSB-HB,0.0
fixed,TSB-HB,0.0
fixed,TSB-HB,0.0
fixed,TSB-HB,0.8076876327549631
fixed,TSB-HB,0.0
fixed,TSB-HB,0.641704119772927
fixed,TSB-HB,0.21177158577244162
fixed,TSB-HB,0.0
fixed,TSB-HB,0.5114758055875821
fixed,TSB-HB,1.0
fixed,TSB-HB,0.0
fixed,TSB-HB,0.5114758055875821
fixed,TSB-HB,0.0
fixed,TSB-HB,0.3088098573926857
fixed,TSB-HB,0.5541389604308489
fixed,TSB-HB,1.0
fixed,TSB-HB,1.0
fixed,TSB-HB,0.0
fixed,TSB-HB,0.0
fixed,TSB-HB,0.46226807960820293
fixed,TSB-HB,0.7133437261890306
fixed,TSB-HB,0.7133437261890306
fixed,TSB-HB,0.0
fixed,TSB-HB,0.0
fixed,TSB-HB,0.0
fixed,TSB-HB,0.5133681811412866
fixed,TSB-HB,0.5133681811412866
fixed,TSB-HB,0.5133681811412866
fixed,TSB-HB,0.3800875886570315
fixed,TSB-HB,0.6842776793961083
fixed,TSB-HB,0.8788524888444827
fixed,TSB-HB,0.15766452456558902
fixed,TSB-HB,0.215329049131178
fixed,TSB-HB,0.0
fixed,TSB-HB,0.215329049131178
fixed,TSB-HB,0.0
fixed,TSB-HB,1.0
fixed,TSB-HB,0.41795908401739396
fixed,TSB-HB,0.6702630035034283
fixed,TSB-HB,0.41795908401739396
fixed,TSB-HB,1.0
fixed,TSB-HB,0.0
fixed,TSB-HB,0.8329670508466976
fixed,TSB-HB,0.622664460057477
fixed,TSB-HB,1.0
fixed,TSB-HB,0.622664460057477
fixed,TSB-HB,1.0
fixed,TSB-HB,0.622664460057477
fixed,TSB-HB,0.4817417681534084
fixed,TSB-HB,1.0
fixed,TSB-HB,0.5036925580968277
fixed,TSB-HB,0.8785893513469336
fixed,TSB-HB,0.2596558400044492
fixed,TSB-HB,0.7993524727981053
fixed,TSB-HB,0.5036925580968277
fixed,TSB-HB,0.7615541549794554
fixed,TSB-HB,0.0
fixed,TSB-HB,0.5466841113936867
fixed,TSB-HB,0.0
fixed,TSB-HB,0.2662745981855882
fixed,TSB-HB,0.2662745981855882
fixed,TSB-HB,0.6258418621280805
fixed,TSB-HB,0.3882776022670653
fixed,TSB-HB,0.0
fixed,TSB-HB,0.0
fixed,TSB-HB,0.3882776022670653
fixed,TSB-HB,0.3882776022670653
fixed,TSB-HB,0.0
fixed,TSB-HB,0.0
fixed,TSB-HB,0.6477341054618774
fixed,TSB-HB,0.43364091965966506
fixed,TSB-HB,0.43364091965966506
fixed,TSB-HB,0.43364091965966506
fixed,TSB-HB,0.8645416764026757
fixed,TSB-HB,0.5691760023586994
fixed,TSB-HB,0.0
fixed,TSB-HB,1.0
fixed,TSB-HB,0.7648151556326831
fixed,TSB-HB,0.7648151556326831
fixed,TSB-HB,0.8914021419073713
fixed,TSB-HB,0.2577887436281048
fixed,TSB-HB,0.2577887436281048
fixed,TSB-HB,0.2577887436281048
fixed,TSB-HB,0.0
fixed,TSB-HB,0.2577887436281048
fixed,TSB-HB,1.0
fixed,TSB-HB,1.0
fixed,TSB-HB,0.8933783648337658
fixed,TSB-HB,0.0
fixed,TSB-HB,0.0
fixed,TSB-HB,0.0
fixed,TSB-HB,0.34182517341855373
fixed,TSB-HB,0.0
fixed,TSB-HB,0.0
fixed,TSB-HB,0.0
fixed,TSB-HB,0.6505604217149752
fixed,TSB-HB,0.34182517341855373
fixed,TSB-HB,0.4032622413219541
fixed,TSB-HB,0.4032622413219541
fixed,TSB-HB,0.0
fixed,TSB-HB,0.8203765543699348
fixed,TSB-HB,0.6646695006996001
fixed,TSB-HB,1.0
fixed,TSB-HB,0.0
fixed,TSB-HB,0.0
fixed,TSB-HB,0.5122808481948639
fixed,TSB-HB,0.0
fixed,TSB-HB,0.8058660130234764
fixed,TSB-HB,0.0
fixed,TSB-HB,0.0
fixed,TSB-HB,0.5086094050318547
fixed,TSB-HB,0.5086094050318547
fixed,TSB-HB,0.31758553134913703
fixed,TSB-HB,0.5086094050318547
fixed,TSB-HB,0.8089432618473902
fixed,TSB-HB,0.0
fixed,TSB-HB,0.4145113091939805
fixed,TSB-HB,0.4145113091939805
fixed,TSB-HB,0.4145113091939805
fixed,TSB-HB,0.4145113091939805
fixed,TSB-HB,0.685422573331266
fixed,TSB-HB,0.7949019485445419
fixed,TSB-HB,0.36119968393939944
fixed,TSB-HB,0.7949019485445419
fixed,TSB-HB,0.7455444313937037
fixed,TSB-HB,0.5210423680586664
fixed,TSB-HB,0.6332933997261851
fixed,TSB-HB,0.0
fixed,TSB-HB,0.0
fixed,TSB-HB,0.48397378103679733
fixed,TSB-HB,0.0
fixed,TSB-HB,0.0
fixed,TSB-HB,0.48397378103679733
fixed,TSB-HB,0.4455724379282159
fixed,TSB-HB,0.0
fixed,TSB-HB,0.6101690366901261
fixed,TSB-HB,0.24350142630315874
fixed,TSB-HB,0.34065963194334814
fixed,TSB-HB,0.6101690366901261
fixed,TSB-HB,0.4530442052857623
fixed,TSB-HB,0.0
fixed,TSB-HB,0.7074602439568602
fixed,TSB-HB,0.0
fixed,TSB-HB,0.7074602439568602
fixed,TSB-HB,0.7074602439568602
fixed,TSB-HB,0.4642037449991736
fixed,TSB-HB,0.4642037449991736
fixed,TSB-HB,0.4642037449991736
fixed,TSB-HB,0.0
fixed,TSB-HB,0.0
fixed,TSB-HB,0.0
fixed,TSB-HB,1.0
fixed,TSB-HB,1.0
fixed,TSB-HB,0.6773841261169019
fixed,TSB-HB,1.0
fixed,TSB-HB,0.5985878163694706
fixed,TSB-HB,0.5197915066220392
fixed,TSB-HB,0.0
fixed,TSB-HB,0.7037000762902887
fixed,TSB-HB,0.4546734044145884
fixed,TSB-HB,0.4546734044145884
fixed,TSB-HB,0.4546734044145884
fixed,TSB-HB,0.4546734044145884
fixed,TSB-HB,0.0
fixed,TSB-HB,0.8548328144583629
fixed,TSB-HB,0.8548328144583629
fixed,TSB-HB,1.0
fixed,TSB-HB,0.0
fixed,TSB-HB,0.7223210681941941
fixed,TSB-HB,0.0
fixed,TSB-HB,0.3938245006849
fixed,TSB-HB,0.2110860055901897
fixed,TSB-HB,0.6540827448296593
fixed,TSB-HB,0.6540827448296593
fixed,TSB-HB,1.0
fixed,TSB-HB,0.31512194447791153
fixed,TSB-HB,0.7699279089076665
fixed,TSB-HB,0.48694908155340944
fixed,TSB-HB,0.48694908155340944
fixed,TSB-HB,0.48694908155340944
fixed,TSB-HB,0.8239245170020142
fixed,TSB-HB,0.0
fixed,TSB-HB,0.0
fixed,TSB-HB,0.0
fixed,TSB-HB,0.29743032729390534
fixed,TSB-HB,0.29743032729390534
fixed,TSB-HB,0.29743032729390534
fixed,TSB-HB,0.0
fixed,TSB-HB,0.0
fixed,TSB-HB,0.3559969372864482
fixed,TSB-HB,0.3559969372864482
fixed,TSB-HB,1.0
fixed,TSB-HB,0.0
fixed,TSB-HB,0.0
fixed,TSB-HB,0.7565631251119673
fixed,TSB-HB,0.8134122006509339
fixed,TSB-HB,0.7565631251119673
fixed,TSB-HB,0.0
fixed,TSB-HB,0.6392274390414907
fixed,TSB-HB,0.5157888719641124
fixed,TSB-HB,0.3775912185974835
fixed,TSB-HB,0.4495384337421956
fixed,TSB-HB,0.5686597614621953
fixed,TSB-HB,0.0
fixed,TSB-HB,0.5157888719641124
fixed,TSB-HB,0.0
fixed,TSB-HB,0.0
fixed,TSB-HB,0.7471759072883365
fixed,TSB-HB,0.5540174297196615
fixed,TSB-HB,0.5540174297196615
fixed,TSB-HB,0.5540174297196615
fixed,TSB-HB,0.0
fixed,TSB-HB,0.35372931542987707
fixed,TSB-HB,0.45745863085975413
fixed,TSB-HB,0.45745863085975413
fixed,TSB-HB,0.0
fixed,TSB-HB,0.5770820074506225
fixed,TSB-HB,0.0
fixed,TSB-HB,0.6472845283583826
fixed,TSB-HB,0.31036537362300837
fixed,TSB-HB,0.3928269928805129
fixed,TSB-HB,0.3433500213260102
fixed,TSB-HB,0.3433500213260102
fixed,TSB-HB,0.0
fixed,TSB-HB,1.0
fixed,TSB-HB,0.0
fixed,TSB-HB,0.48307045285980693
fixed,TSB-HB,0.48307045285980693
fixed,TSB-HB,0.48307045285980693
fixed,TSB-HB,0.7821522750194732
fixed,TSB-HB,0.8864351431428825
fixed,TSB-HB,0.8864351431428825
fixed,TSB-HB,1.0
fixed,TSB-HB,0.37119893558421685
fixed,TSB-HB,0.5958330513977081
fixed,TSB-HB,0.8086805594733044
fixed,TSB-HB,0.5172128333962814
fixed,TSB-HB,0.5172128333962814
fixed,TSB-HB,0.0
fixed,TSB-HB,0.5172128333962814
fixed,TSB-HB,0.5172128333962814
fixed,TSB-HB,0.0
fixed,TSB-HB,0.6209055627874427
fixed,TSB-HB,0.6209055627874427
fixed,TSB-HB,0.6209055627874427
fixed,TSB-HB,0.7844503593192839
fixed,TSB-HB,0.6209055627874427
fixed,TSB-HB,0.29174856207948996
fixed,TSB-HB,0.800415895490537
fixed,TSB-HB,0.29174856207948996
fixed,TSB-HB,0.8820363470798694
fixed,TSB-HB,1.0
fixed,TSB-HB,0.6819265052589919
fixed,TSB-HB,0.0
fixed,TSB-HB,0.5969979100774073
fixed,TSB-HB,0.7781475781142756
fixed,TSB-HB,0.5969979100774073
fixed,TSB-HB,0.3285004573904511
fixed,TSB-HB,0.5969979100774073
fixed,TSB-HB,0.3890378590263186
fixed,TSB-HB,0.0
fixed,TSB-HB,0.3890378590263186
fixed,TSB-HB,0.5042625005521119
fixed,TSB-HB,0.3890378590263186
fixed,TSB-HB,1.0
fixed,TSB-HB,0.0
fixed,TSB-HB,0.25271432974614705
fixed,TSB-HB,0.4270961504073339
fixed,TSB-HB,0.25271432974614705
fixed,TSB-HB,0.6931941118098622
fixed,TSB-HB,0.5710685176912591
fixed,TSB-HB,0.0
fixed,TSB-HB,0.0
fixed,TSB-HB,0.4400905416940203
fixed,TSB-HB,0.34504527084701014
fixed,TSB-HB,0.5354739720149616
fixed,TSB-HB,0.5354739720149616
fixed,TSB-HB,0.4136687756084405
fixed,TSB-HB,0.0
fixed,TSB-HB,0.882513092467027
fixed,TSB-HB,0.5761975066194442
fixed,TSB-HB,0.5761975066194442
fixed,TSB-HB,0.5761975066194442
fixed,TSB-HB,0.0
fixed,TSB-HB,0.0
fixed,TSB-HB,0.8897235950112673
fixed,TSB-HB,0.4165194910794533
fixed,TSB-HB,0.0
fixed,TSB-HB,0.4165194910794533
fixed,TSB-HB,0.0
fixed,TSB-HB,0.49381736061383785
fixed,TSB-HB,1.0
fixed,TSB-HB,0.49381736061383785
fixed,TSB-HB,0.49381736061383785
fixed,TSB-HB,0.49381736061383785
fixed,TSB-HB,0.48817616249882795
fixed,TSB-HB,0.48817616249882795
fixed,TSB-HB,1.0
fixed,TSB-HB,0.7717447809144365
fixed,TSB-HB,0.0
fixed,TSB-HB,0.0
fixed,TSB-HB,0.5975985392298281
fixed,TSB-HB,0.719723047270474
fixed,TSB-HB,0.26803885528327465
fixed,TSB-HB,0.7863821597774301
fixed,TSB-HB,0.4612065918721408
fixed,TSB-HB,0.4612065918721408
fixed,TSB-HB,0.5888382882158343
fixed,TSB-HB,0.4383827111062477
fixed,TSB-HB,0.7913438020444019
fixed,TSB-HB,0.5888382882158343
fixed,TSB-HB,0.4383827111062477
fixed,TSB-HB,0.2459658677707093
fixed,TSB-HB,0.502196760674086
fixed,TSB-HB,0.7863027215538129
fixed,TSB-HB,0.3288409578712857
fixed,TSB-HB,0.0
fixed,TSB-HB,0.3288409578712857
fixed,TSB-HB,0.502196760674086
fixed,TSB-HB,0.0
fixed,TSB-HB,0.5004837715012908
fixed,TSB-HB,0.7445781974571527
fixed,TSB-HB,0.2553950401055736
fixed,TSB-HB,0.3780621916660596
fixed,TSB-HB,0.7819429663405695
fixed,TSB-HB,0.35519774662590786
fixed,TSB-HB,0.35519774662590786
fixed,TSB-HB,0.0
fixed,TSB-HB,0.35519774662590786
fixed,TSB-HB,1.0
fixed,TSB-HB,0.625013837593382
fixed,TSB-HB,0.4211990391046713
fixed,TSB-HB,0.4211990391046713
fixed,TSB-HB,0.23264481045824192
fixed,TSB-HB,0.5832882981243027
fixed,TSB-HB,0.23264481045824192
fixed,TSB-HB,1.0
fixed,TSB-HB,0.0
fixed,TSB-HB,0.3160713535380059
fixed,TSB-HB,0.2350696458109081
fixed,TSB-HB,0.5097702702654052
fixed,TSB-HB,0.3160713535380059
fixed,TSB-HB,0.6499899617543834
fixed,TSB-HB,0.41985508676606564
fixed,TSB-HB,0.0
fixed,TSB-HB,0.0
fixed,TSB-HB,0.0
fixed,TSB-HB,0.0
fixed,TSB-HB,0.41985508676606564
fixed,TSB-HB,0.7336388760002102
fixed,TSB-HB,0.0
fixed,TSB-HB,0.0
fixed,TSB-HB,0.14571968918474726
fixed,TSB-HB,0.0
fixed,TSB-HB,0.7336388760002102
fixed,TSB-HB,0.4100970752144343
fixed,TSB-HB,0.8538967487288275
fixed,TSB-HB,0.6468321698675703
fixed,TSB-HB,0.2268534528873795
fixed,TSB-HB,0.8030318953568044
fixed,TSB-HB,0.8538967487288275
fixed,TSB-HB,0.4803938210902169
fixed,TSB-HB,0.2993174243862784
fixed,TSB-HB,1.0
fixed,TSB-HB,1.0
fixed,TSB-HB,0.7631834816091563
fixed,TSB-HB,0.8339549680751983
fixed,TSB-HB,0.3243884263714646
fixed,TSB-HB,0.0
fixed,TSB-HB,0.0
fixed,TSB-HB,0.6018274929213291
fixed,TSB-HB,0.6018274929213291
fixed,TSB-HB,0.6018274929213291
fixed,TSB-HB,0.5007971482379748
fixed,TSB-HB,1.0
fixed,TSB-HB,0.0
fixed,TSB-HB,0.5007971482379748
fixed,TSB-HB,1.0
fixed,TSB-HB,0.8178488986057083
fixed,TSB-HB,0.5013178762168891
fixed,TSB-HB,0.7804466922259724
fixed,TSB-HB,0.5013178762168891
fixed,TSB-HB,0.0
fixed,TSB-HB,0.0
fixed,TSB-HB,0.0
fixed,TSB-HB,0.35370561535881906
fixed,TSB-HB,1.0
fixed,TSB-HB,0.0
fixed,TSB-HB,0.8283396967128275
fixed,TSB-HB,1.0
fixed,TSB-HB,0.6522024440044747
fixed,TSB-HB,0.48303653323532375
fixed,TSB-HB,0.8056912638787039
fixed,TSB-HB,1.0
fixed,TSB-HB,0.48303653323532375
fixed,TSB-HB,0.48303653323532375
fixed,TSB-HB,0.0
fixed,TSB-HB,0.0
fixed,TSB-HB,0.42964086456842965
fixed,TSB-HB,0.42964086456842965
fixed,TSB-HB,0.6301023890131838
fixed,TSB-HB,0.42964086456842965
fixed,TSB-HB,0.42964086456842965
fixed,TSB-HB,0.0
fixed,TSB-HB,0.7718483145787582
fixed,TSB-HB,0.0
fixed,TSB-HB,0.4841631547340756
fixed,TSB-HB,0.4841631547340756
fixed,TSB-HB,0.7718483145787582
fixed,TSB-HB,0.4666643031747326
fixed,TSB-HB,0.0
fixed,TSB-HB,0.0
fixed,TSB-HB,0.7559669361462119
fixed,TSB-HB,0.0
fixed,TSB-HB,0.7559669361462119
fixed,TSB-HB,0.0
fixed,TSB-HB,0.49169786111588265
fixed,TSB-HB,0.0
fixed,TSB-HB,0.0
fixed,TSB-HB,0.0
fixed,TSB-HB,0.572619371634936
fixed,TSB-HB,0.48923565527452995
fixed,TSB-HB,0.8682389299669347
fixed,TSB-HB,0.0
fixed,TSB-HB,0.48923565527452995
fixed,TSB-HB,0.23731237249104825
fixed,TSB-HB,0.23731237249104825
fixed,TSB-HB,0.717052205065813
fixed,TSB-HB,0.717052205065813
fixed,TSB-HB,0.0
fixed,TSB-HB,0.717052205065813
fixed,TSB-HB,0.4329835301323221
fixed,TSB-HB,0.717052205065813
fixed,TSB-HB,0.0
fixed,TSB-HB,0.0
fixed,TSB-HB,0.0
fixed,TSB-HB,0.0
fixed,TSB-HB,0.6217835363819225
fixed,TSB-HB,0.4246264804907504
fixed,TSB-HB,0.0
fixed,TSB-HB,0.0
fixed,TSB-HB,0.4547672406830205
fixed,TSB-HB,0.4547672406830205
fixed,TSB-HB,0.4547672406830205
fixed,TSB-HB,0.4547672406830205
fixed,TSB-HB,0.0
fixed,TSB-HB,0.516585516953812
fixed,TSB-HB,0.29550366009208456
fixed,TSB-HB,0.7137667374195888
fixed,TSB-HB,0.516585516953812
fixed,TSB-HB,0.7137667374195888
fixed,TSB-HB,0.0
fixed,TSB-HB,0.7227240411750916
fixed,TSB-HB,0.5098612999349035
fixed,TSB-HB,0.0
fixed,TSB-HB,0.24516439058428183
fixed,TSB-HB,0.24516439058428183
fixed,TSB-HB,0.0
fixed,TSB-HB,0.535709770597198
fixed,TSB-HB,0.261507147983179
fixed,TSB-HB,0.261507147983179
fixed,TSB-HB,0.261507147983179
fixed,TSB-HB,0.7517072219143673
fixed,TSB-HB,0.24744058086504242
fixed,TSB-HB,0.887701870555212
fixed,TSB-HB,0.24744058086504242
fixed,TSB-HB,0.24744058086504242
fixed,TSB-HB,0.887701870555212
fixed,TSB-HB,0.49640823236894605
fixed,TSB-HB,0.29739282287872065
fixed,TSB-HB,0.0
fixed,TSB-HB,0.29739282287872065
fixed,TSB-HB,0.8492297576335575
fixed,TSB-HB,1.0
fixed,TSB-HB,0.8492297576335575
fixed,TSB-HB,0.3855149856297801
fixed,TSB-HB,0.20660613575569137
fixed,TSB-HB,0.3855149856297801
fixed,TSB-HB,1.0
fixed,TSB-HB,0.0
fixed,TSB-HB,0.7532374493790387
fixed,TSB-HB,0.17132390307369244
fixed,TSB-HB,0.0
fixed,TSB-HB,0.8562145379052488
fixed,TSB-HB,0.5431698554707466
fixed,TSB-HB,0.3861729077517298
fixed,TSB-HB,0.12377463435789748
fixed,TSB-HB,0.0
fixed,TSB-HB,0.5540687290410452
fixed,TSB-HB,0.33794120071209577
fixed,TSB-HB,0.0
fixed,TSB-HB,0.0
fixed,TSB-HB,0.33794120071209577
fixed,TSB-HB,0.0
fixed,TSB-HB,0.28624105580928827
fixed,TSB-HB,0.4644487751431255
fixed,TSB-HB,0.0
fixed,TSB-HB,0.7250491291595473
fixed,TSB-HB,1.0
fixed,TSB-HB,0.4533195012552081
fixed,TSB-HB,0.5929994433728552
fixed,TSB-HB,1.0
fixed,TSB-HB,0.7178694059582374
fixed,TSB-HB,0.7630428226444493
fixed,TSB-HB,0.8167860896550785
fixed,TSB-HB,0.34626105260386697
fixed,TSB-HB,1.0
fixed,TSB-HB,0.0
fixed,TSB-HB,0.6961128609060934
fixed,TSB-HB,0.6961128609060934
fixed,TSB-HB,0.8700768896088943
fixed,TSB-HB,0.0
fixed,TSB-HB,0.24489371128693602
fixed,TSB-HB,0.0
fixed,TSB-HB,0.47202059631152793
fixed,TSB-HB,0.24489371128693602
fixed,TSB-HB,0.24489371128693602
fixed,TSB-HB,0.0
fixed,TSB-HB,0.8962699875039185
fixed,TSB-HB,0.7203940952035113
fixed,TSB-HB,0.39507607357102603
fixed,TSB-HB,0.0
fixed,TSB-HB,0.8162750206549848
fixed,TSB-HB,0.5884024813637966
fixed,TSB-HB,0.43426159290861643
fixed,TSB-HB,0.0
fixed,TSB-HB,0.7251424322979928
fixed,TSB-HB,0.24863867526642322
fixed,TSB-HB,0.0
fixed,TSB-HB,0.0
fixed,TSB-HB,0.830427853773357
fixed,TSB-HB,0.463475378823291
fixed,TSB-HB,0.463475378823291
fixed,TSB-HB,0.0
fixed,TSB-HB,0.690001823925938
fixed,TSB-HB,0.6846903217364514
fixed,TSB-HB,0.47313306745853506
fixed,TSB-HB,0.6846903217364514
fixed,TSB-HB,0.582618594831418
fixed,TSB-HB,1.0
fixed,TSB-HB,0.7642717557354384
fixed,TSB-HB,0.7670884727132455
fixed,TSB-HB,0.7670884727132455
fixed,TSB-HB,0.0
fixed,TSB-HB,0.7670884727132455
fixed,TSB-HB,0.2768826069004532
fixed,TSB-HB,0.0
fixed,TSB-HB,0.0
fixed,TSB-HB,0.28876892614559724
fixed,TSB-HB,0.28876892614559724
fixed,TSB-HB,0.0
fixed,TSB-HB,0.0
fixed,TSB-HB,0.0
fixed,TSB-HB,0.5080552889498116
fixed,TSB-HB,0.7648185158194994
fixed,TSB-HB,0.5080552889498116
fixed,TSB-HB,0.5080552889498116
fixed,TSB-HB,0.5080552889498116
fixed,TSB-HB,0.7648185158194994
fixed,TSB-HB,0.5620093078637183
fixed,TSB-HB,0.7048796557654444
fixed,TSB-HB,0.22530745481876632
fixed,TSB-HB,0.22530745481876632
fixed,TSB-HB,0.22530745481876632
fixed,TSB-HB,0.0
fixed,TSB-HB,0.4651951841410481
fixed,TSB-HB,0.0
fixed,TSB-HB,0.846334845373742
fixed,TSB-HB,0.4651951841410481
fixed,TSB-HB,0.4651951841410481
fixed,TSB-HB,0.4651951841410481
fixed,TSB-HB,0.46963111873198493
fixed,TSB-HB,0.0
fixed,TSB-HB,0.46963111873198493
fixed,TSB-HB,0.0
fixed,TSB-HB,0.46963111873198493
fixed,TSB-HB,0.46963111873198493
fixed,TSB-HB,0.3008694250454498
fixed,TSB-HB,0.3008694250454498
fixed,TSB-HB,0.4557066261016009
fixed,TSB-HB,0.755676954429247
fixed,TSB-HB,0.0
fixed,TSB-HB,0.0
fixed,TSB-HB,0.24490630993442486
fixed,TSB-HB,1.0
fixed,TSB-HB,0.24490630993442486
fixed,TSB-HB,0.7729563009266202
fixed,TSB-HB,0.4558714939063311
fixed,TSB-HB,1.0
fixed,TSB-HB,0.3218005274074398
fixed,TSB-HB,0.6059607068512202
fixed,TSB-HB,0.7920789261683205
fixed,TSB-HB,0.0
fixed,TSB-HB,0.8988696284254022
fixed,TSB-HB,0.0
fixed,TSB-HB,0.690834551511817
fixed,TSB-HB,1.0
fixed,TSB-HB,0.0
fixed,TSB-HB,0.44444970257107175
fixed,TSB-HB,0.0
fixed,TSB-HB,0.44444970257107175
fixed,TSB-HB,0.0
fixed,TSB-HB,0.4031442331820524
fixed,TSB-HB,0.4031442331820524
fixed,TSB-HB,0.0
fixed,TSB-HB,0.0
fixed,TSB-HB,0.0
fixed,TSB-HB,0.35850015251244943
fixed,TSB-HB,0.7082164542832543
fixed,TSB-HB,0.35850015251244943
fixed,TSB-HB,0.0
fixed,TSB-HB,0.35850015251244943
fixed,TSB-HB,0.0
fixed,TSB-HB,1.0
fixed,TSB-HB,1.0
fixed,TSB-HB,0.0
fixed,TSB-HB,0.6220565457161741
fixed,TSB-HB,0.0
fixed,TSB-HB,0.0
fixed,TSB-HB,0.0
fixed,TSB-HB,0.21008557674420525
fixed,TSB-HB,0.554686286018164
fixed,TSB-HB,0.0
fixed,TSB-HB,0.3776285684918536
fixed,TSB-HB,0.21008557674420525
fixed,TSB-HB,0.0
fixed,TSB-HB,1.0
fixed,TSB-HB,0.3194446494985339
fixed,TSB-HB,0.0
fixed,TSB-HB,0.0
fixed,TSB-HB,0.0
fixed,TSB-HB,0.5302959475614749
fixed,TSB-HB,0.7656383169163309
fixed,TSB-HB,0.6575456274769955
fixed,TSB-HB,0.0
fixed,TSB-HB,0.5302959475614749
fixed,TSB-HB,1.0
fixed,TSB-HB,0.3460796923399735
fixed,TSB-HB,0.3460796923399735
fixed,TSB-HB,0.0
fixed,TSB-HB,0.0
fixed,TSB-HB,0.0
fixed,TSB-HB,0.0
fixed,TSB-HB,0.2636636570870283
fixed,TSB-HB,0.5148670725279348
fixed,TSB-HB,0.0
fixed,TSB-HB,0.7199414568158489
fixed,TSB-HB,0.7199414568158489
fixed,TSB-HB,0.7199414568158489
fixed,TSB-HB,0.4205097414139608
fixed,TSB-HB,0.4205097414139608
fixed,TSB-HB,0.4205097414139608
fixed,TSB-HB,0.0
fixed,TSB-HB,0.6077018865458129
fixed,TSB-HB,0.0
fixed,TSB-HB,0.0
fixed,TSB-HB,1.0
fixed,TSB-HB,0.786807383155911
fixed,TSB-HB,0.786807383155911
fixed,TSB-HB,1.0
fixed,TSB-HB,0.786807383155911
fixed,TSB-HB,0.0
fixed,TSB-HB,0.18344322919543415
fixed,TSB-HB,0.0
fixed,TSB-HB,0.18344322919543415
fixed,TSB-HB,0.18344322919543415
fixed,TSB-HB,0.0
fixed,TSB-HB,0.3728091720061759
fixed,TSB-HB,1.0
fixed,TSB-HB,0.644932132937905
fixed,TSB-HB,0.8036649524767507
fixed,TSB-HB,1.0
fixed,TSB-HB,0.39808532369363997
fixed,TSB-HB,0.0
fixed,TSB-HB,0.6501952758407592
fixed,TSB-HB,1.0
fixed,TSB-HB,1.0
fixed,TSB-HB,0.0
fixed,TSB-HB,0.0
fixed,TSB-HB,0.8829376809088919
fixed,TSB-HB,0.0
fixed,TSB-HB,0.34664238269933856
fixed,TSB-HB,0.7819617631118744
fixed,TSB-HB,0.5979335730436337
fixed,TSB-HB,0.34664238269933856
fixed,TSB-HB,0.0
fixed,TSB-HB,0.0
fixed,TSB-HB,0.0
fixed,TSB-HB,0.0
fixed,TSB-HB,0.40785411240486763
fixed,TSB-HB,0.2147530004924218
fixed,TSB-HB,0.34529357475628003
fixed,TSB-HB,0.6095903890987007
fixed,TSB-HB,0.34529357475628003
fixed,TSB-HB,0.34529357475628003
fixed,TSB-HB,0.0
fixed,TSB-HB,0.0
fixed,TSB-HB,1.0
fixed,TSB-HB,0.0
fixed,TSB-HB,0.5336298339611252
fixed,TSB-HB,0.8264993255010409
fixed,TSB-HB,0.8264993255010409
fixed,TSB-HB,0.5336298339611252
fixed,TSB-HB,0.6335788255525353
fixed,TSB-HB,0.4446154340732996
fixed,TSB-HB,0.8533289416996396
fixed,TSB-HB,0.4446154340732996
fixed,TSB-HB,0.22558198173245023
fixed,TSB-HB,0.8533289416996396
fixed,TSB-HB,0.35527641596327664
fixed,TSB-HB,0.0
fixed,TSB-HB,0.35527641596327664
fixed,TSB-HB,0.8730189079245044
fixed,TSB-HB,0.5964987656447537
fixed,TSB-HB,1.0
fixed,TSB-HB,0.0
fixed,TSB-HB,0.7816768075045991
fixed,TSB-HB,1.0
fixed,TSB-HB,0.7816768075045991
fixed,TSB-HB,0.5030635099514521
fixed,TSB-HB,0.7816768075045991
fixed,TSB-HB,0.8362147474212442
fixed,TSB-HB,0.750112112906127
fixed,TSB-HB,0.36337131315369336
fixed,TSB-HB,0.750112112906127
fixed,TSB-HB,0.0
fixed,TSB-HB,0.0
fixed,TSB-HB,0.0
fixed,TSB-HB,0.7897906744994112
fixed,TSB-HB,0.0
fixed,TSB-HB,0.6602433672170847
fixed,TSB-HB,0.47355058241508574
fixed,TSB-HB,0.47355058241508574
fixed,TSB-HB,0.616259020907051
fixed,TSB-HB,0.616259020907051
fixed,TSB-HB,0.4483825408459517
fixed,TSB-HB,0.616259020907051
fixed,TSB-HB,0.2620122308073736
fixed,TSB-HB,0.2620122308073736
fixed,TSB-HB,0.2546966490156945
fixed,TSB-HB,0.6682455711714899
fixed,TSB-HB,0.0
fixed,TSB-HB,0.5021266360443514
fixed,TSB-HB,0.0
fixed,TSB-HB,0.5021266360443514
fixed,TSB-HB,0.43438033337523324
fixed,TSB-HB,0.0
fixed,TSB-HB,0.0
fixed,TSB-HB,0.0
fixed,TSB-HB,0.43438033337523324
fixed,TSB-HB,1.0
fixed,TSB-HB,0.2968952863174591
fixed,TSB-HB,0.2968952863174591
fixed,TSB-HB,0.2968952863174591
fixed,TSB-HB,0.0
fixed,TSB-HB,0.2968952863174591
fixed,TSB-HB,0.0
fixed,TSB-HB,0.7838939813463235
fixed,TSB-HB,0.0
fixed,TSB-HB,0.21730127780618613
fixed,TSB-HB,0.0
fixed,TSB-HB,1.0
fixed,TSB-HB,0.4372379868610966
fixed,TSB-HB,0.0
fixed,TSB-HB,0.707132745995978
fixed,TSB-HB,0.869282263397707
fixed,TSB-HB,0.3987047943429144
fixed,TSB-HB,0.707132745995978
fixed,TSB-HB,1.0
fixed,TSB-HB,0.0
fixed,TSB-HB,0.0
fixed,TSB-HB,0.24585943726641196
fixed,TSB-HB,0.24585943726641196
fixed,TSB-HB,1.0
fixed,TSB-HB,0.742963802841858
fixed,TSB-HB,0.0
fixed,TSB-HB,0.0
fixed,TSB-HB,0.6052563401271115
fixed,TSB-HB,0.4726809597561633
fixed,TSB-HB,0.6052563401271115
fixed,TSB-HB,0.0
fixed,TSB-HB,0.38214095666147496
fixed,TSB-HB,0.7993651244532897
fixed,TSB-HB,0.6231141352639233
fixed,TSB-HB,0.0
fixed,TSB-HB,0.7993651244532897
fixed,TSB-HB,0.0
fixed,TSB-HB,0.37869861143371153
fixed,TSB-HB,0.8325364187420866
fixed,TSB-HB,0.6620023943227222
fixed,TSB-HB,0.0
fixed,TSB-HB,0.8325364187420866
fixed,TSB-HB,0.0
fixed,TSB-HB,0.0
fixed,TSB-HB,0.8333776464723174
fixed,TSB-HB,0.8070639153505965
fixed,TSB-HB,0.6993819532529586
fixed,TSB-HB,0.8596913775940384
fixed,TSB-HB,1.0
fixed,TSB-HB,0.0
fixed,TSB-HB,0.4083489031358001
fixed,TSB-HB,0.8318196210416734
fixed,TSB-HB,0.8318196210416734
fixed,TSB-HB,1.0
fixed,TSB-HB,0.8318196210416734
fixed,TSB-HB,0.7434275912429495
fixed,TSB-HB,0.43430661781263113
fixed,TSB-HB,0.7434275912429495
fixed,TSB-HB,1.0
fixed,TSB-HB,1.0
fixed,TSB-HB,0.7434275912429495
fixed,TSB-HB,0.0
fixed,TSB-HB,0.4756863011971719
fixed,TSB-HB,0.0
fixed,TSB-HB,0.0
fixed,TSB-HB,0.0
fixed,TSB-HB,1.0
fixed,TSB-HB,0.31322655120310083
fixed,TSB-HB,0.8117079680099691
fixed,TSB-HB,0.31322655120310083
fixed,TSB-HB,0.0
fixed,TSB-HB,0.31322655120310083
fixed,TSB-HB,0.0
fixed,TSB-HB,0.0
fixed,TSB-HB,0.0
fixed,TSB-HB,0.6695595475233064
fixed,TSB-HB,1.0
fixed,TSB-HB,0.0
fixed,TSB-HB,1.0
fixed,TSB-HB,1.0
fixed,TSB-HB,0.3889962419059314
fixed,TSB-HB,0.0
fixed,TSB-HB,0.7648341090498391
fixed,TSB-HB,0.7648341090498391
fixed,TSB-HB,1.0
fixed,TSB-HB,0.0
fixed,TSB-HB,0.3512107712904071
fixed,TSB-HB,0.5472053225826021
fixed,TSB-HB,0.3512107712904071
fixed,TSB-HB,0.5472053225826021
fixed,TSB-HB,0.3512107712904071
fixed,TSB-HB,0.0
fixed,TSB-HB,0.0
fixed,TSB-HB,0.27420074976737263
fixed,TSB-HB,1.0
fixed,TSB-HB,1.0
fixed,TSB-HB,1.0
fixed,TSB-HB,0.2489954112867625
fixed,TSB-HB,0.0
fixed,TSB-HB,0.511119369105005
fixed,TSB-HB,1.0
fixed,TSB-HB,0.2489954112867625
fixed,TSB-HB,0.6994407967112541
fixed,TSB-HB,0.0
fixed,TSB-HB,0.35063977973846483
fixed,TSB-HB,0.5435217349911576
fixed,TSB-HB,0.7906373835645605
fixed,TSB-HB,0.5435217349911576
fixed,TSB-HB,0.5435217349911576
fixed,TSB-HB,0.7755735949262217
fixed,TSB-HB,0.7755735949262217
fixed,TSB-HB,0.0
fixed,TSB-HB,0.7755735949262217
fixed,TSB-HB,0.7755735949262217
fixed,TSB-HB,1.0
fixed,TSB-HB,0.7864972171621504
fixed,TSB-HB,0.5126054523662106
fixed,TSB-HB,0.5126054523662106
fixed,TSB-HB,0.0
fixed,TSB-HB,0.5126054523662106
fixed,TSB-HB,0.0
fixed,TSB-HB,0.0
fixed,TSB-HB,0.4941748482318137
fixed,TSB-HB,0.0
fixed,TSB-HB,0.4941748482318137
fixed,TSB-HB,0.4941748482318137
fixed,TSB-HB,0.6626927915780113
fixed,TSB-HB,0.0
fixed,TSB-HB,0.3543176048105226
fixed,TSB-HB,0.3543176048105226
fixed,TSB-HB,1.0
fixed,TSB-HB,0.3543176048105226
fixed,TSB-HB,0.6403926571675163
fixed,TSB-HB,0.7205764595023602
fixed,TSB-HB,0.4566361854137386
fixed,TSB-HB,0.7205764595023602
fixed,TSB-HB,0.0
fixed,TSB-HB,0.0
fixed,TSB-HB,0.0
fixed,TSB-HB,0.0
fixed,TSB-HB,0.5102475191497097
fixed,TSB-HB,0.798873771057325
fixed,TSB-HB,0.0
fixed,TSB-HB,0.798873771057325
fixed,TSB-HB,0.0
fixed,TSB-HB,0.0
fixed,TSB-HB,0.7683661527693679
fixed,TSB-HB,0.4644202226617787
fixed,TSB-HB,0.4644202226617787
fixed,TSB-HB,0.7683661527693679
fixed,TSB-HB,0.4644202226617787
fixed,TSB-HB,0.0
fixed,TSB-HB,0.4209538420208058
fixed,TSB-HB,0.0
fixed,TSB-HB,0.0
fixed,TSB-HB,0.7438502047464793
fixed,TSB-HB,0.4209538420208058
fixed,TSB-HB,0.5603872472026882
fixed,TSB-HB,0.3982450073165568
fixed,TSB-HB,0.8408495672570203
fixed,TSB-HB,0.3982450073165568
fixed,TSB-HB,0.0
fixed,TSB-HB,0.0
fixed,TSB-HB,0.4442007733466104
fixed,TSB-HB,0.34710038667330523
fixed,TSB-HB,0.5520054129760866
fixed,TSB-HB,0.0
fixed,TSB-HB,0.0
fixed,TSB-HB,0.34710038667330523
fixed,TSB-HB,0.39769941586957713
fixed,TSB-HB,0.39769941586957713
fixed,TSB-HB,1.0
fixed,TSB-HB,0.8430916833297302
fixed,TSB-HB,0.0
fixed,TSB-HB,1.0
fixed,TSB-HB,0.4747724230215736
fixed,TSB-HB,0.4747724230215736
fixed,TSB-HB,0.763317885021331
fixed,TSB-HB,0.763317885021331
fixed,TSB-HB,0.4747724230215736
fixed,TSB-HB,0.763317885021331
fixed,TSB-HB,0.5695745508933595
fixed,TSB-HB,0.5695745508933595
fixed,TSB-HB,0.32083375674022657
fixed,TSB-HB,0.5695745508933595
fixed,TSB-HB,0.32083375674022657
fixed,TSB-HB,0.8519703474897333
fixed,TSB-HB,0.0
fixed,TSB-HB,0.44087455246823215
fixed,TSB-HB,0.44087455246823215
fixed,TSB-HB,0.0
fixed,TSB-HB,0.0
fixed,TSB-HB,1.0
fixed,TSB-HB,0.8862410422968994
fixed,TSB-HB,0.0
fixed,TSB-HB,0.738465857648053
fixed,TSB-HB,0.4590373888589879
fixed,TSB-HB,0.4590373888589879
fixed,TSB-HB,0.4590373888589879
fixed,TSB-HB,0.7756934549041387
fixed,TSB-HB,0.49164414055234373
fixed,TSB-HB,0.0
fixed,TSB-HB,0.0
fixed,TSB-HB,0.0
fixed,TSB-HB,0.0
fixed,TSB-HB,0.8019433427400618
fixed,TSB-HB,0.0
fixed,TSB-HB,0.0
fixed,TSB-HB,1.0
fixed,TSB-HB,0.5196467127355762
fixed,TSB-HB,0.0
fixed,TSB-HB,1.0
fixed,TSB-HB,0.6671291433870656
fixed,TSB-HB,0.4735458635481853
fixed,TSB-HB,0.6671291433870656
fixed,TSB-HB,0.6671291433870656
fixed,TSB-HB,0.8806211041905675
fixed,TSB-HB,0.0
fixed,TSB-HB,0.5154633417922034
fixed,TSB-HB,0.5154633417922034
fixed,TSB-HB,0.0
fixed,TSB-HB,0.8095608745821771
fixed,TSB-HB,0.0
fixed,TSB-HB,0.0
fixed,TSB-HB,0.6273359539271031
fixed,TSB-HB,0.6273359539271031
fixed,TSB-HB,0.314621665866255
fixed,TSB-HB,0.1908533442846106
fixed,TSB-HB,0.0
fixed,TSB-HB,0.20771961149784735
fixed,TSB-HB,0.38222414929150084
fixed,TSB-HB,0.38222414929150084
fixed,TSB-HB,0.7321872964671813
fixed,TSB-HB,0.38222414929150084
fixed,TSB-HB,0.38222414929150084
fixed,TSB-HB,0.36784798452238626
fixed,TSB-HB,0.6533297846729768
fixed,TSB-HB,0.8222342032219214
fixed,TSB-HB,0.7642222920784639
fixed,TSB-HB,0.5252623554165905
fixed,TSB-HB,0.21680911336948547
fixed,TSB-HB,0.21613211377005093
fixed,TSB-HB,0.6987877952314776
fixed,TSB-HB,0.7872225815820715
fixed,TSB-HB,0.6987877952314776
fixed,TSB-HB,0.39075183327757423
fixed,TSB-HB,0.21613211377005093
fixed,TSB-HB,0.47932312147755995
fixed,TSB-HB,0.7598208001308586
fixed,TSB-HB,0.7598208001308586
fixed,TSB-HB,0.7598208001308586
fixed,TSB-HB,0.0
fixed,TSB-HB,0.0
fixed,TSB-HB,0.0
fixed,TSB-HB,0.4153848719312395
fixed,TSB-HB,0.8607711913661609
fixed,TSB-HB,0.7098110399641979
fixed,TSB-HB,0.4153848719312395
fixed,TSB-HB,0.0
fixed,TSB-HB,0.45944297251574157
fixed,TSB-HB,0.7269245401858853
fixed,TSB-HB,0.45944297251574157
fixed,TSB-HB,0.7269245401858853
fixed,TSB-HB,0.0
fixed,TSB-HB,0.0
fixed,TSB-HB,0.0
fixed,TSB-HB,0.7595535306647206
fixed,TSB-HB,0.0
fixed,TSB-HB,0.4899633291936037
fixed,TSB-HB,0.3699816645968018
fixed,TSB-HB,0.8866247908359928
fixed,TSB-HB,0.0
fixed,TSB-HB,0.4268915047836638
fixed,TSB-HB,0.7419666694729528
fixed,TSB-HB,0.7419666694729528
fixed,TSB-HB,0.7419666694729528
fixed,TSB-HB,0.4268915047836638
fixed,TSB-HB,0.0
fixed,TSB-HB,0.4511918199594276
fixed,TSB-HB,0.4511918199594276
fixed,TSB-HB,0.0
fixed,TSB-HB,0.4511918199594276
fixed,TSB-HB,0.4511918199594276
fixed,TSB-HB,0.0
fixed,TSB-HB,0.4293586932934489
fixed,TSB-HB,0.4293586932934489
fixed,TSB-HB,0.4293586932934489
fixed,TSB-HB,0.0
fixed,TSB-HB,0.4293586932934489
fixed,TSB-HB,0.2580689781569133
fixed,TSB-HB,0.5605748553804581
fixed,TSB-HB,0.7683013305443731
fixed,TSB-HB,0.2580689781569133
fixed,TSB-HB,0.0
fixed,TSB-HB,0.7683013305443731
fixed,TSB-HB,0.39421679896744316
fixed,TSB-HB,0.39421679896744316
fixed,TSB-HB,0.39421679896744316
fixed,TSB-HB,0.8349216253132709
fixed,TSB-HB,0.39421679896744316
fixed,TSB-HB,0.39421679896744316
fixed,TSB-HB,0.29155993185590756
fixed,TSB-HB,0.0
fixed,TSB-HB,0.7695846177352601
fixed,TSB-HB,0.5682922357743242
fixed,TSB-HB,0.29155993185590756
fixed,TSB-HB,0.5682922357743242
fixed,TSB-HB,0.599301394539933
fixed,TSB-HB,0.4096627053534102
fixed,TSB-HB,0.599301394539933
fixed,TSB-HB,0.7585481918010415
fixed,TSB-HB,0.8372092635991727
fixed,TSB-HB,0.599301394539933
fixed,TSB-HB,0.0
fixed,TSB-HB,0.0
fixed,TSB-HB,0.0
fixed,TSB-HB,0.0
fixed,TSB-HB,0.5154838111356058
fixed,TSB-HB,0.8096750682447804
fixed,TSB-HB,0.0
fixed,TSB-HB,0.370354999277537
fixed,TSB-HB,0.6272911294331178
fixed,TSB-HB,0.6272911294331178
fixed,TSB-HB,0.6272911294331178
fixed,TSB-HB,0.0
fixed,TSB-HB,0.0
fixed,TSB-HB,0.870206198070465
fixed,TSB-HB,0.0
fixed,TSB-HB,0.7179349655938676
fixed,TSB-HB,0.7179349655938676
fixed,TSB-HB,0.0
fixed,TSB-HB,0.8006061772561885
fixed,TSB-HB,0.6250453854259329
fixed,TSB-HB,0.0
fixed,TSB-HB,0.5069269169985452
fixed,TSB-HB,1.0
fixed,TSB-HB,0.3642021539771965
fixed,TSB-HB,0.0
fixed,TSB-HB,0.3837067035519993
fixed,TSB-HB,0.6947273503357477
fixed,TSB-HB,0.3837067035519993
fixed,TSB-HB,0.6947273503357477
fixed,TSB-HB,0.0
fixed,TSB-HB,0.0
fixed,TSB-HB,1.0
fixed,TSB-HB,0.47475111504928225
fixed,TSB-HB,0.47475111504928225
fixed,TSB-HB,0.47475111504928225
fixed,TSB-HB,0.47475111504928225
fixed,TSB-HB,0.0
fixed,TSB-HB,0.543888865320593
fixed,TSB-HB,1.0
fixed,TSB-HB,0.543888865320593
fixed,TSB-HB,0.0
fixed,TSB-HB,0.0
fixed,TSB-HB,0.5975591114972947
fixed,TSB-HB,0.4144811825919869
fixed,TSB-HB,0.0
fixed,TSB-HB,0.5975591114972947
fixed,TSB-HB,0.4144811825919869
fixed,TSB-HB,0.5975591114972947
fixed,TSB-HB,0.45195584198740735
fixed,TSB-HB,0.6287135495729503
fixed,TSB-HB,0.6287135495729503
fixed,TSB-HB,0.45195584198740735
fixed,TSB-HB,0.23632113119775103
fixed,TSB-HB,0.6287135495729503
fixed,TSB-HB,0.0
fixed,TSB-HB,0.0
fixed,TSB-HB,0.50622046839416
fixed,TSB-HB,0.8341574063809212
fixed,TSB-HB,0.8341574063809212
fixed,TSB-HB,0.39400706245784883
fixed,TSB-HB,0.0
fixed,TSB-HB,1.0
fixed,TSB-HB,0.8503156788456929
fixed,TSB-HB,0.8503156788456929
fixed,TSB-HB,1.0
fixed,TSB-HB,1.0
fixed,TSB-HB,0.0
fixed,TSB-HB,0.24526202061770172
fixed,TSB-HB,0.5061170285813649
fixed,TSB-HB,0.7135935584004511
fixed,TSB-HB,0.8298168925090703
fixed,TSB-HB,0.7135935584004511
fixed,TSB-HB,0.16901332528889992
fixed,TSB-HB,0.23802665057779984
fixed,TSB-HB,0.0
fixed,TSB-HB,0.3807934934511504
fixed,TSB-HB,0.8053181671218794
fixed,TSB-HB,0.5281590028221945
fixed,TSB-HB,0.0
fixed,TSB-HB,0.7994289704927239
fixed,TSB-HB,1.0
fixed,TSB-HB,0.7994289704927239
fixed,TSB-HB,0.7427729634404027
fixed,TSB-HB,0.19719446708494093
fixed,TSB-HB,0.4385266748279033
fixed,TSB-HB,0.8322416333162291
fixed,TSB-HB,1.0
fixed,TSB-HB,1.0
fixed,TSB-HB,0.0
fixed,TSB-HB,0.2319967601048145
fixed,TSB-HB,0.36954704359817653
fixed,TSB-HB,0.4690839749575055
fixed,TSB-HB,0.2700101122388475
fixed,TSB-HB,0.2700101122388475
fixed,TSB-HB,0.6200116880622505
fixed,TSB-HB,0.36954704359817653
fixed,TSB-HB,0.47678962970642264
fixed,TSB-HB,0.47678962970642264
fixed,TSB-HB,0.47678962970642264
fixed,TSB-HB,1.0
fixed,TSB-HB,0.7468143926996438
fixed,TSB-HB,0.47678962970642264
fixed,TSB-HB,0.0
fixed,TSB-HB,0.0
fixed,TSB-HB,0.7647407529403494
fixed,TSB-HB,1.0
fixed,TSB-HB,1.0
fixed,TSB-HB,0.0
fixed,TSB-HB,0.3519769456409394
fixed,TSB-HB,0.0
fixed,TSB-HB,0.5964379415046562
fixed,TSB-HB,1.0
fixed,TSB-HB,1.0
fixed,TSB-HB,0.0
fixed,TSB-HB,0.5279175309718283
fixed,TSB-HB,0.0
fixed,TSB-HB,0.5279175309718283
fixed,TSB-HB,0.0
fixed,TSB-HB,0.0
fixed,TSB-HB,1.0
fixed,TSB-HB,0.22920834050434025
fixed,TSB-HB,0.6698750417882174
fixed,TSB-HB,0.22920834050434025
fixed,TSB-HB,0.6698750417882174
fixed,TSB-HB,0.0
fixed,TSB-HB,0.6698750417882174
fixed,TSB-HB,0.0
fixed,TSB-HB,0.0
fixed,TSB-HB,0.7532060319383592
fixed,TSB-HB,0.26318415522667976
fixed,TSB-HB,0.26318415522667976
fixed,TSB-HB,0.26318415522667976
fixed,TSB-HB,0.0
fixed,TSB-HB,0.3177873109300302
fixed,TSB-HB,0.49748224663889606
fixed,TSB-HB,0.3177873109300302
fixed,TSB-HB,0.6196202651594817
fixed,TSB-HB,0.19243485486289716
fixed,TSB-HB,0.0
fixed,TSB-HB,0.7677357798357752
fixed,TSB-HB,0.0
fixed,TSB-HB,0.46161091636579044
fixed,TSB-HB,0.7677357798357752
fixed,TSB-HB,0.0
fixed,TSB-HB,0.0
fixed,TSB-HB,0.4320931050806016
fixed,TSB-HB,0.4320931050806016
fixed,TSB-HB,0.7932008599688561
fixed,TSB-HB,1.0
fixed,TSB-HB,0.7932008599688561
fixed,TSB-HB,0.0
fixed,TSB-HB,0.20359558460769056
fixed,TSB-HB,0.4288026890461939
fixed,TSB-HB,0.25599769739666134
fixed,TSB-HB,1.0
fixed,TSB-HB,0.6499472819142192
fixed,TSB-HB,0.0
fixed,TSB-HB,0.0
fixed,TSB-HB,0.0
fixed,TSB-HB,0.4070336235430816
fixed,TSB-HB,0.5748607594072548
fixed,TSB-HB,0.0
fixed,TSB-HB,0.0
fixed,TSB-HB,0.3819744577525217
fixed,TSB-HB,0.3819744577525217
fixed,TSB-HB,0.6430073512072444
fixed,TSB-HB,0.7598473170820906
fixed,TSB-HB,0.3819744577525217
fixed,TSB-HB,0.5295484138409263
fixed,TSB-HB,0.0
fixed,TSB-HB,1.0
fixed,TSB-HB,0.0
fixed,TSB-HB,0.7622219669765486
fixed,TSB-HB,0.0
fixed,TSB-HB,0.2732132477622214
fixed,TSB-HB,0.7311932110219473
fixed,TSB-HB,0.8367130396898099
fixed,TSB-HB,0.5253595053878541
fixed,TSB-HB,0.5253595053878541
fixed,TSB-HB,0.8367130396898099
fixed,TSB-HB,0.0
fixed,TSB-HB,0.8971333799799179
fixed,TSB-HB,0.24402202849469984
fixed,TSB-HB,0.0
fixed,TSB-HB,0.8059604058466202
fixed,TSB-HB,0.4777623156867209
fixed,TSB-HB,0.22366830008215363
fixed,TSB-HB,0.6548940404151324
fixed,TSB-HB,0.6548940404151324
fixed,TSB-HB,0.45171255650018294
fixed,TSB-HB,0.22366830008215363
fixed,TSB-HB,0.45171255650018294
fixed,TSB-HB,0.20049936842529975
fixed,TSB-HB,0.7591958504183299
fixed,TSB-HB,0.8782075413792775
fixed,TSB-HB,0.7591958504183299
fixed,TSB-HB,0.7591958504183299
fixed,TSB-HB,0.8782075413792775
fixed,TSB-HB,0.48204272699806827
fixed,TSB-HB,0.3121482171867409
fixed,TSB-HB,0.8086568264489056
fixed,TSB-HB,0.48204272699806827
fixed,TSB-HB,0.3121482171867409
fixed,TSB-HB,0.3121482171867409
fixed,TSB-HB,0.0
fixed,TSB-HB,0.7272975954648965
fixed,TSB-HB,0.7272975954648965
fixed,TSB-HB,1.0
fixed,TSB-HB,0.7272975954648965
fixed,TSB-HB,0.0
fixed,TSB-HB,0.0
fixed,TSB-HB,0.4024973345019037
fixed,TSB-HB,0.4024973345019037
fixed,TSB-HB,0.6740383332465549
fixed,TSB-HB,0.4024973345019037
fixed,TSB-HB,0.0
fixed,TSB-HB,0.2998319414654327
fixed,TSB-HB,0.0
fixed,TSB-HB,0.639795055598045
fixed,TSB-HB,0.639795055598045
fixed,TSB-HB,0.49194290792002293
fixed,TSB-HB,1.0
fixed,TSB-HB,1.0
fixed,TSB-HB,1.0
fixed,TSB-HB,0.8715453529276069
fixed,TSB-HB,0.0
fixed,TSB-HB,0.0
fixed,TSB-HB,0.0
fixed,TSB-HB,0.3267298504774633
fixed,TSB-HB,0.3267298504774633
fixed,TSB-HB,0.6587324212265465
fixed,TSB-HB,0.0
fixed,TSB-HB,0.0
fixed,TSB-HB,0.0
fixed,TSB-HB,0.43558345366173157
fixed,TSB-HB,0.8979891050265926
fixed,TSB-HB,0.43558345366173157
fixed,TSB-HB,0.0
fixed,TSB-HB,0.7447353090161428
fixed,TSB-HB,0.43558345366173157
fixed,TSB-HB,0.0
fixed,TSB-HB,0.0
fixed,TSB-HB,0.0
fixed,TSB-HB,0.0
fixed,TSB-HB,0.267809119622376
fixed,TSB-HB,0.267809119622376
fixed,TSB-HB,1.0
fixed,TSB-HB,0.869869385902501
fixed,TSB-HB,0.8284323931597868
fixed,TSB-HB,0.7396398279378822
fixed,TSB-HB,1.0
fixed,TSB-HB,0.7869954004170725
fixed,TSB-HB,0.0
fixed,TSB-HB,0.21174932134594587
fixed,TSB-HB,0.3979031174539458
fixed,TSB-HB,0.0
fixed,TSB-HB,0.21174932134594587
fixed,TSB-HB,0.5900952805460916
fixed,TSB-HB,0.8080575106278417
fixed,TSB-HB,0.8080575106278417
fixed,TSB-HB,1.0
fixed,TSB-HB,0.6766442880851354
fixed,TSB-HB,1.0
fixed,TSB-HB,0.8080575106278417
fixed,TSB-HB,0.8857207102645527
fixed,TSB-HB,0.0
fixed,TSB-HB,0.5981179610721413
fixed,TSB-HB,0.37505777068684826
fixed,TSB-HB,0.5000905678999777
fixed,TSB-HB,1.0
fixed,TSB-HB,0.5238622143553211
fixed,TSB-HB,0.5238622143553211
fixed,TSB-HB,0.0
fixed,TSB-HB,0.0
fixed,TSB-HB,0.5238622143553211
fixed,TSB-HB,0.5238622143553211
fixed,TSB-HB,0.0
fixed,TSB-HB,0.4162536672229471
fixed,TSB-HB,0.2171862449404018
fixed,TSB-HB,0.6071670252054201
fixed,TSB-HB,0.0
fixed,TSB-HB,0.2171862449404018
fixed,TSB-HB,0.2294282581782363
fixed,TSB-HB,0.6226892142776453
fixed,TSB-HB,1.0
fixed,TSB-HB,0.8444943954024708
fixed,TSB-HB,0.2294282581782363
fixed,TSB-HB,0.4394040463171077
fixed,TSB-HB,0.0
fixed,TSB-HB,0.3002081450173436
fixed,TSB-HB,0.7737439766445197
fixed,TSB-HB,0.7737439766445197
fixed,TSB-HB,0.3002081450173436
fixed,TSB-HB,0.0
fixed,TSB-HB,0.3638757990840659
fixed,TSB-HB,0.5283493002952585
fixed,TSB-HB,0.0
fixed,TSB-HB,0.21225227550449818
fixed,TSB-HB,0.8168521624397181
fixed,TSB-HB,0.0
fixed,TSB-HB,0.36485237591770575
fixed,TSB-HB,0.0
fixed,TSB-HB,0.7638322593254225
fixed,TSB-HB,0.6261176568157619
fixed,TSB-HB,0.36485237591770575
fixed,TSB-HB,0.36485237591770575
fixed,TSB-HB,0.31991724885501593
fixed,TSB-HB,0.31991724885501593
fixed,TSB-HB,0.6900529524760132
fixed,TSB-HB,0.19673586149250147
fixed,TSB-HB,0.47550126615998634
fixed,TSB-HB,0.0
fixed,TSB-HB,0.0
fixed,TSB-HB,0.25861283500495036
fixed,TSB-HB,0.25861283500495036
fixed,TSB-HB,0.25861283500495036
fixed,TSB-HB,1.0
fixed,TSB-HB,0.5606671136505473
fixed,TSB-HB,0.5888750650082116
fixed,TSB-HB,0.0
fixed,TSB-HB,0.5888750650082116
fixed,TSB-HB,0.0
fixed,TSB-HB,0.5888750650082116
fixed,TSB-HB,0.0
fixed,TSB-HB,0.5206589386285689
fixed,TSB-HB,0.847331639261131
fixed,TSB-HB,0.0
fixed,TSB-HB,0.0
fixed,TSB-HB,0.3801382440587684
fixed,TSB-HB,0.0
fixed,TSB-HB,0.3250948316020009
fixed,TSB-HB,0.0
fixed,TSB-HB,0.5432120896394557
fixed,TSB-HB,0.5432120896394557
fixed,TSB-HB,0.3250948316020009
fixed,TSB-HB,0.8234477771046719
fixed,TSB-HB,0.35554893641210333
fixed,TSB-HB,0.35554893641210333
fixed,TSB-HB,0.7703971524700081
fixed,TSB-HB,1.0
fixed,TSB-HB,0.8983897172630058
fixed,TSB-HB,0.8343934348665069
fixed,TSB-HB,0.4666811213922637
fixed,TSB-HB,0.729202950964478
fixed,TSB-HB,0.4666811213922637
fixed,TSB-HB,0.4666811213922637
fixed,TSB-HB,0.4666811213922637
fixed,TSB-HB,0.729202950964478
fixed,TSB-HB,0.0
fixed,TSB-HB,0.0
fixed,TSB-HB,0.501875267459815
fixed,TSB-HB,0.501875267459815
fixed,TSB-HB,0.330791475296615
fixed,TSB-HB,0.501875267459815
fixed,TSB-HB,0.0
fixed,TSB-HB,0.0
fixed,TSB-HB,0.5030688978267809
fixed,TSB-HB,0.5030688978267809
fixed,TSB-HB,0.0
fixed,TSB-HB,0.0
fixed,TSB-HB,0.0
fixed,TSB-HB,0.0
fixed,TSB-HB,0.7976968861024296
fixed,TSB-HB,0.0
fixed,TSB-HB,0.3358178573375276
fixed,TSB-HB,1.0
fixed,TSB-HB,0.8254908936282952
fixed,TSB-HB,0.5247976278278124
fixed,TSB-HB,0.0
fixed,TSB-HB,0.5247976278278124
fixed,TSB-HB,0.0
fixed,TSB-HB,0.0
fixed,TSB-HB,0.0
fixed,TSB-HB,1.0
fixed,TSB-HB,0.7551221453250865
fixed,TSB-HB,1.0
fixed,TSB-HB,0.3938075062001707
fixed,TSB-HB,0.3938075062001707
fixed,TSB-HB,0.7040425755411375
fixed,TSB-HB,0.7308723279284101
fixed,TSB-HB,0.1643346745910858
fixed,TSB-HB,0.3955426532523473
fixed,TSB-HB,0.8166366043991901
fixed,TSB-HB,0.482775304465709
fixed,TSB-HB,0.49182120337008894
fixed,TSB-HB,0.49182120337008894
fixed,TSB-HB,0.0
fixed,TSB-HB,0.49182120337008894
fixed,TSB-HB,0.7770236867425843
fixed,TSB-HB,0.49182120337008894
fixed,TSB-HB,0.4269056003890047
fixed,TSB-HB,0.0
fixed,TSB-HB,0.6356658842170116
fixed,TSB-HB,0.4269056003890047
fixed,TSB-HB,0.0
fixed,TSB-HB,0.0
fixed,TSB-HB,0.7102538701350942
fixed,TSB-HB,0.24150376117932973
fixed,TSB-HB,0.24150376117932973
fixed,TSB-HB,0.5817654884935161
fixed,TSB-HB,0.7102538701350942
fixed,TSB-HB,0.4302628863147798
fixed,TSB-HB,0.0
fixed,TSB-HB,0.571706302244587
fixed,TSB-HB,0.340280393119068
fixed,TSB-HB,1.0
fixed,TSB-HB,0.571706302244587
fixed,TSB-HB,0.7614619834137658
fixed,TSB-HB,0.5108671918637302
fixed,TSB-HB,0.5108671918637302
fixed,TSB-HB,0.6993534854612886
fixed,TSB-HB,0.8107883012194406
fixed,TSB-HB,0.6993534854612886
fixed,TSB-HB,0.0
fixed,TSB-HB,0.6648172506336341
fixed,TSB-HB,0.6648172506336341
fixed,TSB-HB,0.6648172506336341
fixed,TSB-HB,0.3636302907373504
fixed,TSB-HB,0.6648172506336341
fixed,TSB-HB,1.0
fixed,TSB-HB,0.0
fixed,TSB-HB,0.4020906034156868
fixed,TSB-HB,0.4020906034156868
fixed,TSB-HB,0.8244471397926888
fixed,TSB-HB,0.7524744439234198
fixed,TSB-HB,0.5937406036638428
fixed,TSB-HB,0.5650193473348504
fixed,TSB-HB,0.6798014088043156
fixed,TSB-HB,1.0
fixed,TSB-HB,0.0
fixed,TSB-HB,0.6798014088043156
fixed,TSB-HB,0.7686603566466759
fixed,TSB-HB,0.0
fixed,TSB-HB,0.4661315578818007
fixed,TSB-HB,0.4661315578818007
fixed,TSB-HB,0.79296850880468
fixed,TSB-HB,0.79296850880468
fixed,TSB-HB,0.4661315578818007
fixed,TSB-HB,0.39489214025019115
fixed,TSB-HB,0.8430481961063291
fixed,TSB-HB,0.6878371886061827
fixed,TSB-HB,0.8430481961063291
fixed,TSB-HB,0.8430481961063291
fixed,TSB-HB,0.0
fixed,TSB-HB,0.2565375770770816
fixed,TSB-HB,0.7358870199563552
fixed,TSB-HB,0.0
fixed,TSB-HB,0.7358870199563552
fixed,TSB-HB,0.8351639792172867
fixed,TSB-HB,0.5309898361068778
fixed,TSB-HB,0.0
fixed,TSB-HB,0.0
fixed,TSB-HB,0.0
fixed,TSB-HB,0.0
fixed,TSB-HB,0.7580443167548382
fixed,TSB-HB,0.476784021395346
fixed,TSB-HB,0.24694756948650368
fixed,TSB-HB,0.5329333207861063
fixed,TSB-HB,1.0
fixed,TSB-HB,0.7525773363191162
fixed,TSB-HB,0.7525773363191162
fixed,TSB-HB,0.8549847896747265
fixed,TSB-HB,0.35700827107540845
fixed,TSB-HB,0.5780572750426676
fixed,TSB-HB,0.0
fixed,TSB-HB,0.35700827107540845
fixed,TSB-HB,0.5780572750426676
fixed,TSB-HB,0.5780572750426676
fixed,TSB-HB,0.3363187416003791
fixed,TSB-HB,0.5814288253456198
fixed,TSB-HB,0.7728751253597507
fixed,TSB-HB,0.0
fixed,TSB-HB,0.7728751253597507
fixed,TSB-HB,0.0
fixed,TSB-HB,0.0
fixed,TSB-HB,0.2103839745631812
fixed,TSB-HB,0.7685314285768359
fixed,TSB-HB,0.6658846668736477
fixed,TSB-HB,0.6658846668736477
fixed,TSB-HB,0.8232044475502098
fixed,TSB-HB,0.0
fixed,TSB-HB,0.812489493105086
fixed,TSB-HB,0.8709092349859129
fixed,TSB-HB,1.0
fixed,TSB-HB,0.812489493105086
fixed,TSB-HB,0.754069751224259
fixed,TSB-HB,0.3289009922539335
fixed,TSB-HB,0.3289009922539335
fixed,TSB-HB,0.7804434538023048
fixed,TSB-HB,0.7804434538023048
fixed,TSB-HB,1.0
fixed,TSB-HB,0.0
fixed,TSB-HB,0.0
fixed,TSB-HB,0.5380362264982985
fixed,TSB-HB,0.8331385793613771
fixed,TSB-HB,0.8030643838321595
fixed,TSB-HB,0.6690579737313928
fixed,TSB-HB,0.8331385793613771
fixed,TSB-HB,0.29182267769655
fixed,TSB-HB,0.5808605647816767
fixed,TSB-HB,0.8950618328329807
fixed,TSB-HB,0.5808605647816767
fixed,TSB-HB,1.0
fixed,TSB-HB,0.0
fixed,TSB-HB,1.0
fixed,TSB-HB,0.5407919607996253
fixed,TSB-HB,0.8878163313662448
fixed,TSB-HB,1.0
fixed,TSB-HB,1.0
fixed,TSB-HB,0.7188159125289728
fixed,TSB-HB,0.0
fixed,TSB-HB,0.869773033139
fixed,TSB-HB,0.7193344021432533
fixed,TSB-HB,0.7193344021432533
fixed,TSB-HB,0.7193344021432533
fixed,TSB-HB,0.7193344021432533
fixed,TSB-HB,0.0
fixed,TSB-HB,0.8074941011501935
fixed,TSB-HB,0.6350038118455074
fixed,TSB-HB,0.8381989243133552
fixed,TSB-HB,1.0
fixed,TSB-HB,0.0
fixed,TSB-HB,0.0
fixed,TSB-HB,0.6684927067015539
fixed,TSB-HB,0.6684927067015539
fixed,TSB-HB,0.0
fixed,TSB-HB,0.8495864423913818
fixed,TSB-HB,0.6684927067015539
fixed,TSB-HB,0.23954176721455198
fixed,TSB-HB,0.48811785409401376
fixed,TSB-HB,0.6728559589349461
fixed,TSB-HB,0.0
fixed,TSB-HB,0.48811785409401376
fixed,TSB-HB,0.0
fixed,TSB-HB,0.2486648200352963
fixed,TSB-HB,0.5596554482895653
fixed,TSB-HB,0.7877251632446768
fixed,TSB-HB,1.0
fixed,TSB-HB,0.8918831140170204
fixed,TSB-HB,0.4094926174501797
fixed,TSB-HB,1.0
fixed,TSB-HB,0.8868796380667998
fixed,TSB-HB,1.0
fixed,TSB-HB,0.2952849030164974
fixed,TSB-HB,0.7568257518613307
fixed,TSB-HB,0.7893392234126979
fixed,TSB-HB,0.24542488872798565
fixed,TSB-HB,0.0
fixed,TSB-HB,0.8415219706081704
fixed,TSB-HB,1.0
fixed,TSB-HB,0.8415219706081704
fixed,TSB-HB,0.638482530817847
fixed,TSB-HB,0.0
fixed,TSB-HB,0.47541340671709603
fixed,TSB-HB,0.47541340671709603
fixed,TSB-HB,0.47541340671709603
fixed,TSB-HB,0.0
fixed,TSB-HB,0.0
fixed,TSB-HB,0.0
fixed,TSB-HB,0.0
fixed,TSB-HB,0.7241952368651161
fixed,TSB-HB,0.0
fixed,TSB-HB,0.41279855961850953
fixed,TSB-HB,1.0
fixed,TSB-HB,0.0
fixed,TSB-HB,1.0
fixed,TSB-HB,0.0
fixed,TSB-HB,0.47990318610121435
fixed,TSB-HB,0.47990318610121435
fixed,TSB-HB,0.47990318610121435
fixed,TSB-HB,0.8042553522569973
fixed,TSB-HB,0.0
fixed,TSB-HB,0.0
fixed,TSB-HB,0.5954576695872352
fixed,TSB-HB,0.8042553522569973
fixed,TSB-HB,0.8042553522569973
fixed,TSB-HB,0.0
fixed,TSB-HB,0.8360488108702846
fixed,TSB-HB,0.0
fixed,TSB-HB,0.6483694433048275
fixed,TSB-HB,0.8360488108702846
fixed,TSB-HB,0.6483694433048275
fixed,TSB-HB,0.0
fixed,TSB-HB,0.3126108645460759
fixed,TSB-HB,0.3126108645460759
fixed,TSB-HB,0.0
fixed,TSB-HB,0.8597718260219338
fixed,TSB-HB,0.3126108645460759
fixed,TSB-HB,0.0
fixed,TSB-HB,0.7937935227340724
fixed,TSB-HB,0.0
fixed,TSB-HB,0.620273013438919
fixed,TSB-HB,0.0
fixed,TSB-HB,0.8970268230479875
fixed,TSB-HB,0.0
fixed,TSB-HB,0.0
fixed,TSB-HB,0.6210472017386527
fixed,TSB-HB,0.6210472017386527
fixed,TSB-HB,0.7929698422797382
fixed,TSB-HB,0.0
fixed,TSB-HB,0.7500299884013716
fixed,TSB-HB,0.889010776237502
fixed,TSB-HB,0.7500299884013716
fixed,TSB-HB,0.46780133075994146
fixed,TSB-HB,0.889010776237502
fixed,TSB-HB,0.0
fixed,TSB-HB,0.3408727722007525
fixed,TSB-HB,0.6305992793969795
fixed,TSB-HB,0.3408727722007525
fixed,TSB-HB,0.6305992793969795
fixed,TSB-HB,0.8144177472897868
fixed,TSB-HB,0.8144177472897868
fixed,TSB-HB,0.6270725262369325
fixed,TSB-HB,0.30215524804521315
fixed,TSB-HB,0.0
fixed,TSB-HB,0.47941480356163824
fixed,TSB-HB,0.0
fixed,TSB-HB,0.0
fixed,TSB-HB,0.0
fixed,TSB-HB,0.2480093144554972
fixed,TSB-HB,0.2480093144554972
fixed,TSB-HB,0.0
fixed,TSB-HB,0.7573103751429701
fixed,TSB-HB,0.7573103751429701
fixed,TSB-HB,0.407369064523576
fixed,TSB-HB,0.407369064523576
fixed,TSB-HB,0.407369064523576
fixed,TSB-HB,0.0
fixed,TSB-HB,0.8474626561822943
fixed,TSB-HB,0.407369064523576
fixed,TSB-HB,0.0
fixed,TSB-HB,0.43791136013595555
fixed,TSB-HB,0.6660451212142321
fixed,TSB-HB,0.6660451212142321
fixed,TSB-HB,0.43791136013595555
fixed,TSB-HB,0.6660451212142321
fixed,TSB-HB,0.0
fixed,TSB-HB,0.0
fixed,TSB-HB,0.0
fixed,TSB-HB,0.4544160735946772
fixed,TSB-HB,0.0
fixed,TSB-HB,0.0
fixed,TSB-HB,0.21461157964537442
fixed,TSB-HB,0.21461157964537442
fixed,TSB-HB,0.21461157964537442
fixed,TSB-HB,0.7621730464614414
fixed,TSB-HB,0.7621730464614414
fixed,TSB-HB,0.8407739288322127
fixed,TSB-HB,0.4069820256571347
fixed,TSB-HB,0.7617535434329457
fixed,TSB-HB,0.4069820256571347
fixed,TSB-HB,0.0
fixed,TSB-HB,0.4069820256571347
fixed,TSB-HB,0.4069820256571347
fixed,TSB-HB,0.0
fixed,TSB-HB,1.0
fixed,TSB-HB,0.8009689161937878
fixed,TSB-HB,0.6015272520601812
fixed,TSB-HB,0.6015272520601812
fixed,TSB-HB,0.2883649227694368
fixed,TSB-HB,0.0
fixed,TSB-HB,0.0
fixed,TSB-HB,0.7974451635500307
fixed,TSB-HB,0.0
fixed,TSB-HB,0.48289473547133505
fixed,TSB-HB,0.7974451635500307
fixed,TSB-HB,0.0
fixed,TSB-HB,0.5654819007384693
fixed,TSB-HB,0.5654819007384693
fixed,TSB-HB,0.5654819007384693
fixed,TSB-HB,0.5654819007384693
fixed,TSB-HB,0.28836539206997164
fixed,TSB-HB,0.0
fixed,TSB-HB,0.6316669833058497
fixed,TSB-HB,0.0
fixed,TSB-HB,0.6316669833058497
fixed,TSB-HB,0.6316669833058497
fixed,TSB-HB,0.0
fixed,TSB-HB,0.0
fixed,TSB-HB,0.4547796135794443
fixed,TSB-HB,0.0
fixed,TSB-HB,0.8465548393310486
fixed,TSB-HB,0.4547796135794443
fixed,TSB-HB,0.4547796135794443
fixed,TSB-HB,0.24018361856862194
fixed,TSB-HB,0.0
fixed,TSB-HB,0.17009180928431097
fixed,TSB-HB,0.24018361856862194
fixed,TSB-HB,0.0
fixed,TSB-HB,0.17009180928431097
fixed,TSB-HB,0.5260279069187931
fixed,TSB-HB,0.0
fixed,TSB-HB,0.0
fixed,TSB-HB,0.0
fixed,TSB-HB,0.5880748342597351
fixed,TSB-HB,0.0
fixed,TSB-HB,0.7511648374822648
fixed,TSB-HB,0.883943088444072
fixed,TSB-HB,0.883943088444072
fixed,TSB-HB,0.6003305497538476
fixed,TSB-HB,0.8175539629631684
fixed,TSB-HB,1.0
fixed,TSB-HB,0.24985081066768008
fixed,TSB-HB,0.0
fixed,TSB-HB,0.677898877846862
fixed,TSB-HB,0.4960621866463892
fixed,TSB-HB,0.4960621866463892
fixed,TSB-HB,0.7985733162732978
fixed,TSB-HB,0.40328993737498325
fixed,TSB-HB,0.40328993737498325
fixed,TSB-HB,0.40328993737498325
fixed,TSB-HB,0.40328993737498325
fixed,TSB-HB,0.40328993737498325
fixed,TSB-HB,0.0
fixed,TSB-HB,0.4909994271829924
fixed,TSB-HB,1.0
fixed,TSB-HB,0.23960884010779043
fixed,TSB-HB,0.23960884010779043
fixed,TSB-HB,0.23960884010779043
fixed,TSB-HB,0.23960884010779043
fixed,TSB-HB,0.0
fixed,TSB-HB,0.8292693693232445
fixed,TSB-HB,0.25267292115374346
fixed,TSB-HB,0.8292693693232445
fixed,TSB-HB,0.719436247537384
fixed,TSB-HB,0.719436247537384
fixed,TSB-HB,0.729923584592687
fixed,TSB-HB,0.3830607375712074
fixed,TSB-HB,0.0
fixed,TSB-HB,0.729923584592687
fixed,TSB-HB,0.3830607375712074
fixed,TSB-HB,0.8103585067731823
fixed,TSB-HB,0.0
fixed,TSB-HB,0.7996680616006688
fixed,TSB-HB,0.0
fixed,TSB-HB,0.8717930087922169
fixed,TSB-HB,0.34262091997041505
fixed,TSB-HB,0.7010380168987792
fixed,TSB-HB,0.4784873775204317
fixed,TSB-HB,0.4784873775204317
fixed,TSB-HB,0.5654020848871005
fixed,TSB-HB,0.5116332399616959
fixed,TSB-HB,0.6998241972006123
fixed,TSB-HB,0.0
fixed,TSB-HB,0.759895616647625
fixed,TSB-HB,0.2529016390660739
fixed,TSB-HB,0.759895616647625
fixed,TSB-HB,0.5449954860686685
fixed,TSB-HB,0.759895616647625
fixed,TSB-HB,0.5449954860686685
fixed,TSB-HB,0.22018343655032863
fixed,TSB-HB,0.22018343655032863
fixed,TSB-HB,0.6003753801208191
fixed,TSB-HB,0.41810085423932675
fixed,TSB-HB,0.41810085423932675
fixed,TSB-HB,0.7538989190342932
fixed,TSB-HB,0.0
fixed,TSB-HB,0.8274871735506201
fixed,TSB-HB,0.22871177417821342
fixed,TSB-HB,0.40185455891910715
fixed,TSB-HB,0.40185455891910715
fixed,TSB-HB,0.22871177417821342
fixed,TSB-HB,0.0
fixed,TSB-HB,0.36988715815125695
fixed,TSB-HB,0.6331893651328508
fixed,TSB-HB,0.8065531267900901
fixed,TSB-HB,0.0
fixed,TSB-HB,1.0
fixed,TSB-HB,0.3621597532112269
fixed,TSB-HB,0.0
fixed,TSB-HB,0.7538600472287703
fixed,TSB-HB,0.568266558589118
fixed,TSB-HB,0.0
fixed,TSB-HB,0.7538600472287703
fixed,TSB-HB,0.28958327293125
fixed,TSB-HB,0.0
fixed,TSB-HB,0.5404337960007315
fixed,TSB-HB,0.5404337960007315
fixed,TSB-HB,0.0
fixed,TSB-HB,0.7291640463243301
fixed,TSB-HB,0.7305575931288084
fixed,TSB-HB,0.3103157847343252
fixed,TSB-HB,0.5360508980355898
fixed,TSB-HB,0.5360508980355898
fixed,TSB-HB,0.0
fixed,TSB-HB,0.7305575931288084
fixed,TSB-HB,0.5245510678456189
fixed,TSB-HB,0.2885200997407363
fixed,TSB-HB,0.0
fixed,TSB-HB,1.0
fixed,TSB-HB,0.8254110779727151
fixed,TSB-HB,1.0
fixed,TSB-HB,0.497731872418186
fixed,TSB-HB,0.497731872418186
fixed,TSB-HB,0.8366544289228619
fixed,TSB-HB,0.24619221357461976
fixed,TSB-HB,0.497731872418186
fixed,TSB-HB,0.497731872418186
fixed,TSB-HB,0.0
fixed,TSB-HB,1.0
fixed,TSB-HB,0.0
fixed,TSB-HB,0.12568670017330852
fixed,TSB-HB,0.0
fixed,TSB-HB,0.202746800693234
fixed,TSB-HB,0.0
fixed,TSB-HB,1.0
fixed,TSB-HB,0.0
fixed,TSB-HB,0.0
fixed,TSB-HB,0.0
fixed,TSB-HB,0.0
fixed,TSB-HB,0.4817155224465768
fixed,TSB-HB,0.24854242705733837
fixed,TSB-HB,0.4817155224465768
fixed,TSB-HB,0.4817155224465768
fixed,TSB-HB,1.0
fixed,TSB-HB,0.4817155224465768
fixed,TSB-HB,0.0
fixed,TSB-HB,0.7111403462643509
fixed,TSB-HB,0.0
fixed,TSB-HB,0.45713455696749233
fixed,TSB-HB,0.0
fixed,TSB-HB,0.45713455696749233
fixed,TSB-HB,0.0
fixed,TSB-HB,0.5082861913401246
fixed,TSB-HB,0.37380566028458706
fixed,TSB-HB,0.5082861913401246
fixed,TSB-HB,0.6017713450722535
fixed,TSB-HB,0.37380566028458706
fixed,TSB-HB,0.0
fixed,TSB-HB,0.24087137298431674
fixed,TSB-HB,0.7925691764335171
fixed,TSB-HB,0.48805584654009937
fixed,TSB-HB,0.24087137298431674
fixed,TSB-HB,0.24087137298431674
fixed,TSB-HB,0.4425595969323866
fixed,TSB-HB,0.2808568059610711
fixed,TSB-HB,0.18291068237874358
fixed,TSB-HB,0.6915947454331881
fixed,TSB-HB,0.4425595969323866
fixed,TSB-HB,0.5751080489301695
fixed,TSB-HB,0.0
fixed,TSB-HB,0.44111824395137833
fixed,TSB-HB,0.7721057713591415
fixed,TSB-HB,0.8230477306001516
fixed,TSB-HB,0.44111824395137833
fixed,TSB-HB,0.28182210008315
fixed,TSB-HB,0.0
fixed,TSB-HB,0.2822407130414805
fixed,TSB-HB,0.2822407130414805
fixed,TSB-HB,0.2822407130414805
fixed,TSB-HB,0.6622927354649824
fixed,TSB-HB,0.75737379708847
fixed,TSB-HB,0.16226076153859315
fixed,TSB-HB,0.0
fixed,TSB-HB,0.16226076153859315
fixed,TSB-HB,0.0
fixed,TSB-HB,0.0
fixed,TSB-HB,0.0
fixed,TSB-HB,0.0
fixed,TSB-HB,0.0
fixed,TSB-HB,0.29420193321571025
fixed,TSB-HB,0.0
fixed,TSB-HB,1.0
fixed,TSB-HB,1.0
fixed,TSB-HB,0.24894298525250322
fixed,TSB-HB,0.24894298525250322
fixed,TSB-HB,0.24894298525250322
fixed,TSB-HB,0.0
fixed,TSB-HB,1.0
fixed,TSB-HB,1.0
fixed,TSB-HB,0.7315694790925787
fixed,TSB-HB,0.3119059805210909
fixed,TSB-HB,0.8475580046146607
fixed,TSB-HB,0.7315694790925787
fixed,TSB-HB,0.0
fixed,TSB-HB,0.7315694790925787
fixed,TSB-HB,1.0
fixed,TSB-HB,0.0
fixed,TSB-HB,0.0
fixed,TSB-HB,0.0
fixed,TSB-HB,1.0
fixed,TSB-HB,0.6811067815378258
fixed,TSB-HB,0.8093903535915867
fixed,TSB-HB,0.24590974087110357
fixed,TSB-HB,0.49628112241329375
fixed,TSB-HB,0.49628112241329375
fixed,TSB-HB,0.0
fixed,TSB-HB,0.6886300769579624
fixed,TSB-HB,1.0
fixed,TSB-HB,1.0
fixed,TSB-HB,1.0
fixed,TSB-HB,0.0
fixed,TSB-HB,0.0
fixed,TSB-HB,0.0
fixed,TSB-HB,0.2453658803008692
fixed,TSB-HB,0.385037302284573
fixed,TSB-HB,0.756759358383662
fixed,TSB-HB,0.0
fixed,TSB-HB,0.385037302284573
fixed,TSB-HB,0.8640366699077933
fixed,TSB-HB,1.0
fixed,TSB-HB,0.0
fixed,TSB-HB,0.0
fixed,TSB-HB,0.0
fixed,TSB-HB,1.0
fixed,TSB-HB,0.472521827581708
fixed,TSB-HB,0.5668718682558296
fixed,TSB-HB,0.7574946119251716
fixed,TSB-HB,1.0
fixed,TSB-HB,0.5668718682558296
fixed,TSB-HB,0.0
fixed,TSB-HB,0.0
fixed,TSB-HB,0.48566435710044864
fixed,TSB-HB,0.0
fixed,TSB-HB,0.0
fixed,TSB-HB,1.0
fixed,TSB-HB,0.0
fixed,TSB-HB,0.7632937647354973
fixed,TSB-HB,0.0
fixed,TSB-HB,0.4409977328555069
fixed,TSB-HB,0.4409977328555069
fixed,TSB-HB,0.0
fixed,TSB-HB,0.0
fixed,TSB-HB,0.4409977328555069
fixed,TSB-HB,0.0
fixed,TSB-HB,1.0
fixed,TSB-HB,0.0
fixed,TSB-HB,0.0
fixed,TSB-HB,0.0
fixed,TSB-HB,0.4924282687173319
fixed,TSB-HB,0.2539903441833937
fixed,TSB-HB,0.6879373993903365
fixed,TSB-HB,0.805512542911632
fixed,TSB-HB,0.6879373993903365
fixed,TSB-HB,0.0
fixed,TSB-HB,0.805512542911632
fixed,TSB-HB,0.2747969776995965
fixed,TSB-HB,0.2747969776995965
fixed,TSB-HB,0.2747969776995965
fixed,TSB-HB,0.0
fixed,TSB-HB,0.0
fixed,TSB-HB,0.8352860297358816
fixed,TSB-HB,0.0
fixed,TSB-HB,1.0
fixed,TSB-HB,1.0
fixed,TSB-HB,1.0
fixed,TSB-HB,0.0
fixed,TSB-HB,0.0
fixed,TSB-HB,1.0
fixed,TSB-HB,0.7332873189293401
fixed,TSB-HB,0.4728758412206924
fixed,TSB-HB,0.0
fixed,TSB-HB,0.7332873189293401
fixed,TSB-HB,0.0
fixed,TSB-HB,0.0
fixed,TSB-HB,0.3558449686020685
fixed,TSB-HB,0.0
fixed,TSB-HB,0.0
fixed,TSB-HB,0.3558449686020685
fixed,TSB-HB,0.0
fixed,TSB-HB,0.47460707243704814
fixed,TSB-HB,0.47460707243704814
fixed,TSB-HB,0.0
fixed,TSB-HB,0.6595248791527333
fixed,TSB-HB,1.0
fixed,TSB-HB,0.5708063080924026
fixed,TSB-HB,0.0
fixed,TSB-HB,0.7813135000516072
fixed,TSB-HB,0.336993019286228
fixed,TSB-HB,0.7813135000516072
fixed,TSB-HB,0.6747811286908875
fixed,TSB-HB,0.5299535284390441
fixed,TSB-HB,0.0
fixed,TSB-HB,0.8693450177243057
fixed,TSB-HB,0.5712301952109596
fixed,TSB-HB,0.7213309107426161
fixed,TSB-HB,0.5712301952109596
fixed,TSB-HB,0.20843591717090146
fixed,TSB-HB,0.6213848838866246
fixed,TSB-HB,0.30748187397453375
fixed,TSB-HB,0.8107663861474531
fixed,TSB-HB,0.6213848838866246
fixed,TSB-HB,0.0
fixed,TSB-HB,0.30748187397453375
fixed,TSB-HB,0.7582472433078026
fixed,TSB-HB,0.5289066872746706
fixed,TSB-HB,0.0
fixed,TSB-HB,0.235130933827524
fixed,TSB-HB,0.235130933827524
fixed,TSB-HB,0.0
fixed,TSB-HB,0.22565561888436608
fixed,TSB-HB,0.4217085067636266
fixed,TSB-HB,0.4217085067636266
fixed,TSB-HB,0.22565561888436608
fixed,TSB-HB,0.22565561888436608
fixed,TSB-HB,0.7363912131317906
fixed,TSB-HB,0.6045484071427957
fixed,TSB-HB,0.4250771314642874
fixed,TSB-HB,0.4250771314642874
fixed,TSB-HB,0.2230945863057469
fixed,TSB-HB,0.2230945863057469
fixed,TSB-HB,0.0
fixed,TSB-HB,0.0
fixed,TSB-HB,0.4695518169007534
fixed,TSB-HB,0.4695518169007534
fixed,TSB-HB,0.4695518169007534
fixed,TSB-HB,1.0
fixed,TSB-HB,0.4695518169007534
fixed,TSB-HB,0.2801673976829382
fixed,TSB-HB,1.0
fixed,TSB-HB,1.0
fixed,TSB-HB,0.2801673976829382
fixed,TSB-HB,0.7132399205462944
fixed,TSB-HB,0.5204606858924451
fixed,TSB-HB,0.27968581329489456
fixed,TSB-HB,1.0
fixed,TSB-HB,1.0
fixed,TSB-HB,0.0
fixed,TSB-HB,0.0
fixed,TSB-HB,0.5168267458454459
fixed,TSB-HB,0.0
fixed,TSB-HB,0.854723414576905
fixed,TSB-HB,0.7591154456174768
fixed,TSB-HB,0.7591154456174768
fixed,TSB-HB,0.854723414576905
fixed,TSB-HB,0.0
fixed,TSB-HB,0.220289011689907
fixed,TSB-HB,0.7674506959435058
fixed,TSB-HB,1.0
fixed,TSB-HB,0.7674506959435058
fixed,TSB-HB,0.7674506959435058
fixed,TSB-HB,0.5429783290675554
fixed,TSB-HB,0.21941919100390306
fixed,TSB-HB,0.3851587977792139
fixed,TSB-HB,1.0
fixed,TSB-HB,0.6978291493406463
fixed,TSB-HB,0.5532075286942137
fixed,TSB-HB,0.21941919100390306
fixed,TSB-HB,0.0
fixed,TSB-HB,0.5135906208263993
fixed,TSB-HB,0.0
fixed,TSB-HB,0.5135906208263993
fixed,TSB-HB,0.7980905446741733
fixed,TSB-HB,0.5135906208263993
fixed,TSB-HB,0.0
fixed,TSB-HB,0.6659820361581911
fixed,TSB-HB,0.18936811237265375
fixed,TSB-HB,0.45269281146157636
fixed,TSB-HB,1.0
fixed,TSB-HB,1.0
fixed,TSB-HB,0.0
fixed,TSB-HB,0.0
fixed,TSB-HB,0.0
fixed,TSB-HB,0.0
fixed,TSB-HB,0.0
fixed,TSB-HB,0.0
fixed,TSB-HB,0.5892114127416324
fixed,TSB-HB,0.0
fixed,TSB-HB,0.0
fixed,TSB-HB,0.0
fixed,TSB-HB,0.0
fixed,TSB-HB,0.0
fixed,TSB-HB,0.0
fixed,TSB-HB,0.0
fixed,TSB-HB,0.7810032113976066
fixed,TSB-HB,0.5191688675021242
fixed,TSB-HB,0.0
fixed,TSB-HB,1.0
fixed,TSB-HB,0.39490430787991165
fixed,TSB-HB,0.39490430787991165
fixed,TSB-HB,1.0
fixed,TSB-HB,0.39490430787991165
fixed,TSB-HB,0.8653668682727751
fixed,TSB-HB,1.0
fixed,TSB-HB,0.25903263646175484
fixed,TSB-HB,0.6015609958881353
fixed,TSB-HB,0.6015609958881353
fixed,TSB-HB,0.8217491374846646
fixed,TSB-HB,0.8217491374846646
fixed,TSB-HB,0.25903263646175484
fixed,TSB-HB,0.22924300308280313
fixed,TSB-HB,0.0
fixed,TSB-HB,0.5885023490146702
fixed,TSB-HB,0.8922456521696532
fixed,TSB-HB,0.8922456521696532
fixed,TSB-HB,0.5885023490146702
fixed,TSB-HB,0.0
fixed,TSB-HB,0.0
fixed,TSB-HB,0.7643724275955203
fixed,TSB-HB,0.47485003138478543
fixed,TSB-HB,0.47485003138478543
fixed,TSB-HB,0.0
fixed,TSB-HB,0.0
fixed,TSB-HB,0.43379196719659024
fixed,TSB-HB,0.7602121541146012
fixed,TSB-HB,0.0
fixed,TSB-HB,0.0
fixed,TSB-HB,0.43379196719659024
fixed,TSB-HB,0.318415367750637
fixed,TSB-HB,0.8719374645254488
fixed,TSB-HB,0.8719374645254488
fixed,TSB-HB,0.7721230224542355
fixed,TSB-HB,0.8719374645254488
fixed,TSB-HB,0.5787524403498517
fixed,TSB-HB,0.0
fixed,TSB-HB,0.23642471504363075
fixed,TSB-HB,0.0
fixed,TSB-HB,0.4667196952632776
fixed,TSB-HB,1.0
fixed,TSB-HB,1.0
fixed,TSB-HB,0.18253116949253184
fixed,TSB-HB,0.28385779259870625
fixed,TSB-HB,0.0
fixed,TSB-HB,0.469375010235208
fixed,TSB-HB,1.0
fixed,TSB-HB,1.0
fixed,TSB-HB,0.3361795866897036
fixed,TSB-HB,0.8079690579557467
fixed,TSB-HB,0.8079690579557467
fixed,TSB-HB,0.6339620508194628
fixed,TSB-HB,1.0
fixed,TSB-HB,1.0
fixed,TSB-HB,0.5013749102664332
fixed,TSB-HB,0.25671031560170543
fixed,TSB-HB,1.0
fixed,TSB-HB,1.0
fixed,TSB-HB,0.8234895123470781
fixed,TSB-HB,0.7034610144757015
fixed,TSB-HB,0.6434976989957534
fixed,TSB-HB,0.4382556823033321
fixed,TSB-HB,0.6434976989957534
fixed,TSB-HB,0.6434976989957534
fixed,TSB-HB,0.0
fixed,TSB-HB,0.0
fixed,TSB-HB,0.0
fixed,TSB-HB,0.5047687002197287
fixed,TSB-HB,0.0
fixed,TSB-HB,0.0
fixed,TSB-HB,0.8042491630586578
fixed,TSB-HB,0.0
fixed,TSB-HB,0.0
fixed,TSB-HB,0.0
fixed,TSB-HB,0.0
fixed,TSB-HB,0.0
fixed,TSB-HB,1.0
fixed,TSB-HB,0.4189189884443675
fixed,TSB-HB,0.2625873035437866
fixed,TSB-HB,0.0
fixed,TSB-HB,0.7144336993504736
fixed,TSB-HB,0.2625873035437866
fixed,TSB-HB,0.4422339753972747
fixed,TSB-HB,0.0
fixed,TSB-HB,0.0
fixed,TSB-HB,0.3534187526602949
fixed,TSB-HB,0.0
fixed,TSB-HB,0.5658554764376296
fixed,TSB-HB,0.873038771012513
fixed,TSB-HB,0.0
fixed,TSB-HB,0.0
fixed,TSB-HB,0.19779768514035928
fixed,TSB-HB,0.19779768514035928
fixed,TSB-HB,0.19779768514035928
fixed,TSB-HB,0.0
fixed,TSB-HB,1.0
fixed,TSB-HB,0.0
fixed,TSB-HB,0.45477314602943353
fixed,TSB-HB,0.0
fixed,TSB-HB,0.45477314602943353
fixed,TSB-HB,0.45477314602943353
fixed,TSB-HB,1.0
fixed,TSB-HB,0.4461237991000959
fixed,TSB-HB,0.7715885139065868
fixed,TSB-HB,0.0
fixed,TSB-HB,0.0
fixed,TSB-HB,0.4461237991000959
fixed,TSB-HB,0.4461237991000959
fixed,TSB-HB,0.4143679491743208
fixed,TSB-HB,0.0
fixed,TSB-HB,0.8396152812489044
fixed,TSB-HB,0.682964705877435
fixed,TSB-HB,0.4143679491743208
fixed,TSB-HB,0.682964705877435
fixed,TSB-HB,0.18889651558191556
fixed,TSB-HB,0.8814764437849535
fixed,TSB-HB,0.0
fixed,TSB-HB,0.5013717686087144
fixed,TSB-HB,0.6366078223656456
fixed,TSB-HB,0.5013717686087144
fixed,TSB-HB,0.0
fixed,TSB-HB,0.7602243765403004
fixed,TSB-HB,0.0
fixed,TSB-HB,0.5656919612048801
fixed,TSB-HB,0.7602243765403004
fixed,TSB-HB,0.0
fixed,TSB-HB,0.0
fixed,TSB-HB,0.0
fixed,TSB-HB,0.6831289339176528
fixed,TSB-HB,0.0
fixed,TSB-HB,0.0
fixed,TSB-HB,0.0
fixed,TSB-HB,0.0
fixed,TSB-HB,0.0
fixed,TSB-HB,0.8742428822767329
fixed,TSB-HB,0.4879008055050153
fixed,TSB-HB,0.7481133139198366
fixed,TSB-HB,0.0
fixed,TSB-HB,0.0
fixed,TSB-HB,0.8515306855141649
fixed,TSB-HB,0.8515306855141649
fixed,TSB-HB,0.5773565799787259
fixed,TSB-HB,0.886520136176898
fixed,TSB-HB,0.17436152095787427
fixed,TSB-HB,0.5730409278156501
fixed,TSB-HB,0.2224569961936334
fixed,TSB-HB,0.40278132969952035
fixed,TSB-HB,0.0
fixed,TSB-HB,0.40278132969952035
fixed,TSB-HB,0.7171636837920006
fixed,TSB-HB,0.8160846253305978
fixed,TSB-HB,0.34233664711431677
fixed,TSB-HB,1.0
fixed,TSB-HB,0.0
fixed,TSB-HB,0.34233664711431677
fixed,TSB-HB,0.34233664711431677
fixed,TSB-HB,0.0
fixed,TSB-HB,0.0
fixed,TSB-HB,0.0
fixed,TSB-HB,0.7902046994424852
fixed,TSB-HB,0.4595706057105112
fixed,TSB-HB,0.4595706057105112
fixed,TSB-HB,0.7717649445180613
fixed,TSB-HB,0.7717649445180613
fixed,TSB-HB,0.5691886253632336
fixed,TSB-HB,0.5691886253632336
fixed,TSB-HB,0.5691886253632336
fixed,TSB-HB,0.3017433088783096
fixed,TSB-HB,0.19987484553102175
fixed,TSB-HB,1.0
fixed,TSB-HB,0.8089686926417393
fixed,TSB-HB,0.7146746364572578
fixed,TSB-HB,1.0
fixed,TSB-HB,0.8089686926417393
fixed,TSB-HB,0.4637639021758153
fixed,TSB-HB,0.4637639021758153
fixed,TSB-HB,0.7318683432823523
fixed,TSB-HB,0.8725683812789319
fixed,TSB-HB,0.0
fixed,TSB-HB,0.4637639021758153
fixed,TSB-HB,0.36880993573770626
fixed,TSB-HB,0.36880993573770626
fixed,TSB-HB,0.36880993573770626
fixed,TSB-HB,0.0
fixed,TSB-HB,0.0
fixed,TSB-HB,0.0
fixed,TSB-HB,0.0
fixed,TSB-HB,0.6228230837709234
fixed,TSB-HB,0.6228230837709234
fixed,TSB-HB,0.5331498961687138
fixed,TSB-HB,1.0
fixed,TSB-HB,0.3450452731803232
fixed,TSB-HB,0.0
fixed,TSB-HB,0.0
fixed,TSB-HB,0.7352718381181803
fixed,TSB-HB,0.0
fixed,TSB-HB,0.4068154621171447
fixed,TSB-HB,0.0
fixed,TSB-HB,0.0
fixed,TSB-HB,0.5106305100456601
fixed,TSB-HB,0.5106305100456601
fixed,TSB-HB,0.0
fixed,TSB-HB,0.814328677273518
fixed,TSB-HB,0.5106305100456601
fixed,TSB-HB,0.0
fixed,TSB-HB,0.4972069827696488
fixed,TSB-HB,0.4972069827696488
fixed,TSB-HB,0.0
fixed,TSB-HB,0.4972069827696488
fixed,TSB-HB,0.4972069827696488
fixed,TSB-HB,0.0
fixed,TSB-HB,0.3141992085517354
fixed,TSB-HB,0.8850651772993551
fixed,TSB-HB,0.7148689389722962
fixed,TSB-HB,0.3141992085517354
fixed,TSB-HB,0.3141992085517354
fixed,TSB-HB,0.0
fixed,TSB-HB,0.5226356070491339
fixed,TSB-HB,1.0
fixed,TSB-HB,0.0
fixed,TSB-HB,0.5226356070491339
fixed,TSB-HB,0.0
fixed,TSB-HB,1.0
fixed,TSB-HB,1.0
fixed,TSB-HB,0.0
fixed,TSB-HB,1.0
fixed,TSB-HB,0.7353481336604872
fixed,TSB-HB,1.0
fixed,TSB-HB,0.2991826266076879
fixed,TSB-HB,0.7934904637424635
fixed,TSB-HB,1.0
fixed,TSB-HB,0.6527670789358099
fixed,TSB-HB,1.0
fixed,TSB-HB,0.6527670789358099
fixed,TSB-HB,0.0
fixed,TSB-HB,1.0
fixed,TSB-HB,0.7485143936248759
fixed,TSB-HB,0.8552137621074536
fixed,TSB-HB,0.8552137621074536
fixed,TSB-HB,0.7485143936248759
fixed,TSB-HB,0.0
fixed,TSB-HB,0.41066504839308704
fixed,TSB-HB,0.0
fixed,TSB-HB,0.41066504839308704
fixed,TSB-HB,0.0
fixed,TSB-HB,0.7518479861692304
fixed,TSB-HB,0.0
fixed,TSB-HB,0.0
fixed,TSB-HB,0.39807246955690756
fixed,TSB-HB,0.39807246955690756
fixed,TSB-HB,1.0
fixed,TSB-HB,1.0
fixed,TSB-HB,0.650174398639267
fixed,TSB-HB,0.0
fixed,TSB-HB,0.3672928363249759
fixed,TSB-HB,0.650174398639267
fixed,TSB-HB,1.0
fixed,TSB-HB,0.8293254474662475
fixed,TSB-HB,0.6739406953713685
fixed,TSB-HB,0.0
fixed,TSB-HB,0.6739406953713685
fixed,TSB-HB,0.42223900426067623
fixed,TSB-HB,0.0
fixed,TSB-HB,0.42223900426067623
fixed,TSB-HB,0.541665158083219
fixed,TSB-HB,0.0
fixed,TSB-HB,0.0
fixed,TSB-HB,0.0
fixed,TSB-HB,0.0
fixed,TSB-HB,0.541665158083219
fixed,TSB-HB,1.0
fixed,TSB-HB,0.3375352240967948
fixed,TSB-HB,0.7507682240778341
fixed,TSB-HB,0.5511355176965186
fixed,TSB-HB,0.5511355176965186
fixed,TSB-HB,0.0
fixed,TSB-HB,0.0
fixed,TSB-HB,0.0
fixed,TSB-HB,0.0
fixed,TSB-HB,0.0
fixed,TSB-HB,0.4711728052729105
fixed,TSB-HB,0.4711728052729105
fixed,TSB-HB,0.48922933091574844
fixed,TSB-HB,0.0
fixed,TSB-HB,0.0
fixed,TSB-HB,0.8108307017727627
fixed,TSB-HB,0.48922933091574844
fixed,TSB-HB,0.0
fixed,TSB-HB,0.0
fixed,TSB-HB,0.5073346287638367
fixed,TSB-HB,0.7759563446517397
fixed,TSB-HB,0.7759563446517397
fixed,TSB-HB,1.0
fixed,TSB-HB,1.0
fixed,TSB-HB,0.0
fixed,TSB-HB,0.7284111712862239
fixed,TSB-HB,0.0
fixed,TSB-HB,0.46166161909696113
fixed,TSB-HB,0.0
fixed,TSB-HB,0.46166161909696113
fixed,TSB-HB,0.5736634577313172
fixed,TSB-HB,0.7745700056180979
fixed,TSB-HB,0.8798376879144069
fixed,TSB-HB,0.29428906146083117
fixed,TSB-HB,0.29428906146083117
fixed,TSB-HB,1.0
fixed,TSB-HB,0.6949216904029104
fixed,TSB-HB,0.6949216904029104
fixed,TSB-HB,0.8512155946205631
fixed,TSB-HB,0.0
fixed,TSB-HB,0.6949216904029104
fixed,TSB-HB,0.0
fixed,TSB-HB,0.8891053587359818
fixed,TSB-HB,0.49421683121578996
fixed,TSB-HB,0.0
fixed,TSB-HB,0.49421683121578996
fixed,TSB-HB,0.6420906853298444
fixed,TSB-HB,0.28728537352301897
fixed,TSB-HB,0.5296795580830638
fixed,TSB-HB,0.7284939417713165
fixed,TSB-HB,0.5296795580830638
fixed,TSB-HB,0.8283525451225954
fixed,TSB-HB,0.5296795580830638
fixed,TSB-HB,0.5296795580830638
fixed,TSB-HB,0.0
fixed,TSB-HB,0.0
fixed,TSB-HB,0.0
fixed,TSB-HB,0.7950905681510305
fixed,TSB-HB,0.0
fixed,TSB-HB,0.0
fixed,TSB-HB,0.0
fixed,TSB-HB,0.7424795609355873
fixed,TSB-HB,0.41917297777499085
fixed,TSB-HB,0.7424795609355873
fixed,TSB-HB,0.8115193801758904
fixed,TSB-HB,0.0
fixed,TSB-HB,0.24085376123465474
fixed,TSB-HB,0.7442106275574244
fixed,TSB-HB,0.0
fixed,TSB-HB,1.0
fixed,TSB-HB,0.8797952916902425
fixed,TSB-HB,0.8797952916902425
fixed,TSB-HB,0.0
fixed,TSB-HB,0.0
fixed,TSB-HB,0.8671317203746387
fixed,TSB-HB,1.0
fixed,TSB-HB,0.6966587024897755
fixed,TSB-HB,0.0
fixed,TSB-HB,0.8714808673249341
fixed,TSB-HB,0.46010578596846985
fixed,TSB-HB,0.7249082340268189
fixed,TSB-HB,0.8714808673249341
fixed,TSB-HB,0.0
fixed,TSB-HB,0.0
fixed,TSB-HB,0.0
fixed,TSB-HB,0.2232924036271069
fixed,TSB-HB,0.2232924036271069
fixed,TSB-HB,0.42240498729663273
fixed,TSB-HB,0.42240498729663273
fixed,TSB-HB,1.0
fixed,TSB-HB,0.32916763852605924
fixed,TSB-HB,0.32916763852605924
fixed,TSB-HB,0.32916763852605924
fixed,TSB-HB,0.0
fixed,TSB-HB,0.0
fixed,TSB-HB,0.32916763852605924
fixed,TSB-HB,0.0
fixed,TSB-HB,0.2978737199143606
fixed,TSB-HB,0.7275220313992142
fixed,TSB-HB,0.2978737199143606
fixed,TSB-HB,0.8969144071281261
fixed,TSB-HB,1.0
fixed,TSB-HB,0.0
fixed,TSB-HB,0.549294956360576
fixed,TSB-HB,0.0
fixed,TSB-HB,1.0
fixed,TSB-HB,0.3125483129713543
fixed,TSB-HB,0.7392669820486069
fixed,TSB-HB,0.0
fixed,TSB-HB,0.0
fixed,TSB-HB,0.25978728740044194
fixed,TSB-HB,0.0
fixed,TSB-HB,0.25978728740044194
fixed,TSB-HB,0.25978728740044194
fixed,TSB-HB,0.0
fixed,TSB-HB,0.844630537042334
fixed,TSB-HB,0.4034074567351513
fixed,TSB-HB,0.6770509760582356
fixed,TSB-HB,1.0
fixed,TSB-HB,1.0
fixed,TSB-HB,0.23587371146356526
fixed,TSB-HB,0.0
fixed,TSB-HB,0.3805433741171864
fixed,TSB-HB,0.0
fixed,TSB-HB,0.5178562021572228
fixed,TSB-HB,0.0
fixed,TSB-HB,0.0
fixed,TSB-HB,0.43310839615215346
fixed,TSB-HB,0.0
fixed,TSB-HB,0.8993792935961575
fixed,TSB-HB,0.7987740664101104
fixed,TSB-HB,1.0
fixed,TSB-HB,0.7116641213966337
fixed,TSB-HB,1.0
fixed,TSB-HB,0.4103703153635526
fixed,TSB-HB,0.4103703153635526
fixed,TSB-HB,0.4103703153635526
fixed,TSB-HB,0.4103703153635526
fixed,TSB-HB,0.49392465264499097
fixed,TSB-HB,0.0
fixed,TSB-HB,0.49392465264499097
fixed,TSB-HB,0.49392465264499097
fixed,TSB-HB,0.0
fixed,TSB-HB,1.0
fixed,TSB-HB,0.0
fixed,TSB-HB,0.26191180028025335
fixed,TSB-HB,0.26191180028025335
fixed,TSB-HB,0.26191180028025335
fixed,TSB-HB,0.0
fixed,TSB-HB,0.0
fixed,TSB-HB,0.0
fixed,TSB-HB,0.7660805316649443
fixed,TSB-HB,0.41085082481199053
fixed,TSB-HB,1.0
fixed,TSB-HB,0.0
fixed,TSB-HB,1.0
fixed,TSB-HB,0.0
fixed,TSB-HB,0.3632447995779667
fixed,TSB-HB,0.3632447995779667
fixed,TSB-HB,0.7460244800582841
fixed,TSB-HB,0.5628401583389614
fixed,TSB-HB,0.0
fixed,TSB-HB,0.0
fixed,TSB-HB,0.434422577613252
fixed,TSB-HB,1.0
fixed,TSB-HB,0.7502288297929639
fixed,TSB-HB,0.0
fixed,TSB-HB,1.0
fixed,TSB-HB,0.5253691838945955
fixed,TSB-HB,0.5253691838945955
fixed,TSB-HB,0.5253691838945955
fixed,TSB-HB,0.0
fixed,TSB-HB,0.0
fixed,TSB-HB,0.0
fixed,TSB-HB,0.5729804920213936
fixed,TSB-HB,0.5729804920213936
fixed,TSB-HB,0.7739745157455932
fixed,TSB-HB,0.37887321755054665
fixed,TSB-HB,0.0
fixed,TSB-HB,0.6508815660542272
fixed,TSB-HB,0.8020720931996506
fixed,TSB-HB,0.0
fixed,TSB-HB,0.5214960071048406
fixed,TSB-HB,0.0
fixed,TSB-HB,0.0
fixed,TSB-HB,0.5214960071048406
fixed,TSB-HB,0.43490633630861264
fixed,TSB-HB,0.43490633630861264
fixed,TSB-HB,0.0
fixed,TSB-HB,0.0
fixed,TSB-HB,0.43490633630861264
fixed,TSB-HB,0.0
fixed,TSB-HB,0.0
fixed,TSB-HB,0.3228548704548158
fixed,TSB-HB,0.3228548704548158
fixed,TSB-HB,0.0
fixed,TSB-HB,0.7935541892260873
fixed,TSB-HB,0.6085401198019564
fixed,TSB-HB,0.43169355189459113
fixed,TSB-HB,0.6190046568733536
fixed,TSB-HB,0.22265752510154357
fixed,TSB-HB,0.22265752510154357
fixed,TSB-HB,0.7666685769721231
fixed,TSB-HB,0.7666685769721231
fixed,TSB-HB,0.8488072987221976
fixed,TSB-HB,0.0
fixed,TSB-HB,0.8488072987221976
fixed,TSB-HB,0.5639387516006591
fixed,TSB-HB,0.5639387516006591
fixed,TSB-HB,1.0
fixed,TSB-HB,0.47469639990206836
fixed,TSB-HB,0.47469639990206836
fixed,TSB-HB,0.0
fixed,TSB-HB,0.0
fixed,TSB-HB,0.7468100807960363
fixed,TSB-HB,0.0
fixed,TSB-HB,0.8579414890364111
fixed,TSB-HB,0.6931841179628755
fixed,TSB-HB,0.607666418921537
fixed,TSB-HB,0.0
fixed,TSB-HB,0.0
fixed,TSB-HB,0.0
fixed,TSB-HB,0.0
fixed,TSB-HB,0.335662976290405
fixed,TSB-HB,0.335662976290405
fixed,TSB-HB,0.335662976290405
fixed,TSB-HB,0.0
fixed,TSB-HB,0.0
fixed,TSB-HB,0.0
fixed,TSB-HB,0.0
fixed,TSB-HB,0.0
fixed,TSB-HB,0.3659622389720416
fixed,TSB-HB,0.0
fixed,TSB-HB,0.0
fixed,TSB-HB,0.5081185350708861
fixed,TSB-HB,0.0
fixed,TSB-HB,0.0
fixed,TSB-HB,0.5081185350708861
fixed,TSB-HB,0.5081185350708861
fixed,TSB-HB,0.7959135455417243
fixed,TSB-HB,0.0
fixed,TSB-HB,0.7726491447491379
fixed,TSB-HB,0.8759332749697006
fixed,TSB-HB,0.0
fixed,TSB-HB,0.0
fixed,TSB-HB,0.2786426343021827
fixed,TSB-HB,0.3061317018565223
fixed,TSB-HB,0.3061317018565223
fixed,TSB-HB,0.48413397671417385
fixed,TSB-HB,0.0
fixed,TSB-HB,0.48413397671417385
fixed,TSB-HB,0.0
fixed,TSB-HB,0.21640625543064018
fixed,TSB-HB,0.0
fixed,TSB-HB,0.3282994996609322
fixed,TSB-HB,0.43836199460073216
fixed,TSB-HB,0.3282994996609322
fixed,TSB-HB,0.43836199460073216
fixed,TSB-HB,0.38132706225951873
fixed,TSB-HB,0.5333512774289036
fixed,TSB-HB,0.7305627380090536
fixed,TSB-HB,0.5580027100014224
fixed,TSB-HB,0.6812598728640161
fixed,TSB-HB,0.813141800484507
fixed,TSB-HB,0.0
fixed,TSB-HB,0.0
fixed,TSB-HB,0.3243314432199386
fixed,TSB-HB,0.6929340276396933
fixed,TSB-HB,0.8788669162131671
fixed,TSB-HB,0.5465881648690771
fixed,TSB-HB,0.0
fixed,TSB-HB,0.22549882463628668
fixed,TSB-HB,0.16274941231814333
fixed,TSB-HB,0.8515374261213403
fixed,TSB-HB,0.8218711485719402
fixed,TSB-HB,1.0
fixed,TSB-HB,1.0
fixed,TSB-HB,0.0
fixed,TSB-HB,0.0
fixed,TSB-HB,1.0
fixed,TSB-HB,0.0
fixed,TSB-HB,0.515439436972253
fixed,TSB-HB,0.15306576523323878
fixed,TSB-HB,1.0
fixed,TSB-HB,0.8935850698271259
fixed,TSB-HB,0.8834810448048587
fixed,TSB-HB,0.24858414265306855
fixed,TSB-HB,0.802648844626721
fixed,TSB-HB,0.7167448823424112
fixed,TSB-HB,0.45935600718250563
fixed,TSB-HB,0.7167448823424112
fixed,TSB-HB,0.8621093871674178
fixed,TSB-HB,0.8621093871674178
fixed,TSB-HB,0.0
fixed,TSB-HB,0.0
fixed,TSB-HB,0.7697885162305624
fixed,TSB-HB,0.11533805144998774
fixed,TSB-HB,0.0
fixed,TSB-HB,0.44401078999506854
fixed,TSB-HB,1.0
fixed,TSB-HB,0.0
fixed,TSB-HB,0.3977205401890218
fixed,TSB-HB,0.7798227013070599
fixed,TSB-HB,0.5644928537872698
fixed,TSB-HB,0.7256582687975571
fixed,TSB-HB,0.0
fixed,TSB-HB,0.0
fixed,TSB-HB,0.0
fixed,TSB-HB,0.0
fixed,TSB-HB,0.0
fixed,TSB-HB,0.0
fixed,TSB-HB,0.0
fixed,TSB-HB,0.7443078049545508
fixed,TSB-HB,0.0
fixed,TSB-HB,0.7443078049545508
fixed,TSB-HB,0.7443078049545508
fixed,TSB-HB,0.0
fixed,TSB-HB,0.0
fixed,TSB-HB,0.5638878365443181
fixed,TSB-HB,1.0
fixed,TSB-HB,0.5638878365443181
fixed,TSB-HB,0.5638878365443181
fixed,TSB-HB,0.8494535066721246
fixed,TSB-HB,0.5638878365443181
fixed,TSB-HB,0.5985034213916405
fixed,TSB-HB,0.8552298359937103
fixed,TSB-HB,0.7213701904273334
fixed,TSB-HB,0.537070036873794
fixed,TSB-HB,1.0
fixed,TSB-HB,0.3724103993628177
fixed,TSB-HB,0.0
fixed,TSB-HB,0.8484818610252474
fixed,TSB-HB,0.8484818610252474
fixed,TSB-HB,0.8841705927353826
fixed,TSB-HB,0.0
fixed,TSB-HB,1.0
fixed,TSB-HB,0.0
fixed,TSB-HB,0.15645340912684352
fixed,TSB-HB,0.2411335228171088
fixed,TSB-HB,0.5213809710443914
fixed,TSB-HB,1.0
fixed,TSB-HB,0.18468011369026527
fixed,TSB-HB,0.6777875436038912
fixed,TSB-HB,1.0
fixed,TSB-HB,0.6777875436038912
fixed,TSB-HB,1.0
fixed,TSB-HB,0.6777875436038912
fixed,TSB-HB,0.0
fixed,TSB-HB,1.0
fixed,TSB-HB,0.465289290653087
fixed,TSB-HB,0.871060250011654
fixed,TSB-HB,0.6149528953410355
fixed,TSB-HB,0.7520444724182636
fixed,TSB-HB,0.2703273486219885
fixed,TSB-HB,0.25081122822173824
fixed,TSB-HB,0.0
fixed,TSB-HB,0.25081122822173824
fixed,TSB-HB,0.0
fixed,TSB-HB,0.44404869411656966
fixed,TSB-HB,0.0
fixed,TSB-HB,0.8756051098413995
fixed,TSB-HB,0.3075398825401561
fixed,TSB-HB,0.17606048346422115
fixed,TSB-HB,1.0
fixed,TSB-HB,0.4710409861362679
fixed,TSB-HB,1.0
fixed,TSB-HB,0.5951708376620243
fixed,TSB-HB,0.0
fixed,TSB-HB,0.3616521402570849
fixed,TSB-HB,0.5320859337990971
fixed,TSB-HB,0.6582557415249516
fixed,TSB-HB,0.26888744990942914
fixed,TSB-HB,0.20634130212934695
fixed,TSB-HB,0.0
fixed,TSB-HB,0.5733485847906082
fixed,TSB-HB,0.41047833159889496
fixed,TSB-HB,0.8886525028088006
fixed,TSB-HB,1.0
fixed,TSB-HB,0.0
fixed,TSB-HB,0.3514566387407129
fixed,TSB-HB,0.4944013826949099
fixed,TSB-HB,0.2162575522196448
fixed,TSB-HB,0.7720281710618628
fixed,TSB-HB,0.0
fixed,TSB-HB,0.0
fixed,TSB-HB,0.32567013503513176
fixed,TSB-HB,0.0
fixed,TSB-HB,0.6115474165439482
fixed,TSB-HB,0.7742488638916135
fixed,TSB-HB,0.8020843199492919
fixed,TSB-HB,0.7489990376701173
fixed,TSB-HB,0.7985089260468545
fixed,TSB-HB,0.5224108423009903
fixed,TSB-HB,0.7489990376701173
fixed,TSB-HB,0.8963915791363254
fixed,TSB-HB,0.0
fixed,TSB-HB,0.4418063364868494
fixed,TSB-HB,0.6154826232335605
fixed,TSB-HB,1.0
fixed,TSB-HB,0.0
fixed,TSB-HB,0.26668233222032983
fixed,TSB-HB,0.3834316683980096
fixed,TSB-HB,0.650814806018511
fixed,TSB-HB,0.650814806018511
fixed,TSB-HB,0.3488845187128779
fixed,TSB-HB,0.3488845187128779
fixed,TSB-HB,1.0
fixed,TSB-HB,0.753465938614082
fixed,TSB-HB,0.0
fixed,TSB-HB,0.0
fixed,TSB-HB,1.0
fixed,TSB-HB,0.4215338128859013
fixed,TSB-HB,0.4215338128859013
fixed,TSB-HB,0.0
fixed,TSB-HB,0.6736213192245484
fixed,TSB-HB,0.0
fixed,TSB-HB,1.0
fixed,TSB-HB,0.0
fixed,TSB-HB,1.0
fixed,TSB-HB,0.44351930566828845
fixed,TSB-HB,0.37129223763370006
fixed,TSB-HB,0.37129223763370006
fixed,TSB-HB,0.0
fixed,TSB-HB,0.8194714409660055
fixed,TSB-HB,0.6456811380110257
fixed,TSB-HB,1.0
fixed,TSB-HB,0.2434596974676537
fixed,TSB-HB,0.7844458273257535
fixed,TSB-HB,0.43697909219946474
fixed,TSB-HB,0.8852731364302594
fixed,TSB-HB,1.0
fixed,TSB-HB,0.8516640333954241
fixed,TSB-HB,0.2819025089500064
fixed,TSB-HB,0.4989991959018505
fixed,TSB-HB,0.2172265182924324
fixed,TSB-HB,0.35426807126728777
fixed,TSB-HB,0.2172265182924324
fixed,TSB-HB,0.1586132591462162
fixed,TSB-HB,0.8779407527396137
fixed,TSB-HB,0.26863898678768017
fixed,TSB-HB,0.7795454591892843
fixed,TSB-HB,0.0
fixed,TSB-HB,0.4824869891588843
fixed,TSB-HB,0.4824869891588843
fixed,TSB-HB,0.7901421935526436
fixed,TSB-HB,0.7901421935526436
fixed,TSB-HB,0.43049030805233135
fixed,TSB-HB,0.43049030805233135
fixed,TSB-HB,1.0
fixed,TSB-HB,0.0
fixed,TSB-HB,0.8541999537086751
fixed,TSB-HB,0.6578162317396017
fixed,TSB-HB,0.0
fixed,TSB-HB,0.0
fixed,TSB-HB,0.0
fixed,TSB-HB,0.0
fixed,TSB-HB,0.22803269792415587
fixed,TSB-HB,0.22803269792415587
fixed,TSB-HB,0.691595585828412
fixed,TSB-HB,0.8221313951233689
fixed,TSB-HB,1.0
fixed,TSB-HB,0.3694316503947107
fixed,TSB-HB,0.24872170615656405
fixed,TSB-HB,0.7418924390682287
fixed,TSB-HB,0.21401997472003242
fixed,TSB-HB,1.0
fixed,TSB-HB,0.7618956506019937
fixed,TSB-HB,0.856158570000477
fixed,TSB-HB,0.7937816118528804
fixed,TSB-HB,0.5057554976989866
fixed,TSB-HB,0.5057554976989866
fixed,TSB-HB,0.0
fixed,TSB-HB,0.0
fixed,TSB-HB,0.0
fixed,TSB-HB,0.2361989046715307
fixed,TSB-HB,0.1340497261678827
fixed,TSB-HB,0.1340497261678827
fixed,TSB-HB,0.20214917850364802
fixed,TSB-HB,0.7134078336590022
fixed,TSB-HB,1.0
fixed,TSB-HB,0.5089355165978026
fixed,TSB-HB,0.5089355165978026
fixed,TSB-HB,0.0
fixed,TSB-HB,0.0
fixed,TSB-HB,0.0
fixed,TSB-HB,0.5089355165978026
fixed,TSB-HB,0.0
fixed,TSB-HB,0.0
fixed,TSB-HB,0.7748682529406968
fixed,TSB-HB,0.7748682529406968
fixed,TSB-HB,0.0
fixed,TSB-HB,0.0
fixed,TSB-HB,0.0
fixed,TSB-HB,0.28467099288247216
fixed,TSB-HB,1.0
fixed,TSB-HB,0.8808649046657312
fixed,TSB-HB,0.28467099288247216
fixed,TSB-HB,0.0
fixed,TSB-HB,0.7787398441182267
fixed,TSB-HB,0.46643819724637137
fixed,TSB-HB,0.0
fixed,TSB-HB,0.46643819724637137
fixed,TSB-HB,0.46643819724637137
fixed,TSB-HB,0.46643819724637137
fixed,TSB-HB,0.5279285685937449
fixed,TSB-HB,0.0
fixed,TSB-HB,0.0
fixed,TSB-HB,0.5279285685937449
fixed,TSB-HB,0.5279285685937449
fixed,TSB-HB,0.5279285685937449
fixed,TSB-HB,0.7419528232921655
fixed,TSB-HB,0.0
fixed,TSB-HB,0.7419528232921655
fixed,TSB-HB,0.0
fixed,TSB-HB,1.0
fixed,TSB-HB,0.428228330784173
fixed,TSB-HB,0.0
fixed,TSB-HB,0.8577802783549521
fixed,TSB-HB,0.8577802783549521
fixed,TSB-HB,0.43573476128857214
fixed,TSB-HB,0.43573476128857214
fixed,TSB-HB,0.0
fixed,TSB-HB,0.4865010493077898
fixed,TSB-HB,1.0
fixed,TSB-HB,1.0
fixed,TSB-HB,0.0
fixed,TSB-HB,0.4865010493077898
fixed,TSB-HB,0.0
fixed,TSB-HB,0.0
fixed,TSB-HB,0.5403821800097673
fixed,TSB-HB,0.8343610321450708
fixed,TSB-HB,0.5403821800097673
fixed,TSB-HB,0.0
fixed,TSB-HB,0.0
fixed,TSB-HB,0.4982341244535157
fixed,TSB-HB,1.0
fixed,TSB-HB,0.4982341244535157
fixed,TSB-HB,0.0
fixed,TSB-HB,0.0
fixed,TSB-HB,0.0
fixed,TSB-HB,0.45081627098543975
fixed,TSB-HB,1.0
fixed,TSB-HB,0.45081627098543975
fixed,TSB-HB,0.0
fixed,TSB-HB,0.0
fixed,TSB-HB,0.0
fixed,TSB-HB,0.3967137483120296
fixed,TSB-HB,1.0
fixed,TSB-HB,1.0
fixed,TSB-HB,0.3967137483120296
fixed,TSB-HB,0.0
fixed,TSB-HB,0.0
fixed,TSB-HB,0.0
fixed,TSB-HB,0.0
fixed,TSB-HB,0.0
fixed,TSB-HB,0.0
fixed,TSB-HB,0.3557944526789135
fixed,TSB-HB,0.5345763759163393
fixed,TSB-HB,0.47935986529220276
fixed,TSB-HB,1.0
fixed,TSB-HB,0.47935986529220276
fixed,TSB-HB,0.0
fixed,TSB-HB,0.47935986529220276
fixed,TSB-HB,0.0
fixed,TSB-HB,0.0
fixed,TSB-HB,0.592435151661918
fixed,TSB-HB,1.0
fixed,TSB-HB,1.0
fixed,TSB-HB,0.3539560513412168
fixed,TSB-HB,0.3539560513412168
fixed,TSB-HB,0.8429645172575416
fixed,TSB-HB,0.593004375947815
fixed,TSB-HB,1.0
fixed,TSB-HB,0.46385907017640493
fixed,TSB-HB,0.1903028361750675
fixed,TSB-HB,0.0
fixed,TSB-HB,0.6348149685185067
fixed,TSB-HB,0.3200836478368885
fixed,TSB-HB,0.39692172114668356
fixed,TSB-HB,0.6855258847621912
fixed,TSB-HB,0.3200836478368885
fixed,TSB-HB,0.39692172114668356
fixed,TSB-HB,0.3144127246764846
fixed,TSB-HB,0.7758516538382195
fixed,TSB-HB,0.824971972099984
fixed,TSB-HB,0.5867130505373359
fixed,TSB-HB,0.19508875831781247
fixed,TSB-HB,0.19508875831781247
fixed,TSB-HB,0.7220110590136272
fixed,TSB-HB,0.7220110590136272
fixed,TSB-HB,0.4613772033240474
fixed,TSB-HB,1.0
fixed,TSB-HB,0.7220110590136272
fixed,TSB-HB,0.7220110590136272
fixed,TSB-HB,0.0
fixed,TSB-HB,0.0
fixed,TSB-HB,0.5441874922723569
fixed,TSB-HB,0.5441874922723569
fixed,TSB-HB,0.0
fixed,TSB-HB,0.0
fixed,TSB-HB,1.0
fixed,TSB-HB,1.0
fixed,TSB-HB,0.8252299194839117
fixed,TSB-HB,0.5881760426158649
fixed,TSB-HB,0.0
fixed,TSB-HB,1.0
fixed,TSB-HB,0.0
fixed,TSB-HB,0.33656167151762695
fixed,TSB-HB,0.5348409778253191
fixed,TSB-HB,0.5348409778253191
fixed,TSB-HB,0.7219297957819649
fixed,TSB-HB,0.7219297957819649
fixed,TSB-HB,0.0
fixed,TSB-HB,0.3073524592672249
fixed,TSB-HB,0.5940528833192154
fixed,TSB-HB,1.0
fixed,TSB-HB,0.7820167403991867
fixed,TSB-HB,0.7820167403991867
fixed,TSB-HB,0.40786467003900106
fixed,TSB-HB,0.8413460278156953
fixed,TSB-HB,0.7930813166691653
fixed,TSB-HB,0.5281682594609508
fixed,TSB-HB,0.477443442641889
fixed,TSB-HB,0.0
fixed,TSB-HB,0.8019846176027766
fixed,TSB-HB,0.8872504007838162
fixed,TSB-HB,0.0
fixed,TSB-HB,0.4985638901782189
fixed,TSB-HB,0.3088720654303737
fixed,TSB-HB,0.4985638901782189
fixed,TSB-HB,0.4763083741737113
fixed,TSB-HB,0.0
fixed,TSB-HB,0.4763083741737113
fixed,TSB-HB,0.7868742642448018
fixed,TSB-HB,1.0
fixed,TSB-HB,0.7868742642448018
fixed,TSB-HB,0.44443074974170416
fixed,TSB-HB,0.6528996550991855
fixed,TSB-HB,0.44443074974170416
fixed,TSB-HB,0.44443074974170416
fixed,TSB-HB,0.8989550935037883
fixed,TSB-HB,0.8026340378070919
fixed,TSB-HB,0.6021717830476497
fixed,TSB-HB,0.4181450322616056
fixed,TSB-HB,0.6021717830476497
fixed,TSB-HB,0.6021717830476497
fixed,TSB-HB,0.0
fixed,TSB-HB,0.4181450322616056
fixed,TSB-HB,0.47910880372325076
fixed,TSB-HB,1.0
fixed,TSB-HB,1.0
fixed,TSB-HB,1.0
fixed,TSB-HB,1.0
fixed,TSB-HB,0.7736070093019893
fixed,TSB-HB,0.0
fixed,TSB-HB,0.6760749312131269
fixed,TSB-HB,0.4080913052512592
fixed,TSB-HB,0.4080913052512592
fixed,TSB-HB,0.4080913052512592
fixed,TSB-HB,0.4080913052512592
fixed,TSB-HB,1.0
fixed,TSB-HB,0.7610032536061845
fixed,TSB-HB,0.0
fixed,TSB-HB,0.4354883975390336
fixed,TSB-HB,0.0
fixed,TSB-HB,0.4354883975390336
fixed,TSB-HB,0.585115525902232
fixed,TSB-HB,1.0
fixed,TSB-HB,0.0
fixed,TSB-HB,0.0
fixed,TSB-HB,0.4022161366076028
fixed,TSB-HB,0.4022161366076028
fixed,TSB-HB,0.0
fixed,TSB-HB,0.4437289185183492
fixed,TSB-HB,0.4437289185183492
fixed,TSB-HB,0.4437289185183492
fixed,TSB-HB,0.6838978810521592
fixed,TSB-HB,0.6838978810521592
fixed,TSB-HB,0.0
fixed,TSB-HB,0.7740702276050874
fixed,TSB-HB,1.0
fixed,TSB-HB,0.0
fixed,TSB-HB,0.42270883224109074
fixed,TSB-HB,0.42270883224109074
fixed,TSB-HB,0.6590238661249174
fixed,TSB-HB,0.0
fixed,TSB-HB,0.0
fixed,TSB-HB,0.7772004147229776
fixed,TSB-HB,0.0
fixed,TSB-HB,0.7772004147229776
fixed,TSB-HB,0.8428666855787825
fixed,TSB-HB,0.8428666855787825
fixed,TSB-HB,0.504247135700794
fixed,TSB-HB,0.0
fixed,TSB-HB,0.504247135700794
fixed,TSB-HB,0.504247135700794
fixed,TSB-HB,0.5577914963206517
fixed,TSB-HB,0.5577914963206517
fixed,TSB-HB,0.0
fixed,TSB-HB,0.5577914963206517
fixed,TSB-HB,0.0
fixed,TSB-HB,0.8532469206370448
fixed,TSB-HB,0.2550971671005998
fixed,TSB-HB,0.5168637961339899
fixed,TSB-HB,0.5168637961339899
fixed,TSB-HB,0.8293699333277784
fixed,TSB-HB,0.2550971671005998
fixed,TSB-HB,0.719988785868392
fixed,TSB-HB,0.364608174217502
fixed,TSB-HB,0.6389534788678728
fixed,TSB-HB,0.0
fixed,TSB-HB,0.6389534788678728
fixed,TSB-HB,0.6389534788678728
fixed,TSB-HB,0.818162176834797
fixed,TSB-HB,0.0
fixed,TSB-HB,0.0
fixed,TSB-HB,0.0
fixed,TSB-HB,0.0
fixed,TSB-HB,1.0
fixed,TSB-HB,0.36177203932875135
fixed,TSB-HB,0.0
fixed,TSB-HB,0.21364672501389603
fixed,TSB-HB,1.0
fixed,TSB-HB,0.3749721610155933
fixed,TSB-HB,0.7989540159177325
fixed,TSB-HB,0.21364672501389603
fixed,TSB-HB,0.256175716144104
fixed,TSB-HB,0.8630659012902048
fixed,TSB-HB,0.5462382396608186
fixed,TSB-HB,0.0
fixed,TSB-HB,0.5462382396608186
fixed,TSB-HB,0.0
fixed,TSB-HB,0.19681993929608696
fixed,TSB-HB,0.7560464758150767
fixed,TSB-HB,0.0
fixed,TSB-HB,0.0
fixed,TSB-HB,0.631571631722632
fixed,TSB-HB,0.7560464758150767
fixed,TSB-HB,0.0
fixed,TSB-HB,0.46060506592229566
fixed,TSB-HB,0.0
fixed,TSB-HB,0.46060506592229566
fixed,TSB-HB,0.0
fixed,TSB-HB,0.0
fixed,TSB-HB,0.0
fixed,TSB-HB,1.0
fixed,TSB-HB,0.3861767212501404
fixed,TSB-HB,1.0
fixed,TSB-HB,0.3861767212501404
fixed,TSB-HB,0.8325887465858425
fixed,TSB-HB,0.4018615736030148
fixed,TSB-HB,0.21468894370839003
fixed,TSB-HB,0.0
fixed,TSB-HB,0.21468894370839003
fixed,TSB-HB,0.586931524628362
fixed,TSB-HB,0.4018615736030148
fixed,TSB-HB,0.0
fixed,TSB-HB,0.0
fixed,TSB-HB,1.0
fixed,TSB-HB,0.6133650415628684
fixed,TSB-HB,0.8510393323976774
fixed,TSB-HB,0.7689637317881229
fixed,TSB-HB,0.0
fixed,TSB-HB,0.7573891716775404
fixed,TSB-HB,1.0
fixed,TSB-HB,0.0
fixed,TSB-HB,1.0
fixed,TSB-HB,0.0
fixed,TSB-HB,0.6871098856339977
fixed,TSB-HB,0.35004044558680514
fixed,TSB-HB,0.0
fixed,TSB-HB,0.0
fixed,TSB-HB,0.0
fixed,TSB-HB,0.35004044558680514
fixed,TSB-HB,0.3329623874376444
fixed,TSB-HB,0.6237190958694592
fixed,TSB-HB,0.0
fixed,TSB-HB,0.3329623874376444
fixed,TSB-HB,0.0
fixed,TSB-HB,0.3329623874376444
fixed,TSB-HB,0.5038450961143963
fixed,TSB-HB,0.0
fixed,TSB-HB,0.0
fixed,TSB-HB,0.802142561886423
fixed,TSB-HB,0.5038450961143963
fixed,TSB-HB,0.0
fixed,TSB-HB,0.8974985134425588
fixed,TSB-HB,0.8974985134425588
fixed,TSB-HB,0.8974985134425588
fixed,TSB-HB,0.4295668896589086
fixed,TSB-HB,0.4295668896589086
fixed,TSB-HB,1.0
fixed,TSB-HB,1.0
fixed,TSB-HB,0.5861227075359114
fixed,TSB-HB,0.7516500318258055
fixed,TSB-HB,0.7516500318258055
fixed,TSB-HB,0.20897261408648998
fixed,TSB-HB,0.5861227075359114
fixed,TSB-HB,0.46315357252909445
fixed,TSB-HB,0.7276630572450524
fixed,TSB-HB,0.8675087148226508
fixed,TSB-HB,0.7276630572450524
fixed,TSB-HB,0.8675087148226508
fixed,TSB-HB,1.0
fixed,TSB-HB,0.5747849337322214
fixed,TSB-HB,0.3140268682837486
fixed,TSB-HB,0.0
fixed,TSB-HB,0.5747849337322214
fixed,TSB-HB,0.0
fixed,TSB-HB,0.0
fixed,TSB-HB,0.7854643590060582
fixed,TSB-HB,0.0
fixed,TSB-HB,0.7854643590060582
fixed,TSB-HB,0.7854643590060582
fixed,TSB-HB,0.6039657118200136
fixed,TSB-HB,0.6039657118200136
fixed,TSB-HB,0.3964264525675452
fixed,TSB-HB,0.3146450828741005
fixed,TSB-HB,0.7864249094052627
fixed,TSB-HB,1.0
fixed,TSB-HB,0.7958154215716066
fixed,TSB-HB,0.6055170704683595
fixed,TSB-HB,0.47263724196814616
fixed,TSB-HB,0.0
fixed,TSB-HB,0.47263724196814616
fixed,TSB-HB,0.7810266545279312
fixed,TSB-HB,0.0
fixed,TSB-HB,1.0
fixed,TSB-HB,0.0
fixed,TSB-HB,1.0
fixed,TSB-HB,0.0
fixed,TSB-HB,0.0
fixed,TSB-HB,0.0
fixed,TSB-HB,0.5447128305229663
fixed,TSB-HB,0.4469631038121086
fixed,TSB-HB,0.0
fixed,TSB-HB,0.4469631038121086
fixed,TSB-HB,0.4469631038121086
fixed,TSB-HB,0.4469631038121086
fixed,TSB-HB,0.6885904939581639
fixed,TSB-HB,0.46009657935488046
fixed,TSB-HB,0.46009657935488046
fixed,TSB-HB,0.0
fixed,TSB-HB,0.7401135060422555
fixed,TSB-HB,0.46009657935488046
fixed,TSB-HB,0.0
fixed,TSB-HB,0.4516346898655913
fixed,TSB-HB,0.6189184078779479
fixed,TSB-HB,0.4516346898655913
fixed,TSB-HB,0.2623118427765799
fixed,TSB-HB,0.0
fixed,TSB-HB,0.2623118427765799
fixed,TSB-HB,0.8778606545485501
fixed,TSB-HB,1.0
fixed,TSB-HB,0.0
fixed,TSB-HB,0.0
fixed,TSB-HB,0.7521649965367869
fixed,TSB-HB,0.7521649965367869
fixed,TSB-HB,0.0
fixed,TSB-HB,0.8148246925755854
fixed,TSB-HB,0.8148246925755854
fixed,TSB-HB,0.6369691806372832
fixed,TSB-HB,0.3635413892053221
fixed,TSB-HB,0.6369691806372832
fixed,TSB-HB,0.0
fixed,TSB-HB,0.8849487594085836
fixed,TSB-HB,0.8849487594085836
fixed,TSB-HB,0.0
fixed,TSB-HB,0.8849487594085836
fixed,TSB-HB,0.7179987438345974
fixed,TSB-HB,0.7586320986939993
fixed,TSB-HB,0.5697606653415277
fixed,TSB-HB,0.35778844179953795
fixed,TSB-HB,0.0
fixed,TSB-HB,0.5697606653415277
fixed,TSB-HB,0.7586320986939993
fixed,TSB-HB,0.0
fixed,TSB-HB,0.34702934466488605
fixed,TSB-HB,1.0
fixed,TSB-HB,0.34702934466488605
fixed,TSB-HB,0.8190927695779174
fixed,TSB-HB,0.34702934466488605
fixed,TSB-HB,1.0
fixed,TSB-HB,0.6278933271538865
fixed,TSB-HB,1.0
fixed,TSB-HB,0.0
fixed,TSB-HB,0.0
fixed,TSB-HB,0.0
fixed,TSB-HB,0.0
fixed,TSB-HB,0.17183151107629563
fixed,TSB-HB,1.0
fixed,TSB-HB,0.7712545789278316
fixed,TSB-HB,0.6637149207794629
fixed,TSB-HB,0.0
fixed,TSB-HB,1.0
fixed,TSB-HB,1.0
fixed,TSB-HB,0.8103501941503795
fixed,TSB-HB,0.6508865684245971
fixed,TSB-HB,1.0
fixed,TSB-HB,0.6508865684245971
fixed,TSB-HB,0.0
fixed,TSB-HB,0.0
fixed,TSB-HB,0.7470150425576684
fixed,TSB-HB,0.0
fixed,TSB-HB,0.3771246439055412
fixed,TSB-HB,0.3771246439055412
fixed,TSB-HB,0.0
fixed,TSB-HB,0.43616781053181675
fixed,TSB-HB,0.0
fixed,TSB-HB,0.0
fixed,TSB-HB,1.0
fixed,TSB-HB,0.7678265471240961
fixed,TSB-HB,0.46715074908865617
fixed,TSB-HB,0.0
fixed,TSB-HB,0.46715074908865617
fixed,TSB-HB,0.0
fixed,TSB-HB,0.0
fixed,TSB-HB,0.46715074908865617
fixed,TSB-HB,0.5168546319704715
fixed,TSB-HB,0.5168546319704715
fixed,TSB-HB,0.6953864809113606
fixed,TSB-HB,0.6061205564409161
fixed,TSB-HB,1.0
fixed,TSB-HB,0.5168546319704715
fixed,TSB-HB,0.5325160910998177
fixed,TSB-HB,0.0
fixed,TSB-HB,0.5325160910998177
fixed,TSB-HB,0.5325160910998177
fixed,TSB-HB,0.5325160910998177
fixed,TSB-HB,0.0
fixed,TSB-HB,0.7642642015060505
fixed,TSB-HB,0.0
fixed,TSB-HB,0.0
fixed,TSB-HB,0.32338255908755953
fixed,TSB-HB,0.0
fixed,TSB-HB,0.5740766074690361
fixed,TSB-HB,0.42729312113738904
fixed,TSB-HB,0.6087212510107882
fixed,TSB-HB,1.0
fixed,TSB-HB,0.42729312113738904
fixed,TSB-HB,0.42729312113738904
fixed,TSB-HB,0.42729312113738904
fixed,TSB-HB,0.0
fixed,TSB-HB,0.44469434527120244
fixed,TSB-HB,0.44469434527120244
fixed,TSB-HB,0.44469434527120244
fixed,TSB-HB,0.0
fixed,TSB-HB,0.2235711661264701
fixed,TSB-HB,0.0
fixed,TSB-HB,0.5330784139316613
fixed,TSB-HB,0.6310936941995335
fixed,TSB-HB,0.7609183948302625
fixed,TSB-HB,1.0
fixed,TSB-HB,0.0
fixed,TSB-HB,0.40828656602498836
fixed,TSB-HB,0.0
fixed,TSB-HB,1.0
fixed,TSB-HB,0.40828656602498836
fixed,TSB-HB,1.0
fixed,TSB-HB,0.0
fixed,TSB-HB,0.47558833577330295
fixed,TSB-HB,0.0
fixed,TSB-HB,0.0
fixed,TSB-HB,0.811166032693108
fixed,TSB-HB,1.0
fixed,TSB-HB,0.0
fixed,TSB-HB,0.0
fixed,TSB-HB,0.0
fixed,TSB-HB,0.5899680907727646
fixed,TSB-HB,0.0
fixed,TSB-HB,1.0
fixed,TSB-HB,0.8285734131101256
fixed,TSB-HB,0.28277753593311467
fixed,TSB-HB,0.7894102185944937
fixed,TSB-HB,0.7894102185944937
fixed,TSB-HB,0.0
fixed,TSB-HB,0.28277753593311467
fixed,TSB-HB,0.0
fixed,TSB-HB,0.445706763397969
fixed,TSB-HB,0.8505984782804729
fixed,TSB-HB,0.693371168152475
fixed,TSB-HB,0.445706763397969
fixed,TSB-HB,0.445706763397969
fixed,TSB-HB,0.8505984782804729
fixed,TSB-HB,0.0
fixed,TSB-HB,0.8184595144178685
fixed,TSB-HB,0.6698781120641802
fixed,TSB-HB,1.0
fixed,TSB-HB,0.8184595144178685
fixed,TSB-HB,0.6698781120641802
fixed,TSB-HB,1.0
fixed,TSB-HB,0.8933943431668366
fixed,TSB-HB,0.4510179661612096
fixed,TSB-HB,0.0
fixed,TSB-HB,0.0
fixed,TSB-HB,0.0
fixed,TSB-HB,0.3249263465844754
fixed,TSB-HB,0.3249263465844754
fixed,TSB-HB,0.0
fixed,TSB-HB,1.0
fixed,TSB-HB,1.0
fixed,TSB-HB,0.5962276319734852
fixed,TSB-HB,0.7986617570916295
fixed,TSB-HB,0.0
fixed,TSB-HB,0.0
fixed,TSB-HB,0.4652191328270642
fixed,TSB-HB,0.4652191328270642
fixed,TSB-HB,0.7986617570916295
fixed,TSB-HB,0.4306238041107086
fixed,TSB-HB,0.4306238041107086
fixed,TSB-HB,0.7564547822190876
fixed,TSB-HB,0.4306238041107086
fixed,TSB-HB,1.0
fixed,TSB-HB,0.0
fixed,TSB-HB,0.28614978475782515
fixed,TSB-HB,0.5742743560961543
fixed,TSB-HB,0.7793185054574521
fixed,TSB-HB,1.0
fixed,TSB-HB,0.28614978475782515
fixed,TSB-HB,0.0
fixed,TSB-HB,0.37319940224617904
fixed,TSB-HB,0.37319940224617904
fixed,TSB-HB,0.37319940224617904
fixed,TSB-HB,0.0
fixed,TSB-HB,1.0
fixed,TSB-HB,0.37319940224617904
fixed,TSB-HB,0.32187854325714815
fixed,TSB-HB,1.0
fixed,TSB-HB,0.32187854325714815
fixed,TSB-HB,1.0
fixed,TSB-HB,0.32187854325714815
fixed,TSB-HB,0.0
fixed,TSB-HB,0.32952692886541646
fixed,TSB-HB,0.824831138525937
fixed,TSB-HB,0.32952692886541646
fixed,TSB-HB,1.0
fixed,TSB-HB,0.32952692886541646
fixed,TSB-HB,0.0
fixed,TSB-HB,0.46710339924604016
fixed,TSB-HB,0.46710339924604016
fixed,TSB-HB,0.46710339924604016
fixed,TSB-HB,0.46710339924604016
fixed,TSB-HB,0.7501102357487579
fixed,TSB-HB,0.893154133585415
fixed,TSB-HB,0.0
fixed,TSB-HB,0.0
fixed,TSB-HB,0.46179596768086206
fixed,TSB-HB,0.46179596768086206
fixed,TSB-HB,0.0
fixed,TSB-HB,0.8736015607290348
fixed,TSB-HB,0.27691639181368694
fixed,TSB-HB,0.27691639181368694
fixed,TSB-HB,0.644052535785135
fixed,TSB-HB,0.644052535785135
fixed,TSB-HB,1.0
fixed,TSB-HB,0.27691639181368694
fixed,TSB-HB,0.5938305569569143
fixed,TSB-HB,0.5520323324820441
fixed,TSB-HB,0.16373576033309106
fixed,TSB-HB,0.8159489754854509
fixed,TSB-HB,0.3710085494202637
fixed,TSB-HB,0.0
fixed,TSB-HB,0.0
fixed,TSB-HB,0.7995346268349909
fixed,TSB-HB,0.20673947662666198
fixed,TSB-HB,0.5178504850593841
fixed,TSB-HB,0.6341706876962148
fixed,TSB-HB,0.7502081657558891
fixed,TSB-HB,0.0
fixed,TSB-HB,0.7946451082737387
fixed,TSB-HB,0.0
fixed,TSB-HB,0.5035751730980763
fixed,TSB-HB,0.5035751730980763
fixed,TSB-HB,0.7369237239914914
fixed,TSB-HB,0.0
fixed,TSB-HB,0.43456718188557736
fixed,TSB-HB,0.0
fixed,TSB-HB,0.43456718188557736
fixed,TSB-HB,1.0
fixed,TSB-HB,0.0
fixed,TSB-HB,0.19330944478649947
fixed,TSB-HB,0.4079875236712647
fixed,TSB-HB,0.5151681222075327
fixed,TSB-HB,0.5151681222075327
fixed,TSB-HB,1.0
fixed,TSB-HB,0.0
fixed,TSB-HB,0.1598313678291694
fixed,TSB-HB,0.0
fixed,TSB-HB,0.1598313678291694
fixed,TSB-HB,0.21966273565833877
fixed,TSB-HB,0.2993485234915328
fixed,TSB-HB,0.7040305210804362
fixed,TSB-HB,0.0
fixed,TSB-HB,0.41799598170472785
fixed,TSB-HB,0.23642760714482502
fixed,TSB-HB,0.7219313032072262
fixed,TSB-HB,0.7219313032072262
fixed,TSB-HB,0.41799598170472785
fixed,TSB-HB,0.0
fixed,TSB-HB,0.0
fixed,TSB-HB,0.0
fixed,TSB-HB,1.0
fixed,TSB-HB,1.0
fixed,TSB-HB,0.0
fixed,TSB-HB,0.0
fixed,TSB-HB,0.0
fixed,TSB-HB,0.6915465188278025
fixed,TSB-HB,0.5163742999345259
fixed,TSB-HB,0.3063771490842905
fixed,TSB-HB,0.3063771490842905
fixed,TSB-HB,0.657865071866413
fixed,TSB-HB,0.468400097937392
fixed,TSB-HB,1.0
fixed,TSB-HB,1.0
fixed,TSB-HB,0.8299170487875863
fixed,TSB-HB,0.468400097937392
fixed,TSB-HB,0.2167065516565531
fixed,TSB-HB,0.7867055981133001
fixed,TSB-HB,0.0
fixed,TSB-HB,0.6138949795049861
fixed,TSB-HB,0.8828437128974538
fixed,TSB-HB,0.6138949795049861
fixed,TSB-HB,0.0
fixed,TSB-HB,0.3833794695957573
fixed,TSB-HB,0.21936904324569056
fixed,TSB-HB,0.6923897285681145
fixed,TSB-HB,0.6923897285681145
fixed,TSB-HB,0.3833794695957573
fixed,TSB-HB,0.0
fixed,TSB-HB,0.5105060000654958
fixed,TSB-HB,0.2845827940901306
fixed,TSB-HB,0.39843779640070953
fixed,TSB-HB,0.39843779640070953
fixed,TSB-HB,1.0
fixed,TSB-HB,0.2380360865776843
fixed,TSB-HB,0.4167397642182336
fixed,TSB-HB,0.7107665673570456
fixed,TSB-HB,0.2380360865776843
fixed,TSB-HB,0.2380360865776843
fixed,TSB-HB,0.4167397642182336
fixed,TSB-HB,0.6153896455353038
fixed,TSB-HB,1.0
fixed,TSB-HB,0.50003018076008
fixed,TSB-HB,0.50003018076008
fixed,TSB-HB,0.19873423474725205
fixed,TSB-HB,0.19873423474725205
fixed,TSB-HB,0.7065252506419077
fixed,TSB-HB,0.7065252506419077
fixed,TSB-HB,0.45299475400122935
fixed,TSB-HB,0.0
fixed,TSB-HB,0.7065252506419077
fixed,TSB-HB,0.0
fixed,TSB-HB,1.0
fixed,TSB-HB,1.0
fixed,TSB-HB,0.8511667243671279
fixed,TSB-HB,0.3628912690024286
fixed,TSB-HB,0.0
fixed,TSB-HB,0.5205551312496238
fixed,TSB-HB,0.0
fixed,TSB-HB,0.4364822539404798
fixed,TSB-HB,0.739492593378015
fixed,TSB-HB,0.0
fixed,TSB-HB,0.4364822539404798
fixed,TSB-HB,0.0
fixed,TSB-HB,0.23166040789238493
fixed,TSB-HB,0.4831556187113943
fixed,TSB-HB,0.4831556187113943
fixed,TSB-HB,0.23166040789238493
fixed,TSB-HB,0.0
fixed,TSB-HB,0.4831556187113943
fixed,TSB-HB,0.534752274277945
fixed,TSB-HB,0.534752274277945
fixed,TSB-HB,0.0
fixed,TSB-HB,0.534752274277945
fixed,TSB-HB,0.0
fixed,TSB-HB,0.0
fixed,TSB-HB,0.7820867814939019
fixed,TSB-HB,0.7820867814939019
fixed,TSB-HB,0.0
fixed,TSB-HB,1.0
fixed,TSB-HB,0.0
fixed,TSB-HB,0.0
fixed,TSB-HB,0.6673591717673808
fixed,TSB-HB,0.0
fixed,TSB-HB,0.2369918547550751
fixed,TSB-HB,0.0
fixed,TSB-HB,0.7935332830054533
fixed,TSB-HB,0.2369918547550751
fixed,TSB-HB,0.4540547034617513
fixed,TSB-HB,0.3000142359104706
fixed,TSB-HB,0.18953526435231072
fixed,TSB-HB,0.5815206439345186
fixed,TSB-HB,0.0
fixed,TSB-HB,0.6976912183373362
fixed,TSB-HB,0.5363055951081744
fixed,TSB-HB,1.0
fixed,TSB-HB,1.0
fixed,TSB-HB,0.21384457268588924
fixed,TSB-HB,0.6562974317474902
fixed,TSB-HB,0.8114399081569437
fixed,TSB-HB,0.0
fixed,TSB-HB,1.0
fixed,TSB-HB,0.7535646865511774
fixed,TSB-HB,0.7535646865511774
fixed,TSB-HB,0.0
fixed,TSB-HB,0.0
fixed,TSB-HB,1.0
fixed,TSB-HB,1.0
fixed,TSB-HB,0.24955229307849067
fixed,TSB-HB,0.0
fixed,TSB-HB,0.5822857420659471
fixed,TSB-HB,0.0
fixed,TSB-HB,0.8551619260644561
fixed,TSB-HB,0.8551619260644561
fixed,TSB-HB,1.0
fixed,TSB-HB,0.8551619260644561
fixed,TSB-HB,0.7481532626035342
fixed,TSB-HB,0.7481532626035342
fixed,TSB-HB,0.6233526092083697
fixed,TSB-HB,1.0
fixed,TSB-HB,0.8116364080861518
fixed,TSB-HB,0.0
fixed,TSB-HB,0.0
fixed,TSB-HB,0.0
fixed,TSB-HB,0.0
fixed,TSB-HB,0.40698608023183597
fixed,TSB-HB,1.0
fixed,TSB-HB,0.40698608023183597
fixed,TSB-HB,0.0
fixed,TSB-HB,0.8317810004775447
fixed,TSB-HB,0.0
fixed,TSB-HB,0.5321145897974402
fixed,TSB-HB,0.0
fixed,TSB-HB,0.6713132450918894
fixed,TSB-HB,0.30329922201956705
fixed,TSB-HB,1.0
fixed,TSB-HB,0.23201165231225424
fixed,TSB-HB,0.4239306499501946
fixed,TSB-HB,0.4910539822177581
fixed,TSB-HB,0.4239306499501946
fixed,TSB-HB,0.1880077682081695
fixed,TSB-HB,0.8243488170626913
fixed,TSB-HB,0.601250999670803
fixed,TSB-HB,0.0
fixed,TSB-HB,0.0
fixed,TSB-HB,0.36479671833234834
fixed,TSB-HB,0.36479671833234834
fixed,TSB-HB,0.7904528190336483
fixed,TSB-HB,0.5206262050743653
fixed,TSB-HB,1.0
fixed,TSB-HB,1.0
fixed,TSB-HB,0.0
fixed,TSB-HB,0.627802465848117
fixed,TSB-HB,0.8986092392546565
fixed,TSB-HB,0.3259972546573831
fixed,TSB-HB,0.5634403104953436
fixed,TSB-HB,0.5634403104953436
fixed,TSB-HB,0.3259972546573831
fixed,TSB-HB,0.0
fixed,TSB-HB,0.5634403104953436
fixed,TSB-HB,0.46182242959153286
fixed,TSB-HB,0.742682262841251
fixed,TSB-HB,0.46182242959153286
fixed,TSB-HB,0.0
fixed,TSB-HB,0.46182242959153286
fixed,TSB-HB,0.0
fixed,TSB-HB,0.0
fixed,TSB-HB,0.0
fixed,TSB-HB,0.5560619513062975
fixed,TSB-HB,0.22569561366635882
fixed,TSB-HB,0.7873564208036122
fixed,TSB-HB,1.0
fixed,TSB-HB,0.0
fixed,TSB-HB,0.0
fixed,TSB-HB,0.7346298903355004
fixed,TSB-HB,0.7346298903355004
fixed,TSB-HB,0.8782739991716384
fixed,TSB-HB,0.463732070605801
fixed,TSB-HB,0.46985445415128385
fixed,TSB-HB,0.46985445415128385
fixed,TSB-HB,0.46985445415128385
fixed,TSB-HB,0.23205802701795927
fixed,TSB-HB,0.46985445415128385
fixed,TSB-HB,0.46985445415128385
fixed,TSB-HB,1.0
fixed,TSB-HB,1.0
fixed,TSB-HB,0.7864342675491526
fixed,TSB-HB,0.5077319724510732
fixed,TSB-HB,0.5643138369988621
fixed,TSB-HB,0.224307607497081
fixed,TSB-HB,0.0
fixed,TSB-HB,0.0
fixed,TSB-HB,0.486174009212214
fixed,TSB-HB,0.486174009212214
fixed,TSB-HB,0.0
fixed,TSB-HB,0.486174009212214
fixed,TSB-HB,0.503732646956028
fixed,TSB-HB,0.5919631805900093
fixed,TSB-HB,0.834237353982426
fixed,TSB-HB,0.0
fixed,TSB-HB,0.1743703196691751
fixed,TSB-HB,0.24874063933835022
fixed,TSB-HB,0.5008754118087146
fixed,TSB-HB,0.5008754118087146
fixed,TSB-HB,0.8011050286299652
fixed,TSB-HB,0.17214183334925554
fixed,TSB-HB,0.17214183334925554
fixed,TSB-HB,0.24428366669851104
fixed,TSB-HB,0.0
fixed,TSB-HB,0.6295545306998125
fixed,TSB-HB,0.8133030780528383
fixed,TSB-HB,0.34190700353125725
fixed,TSB-HB,0.0
fixed,TSB-HB,0.6295545306998125
fixed,TSB-HB,1.0
fixed,TSB-HB,0.6709195568416315
fixed,TSB-HB,0.8413237754333026
fixed,TSB-HB,0.36644120319927265
fixed,TSB-HB,0.6709195568416315
fixed,TSB-HB,0.0
fixed,TSB-HB,0.0
fixed,TSB-HB,0.767802624188173
fixed,TSB-HB,0.0
fixed,TSB-HB,0.4814872684726944
fixed,TSB-HB,0.0
fixed,TSB-HB,0.4814872684726944
fixed,TSB-HB,0.2955273737508726
fixed,TSB-HB,0.5233696441721921
fixed,TSB-HB,0.2955273737508726
fixed,TSB-HB,0.0
fixed,TSB-HB,0.2955273737508726
fixed,TSB-HB,0.2955273737508726
fixed,TSB-HB,0.751812662701745
fixed,TSB-HB,0.0
fixed,TSB-HB,0.751812662701745
fixed,TSB-HB,0.751812662701745
fixed,TSB-HB,1.0
fixed,TSB-HB,0.0
fixed,TSB-HB,0.0
fixed,TSB-HB,0.0
fixed,TSB-HB,0.4812967736691709
fixed,TSB-HB,0.0
fixed,TSB-HB,0.4812967736691709
fixed,TSB-HB,0.0
fixed,TSB-HB,0.6053808050459789
fixed,TSB-HB,0.0
fixed,TSB-HB,0.8711889391283006
fixed,TSB-HB,0.7104508058971113
fixed,TSB-HB,0.6053808050459789
fixed,TSB-HB,0.8249969468428087
fixed,TSB-HB,1.0
fixed,TSB-HB,1.0
fixed,TSB-HB,0.63269549439004
fixed,TSB-HB,0.0
fixed,TSB-HB,0.0
fixed,TSB-HB,0.0
fixed,TSB-HB,0.6332352283725247
fixed,TSB-HB,0.5018473476716045
fixed,TSB-HB,0.33910948746512193
fixed,TSB-HB,0.6332352283725247
fixed,TSB-HB,1.0
fixed,TSB-HB,0.2031682575341304
fixed,TSB-HB,0.7873772233778034
fixed,TSB-HB,0.6181720853526236
fixed,TSB-HB,0.5078011472542735
fixed,TSB-HB,0.7873772233778034
fixed,TSB-HB,1.0
fixed,TSB-HB,0.5078011472542735
fixed,TSB-HB,0.0
fixed,TSB-HB,0.3947652379929485
fixed,TSB-HB,0.0
fixed,TSB-HB,0.6410600151561828
fixed,TSB-HB,0.0
fixed,TSB-HB,0.0
fixed,TSB-HB,0.20929322588125135
fixed,TSB-HB,0.834041572930222
fixed,TSB-HB,0.7545707516070101
fixed,TSB-HB,0.5183363132733299
fixed,TSB-HB,0.20929322588125135
fixed,TSB-HB,0.35628631759978524
fixed,TSB-HB,0.0
fixed,TSB-HB,0.41125468289251266
fixed,TSB-HB,0.594941067909882
fixed,TSB-HB,0.41125468289251266
fixed,TSB-HB,0.33062734144625633
fixed,TSB-HB,0.0
fixed,TSB-HB,0.404809675012504
fixed,TSB-HB,0.0
fixed,TSB-HB,1.0
fixed,TSB-HB,0.0
fixed,TSB-HB,0.404809675012504
fixed,TSB-HB,0.0
fixed,TSB-HB,0.337308350561225
fixed,TSB-HB,1.0
fixed,TSB-HB,0.0
fixed,TSB-HB,0.337308350561225
fixed,TSB-HB,0.337308350561225
fixed,TSB-HB,0.337308350561225
fixed,TSB-HB,0.0
fixed,TSB-HB,1.0
fixed,TSB-HB,0.7348456157834631
fixed,TSB-HB,0.47332024569366893
fixed,TSB-HB,0.47332024569366893
fixed,TSB-HB,0.47332024569366893
fixed,TSB-HB,0.5081126322491734
fixed,TSB-HB,0.8857909741146398
fixed,TSB-HB,1.0
fixed,TSB-HB,0.6921976776249152
fixed,TSB-HB,1.0
fixed,TSB-HB,1.0
fixed,TSB-HB,0.22650392079056833
fixed,TSB-HB,0.6169880927139414
fixed,TSB-HB,0.28775177523980067
fixed,TSB-HB,0.3478151852584746
fixed,TSB-HB,0.16325196039528417
fixed,TSB-HB,0.6644234383245051
fixed,TSB-HB,1.0
fixed,TSB-HB,1.0
fixed,TSB-HB,0.30661094401931327
fixed,TSB-HB,0.0
fixed,TSB-HB,0.0
fixed,TSB-HB,0.0
fixed,TSB-HB,0.0
fixed,TSB-HB,0.0
fixed,TSB-HB,0.3841787527142051
fixed,TSB-HB,0.5960711262960752
fixed,TSB-HB,0.0
fixed,TSB-HB,0.3841787527142051
fixed,TSB-HB,0.34318221515141645
fixed,TSB-HB,0.34318221515141645
fixed,TSB-HB,0.7859580624029485
fixed,TSB-HB,0.289168898541116
fixed,TSB-HB,0.2374117609327953
fixed,TSB-HB,0.0
fixed,TSB-HB,0.0
fixed,TSB-HB,0.35363155902778276
fixed,TSB-HB,0.5720925070754914
fixed,TSB-HB,0.35363155902778276
fixed,TSB-HB,0.0
fixed,TSB-HB,0.0
fixed,TSB-HB,0.0
fixed,TSB-HB,0.0
fixed,TSB-HB,0.46934046405994384
fixed,TSB-HB,0.8868673918064252
fixed,TSB-HB,0.46934046405994384
fixed,TSB-HB,0.0
fixed,TSB-HB,0.5863898727177356
fixed,TSB-HB,0.29038193855662975
fixed,TSB-HB,0.7896126194127623
fixed,TSB-HB,0.5863898727177356
fixed,TSB-HB,0.7896126194127623
fixed,TSB-HB,0.29038193855662975
fixed,TSB-HB,0.2646161393276665
fixed,TSB-HB,0.4758383537841166
fixed,TSB-HB,0.37022724655589156
fixed,TSB-HB,0.4758383537841166
fixed,TSB-HB,0.2646161393276665
fixed,TSB-HB,0.4758383537841166
fixed,TSB-HB,0.0
fixed,TSB-HB,0.6375906884976066
fixed,TSB-HB,0.0
fixed,TSB-HB,0.6375906884976066
fixed,TSB-HB,0.42862339874252153
fixed,TSB-HB,0.6375906884976066
fixed,TSB-HB,0.0
fixed,TSB-HB,0.36082207326295207
fixed,TSB-HB,1.0
fixed,TSB-HB,0.8156526344783054
fixed,TSB-HB,0.36082207326295207
fixed,TSB-HB,0.36082207326295207
fixed,TSB-HB,0.47462680388254197
fixed,TSB-HB,0.0
fixed,TSB-HB,0.0
fixed,TSB-HB,0.47462680388254197
fixed,TSB-HB,0.0
fixed,TSB-HB,0.47462680388254197
fixed,TSB-HB,0.0
fixed,TSB-HB,0.2412767307448629
fixed,TSB-HB,0.6603279928637691
fixed,TSB-HB,0.765075832480949
fixed,TSB-HB,0.765075832480949
fixed,TSB-HB,1.0
fixed,TSB-HB,1.0
fixed,TSB-HB,1.0
fixed,TSB-HB,0.0
fixed,TSB-HB,0.4458201106487408
fixed,TSB-HB,0.0
fixed,TSB-HB,0.0
fixed,TSB-HB,0.0
fixed,TSB-HB,0.5112136913177285
fixed,TSB-HB,0.0
fixed,TSB-HB,0.7970248611003071
fixed,TSB-HB,0.7970248611003071
fixed,TSB-HB,0.5112136913177285
fixed,TSB-HB,0.2398859818146218
fixed,TSB-HB,1.0
fixed,TSB-HB,0.0
fixed,TSB-HB,0.5162598252057506
fixed,TSB-HB,1.0
fixed,TSB-HB,1.0
fixed,TSB-HB,0.4320440290236014
fixed,TSB-HB,0.6557213889135767
fixed,TSB-HB,0.0
fixed,TSB-HB,0.4320440290236014
fixed,TSB-HB,0.4320440290236014
fixed,TSB-HB,0.4320440290236014
fixed,TSB-HB,0.8267438647365355
fixed,TSB-HB,0.0
fixed,TSB-HB,1.0
fixed,TSB-HB,0.5305769010485049
fixed,TSB-HB,0.0
fixed,TSB-HB,0.5305769010485049
fixed,TSB-HB,0.6571327213445715
fixed,TSB-HB,0.3197968688408187
fixed,TSB-HB,0.8371990142210758
fixed,TSB-HB,0.7725534967716702
fixed,TSB-HB,0.0
fixed,TSB-HB,0.7725534967716702
fixed,TSB-HB,0.4332921377878627
fixed,TSB-HB,0.4332921377878627
fixed,TSB-HB,0.4332921377878627
fixed,TSB-HB,0.4332921377878627
fixed,TSB-HB,0.4332921377878627
fixed,TSB-HB,0.23106839846064922
fixed,TSB-HB,0.0
fixed,TSB-HB,0.47733655984062734
fixed,TSB-HB,0.0
fixed,TSB-HB,0.47733655984062734
fixed,TSB-HB,0.47733655984062734
fixed,TSB-HB,1.0
fixed,TSB-HB,0.37693947531975225
fixed,TSB-HB,0.7737954405424381
fixed,TSB-HB,0.8175351968938628
fixed,TSB-HB,0.6075981476024721
fixed,TSB-HB,0.37693947531975225
fixed,TSB-HB,1.0
fixed,TSB-HB,0.0
fixed,TSB-HB,0.4248996219982466
fixed,TSB-HB,1.0
fixed,TSB-HB,1.0
fixed,TSB-HB,1.0
fixed,TSB-HB,1.0
fixed,TSB-HB,1.0
fixed,TSB-HB,1.0
fixed,TSB-HB,0.48148323765975287
fixed,TSB-HB,0.0
fixed,TSB-HB,0.7946266858876017
fixed,TSB-HB,0.48148323765975287
fixed,TSB-HB,0.0
fixed,TSB-HB,0.7207706790883686
fixed,TSB-HB,1.0
fixed,TSB-HB,0.7207706790883686
fixed,TSB-HB,0.38799446625185297
fixed,TSB-HB,0.2139104176211029
fixed,TSB-HB,1.0
fixed,TSB-HB,1.0
fixed,TSB-HB,0.5522845552813601
fixed,TSB-HB,0.0
fixed,TSB-HB,0.0
fixed,TSB-HB,0.0
fixed,TSB-HB,0.46130071344245116
fixed,TSB-HB,0.8865848589914506
fixed,TSB-HB,0.0
fixed,TSB-HB,0.46130071344245116
fixed,TSB-HB,0.7409467834209766
fixed,TSB-HB,0.0
fixed,TSB-HB,0.0
fixed,TSB-HB,0.0
fixed,TSB-HB,0.46131082185984806
fixed,TSB-HB,0.0
fixed,TSB-HB,0.7986815127647728
fixed,TSB-HB,0.6635119913689012
fixed,TSB-HB,0.46838423544392693
fixed,TSB-HB,1.0
fixed,TSB-HB,0.0
fixed,TSB-HB,0.0
fixed,TSB-HB,0.46838423544392693
fixed,TSB-HB,1.0
fixed,TSB-HB,0.3912036524591771
fixed,TSB-HB,0.0
fixed,TSB-HB,0.0
fixed,TSB-HB,0.0
fixed,TSB-HB,0.6478802174980437
fixed,TSB-HB,0.6478802174980437
fixed,TSB-HB,0.0
fixed,TSB-HB,0.0
fixed,TSB-HB,0.6054740503547976
fixed,TSB-HB,0.6054740503547976
fixed,TSB-HB,0.38515078845115447
fixed,TSB-HB,0.0
fixed,TSB-HB,0.3337652136589331
fixed,TSB-HB,0.6884346974261483
fixed,TSB-HB,1.0
fixed,TSB-HB,1.0
fixed,TSB-HB,1.0
fixed,TSB-HB,1.0
fixed,TSB-HB,0.0
fixed,TSB-HB,0.44881083145984213
fixed,TSB-HB,1.0
fixed,TSB-HB,0.44881083145984213
fixed,TSB-HB,0.0
fixed,TSB-HB,0.44881083145984213
fixed,TSB-HB,0.0
fixed,TSB-HB,0.5409410842652467
fixed,TSB-HB,0.8590696624480731
fixed,TSB-HB,0.0
fixed,TSB-HB,0.0
fixed,TSB-HB,0.5409410842652467
fixed,TSB-HB,0.5479788623513429
fixed,TSB-HB,0.0
fixed,TSB-HB,0.8169423775716977
fixed,TSB-HB,1.0
fixed,TSB-HB,0.0
fixed,TSB-HB,1.0
fixed,TSB-HB,0.2117755665181686
fixed,TSB-HB,0.1558877832590843
fixed,TSB-HB,0.5225847042890553
fixed,TSB-HB,0.0
fixed,TSB-HB,0.2117755665181686
fixed,TSB-HB,0.2884742059206449
fixed,TSB-HB,1.0
fixed,TSB-HB,0.8754772481972232
fixed,TSB-HB,0.2719561904755962
fixed,TSB-HB,0.0
fixed,TSB-HB,0.0
fixed,TSB-HB,0.0
fixed,TSB-HB,0.45817212529414986
fixed,TSB-HB,0.0
fixed,TSB-HB,0.0
fixed,TSB-HB,0.0
fixed,TSB-HB,0.7114365043592565
fixed,TSB-HB,0.45817212529414986
fixed,TSB-HB,0.6104575198945913
fixed,TSB-HB,0.0
fixed,TSB-HB,0.7800099780951172
fixed,TSB-HB,0.6104575198945913
fixed,TSB-HB,0.42084156613186186
fixed,TSB-HB,0.42084156613186186
fixed,TSB-HB,0.2818539690043455
fixed,TSB-HB,1.0
fixed,TSB-HB,0.2818539690043455
fixed,TSB-HB,0.7430353635547082
fixed,TSB-HB,0.5233231468830672
fixed,TSB-HB,0.2818539690043455
fixed,TSB-HB,0.8976323053331714
fixed,TSB-HB,0.6328489855766399
fixed,TSB-HB,0.0
fixed,TSB-HB,0.7959724600754832
fixed,TSB-HB,0.0
fixed,TSB-HB,0.0
fixed,TSB-HB,0.0
fixed,TSB-HB,0.0
fixed,TSB-HB,0.0
fixed,TSB-HB,0.6866184642837283
fixed,TSB-HB,0.0
fixed,TSB-HB,0.6866184642837283
fixed,TSB-HB,0.4862910480551415
fixed,TSB-HB,0.6796674445713322
fixed,TSB-HB,0.7610011829617511
fixed,TSB-HB,0.8463240783450131
fixed,TSB-HB,0.5848960123032029
fixed,TSB-HB,0.6796674445713322
fixed,TSB-HB,0.515724080533277
fixed,TSB-HB,0.0
fixed,TSB-HB,0.515724080533277
fixed,TSB-HB,0.7801641477086316
fixed,TSB-HB,0.515724080533277
fixed,TSB-HB,0.515724080533277
fixed,TSB-HB,0.0
fixed,TSB-HB,0.3422482635913331
fixed,TSB-HB,0.7980135388131975
fixed,TSB-HB,1.0
fixed,TSB-HB,0.6164124970206313
fixed,TSB-HB,0.0
fixed,TSB-HB,0.47303072623746856
fixed,TSB-HB,0.3471625149454465
fixed,TSB-HB,0.47303072623746856
fixed,TSB-HB,0.47303072623746856
fixed,TSB-HB,0.5703257076738161
fixed,TSB-HB,0.23464619198997141
fixed,TSB-HB,0.2991739667232508
fixed,TSB-HB,1.0
fixed,TSB-HB,0.0
fixed,TSB-HB,1.0
fixed,TSB-HB,0.8196761888823749
fixed,TSB-HB,0.6248678923715645
fixed,TSB-HB,1.0
fixed,TSB-HB,0.2816800498992344
fixed,TSB-HB,1.0
fixed,TSB-HB,0.0
fixed,TSB-HB,0.0
fixed,TSB-HB,0.0
fixed,TSB-HB,0.4654943065193134
fixed,TSB-HB,0.8544927087966208
fixed,TSB-HB,0.4654943065193134
fixed,TSB-HB,0.0
fixed,TSB-HB,0.4654943065193134
fixed,TSB-HB,0.4654943065193134
fixed,TSB-HB,0.43023446305954616
fixed,TSB-HB,0.43023446305954616
fixed,TSB-HB,0.0
fixed,TSB-HB,0.8839719764139571
fixed,TSB-HB,0.43023446305954616
fixed,TSB-HB,0.0
fixed,TSB-HB,0.2705633658820856
fixed,TSB-HB,0.8048729316966259
fixed,TSB-HB,0.861713526761718
fixed,TSB-HB,0.463648972174894
fixed,TSB-HB,1.0
fixed,TSB-HB,0.2705633658820856
fixed,TSB-HB,0.391605223065886
fixed,TSB-HB,0.6594932086843165
fixed,TSB-HB,0.0
fixed,TSB-HB,0.6594932086843165
fixed,TSB-HB,0.6594932086843165
fixed,TSB-HB,0.0
fixed,TSB-HB,0.729629945546628
fixed,TSB-HB,0.19165715944477058
fixed,TSB-HB,0.19165715944477058
fixed,TSB-HB,1.0
fixed,TSB-HB,0.0
fixed,TSB-HB,0.604553759395132
fixed,TSB-HB,0.7940841074785282
fixed,TSB-HB,0.23374048068785874
fixed,TSB-HB,0.6650243939387949
fixed,TSB-HB,0.6650243939387949
fixed,TSB-HB,0.47453628969869643
fixed,TSB-HB,0.23374048068785874
fixed,TSB-HB,0.7638804425399991
fixed,TSB-HB,0.5053926957562491
fixed,TSB-HB,0.7638804425399991
fixed,TSB-HB,0.0
fixed,TSB-HB,0.5053926957562491
fixed,TSB-HB,0.0
fixed,TSB-HB,0.518173458905553
fixed,TSB-HB,0.518173458905553
fixed,TSB-HB,0.0
fixed,TSB-HB,0.0
fixed,TSB-HB,0.0
fixed,TSB-HB,0.0
fixed,TSB-HB,0.0
fixed,TSB-HB,0.7237967322634212
fixed,TSB-HB,0.0
fixed,TSB-HB,0.8300642072484764
fixed,TSB-HB,0.5179209061616388
fixed,TSB-HB,0.5179209061616388
fixed,TSB-HB,0.5976853876790683
fixed,TSB-HB,0.4227959691575893
fixed,TSB-HB,0.0
fixed,TSB-HB,0.8155469616988356
fixed,TSB-HB,0.0
fixed,TSB-HB,0.4227959691575893
fixed,TSB-HB,0.8589079163511382
fixed,TSB-HB,0.4513765427511406
fixed,TSB-HB,1.0
fixed,TSB-HB,0.0
fixed,TSB-HB,0.0
fixed,TSB-HB,0.0
fixed,TSB-HB,0.3063377025535735
fixed,TSB-HB,0.7692286599015895
fixed,TSB-HB,0.3063377025535735
fixed,TSB-HB,0.0
fixed,TSB-HB,0.7692286599015895
fixed,TSB-HB,0.7692286599015895
fixed,TSB-HB,0.0
fixed,TSB-HB,0.0
fixed,TSB-HB,0.3660645649265395
fixed,TSB-HB,0.0
fixed,TSB-HB,0.3660645649265395
fixed,TSB-HB,0.6423748215384969
fixed,TSB-HB,0.48118217823803683
fixed,TSB-HB,0.48118217823803683
fixed,TSB-HB,0.48118217823803683
fixed,TSB-HB,0.48118217823803683
fixed,TSB-HB,0.0
fixed,TSB-HB,0.0
fixed,TSB-HB,0.0
fixed,TSB-HB,0.0
fixed,TSB-HB,1.0
fixed,TSB-HB,0.0
fixed,TSB-HB,0.515137030495296
fixed,TSB-HB,1.0
fixed,TSB-HB,0.6415480222234129
fixed,TSB-HB,0.6415480222234129
fixed,TSB-HB,1.0
fixed,TSB-HB,0.6415480222234129
fixed,TSB-HB,0.8326564480324091
fixed,TSB-HB,0.30758958506772677
fixed,TSB-HB,0.22210503290042422
fixed,TSB-HB,0.6354048369290283
fixed,TSB-HB,0.8613093780993967
fixed,TSB-HB,0.6354048369290283
fixed,TSB-HB,0.7795530476274408
fixed,TSB-HB,0.22210503290042422
fixed,TSB-HB,1.0
fixed,TSB-HB,0.3194087901697905
fixed,TSB-HB,0.3194087901697905
fixed,TSB-HB,1.0
fixed,TSB-HB,1.0
fixed,TSB-HB,0.3194087901697905
fixed,TSB-HB,0.2743539766250601
fixed,TSB-HB,0.7272740014010856
fixed,TSB-HB,0.2743539766250601
fixed,TSB-HB,0.0
fixed,TSB-HB,0.2743539766250601
fixed,TSB-HB,0.0
fixed,TSB-HB,0.3593801732467096
fixed,TSB-HB,0.5835247998449695
fixed,TSB-HB,1.0
fixed,TSB-HB,1.0
fixed,TSB-HB,1.0
fixed,TSB-HB,0.3593801732467096
fixed,TSB-HB,0.7168864454171026
fixed,TSB-HB,1.0
fixed,TSB-HB,1.0
fixed,TSB-HB,0.7880248708864868
fixed,TSB-HB,1.0
fixed,TSB-HB,1.0
fixed,TSB-HB,0.0
fixed,TSB-HB,1.0
fixed,TSB-HB,0.0
fixed,TSB-HB,0.0
fixed,TSB-HB,0.0
fixed,TSB-HB,0.0
fixed,TSB-HB,1.0
fixed,TSB-HB,1.0
fixed,TSB-HB,0.3338479427289852
fixed,TSB-HB,0.755129699752077
fixed,TSB-HB,0.5642624680500373
fixed,TSB-HB,0.3338479427289852
fixed,TSB-HB,0.0
fixed,TSB-HB,0.24850450278055278
fixed,TSB-HB,0.40313543189174306
fixed,TSB-HB,0.6504449379412861
fixed,TSB-HB,0.6504449379412861
fixed,TSB-HB,0.7542126613719339
fixed,TSB-HB,0.4213813229846113
fixed,TSB-HB,0.639574468023832
fixed,TSB-HB,0.4213813229846113
fixed,TSB-HB,0.0
fixed,TSB-HB,0.639574468023832
fixed,TSB-HB,0.0
fixed,TSB-HB,0.0
fixed,TSB-HB,0.7909353320992211
fixed,TSB-HB,1.0
fixed,TSB-HB,0.0
fixed,TSB-HB,1.0
fixed,TSB-HB,0.5126771398861985
fixed,TSB-HB,0.0
fixed,TSB-HB,0.8706905707720949
fixed,TSB-HB,1.0
fixed,TSB-HB,0.0
fixed,TSB-HB,1.0
fixed,TSB-HB,1.0
fixed,TSB-HB,0.0
fixed,TSB-HB,1.0
fixed,TSB-HB,1.0
fixed,TSB-HB,0.5322258719384724
fixed,TSB-HB,1.0
fixed,TSB-HB,0.5322258719384724
fixed,TSB-HB,1.0
fixed,TSB-HB,0.7985919167963829
fixed,TSB-HB,0.676228363825727
fixed,TSB-HB,0.676228363825727
fixed,TSB-HB,0.676228363825727
fixed,TSB-HB,0.676228363825727
fixed,TSB-HB,0.0
fixed,TSB-HB,0.5317761836680499
fixed,TSB-HB,0.5317761836680499
fixed,TSB-HB,0.0
fixed,TSB-HB,0.0
fixed,TSB-HB,0.0
fixed,TSB-HB,0.7872608115440144
fixed,TSB-HB,0.8578093896376126
fixed,TSB-HB,0.19989385204671037
fixed,TSB-HB,1.0
fixed,TSB-HB,0.34555545426672507
fixed,TSB-HB,0.5291721125079524
fixed,TSB-HB,0.4881965873433182
fixed,TSB-HB,0.4881965873433182
fixed,TSB-HB,0.0
fixed,TSB-HB,0.0
fixed,TSB-HB,0.7806337882317458
fixed,TSB-HB,0.7806337882317458
fixed,TSB-HB,0.0
fixed,TSB-HB,0.3722047681643354
fixed,TSB-HB,0.6867322402825828
fixed,TSB-HB,0.0
fixed,TSB-HB,0.0
fixed,TSB-HB,0.0
fixed,TSB-HB,0.22490129999817848
fixed,TSB-HB,0.891242146246678
fixed,TSB-HB,0.6857774909341875
fixed,TSB-HB,0.4011026770900442
fixed,TSB-HB,0.7379244820275125
fixed,TSB-HB,0.8177860737460259
fixed,TSB-HB,0.0
fixed,TSB-HB,0.0
fixed,TSB-HB,0.7601800009969786
fixed,TSB-HB,0.7601800009969786
fixed,TSB-HB,0.47900636642955435
fixed,TSB-HB,0.47900636642955435
fixed,TSB-HB,0.0
fixed,TSB-HB,0.8434396714963095
fixed,TSB-HB,0.7495078845423077
fixed,TSB-HB,1.0
fixed,TSB-HB,0.0
fixed,TSB-HB,0.8434396714963095
fixed,TSB-HB,0.8598691959795406
fixed,TSB-HB,0.39621052899649384
fixed,TSB-HB,0.39621052899649384
fixed,TSB-HB,0.6980029346822075
fixed,TSB-HB,0.6980029346822075
fixed,TSB-HB,0.6980029346822075
fixed,TSB-HB,1.0
fixed,TSB-HB,0.6161699015407769
fixed,TSB-HB,0.4192787890856041
fixed,TSB-HB,0.4192787890856041
fixed,TSB-HB,0.4192787890856041
fixed,TSB-HB,0.0
fixed,TSB-HB,1.0
fixed,TSB-HB,0.5966844165902302
fixed,TSB-HB,0.3693182354115828
fixed,TSB-HB,0.3693182354115828
fixed,TSB-HB,0.0
fixed,TSB-HB,0.3693182354115828
fixed,TSB-HB,0.4966611698798075
fixed,TSB-HB,0.0
fixed,TSB-HB,0.4966611698798075
fixed,TSB-HB,0.0
fixed,TSB-HB,0.0
fixed,TSB-HB,0.0
fixed,TSB-HB,0.29377254819829113
fixed,TSB-HB,0.29377254819829113
fixed,TSB-HB,0.4989305105686934
fixed,TSB-HB,0.4989305105686934
fixed,TSB-HB,0.4989305105686934
fixed,TSB-HB,0.8761706645731608
fixed,TSB-HB,1.0
fixed,TSB-HB,0.8468896219688262
fixed,TSB-HB,0.45954811060243717
fixed,TSB-HB,0.45954811060243717
fixed,TSB-HB,0.45954811060243717
fixed,TSB-HB,0.45954811060243717
fixed,TSB-HB,0.31748031655433934
fixed,TSB-HB,0.6456599561656705
fixed,TSB-HB,0.505292729177297
fixed,TSB-HB,0.6456599561656705
fixed,TSB-HB,0.8312411651342643
fixed,TSB-HB,0.19122837292363307
fixed,TSB-HB,0.24817827408091783
fixed,TSB-HB,0.38233935064082714
fixed,TSB-HB,0.19878551605394523
fixed,TSB-HB,0.8168126803958051
fixed,TSB-HB,0.0
fixed,TSB-HB,0.6215443839552305
fixed,TSB-HB,0.0
fixed,TSB-HB,0.5598149902388533
fixed,TSB-HB,0.8188343607367894
fixed,TSB-HB,1.0
fixed,TSB-HB,1.0
fixed,TSB-HB,0.6744714869461962
fixed,TSB-HB,0.0
fixed,TSB-HB,0.0
fixed,TSB-HB,0.5573940981820935
fixed,TSB-HB,0.0
fixed,TSB-HB,0.8464124604770793
fixed,TSB-HB,1.0
fixed,TSB-HB,0.0
fixed,TSB-HB,0.5694235669144255
fixed,TSB-HB,1.0
fixed,TSB-HB,0.5694235669144255
fixed,TSB-HB,0.7600802009923124
fixed,TSB-HB,0.0
fixed,TSB-HB,0.42979973676262007
fixed,TSB-HB,0.3064050437707033
fixed,TSB-HB,0.21797603964644868
fixed,TSB-HB,0.15898801982322433
fixed,TSB-HB,0.0
fixed,TSB-HB,0.15898801982322433
fixed,TSB-HB,0.0
fixed,TSB-HB,0.3695542906036989
fixed,TSB-HB,0.8817667058410708
fixed,TSB-HB,0.707610708037242
fixed,TSB-HB,0.707610708037242
fixed,TSB-HB,0.707610708037242
fixed,TSB-HB,0.6699583067011912
fixed,TSB-HB,0.4436424186028072
fixed,TSB-HB,0.6699583067011912
fixed,TSB-HB,0.0
fixed,TSB-HB,0.0
fixed,TSB-HB,0.4436424186028072
fixed,TSB-HB,0.36004664082429483
fixed,TSB-HB,0.36004664082429483
fixed,TSB-HB,0.36004664082429483
fixed,TSB-HB,0.0
fixed,TSB-HB,0.6367439745166454
fixed,TSB-HB,0.36004664082429483
fixed,TSB-HB,0.4878815793039417
fixed,TSB-HB,1.0
fixed,TSB-HB,0.0
fixed,TSB-HB,0.0
fixed,TSB-HB,0.0
fixed,TSB-HB,0.4878815793039417
fixed,TSB-HB,0.8168642372691509
fixed,TSB-HB,0.0
fixed,TSB-HB,0.6527777751391353
fixed,TSB-HB,0.0
fixed,TSB-HB,0.0
fixed,TSB-HB,0.4074328617060625
fixed,TSB-HB,0.5927595432731929
fixed,TSB-HB,0.7732714121965731
fixed,TSB-HB,0.5927595432731929
fixed,TSB-HB,0.7732714121965731
fixed,TSB-HB,0.35595970954113204
fixed,TSB-HB,0.0
fixed,TSB-HB,0.0
fixed,TSB-HB,0.0
fixed,TSB-HB,0.0
fixed,TSB-HB,0.3396352451531506
fixed,TSB-HB,0.0
fixed,TSB-HB,0.5565980463518957
fixed,TSB-HB,0.0
fixed,TSB-HB,0.8811976616485241
fixed,TSB-HB,0.7813826347272878
fixed,TSB-HB,0.7813826347272878
fixed,TSB-HB,0.0
fixed,TSB-HB,0.3528504292554422
fixed,TSB-HB,0.4871055388469758
fixed,TSB-HB,0.4871055388469758
fixed,TSB-HB,1.0
fixed,TSB-HB,0.4871055388469758
fixed,TSB-HB,0.4871055388469758
fixed,TSB-HB,0.4871055388469758
fixed,TSB-HB,0.46361126078838
fixed,TSB-HB,0.0
fixed,TSB-HB,0.6985854593118657
fixed,TSB-HB,0.0
fixed,TSB-HB,0.46361126078838
fixed,TSB-HB,0.0
fixed,TSB-HB,0.46051738523872615
fixed,TSB-HB,0.25079940156701475
fixed,TSB-HB,0.0
fixed,TSB-HB,0.63207151010417
fixed,TSB-HB,0.8437325466606482
fixed,TSB-HB,0.8437325466606482
fixed,TSB-HB,0.445987337282037
fixed,TSB-HB,0.0
fixed,TSB-HB,0.0
fixed,TSB-HB,0.6850478907012858
fixed,TSB-HB,0.6850478907012858
fixed,TSB-HB,0.6850478907012858
fixed,TSB-HB,0.0
fixed,TSB-HB,0.5061608849900966
fixed,TSB-HB,0.7746219992962293
fixed,TSB-HB,0.7746219992962293
fixed,TSB-HB,0.5061608849900966
fixed,TSB-HB,0.5061608849900966
fixed,TSB-HB,0.0
fixed,TSB-HB,0.0
fixed,TSB-HB,0.0
fixed,TSB-HB,0.0
fixed,TSB-HB,0.0
fixed,TSB-HB,0.0
fixed,TSB-HB,1.0
fixed,TSB-HB,1.0
fixed,TSB-HB,0.7280442418580935
fixed,TSB-HB,1.0
fixed,TSB-HB,0.7280442418580935
fixed,TSB-HB,0.5255088175222662
fixed,TSB-HB,0.0
fixed,TSB-HB,0.0
fixed,TSB-HB,0.0
fixed,TSB-HB,1.0
fixed,TSB-HB,0.7817891461201287
fixed,TSB-HB,0.0
fixed,TSB-HB,0.4465852553248721
fixed,TSB-HB,0.8397783657221315
fixed,TSB-HB,0.0
fixed,TSB-HB,0.4465852553248721
fixed,TSB-HB,0.0
fixed,TSB-HB,0.6843709685351355
fixed,TSB-HB,0.5420178797444215
fixed,TSB-HB,0.6717648283341242
fixed,TSB-HB,0.21088677693391378
fixed,TSB-HB,0.21088677693391378
fixed,TSB-HB,0.0
fixed,TSB-HB,0.37227162881094567
fixed,TSB-HB,0.6711488378498103
fixed,TSB-HB,1.0
fixed,TSB-HB,0.40821797971603235
fixed,TSB-HB,0.40821797971603235
fixed,TSB-HB,0.8342199935833292
fixed,TSB-HB,0.40821797971603235
fixed,TSB-HB,0.4624314729767488
fixed,TSB-HB,0.23760490845369026
fixed,TSB-HB,1.0
fixed,TSB-HB,0.4624314729767488
fixed,TSB-HB,1.0
fixed,TSB-HB,0.6450046681329482
fixed,TSB-HB,0.0
fixed,TSB-HB,0.40396096788347524
fixed,TSB-HB,0.0
fixed,TSB-HB,0.5754902738613275
fixed,TSB-HB,0.762555451538709
fixed,TSB-HB,0.0
fixed,TSB-HB,0.0
fixed,TSB-HB,0.47645674365237245
fixed,TSB-HB,0.0
fixed,TSB-HB,0.47645674365237245
fixed,TSB-HB,0.7644200070780459
fixed,TSB-HB,0.7644200070780459
fixed,TSB-HB,0.7742770587041508
fixed,TSB-HB,0.7742770587041508
fixed,TSB-HB,0.4909872955635978
fixed,TSB-HB,0.0
fixed,TSB-HB,0.4909872955635978
fixed,TSB-HB,0.4909872955635978
fixed,TSB-HB,0.5217376742347003
fixed,TSB-HB,0.0
fixed,TSB-HB,0.5217376742347003
fixed,TSB-HB,0.5217376742347003
fixed,TSB-HB,0.5217376742347003
fixed,TSB-HB,0.5217376742347003
fixed,TSB-HB,0.8221375758242959
fixed,TSB-HB,0.0
fixed,TSB-HB,0.49680854098711213
fixed,TSB-HB,0.23081343632111417
fixed,TSB-HB,0.49680854098711213
fixed,TSB-HB,0.0
fixed,TSB-HB,0.5396375412492772
fixed,TSB-HB,0.8145679223019382
fixed,TSB-HB,0.0
fixed,TSB-HB,0.5396375412492772
fixed,TSB-HB,0.0
fixed,TSB-HB,0.0
fixed,TSB-HB,0.3191620847827743
fixed,TSB-HB,0.3191620847827743
fixed,TSB-HB,0.6158930968321346
fixed,TSB-HB,0.3191620847827743
fixed,TSB-HB,0.0
fixed,TSB-HB,0.0
fixed,TSB-HB,0.5206859795088614
fixed,TSB-HB,0.24383709763118117
fixed,TSB-HB,0.840996140264998
fixed,TSB-HB,0.5206859795088614
fixed,TSB-HB,0.24383709763118117
fixed,TSB-HB,0.7346958955975293
fixed,TSB-HB,0.2217313800465558
fixed,TSB-HB,0.7231951850800763
fixed,TSB-HB,0.7970348796042909
fixed,TSB-HB,0.5840503916742878
fixed,TSB-HB,0.0
fixed,TSB-HB,0.4149393453352963
fixed,TSB-HB,0.5375222597882134
fixed,TSB-HB,0.5375222597882134
fixed,TSB-HB,0.27882529652355603
fixed,TSB-HB,0.27882529652355603
fixed,TSB-HB,0.0
fixed,TSB-HB,0.5375222597882134
fixed,TSB-HB,0.0
fixed,TSB-HB,0.6259671276339983
fixed,TSB-HB,1.0
fixed,TSB-HB,0.0
fixed,TSB-HB,0.0
fixed,TSB-HB,0.6259671276339983
fixed,TSB-HB,0.7594863618551496
fixed,TSB-HB,0.0
fixed,TSB-HB,0.8578203196323144
fixed,TSB-HB,0.7594863618551496
fixed,TSB-HB,0.0
fixed,TSB-HB,0.7594863618551496
fixed,TSB-HB,0.7802507477426814
fixed,TSB-HB,0.2525663375970738
fixed,TSB-HB,0.5631331361855437
fixed,TSB-HB,0.2525663375970738
fixed,TSB-HB,0.5631331361855437
fixed,TSB-HB,0.0
fixed,TSB-HB,0.18863331605403746
fixed,TSB-HB,0.30565723394456
fixed,TSB-HB,0.7529114081936797
fixed,TSB-HB,0.48657745861142554
fixed,TSB-HB,0.7529114081936797
fixed,TSB-HB,0.48657745861142554
fixed,TSB-HB,0.0
fixed,TSB-HB,0.40203004731312175
fixed,TSB-HB,0.5395756478845757
fixed,TSB-HB,0.40203004731312175
fixed,TSB-HB,0.40203004731312175
fixed,TSB-HB,0.8577536769230151
fixed,TSB-HB,0.0
fixed,TSB-HB,0.5517184735160414
fixed,TSB-HB,0.0
fixed,TSB-HB,0.0
fixed,TSB-HB,0.0
fixed,TSB-HB,0.0
fixed,TSB-HB,0.22495238215075497
fixed,TSB-HB,0.4389988852350807
fixed,TSB-HB,0.6251339691035175
fixed,TSB-HB,0.4389988852350807
fixed,TSB-HB,0.4389988852350807
fixed,TSB-HB,0.6251339691035175
fixed,TSB-HB,0.8433882371889905
fixed,TSB-HB,0.8836245338242709
fixed,TSB-HB,0.0
fixed,TSB-HB,0.8031519405537101
fixed,TSB-HB,0.20931552245084956
fixed,TSB-HB,0.34083325431276296
fixed,TSB-HB,0.7579792647632496
fixed,TSB-HB,0.8143358170024061
fixed,TSB-HB,0.47920636524840277
fixed,TSB-HB,0.6286501365765816
fixed,TSB-HB,0.0
fixed,TSB-HB,0.47920636524840277
fixed,TSB-HB,0.5402763148589232
fixed,TSB-HB,0.8454163772033182
fixed,TSB-HB,0.8454163772033182
fixed,TSB-HB,0.5402763148589232
fixed,TSB-HB,0.2618570205314388
fixed,TSB-HB,1.0
fixed,TSB-HB,0.39911649536580474
fixed,TSB-HB,0.774971302644365
fixed,TSB-HB,0.8272084740957245
fixed,TSB-HB,0.5591823633878812
fixed,TSB-HB,0.0
fixed,TSB-HB,0.684558368723766
fixed,TSB-HB,0.21508201492069223
fixed,TSB-HB,0.7641516829967905
fixed,TSB-HB,0.7641516829967905
fixed,TSB-HB,0.839606311852404
fixed,TSB-HB,0.0
fixed,TSB-HB,1.0
fixed,TSB-HB,0.7622092026648801
fixed,TSB-HB,0.0
fixed,TSB-HB,0.5032318692166773
fixed,TSB-HB,0.0
fixed,TSB-HB,0.5032318692166773
fixed,TSB-HB,0.0
fixed,TSB-HB,0.0
fixed,TSB-HB,0.7846657473975702
fixed,TSB-HB,0.3365030928569772
fixed,TSB-HB,0.3365030928569772
fixed,TSB-HB,0.0
fixed,TSB-HB,0.0
fixed,TSB-HB,0.8020197789055701
fixed,TSB-HB,0.0
fixed,TSB-HB,0.5253316491813699
fixed,TSB-HB,0.5253316491813699
fixed,TSB-HB,0.5253316491813699
fixed,TSB-HB,0.0
fixed,TSB-HB,0.7622507258389111
fixed,TSB-HB,0.37509196130096567
fixed,TSB-HB,1.0
fixed,TSB-HB,0.6382925989071444
fixed,TSB-HB,0.0
fixed,TSB-HB,0.0
fixed,TSB-HB,0.8118880988379538
fixed,TSB-HB,0.8118880988379538
fixed,TSB-HB,0.8118880988379538
fixed,TSB-HB,0.7435940553510161
fixed,TSB-HB,0.0
fixed,TSB-HB,0.5960117706193794
fixed,TSB-HB,0.36764317974543975
fixed,TSB-HB,0.8216339268335913
fixed,TSB-HB,0.0
fixed,TSB-HB,0.36764317974543975
fixed,TSB-HB,0.36764317974543975
fixed,TSB-HB,0.36764317974543975
fixed,TSB-HB,0.5272570736678954
fixed,TSB-HB,0.7382687788198654
fixed,TSB-HB,1.0
fixed,TSB-HB,0.8401385317999223
fixed,TSB-HB,0.5272570736678954
fixed,TSB-HB,0.5272570736678954
fixed,TSB-HB,0.8836135639930767
fixed,TSB-HB,0.0
fixed,TSB-HB,0.43252846763451336
fixed,TSB-HB,0.0
fixed,TSB-HB,0.0
fixed,TSB-HB,0.7301140685649983
fixed,TSB-HB,0.24554230137523542
fixed,TSB-HB,0.5031023127674112
fixed,TSB-HB,0.0
fixed,TSB-HB,0.0
fixed,TSB-HB,0.8038565989025238
fixed,TSB-HB,0.24554230137523542
fixed,TSB-HB,0.3807276289768754
fixed,TSB-HB,0.3807276289768754
fixed,TSB-HB,0.0
fixed,TSB-HB,0.0
fixed,TSB-HB,1.0
fixed,TSB-HB,0.0
fixed,TSB-HB,0.0
fixed,TSB-HB,0.0
fixed,TSB-HB,0.0
fixed,TSB-HB,0.0
fixed,TSB-HB,0.32495676581292443
fixed,TSB-HB,0.0
fixed,TSB-HB,0.31905889688620737
fixed,TSB-HB,0.5892623002404622
fixed,TSB-HB,0.0
fixed,TSB-HB,0.0
fixed,TSB-HB,0.5892623002404622
fixed,TSB-HB,0.8912988805019996
fixed,TSB-HB,0.0
fixed,TSB-HB,0.38751175632558166
fixed,TSB-HB,0.0
fixed,TSB-HB,0.38751175632558166
fixed,TSB-HB,0.0
fixed,TSB-HB,0.7869036213566548
fixed,TSB-HB,0.0
fixed,TSB-HB,0.70405193297673
fixed,TSB-HB,0.0
fixed,TSB-HB,0.3923883066121368
fixed,TSB-HB,0.70405193297673
fixed,TSB-HB,0.3923883066121368
fixed,TSB-HB,0.5572793862999175
fixed,TSB-HB,0.0
fixed,TSB-HB,0.0
fixed,TSB-HB,0.0
fixed,TSB-HB,0.5572793862999175
fixed,TSB-HB,0.0
fixed,TSB-HB,0.0
fixed,TSB-HB,0.46757420414379997
fixed,TSB-HB,0.46757420414379997
fixed,TSB-HB,0.46757420414379997
fixed,TSB-HB,0.0
fixed,TSB-HB,0.46757420414379997
fixed,TSB-HB,0.22682635136123
fixed,TSB-HB,0.6102985749681351
fixed,TSB-HB,0.8939783678459782
fixed,TSB-HB,1.0
fixed,TSB-HB,0.43376555560673974
fixed,TSB-HB,0.6102985749681351
fixed,TSB-HB,0.575650943672645
fixed,TSB-HB,0.0
fixed,TSB-HB,0.0
fixed,TSB-HB,0.3598548685890863
fixed,TSB-HB,0.8754835685682774
fixed,TSB-HB,0.771357758588195
fixed,TSB-HB,0.2680814475419677
fixed,TSB-HB,0.8278317746388651
fixed,TSB-HB,0.7253807336769159
fixed,TSB-HB,0.7253807336769159
fixed,TSB-HB,0.5272696553974083
fixed,TSB-HB,1.0
fixed,TSB-HB,0.0
fixed,TSB-HB,0.8040070465452047
fixed,TSB-HB,0.0
fixed,TSB-HB,0.4264652722106471
fixed,TSB-HB,0.634618456171264
fixed,TSB-HB,0.8040070465452047
fixed,TSB-HB,0.0
fixed,TSB-HB,0.5343917290215193
fixed,TSB-HB,0.43726429853584226
fixed,TSB-HB,0.7209012666354291
fixed,TSB-HB,1.0
fixed,TSB-HB,1.0
fixed,TSB-HB,0.3593397203938698
fixed,TSB-HB,0.8360867258915256
fixed,TSB-HB,0.3593397203938698
fixed,TSB-HB,0.0
fixed,TSB-HB,0.0
fixed,TSB-HB,0.3593397203938698
fixed,TSB-HB,0.870402246949854
fixed,TSB-HB,1.0
fixed,TSB-HB,0.33731356253601774
fixed,TSB-HB,1.0
fixed,TSB-HB,1.0
fixed,TSB-HB,0.4246271250720355
fixed,TSB-HB,0.5064261513434452
fixed,TSB-HB,0.5064261513434452
fixed,TSB-HB,0.5064261513434452
fixed,TSB-HB,0.5064261513434452
fixed,TSB-HB,0.7746722726073205
fixed,TSB-HB,0.7746722726073205
fixed,TSB-HB,0.20966143510475732
fixed,TSB-HB,0.15483071755237868
fixed,TSB-HB,0.0
fixed,TSB-HB,0.27462724586568377
fixed,TSB-HB,0.7818909112213814
fixed,TSB-HB,0.3678038493766454
fixed,TSB-HB,0.8674067599030233
fixed,TSB-HB,0.0
fixed,TSB-HB,0.44854191340568167
fixed,TSB-HB,0.44854191340568167
fixed,TSB-HB,0.0
fixed,TSB-HB,0.8674067599030233
fixed,TSB-HB,0.49650311357385957
fixed,TSB-HB,0.2496681936001471
fixed,TSB-HB,0.6787614698919615
fixed,TSB-HB,0.6787614698919615
fixed,TSB-HB,0.0
fixed,TSB-HB,0.0
fixed,TSB-HB,0.42943614704710775
fixed,TSB-HB,0.6571441135734466
fixed,TSB-HB,0.6571441135734466
fixed,TSB-HB,0.6571441135734466
fixed,TSB-HB,0.42943614704710775
fixed,TSB-HB,0.42943614704710775
fixed,TSB-HB,0.3615733737375503
fixed,TSB-HB,0.2126163599203815
fixed,TSB-HB,0.5200850519655315
fixed,TSB-HB,0.0
fixed,TSB-HB,0.0
fixed,TSB-HB,0.0
fixed,TSB-HB,0.0
fixed,TSB-HB,0.8271786547363879
fixed,TSB-HB,0.5281177919839001
fixed,TSB-HB,0.5281177919839001
fixed,TSB-HB,0.5281177919839001
fixed,TSB-HB,0.0
fixed,TSB-HB,0.5373209741117935
fixed,TSB-HB,0.5373209741117935
fixed,TSB-HB,0.5373209741117935
fixed,TSB-HB,0.0
fixed,TSB-HB,0.5373209741117935
fixed,TSB-HB,1.0
fixed,TSB-HB,0.5907287066027239
fixed,TSB-HB,0.6161378525104124
fixed,TSB-HB,0.7431835820488547
fixed,TSB-HB,0.7784285925023855
fixed,TSB-HB,0.0
fixed,TSB-HB,1.0
fixed,TSB-HB,0.0
fixed,TSB-HB,0.5593234033344002
fixed,TSB-HB,0.5593234033344002
fixed,TSB-HB,0.3777305138337503
fixed,TSB-HB,0.20887190034681113
fixed,TSB-HB,0.3777305138337503
fixed,TSB-HB,0.43687640812473905
fixed,TSB-HB,0.22983968466979607
fixed,TSB-HB,0.6192504924028204
fixed,TSB-HB,0.0
fixed,TSB-HB,0.8424025157061266
fixed,TSB-HB,0.0
fixed,TSB-HB,0.3238948744302025
fixed,TSB-HB,0.19238573888590113
fixed,TSB-HB,1.0
fixed,TSB-HB,0.0
fixed,TSB-HB,0.0
fixed,TSB-HB,0.0
fixed,TSB-HB,0.3474166335293674
fixed,TSB-HB,0.0
fixed,TSB-HB,0.21620159827651003
fixed,TSB-HB,0.0
fixed,TSB-HB,1.0
fixed,TSB-HB,0.608084329034315
fixed,TSB-HB,0.8308426454653348
fixed,TSB-HB,0.0
fixed,TSB-HB,0.44709106047693625
fixed,TSB-HB,0.0
fixed,TSB-HB,0.6786093321316131
fixed,TSB-HB,0.8308426454653348
fixed,TSB-HB,0.0
fixed,TSB-HB,0.8515086683098866
fixed,TSB-HB,1.0
fixed,TSB-HB,0.5616291154508921
fixed,TSB-HB,0.0
fixed,TSB-HB,1.0
fixed,TSB-HB,0.6127937089106439
fixed,TSB-HB,1.0
fixed,TSB-HB,0.0
fixed,TSB-HB,1.0
fixed,TSB-HB,0.6127937089106439
fixed,TSB-HB,1.0
fixed,TSB-HB,0.0
fixed,TSB-HB,0.4611502637692518
fixed,TSB-HB,0.0
fixed,TSB-HB,0.0
fixed,TSB-HB,0.0
fixed,TSB-HB,0.4611502637692518
fixed,TSB-HB,1.0
fixed,TSB-HB,0.7611290974294856
fixed,TSB-HB,0.40905609923760755
fixed,TSB-HB,0.7611290974294856
fixed,TSB-HB,0.0
fixed,TSB-HB,1.0
fixed,TSB-HB,0.2493483907571545
fixed,TSB-HB,0.49817991450869414
fixed,TSB-HB,0.0
fixed,TSB-HB,0.667380503115748
fixed,TSB-HB,0.0
fixed,TSB-HB,0.7867547401139342
fixed,TSB-HB,0.0
fixed,TSB-HB,0.7591286811587107
fixed,TSB-HB,0.0
fixed,TSB-HB,1.0
fixed,TSB-HB,0.8026140661984204
fixed,TSB-HB,0.5159904279068176
fixed,TSB-HB,0.4398499197743867
fixed,TSB-HB,0.8834308444817283
fixed,TSB-HB,1.0
fixed,TSB-HB,0.7755399881059397
fixed,TSB-HB,0.0
fixed,TSB-HB,0.7755399881059397
fixed,TSB-HB,0.35480182333331756
fixed,TSB-HB,0.6431087479711626
fixed,TSB-HB,0.0
fixed,TSB-HB,0.35480182333331756
fixed,TSB-HB,0.518487718424047
fixed,TSB-HB,0.35480182333331756
fixed,TSB-HB,0.0
fixed,TSB-HB,0.4879013711671327
fixed,TSB-HB,0.6334071105241694
fixed,TSB-HB,0.0
fixed,TSB-HB,0.0
fixed,TSB-HB,0.36895068558356636
fixed,TSB-HB,0.3344675669126899
fixed,TSB-HB,0.5514301138332485
fixed,TSB-HB,0.0
fixed,TSB-HB,0.5514301138332485
fixed,TSB-HB,0.8215387201731694
fixed,TSB-HB,0.0
fixed,TSB-HB,1.0
fixed,TSB-HB,0.5872502317384569
fixed,TSB-HB,0.0
fixed,TSB-HB,0.0
fixed,TSB-HB,0.856248014062149
fixed,TSB-HB,0.690146052121617
fixed,TSB-HB,0.3941860703088311
fixed,TSB-HB,1.0
fixed,TSB-HB,0.3941860703088311
fixed,TSB-HB,0.6778056607059005
fixed,TSB-HB,0.0
fixed,TSB-HB,0.6778056607059005
fixed,TSB-HB,0.45014772470924075
fixed,TSB-HB,0.8062445612592728
fixed,TSB-HB,0.45014772470924075
fixed,TSB-HB,0.6613459969844393
fixed,TSB-HB,0.0
fixed,TSB-HB,0.6613459969844393
fixed,TSB-HB,1.0
fixed,TSB-HB,0.44761972055205734
fixed,TSB-HB,0.8552205937637668
fixed,TSB-HB,0.0
fixed,TSB-HB,0.0
fixed,TSB-HB,0.0
fixed,TSB-HB,0.5553861846002031
fixed,TSB-HB,0.5553861846002031
fixed,TSB-HB,0.27304684053666095
fixed,TSB-HB,0.27304684053666095
fixed,TSB-HB,0.0
fixed,TSB-HB,0.0
fixed,TSB-HB,0.8323512425089445
fixed,TSB-HB,1.0
fixed,TSB-HB,0.41302092343606855
fixed,TSB-HB,0.7565403847783799
fixed,TSB-HB,0.0
fixed,TSB-HB,0.8323512425089445
fixed,TSB-HB,0.0
fixed,TSB-HB,0.516110807682743
fixed,TSB-HB,1.0
fixed,TSB-HB,0.15934153270841966
fixed,TSB-HB,0.516110807682743
fixed,TSB-HB,0.7860734992480571
fixed,TSB-HB,0.6209398995701609
fixed,TSB-HB,1.0
fixed,TSB-HB,0.30729765615763527
fixed,TSB-HB,0.30729765615763527
fixed,TSB-HB,0.30729765615763527
fixed,TSB-HB,0.8110510594890632
fixed,TSB-HB,0.7375790709280851
fixed,TSB-HB,0.8932191163948605
fixed,TSB-HB,0.0
fixed,TSB-HB,0.7375790709280851
fixed,TSB-HB,0.39206454014167913
fixed,TSB-HB,0.8932191163948605
fixed,TSB-HB,0.4081319540003962
fixed,TSB-HB,0.634528858119384
fixed,TSB-HB,0.531074043977788
fixed,TSB-HB,0.8946404308439301
fixed,TSB-HB,0.7379836722609797
fixed,TSB-HB,1.0
fixed,TSB-HB,0.6186708623971171
fixed,TSB-HB,0.7943661497952903
fixed,TSB-HB,0.22779206116984804
fixed,TSB-HB,0.6186708623971171
fixed,TSB-HB,0.7943661497952903
fixed,TSB-HB,0.7333574657030764
fixed,TSB-HB,0.6877381289322239
fixed,TSB-HB,0.25344043765408236
fixed,TSB-HB,0.34405200047677215
fixed,TSB-HB,0.0
fixed,TSB-HB,0.5229789106981914
fixed,TSB-HB,1.0
fixed,TSB-HB,0.5354693284488292
fixed,TSB-HB,0.5354693284488292
fixed,TSB-HB,0.0
fixed,TSB-HB,0.0
fixed,TSB-HB,1.0
fixed,TSB-HB,0.0
fixed,TSB-HB,0.23374051622446407
fixed,TSB-HB,1.0
fixed,TSB-HB,0.0
fixed,TSB-HB,0.23374051622446407
fixed,TSB-HB,0.23374051622446407
fixed,TSB-HB,0.0
fixed,TSB-HB,0.0
fixed,TSB-HB,1.0
fixed,TSB-HB,0.2533912130029033
fixed,TSB-HB,0.0
fixed,TSB-HB,0.2533912130029033
fixed,TSB-HB,0.0
fixed,TSB-HB,0.4224552345661675
fixed,TSB-HB,0.22681460545909077
fixed,TSB-HB,0.22681460545909077
fixed,TSB-HB,0.0
fixed,TSB-HB,0.22681460545909077
fixed,TSB-HB,0.22681460545909077
fixed,TSB-HB,0.6157994374019539
fixed,TSB-HB,0.36318246126168163
fixed,TSB-HB,0.36318246126168163
fixed,TSB-HB,0.36318246126168163
fixed,TSB-HB,0.4763649225233632
fixed,TSB-HB,0.4763649225233632
fixed,TSB-HB,1.0
fixed,TSB-HB,0.8907329715832424
fixed,TSB-HB,1.0
fixed,TSB-HB,1.0
fixed,TSB-HB,0.6246344304693425
fixed,TSB-HB,0.8142497916824201
fixed,TSB-HB,0.7718138869951882
fixed,TSB-HB,0.5123914974885321
fixed,TSB-HB,0.7443868158937015
fixed,TSB-HB,0.19050965488026061
fixed,TSB-HB,0.277381819829835
fixed,TSB-HB,0.0
fixed,TSB-HB,0.5082908528249057
fixed,TSB-HB,0.2577084659506249
fixed,TSB-HB,0.2577084659506249
fixed,TSB-HB,0.0
fixed,TSB-HB,0.2577084659506249
fixed,TSB-HB,0.5082908528249057
fixed,TSB-HB,0.0
fixed,TSB-HB,0.33367447382414667
fixed,TSB-HB,0.1960767787361084
fixed,TSB-HB,0.1960767787361084
fixed,TSB-HB,0.0
fixed,TSB-HB,0.33367447382414667
fixed,TSB-HB,0.6967495095931621
fixed,TSB-HB,0.32201530017097263
fixed,TSB-HB,0.5158860512047911
fixed,TSB-HB,0.0
fixed,TSB-HB,1.0
fixed,TSB-HB,0.32201530017097263
fixed,TSB-HB,0.0
fixed,TSB-HB,0.23567606469848523
fixed,TSB-HB,0.1452253548994951
fixed,TSB-HB,0.1452253548994951
fixed,TSB-HB,0.19045070979899015
fixed,TSB-HB,0.23567606469848523
fixed,TSB-HB,0.4980634542264883
fixed,TSB-HB,0.0
fixed,TSB-HB,0.4980634542264883
fixed,TSB-HB,0.0
fixed,TSB-HB,0.4980634542264883
fixed,TSB-HB,0.4980634542264883
fixed,TSB-HB,0.0
fixed,TSB-HB,0.0
fixed,TSB-HB,1.0
fixed,TSB-HB,0.3716381035089686
fixed,TSB-HB,0.8584118799421256
fixed,TSB-HB,0.0
fixed,TSB-HB,0.21926107981081858
fixed,TSB-HB,0.7842933132860178
fixed,TSB-HB,0.2792330817944601
fixed,TSB-HB,0.0
fixed,TSB-HB,1.0
fixed,TSB-HB,0.5692367050510881
fixed,TSB-HB,0.0
fixed,TSB-HB,0.0
fixed,TSB-HB,0.0
fixed,TSB-HB,0.21958273642038578
fixed,TSB-HB,0.0
fixed,TSB-HB,0.0
fixed,TSB-HB,0.0
fixed,TSB-HB,0.23909324426931491
fixed,TSB-HB,0.0
fixed,TSB-HB,0.0
fixed,TSB-HB,0.0
fixed,TSB-HB,0.0
fixed,TSB-HB,0.0
fixed,TSB-HB,1.0
fixed,TSB-HB,0.0
fixed,TSB-HB,0.0
fixed,TSB-HB,0.8053867546820502
fixed,TSB-HB,0.0
fixed,TSB-HB,0.0
fixed,TSB-HB,0.0
fixed,TSB-HB,0.0
fixed,TSB-HB,0.0
fixed,TSB-HB,0.0
fixed,TSB-HB,0.24629819172576073
fixed,TSB-HB,0.0
fixed,TSB-HB,0.0
fixed,TSB-HB,0.0
fixed,TSB-HB,0.6756834911193578
fixed,TSB-HB,0.24343971909973658
fixed,TSB-HB,0.24343971909973658
fixed,TSB-HB,0.538901687383603
fixed,TSB-HB,0.4636612902144832
fixed,TSB-HB,1.0
fixed,TSB-HB,1.0
fixed,TSB-HB,1.0
fixed,TSB-HB,1.0
fixed,TSB-HB,0.29584683745005946
fixed,TSB-HB,0.0
fixed,TSB-HB,1.0
fixed,TSB-HB,0.0
fixed,TSB-HB,0.0
fixed,TSB-HB,1.0
fixed,TSB-HB,0.45909269521335316
fixed,TSB-HB,0.0
fixed,TSB-HB,0.45909269521335316
fixed,TSB-HB,0.0
fixed,TSB-HB,0.0
fixed,TSB-HB,0.7670135993450061
fixed,TSB-HB,0.40909252108768357
fixed,TSB-HB,0.0
fixed,TSB-HB,0.40909252108768357
fixed,TSB-HB,0.0
fixed,TSB-HB,0.40909252108768357
fixed,TSB-HB,0.0
fixed,TSB-HB,0.2040171278526097
fixed,TSB-HB,0.7085408397460395
fixed,TSB-HB,0.6002221356867387
fixed,TSB-HB,0.48855443737276716
fixed,TSB-HB,0.8258159810836785
fixed,TSB-HB,0.3354317248896889
fixed,TSB-HB,0.7574002358365476
fixed,TSB-HB,1.0
fixed,TSB-HB,0.0
fixed,TSB-HB,0.21753194425082745
fixed,TSB-HB,0.15876597212541374
fixed,TSB-HB,0.15876597212541374
fixed,TSB-HB,0.27807219018710905
fixed,TSB-HB,0.42439633518753794
fixed,TSB-HB,0.27807219018710905
fixed,TSB-HB,0.0
fixed,TSB-HB,0.18295768879167584
fixed,TSB-HB,0.27807219018710905
fixed,TSB-HB,0.46018522602677775
fixed,TSB-HB,0.0
fixed,TSB-HB,0.613011972579549
fixed,TSB-HB,0.613011972579549
fixed,TSB-HB,0.26483091830153715
fixed,TSB-HB,0.613011972579549
fixed,TSB-HB,0.0
fixed,TSB-HB,0.0
fixed,TSB-HB,0.5168752284789951
fixed,TSB-HB,1.0
fixed,TSB-HB,0.0
fixed,TSB-HB,0.0
fixed,TSB-HB,0.682952543152614
fixed,TSB-HB,0.0
fixed,TSB-HB,0.682952543152614
fixed,TSB-HB,0.0
fixed,TSB-HB,0.2623610461382758
fixed,TSB-HB,0.682952543152614
fixed,TSB-HB,0.0
fixed,TSB-HB,0.0
fixed,TSB-HB,0.0
fixed,TSB-HB,0.4187921791462751
fixed,TSB-HB,0.0
fixed,TSB-HB,0.8426411277083243
fixed,TSB-HB,0.6517526651736234
fixed,TSB-HB,1.0
fixed,TSB-HB,0.6517526651736234
fixed,TSB-HB,0.0
fixed,TSB-HB,1.0
fixed,TSB-HB,1.0
fixed,TSB-HB,0.620249076294675
fixed,TSB-HB,0.0
fixed,TSB-HB,0.42430924660497926
fixed,TSB-HB,0.42430924660497926
fixed,TSB-HB,0.42430924660497926
fixed,TSB-HB,0.0
fixed,TSB-HB,0.43794973004825144
fixed,TSB-HB,0.0
fixed,TSB-HB,0.43794973004825144
fixed,TSB-HB,0.43794973004825144
fixed,TSB-HB,0.43794973004825144
fixed,TSB-HB,0.0
fixed,TSB-HB,0.3016393240819815
fixed,TSB-HB,0.0
fixed,TSB-HB,0.5912928472580974
fixed,TSB-HB,0.7885168307022551
fixed,TSB-HB,0.5912928472580974
fixed,TSB-HB,0.0
fixed,TSB-HB,0.0
fixed,TSB-HB,0.0
fixed,TSB-HB,0.0
fixed,TSB-HB,0.22817551844104791
fixed,TSB-HB,0.5804138431179313
fixed,TSB-HB,0.0
fixed,TSB-HB,0.785593693352642
fixed,TSB-HB,0.785593693352642
fixed,TSB-HB,0.785593693352642
fixed,TSB-HB,0.0
fixed,TSB-HB,0.785593693352642
fixed,TSB-HB,0.785593693352642
fixed,TSB-HB,0.5920808947941901
fixed,TSB-HB,0.0
fixed,TSB-HB,0.22068762036576647
fixed,TSB-HB,0.22068762036576647
fixed,TSB-HB,0.22068762036576647
fixed,TSB-HB,0.4107166928897401
fixed,TSB-HB,1.0
fixed,TSB-HB,0.551317162344998
fixed,TSB-HB,0.39259535533518664
fixed,TSB-HB,1.0
fixed,TSB-HB,0.39259535533518664
fixed,TSB-HB,0.0
fixed,TSB-HB,0.6239349746716075
fixed,TSB-HB,0.4296042612008144
fixed,TSB-HB,0.0
fixed,TSB-HB,0.4296042612008144
fixed,TSB-HB,1.0
fixed,TSB-HB,0.0
fixed,TSB-HB,0.0
fixed,TSB-HB,0.31741742323618466
fixed,TSB-HB,0.0
fixed,TSB-HB,0.5851864464297717
fixed,TSB-HB,1.0
fixed,TSB-HB,0.0
fixed,TSB-HB,0.23298179835748808
fixed,TSB-HB,0.0
fixed,TSB-HB,0.8158771357205106
fixed,TSB-HB,0.8158771357205106
fixed,TSB-HB,0.4879651653216497
fixed,TSB-HB,0.4879651653216497
fixed,TSB-HB,0.0
fixed,TSB-HB,0.5832214164176853
fixed,TSB-HB,0.0
fixed,TSB-HB,0.0
fixed,TSB-HB,0.5832214164176853
fixed,TSB-HB,0.0
fixed,TSB-HB,0.19264770289976008
fixed,TSB-HB,0.19264770289976008
fixed,TSB-HB,0.31827516956985985
fixed,TSB-HB,0.8116955736462841
fixed,TSB-HB,0.49749219463166283
fixed,TSB-HB,0.7532720604641708
fixed,TSB-HB,0.3491628282184495
fixed,TSB-HB,0.3491628282184495
fixed,TSB-HB,0.0
fixed,TSB-HB,0.5583870003852468
fixed,TSB-HB,0.1955775468123685
fixed,TSB-HB,0.727614244907606
fixed,TSB-HB,0.49166924139814516
fixed,TSB-HB,0.0
fixed,TSB-HB,0.0
fixed,TSB-HB,0.0
fixed,TSB-HB,0.27633574584106735
fixed,TSB-HB,0.7762256132699266
fixed,TSB-HB,0.3344157368464705
fixed,TSB-HB,0.2230471640027483
fixed,TSB-HB,0.8353935708022734
fixed,TSB-HB,0.2230471640027483
fixed,TSB-HB,0.0
fixed,TSB-HB,0.2230471640027483
fixed,TSB-HB,0.45598184146788245
fixed,TSB-HB,0.0
fixed,TSB-HB,0.0
fixed,TSB-HB,0.0
fixed,TSB-HB,0.45598184146788245
fixed,TSB-HB,0.6244710512654543
fixed,TSB-HB,0.0
fixed,TSB-HB,0.5460975815790949
fixed,TSB-HB,0.0
fixed,TSB-HB,0.5460975815790949
fixed,TSB-HB,1.0
fixed,TSB-HB,0.5460975815790949
fixed,TSB-HB,0.5562275724020262
fixed,TSB-HB,1.0
fixed,TSB-HB,0.2738468406845507
fixed,TSB-HB,0.2738468406845507
fixed,TSB-HB,1.0
fixed,TSB-HB,1.0
fixed,TSB-HB,0.760507057540769
fixed,TSB-HB,0.760507057540769
fixed,TSB-HB,0.0
fixed,TSB-HB,0.48336493833698446
fixed,TSB-HB,0.0
fixed,TSB-HB,0.760507057540769
fixed,TSB-HB,0.5349561326754226
fixed,TSB-HB,0.339855164158235
fixed,TSB-HB,0.7966079054227961
fixed,TSB-HB,0.8903118945921291
fixed,TSB-HB,0.5349561326754226
fixed,TSB-HB,0.48925502650229846
fixed,TSB-HB,0.44820756917827936
fixed,TSB-HB,0.6317665080866224
fixed,TSB-HB,0.0
fixed,TSB-HB,0.44820756917827936
fixed,TSB-HB,0.8556974949919178
fixed,TSB-HB,1.0
fixed,TSB-HB,0.38451144866095666
fixed,TSB-HB,1.0
fixed,TSB-HB,0.698885311600437
fixed,TSB-HB,0.8497521351701932
fixed,TSB-HB,0.8497521351701932
fixed,TSB-HB,0.21279083707961927
fixed,TSB-HB,0.3987921356572801
fixed,TSB-HB,0.0
fixed,TSB-HB,0.6048529207323012
fixed,TSB-HB,0.6048529207323012
fixed,TSB-HB,1.0
fixed,TSB-HB,0.846656162909087
fixed,TSB-HB,0.7504502358437062
fixed,TSB-HB,0.5989953525533405
fixed,TSB-HB,0.0
fixed,TSB-HB,0.4269904149762187
fixed,TSB-HB,0.5989953525533405
fixed,TSB-HB,0.7504502358437062
fixed,TSB-HB,0.6579030839064152
fixed,TSB-HB,0.0
fixed,TSB-HB,1.0
fixed,TSB-HB,0.7829004917164992
fixed,TSB-HB,0.24425374910022254
fixed,TSB-HB,0.4849882660148771
fixed,TSB-HB,0.4322269976842744
fixed,TSB-HB,0.22223637018176196
fixed,TSB-HB,0.769397720514459
fixed,TSB-HB,0.769397720514459
fixed,TSB-HB,0.6218825794867966
fixed,TSB-HB,0.0
fixed,TSB-HB,0.542833035932753
fixed,TSB-HB,0.754789290563635
fixed,TSB-HB,0.0
fixed,TSB-HB,0.2590257765376595
fixed,TSB-HB,0.8532702192110763
fixed,TSB-HB,1.0
fixed,TSB-HB,0.6584129066069649
fixed,TSB-HB,0.34498945532247915
fixed,TSB-HB,0.34498945532247915
fixed,TSB-HB,0.6584129066069649
fixed,TSB-HB,0.8351099574632586
fixed,TSB-HB,1.0
fixed,TSB-HB,0.0
fixed,TSB-HB,0.7985066877946703
fixed,TSB-HB,0.7985066877946703
fixed,TSB-HB,0.6218656260570227
fixed,TSB-HB,1.0
fixed,TSB-HB,1.0
fixed,TSB-HB,0.0
fixed,TSB-HB,1.0
fixed,TSB-HB,0.0
fixed,TSB-HB,0.0
fixed,TSB-HB,0.4100488107562509
fixed,TSB-HB,0.4100488107562509
fixed,TSB-HB,0.5117877266966108
fixed,TSB-HB,0.5117877266966108
fixed,TSB-HB,0.0
fixed,TSB-HB,0.0
fixed,TSB-HB,0.5117877266966108
fixed,TSB-HB,0.0
fixed,TSB-HB,0.651200930080691
fixed,TSB-HB,1.0
fixed,TSB-HB,0.3570730670373087
fixed,TSB-HB,1.0
fixed,TSB-HB,0.3570730670373087
fixed,TSB-HB,1.0
fixed,TSB-HB,0.6200999224718519
fixed,TSB-HB,0.8004147786308066
fixed,TSB-HB,0.6200999224718519
fixed,TSB-HB,1.0
fixed,TSB-HB,0.6200999224718519
fixed,TSB-HB,1.0
fixed,TSB-HB,0.0
fixed,TSB-HB,0.8196432139323749
fixed,TSB-HB,1.0
fixed,TSB-HB,0.0
fixed,TSB-HB,0.5620099045556216
fixed,TSB-HB,0.8196432139323749
fixed,TSB-HB,0.3835908351840173
fixed,TSB-HB,0.5097516047275187
fixed,TSB-HB,0.8151687066732403
fixed,TSB-HB,0.5097516047275187
fixed,TSB-HB,0.7020786221626405
fixed,TSB-HB,0.2540448673405622
fixed,TSB-HB,1.0
fixed,TSB-HB,1.0
fixed,TSB-HB,0.6444417125311318
fixed,TSB-HB,1.0
fixed,TSB-HB,0.5270965801839068
fixed,TSB-HB,0.6444417125311318
fixed,TSB-HB,0.41537815105544335
fixed,TSB-HB,0.7003987316927917
fixed,TSB-HB,0.41537815105544335
fixed,TSB-HB,0.41537815105544335
fixed,TSB-HB,0.8607588008651298
fixed,TSB-HB,0.8607588008651298
fixed,TSB-HB,0.0
fixed,TSB-HB,0.6026430086945138
fixed,TSB-HB,0.0
fixed,TSB-HB,1.0
fixed,TSB-HB,0.6026430086945138
fixed,TSB-HB,0.6026430086945138
fixed,TSB-HB,0.7765589761521166
fixed,TSB-HB,0.44384416752547745
fixed,TSB-HB,0.44384416752547745
fixed,TSB-HB,0.44384416752547745
fixed,TSB-HB,0.44384416752547745
fixed,TSB-HB,0.0
fixed,TSB-HB,0.4798007078639486
fixed,TSB-HB,0.4798007078639486
fixed,TSB-HB,0.0
fixed,TSB-HB,0.4798007078639486
fixed,TSB-HB,0.0
fixed,TSB-HB,0.0
fixed,TSB-HB,0.35637295186288453
fixed,TSB-HB,0.24257619396093752
fixed,TSB-HB,0.7244344947219206
fixed,TSB-HB,0.47511106351681887
fixed,TSB-HB,0.0
fixed,TSB-HB,0.35637295186288453
fixed,TSB-HB,0.290932439900304
fixed,TSB-HB,1.0
fixed,TSB-HB,1.0
fixed,TSB-HB,0.0
fixed,TSB-HB,0.290932439900304
fixed,TSB-HB,0.0
fixed,TSB-HB,0.382972650352285
fixed,TSB-HB,0.1761943196777764
fixed,TSB-HB,0.7587135320673227
fixed,TSB-HB,0.1761943196777764
fixed,TSB-HB,0.4474380303403689
fixed,TSB-HB,0.6391998788024721
fixed,TSB-HB,0.0
fixed,TSB-HB,0.2296560349150716
fixed,TSB-HB,0.7005998721339575
fixed,TSB-HB,0.44972154376779716
fixed,TSB-HB,0.0
fixed,TSB-HB,0.2296560349150716
fixed,TSB-HB,0.2782604702654748
fixed,TSB-HB,0.2326746059453787
fixed,TSB-HB,0.7182310818995111
fixed,TSB-HB,0.6351297094104896
fixed,TSB-HB,0.0
fixed,TSB-HB,0.4557545922505476
fixed,TSB-HB,0.797677560169429
fixed,TSB-HB,0.7691999552003175
fixed,TSB-HB,1.0
fixed,TSB-HB,0.5478879227823537
fixed,TSB-HB,0.4024664476568062
fixed,TSB-HB,0.5478879227823537
fixed,TSB-HB,0.6151306709344291
fixed,TSB-HB,0.0
fixed,TSB-HB,0.7965302537027715
fixed,TSB-HB,0.3422107625529023
fixed,TSB-HB,0.7965302537027715
fixed,TSB-HB,0.0
fixed,TSB-HB,0.760053207635313
fixed,TSB-HB,0.760053207635313
fixed,TSB-HB,0.30683074240729824
fixed,TSB-HB,0.0
fixed,TSB-HB,0.30683074240729824
fixed,TSB-HB,0.5507450973080582
fixed,TSB-HB,0.0
fixed,TSB-HB,0.30219449791848274
fixed,TSB-HB,0.30219449791848274
fixed,TSB-HB,0.30219449791848274
fixed,TSB-HB,0.5029323048588265
fixed,TSB-HB,0.30219449791848274
fixed,TSB-HB,0.5476946084613601
fixed,TSB-HB,0.5476946084613601
fixed,TSB-HB,0.8697793144774343
fixed,TSB-HB,0.2513455402018888
fixed,TSB-HB,0.2513455402018888
fixed,TSB-HB,1.0
fixed,TSB-HB,0.4628855646756206
fixed,TSB-HB,0.7267713266140867
fixed,TSB-HB,0.4628855646756206
fixed,TSB-HB,0.0
fixed,TSB-HB,0.8665595637149375
fixed,TSB-HB,0.7267713266140867
fixed,TSB-HB,0.5814256529679405
fixed,TSB-HB,0.0
fixed,TSB-HB,0.5814256529679405
fixed,TSB-HB,0.5814256529679405
fixed,TSB-HB,0.0
fixed,TSB-HB,0.0
fixed,TSB-HB,0.7867471580631469
fixed,TSB-HB,0.6175727691250693
fixed,TSB-HB,0.6175727691250693
fixed,TSB-HB,0.7257946546219838
fixed,TSB-HB,0.7257946546219838
fixed,TSB-HB,0.7257946546219838
fixed,TSB-HB,0.4306229908540453
fixed,TSB-HB,1.0
fixed,TSB-HB,0.4306229908540453
fixed,TSB-HB,1.0
fixed,TSB-HB,0.0
fixed,TSB-HB,0.0
fixed,TSB-HB,0.5900114817797801
fixed,TSB-HB,0.371041376512123
fixed,TSB-HB,0.7718818065985283
fixed,TSB-HB,0.7718818065985283
fixed,TSB-HB,0.5900114817797801
fixed,TSB-HB,1.0
fixed,TSB-HB,0.2421278071601609
fixed,TSB-HB,0.5235992996528837
fixed,TSB-HB,0.8501261465108726
fixed,TSB-HB,0.8501261465108726
fixed,TSB-HB,1.0
fixed,TSB-HB,1.0
fixed,TSB-HB,0.0
fixed,TSB-HB,0.41414301064228065
fixed,TSB-HB,0.0
fixed,TSB-HB,0.41414301064228065
fixed,TSB-HB,1.0
fixed,TSB-HB,0.8380594566227066
fixed,TSB-HB,0.0
fixed,TSB-HB,0.7873033031608823
fixed,TSB-HB,0.7873033031608823
fixed,TSB-HB,1.0
fixed,TSB-HB,1.0
fixed,TSB-HB,0.5735989059354772
fixed,TSB-HB,1.0
fixed,TSB-HB,0.0
fixed,TSB-HB,0.4308490822786832
fixed,TSB-HB,0.4308490822786832
fixed,TSB-HB,0.6483577236571902
fixed,TSB-HB,0.0
fixed,TSB-HB,0.4695926271596797
fixed,TSB-HB,0.4695926271596797
fixed,TSB-HB,0.4695926271596797
fixed,TSB-HB,0.0
fixed,TSB-HB,0.0
fixed,TSB-HB,0.0
fixed,TSB-HB,0.3676085209037681
fixed,TSB-HB,0.3676085209037681
fixed,TSB-HB,0.6023280489524111
fixed,TSB-HB,0.3676085209037681
fixed,TSB-HB,0.0
fixed,TSB-HB,0.6023280489524111
fixed,TSB-HB,0.4752064215671812
fixed,TSB-HB,0.0
fixed,TSB-HB,0.0
fixed,TSB-HB,0.4752064215671812
fixed,TSB-HB,0.4752064215671812
fixed,TSB-HB,0.0
fixed,TSB-HB,0.3601468258466227
fixed,TSB-HB,0.5233091574394857
fixed,TSB-HB,0.7703353726221663
fixed,TSB-HB,0.8957045033815874
fixed,TSB-HB,0.6585991555646317
fixed,TSB-HB,0.8330199380018769
fixed,TSB-HB,0.7707401931985771
fixed,TSB-HB,0.0
fixed,TSB-HB,0.0
fixed,TSB-HB,0.47597772485729006
fixed,TSB-HB,0.47597772485729006
fixed,TSB-HB,0.0
fixed,TSB-HB,0.6368451438322057
fixed,TSB-HB,0.8638429662269773
fixed,TSB-HB,0.22217335225941975
fixed,TSB-HB,0.4399838451344871
fixed,TSB-HB,0.7810381995131634
fixed,TSB-HB,0.7810381995131634
fixed,TSB-HB,0.7147442449637762
fixed,TSB-HB,0.4366975416265456
fixed,TSB-HB,1.0
fixed,TSB-HB,0.5768915622729979
fixed,TSB-HB,0.2935503414455463
fixed,TSB-HB,0.5768915622729979
fixed,TSB-HB,0.4564059298153349
fixed,TSB-HB,0.641521822638844
fixed,TSB-HB,0.4564059298153349
fixed,TSB-HB,0.4564059298153349
fixed,TSB-HB,1.0
fixed,TSB-HB,0.4564059298153349
fixed,TSB-HB,0.0
fixed,TSB-HB,0.8881996612277498
fixed,TSB-HB,0.8881996612277498
fixed,TSB-HB,0.40065241515429034
fixed,TSB-HB,1.0
fixed,TSB-HB,0.5815907709559769
fixed,TSB-HB,0.33577860541833826
fixed,TSB-HB,0.0
fixed,TSB-HB,1.0
fixed,TSB-HB,0.5871745206130616
fixed,TSB-HB,0.5871745206130616
fixed,TSB-HB,0.7816591995309465
fixed,TSB-HB,0.6676822728653956
fixed,TSB-HB,0.40345824125325547
fixed,TSB-HB,0.6676822728653956
fixed,TSB-HB,0.40345824125325547
fixed,TSB-HB,0.40345824125325547
fixed,TSB-HB,0.40345824125325547
fixed,TSB-HB,1.0
fixed,TSB-HB,0.0
fixed,TSB-HB,0.0
fixed,TSB-HB,0.0
fixed,TSB-HB,0.0
fixed,TSB-HB,0.40952832137952166
fixed,TSB-HB,1.0
fixed,TSB-HB,0.43208071489817085
fixed,TSB-HB,0.6475155458515918
fixed,TSB-HB,0.0
fixed,TSB-HB,0.6475155458515918
fixed,TSB-HB,1.0
fixed,TSB-HB,0.5119737222833843
fixed,TSB-HB,0.0
fixed,TSB-HB,0.5119737222833843
fixed,TSB-HB,0.5119737222833843
fixed,TSB-HB,0.7934546568139246
fixed,TSB-HB,0.5119737222833843
fixed,TSB-HB,0.737943751794338
fixed,TSB-HB,1.0
fixed,TSB-HB,1.0
fixed,TSB-HB,0.822579204172446
fixed,TSB-HB,1.0
fixed,TSB-HB,0.737943751794338
fixed,TSB-HB,0.4897801926274049
fixed,TSB-HB,0.4897801926274049
fixed,TSB-HB,0.0
fixed,TSB-HB,0.0
fixed,TSB-HB,0.4897801926274049
fixed,TSB-HB,0.4897801926274049
fixed,TSB-HB,1.0
fixed,TSB-HB,0.3398449406729176
fixed,TSB-HB,0.6003400281205127
fixed,TSB-HB,1.0
fixed,TSB-HB,0.6003400281205127
fixed,TSB-HB,0.6003400281205127
fixed,TSB-HB,0.5475985235246514
fixed,TSB-HB,0.0
fixed,TSB-HB,0.5475985235246514
fixed,TSB-HB,0.0
fixed,TSB-HB,0.5475985235246514
fixed,TSB-HB,0.36628090810719927
fixed,TSB-HB,0.3718262950516809
fixed,TSB-HB,0.7742802979086625
fixed,TSB-HB,0.5857935064174781
fixed,TSB-HB,0.3718262950516809
fixed,TSB-HB,0.5857935064174781
fixed,TSB-HB,0.8753054232858777
fixed,TSB-HB,0.0
fixed,TSB-HB,1.0
fixed,TSB-HB,1.0
fixed,TSB-HB,0.6223411668611194
fixed,TSB-HB,0.6223411668611194
fixed,TSB-HB,0.32180255929815416
fixed,TSB-HB,0.46762340098523436
fixed,TSB-HB,1.0
fixed,TSB-HB,1.0
fixed,TSB-HB,1.0
fixed,TSB-HB,0.7503287491909322
fixed,TSB-HB,0.893157724978104
fixed,TSB-HB,0.2849338252632045
fixed,TSB-HB,0.2849338252632045
fixed,TSB-HB,0.2849338252632045
fixed,TSB-HB,0.2849338252632045
fixed,TSB-HB,0.2849338252632045
fixed,TSB-HB,0.5507034073725989
fixed,TSB-HB,0.6469556941575143
fixed,TSB-HB,0.6469556941575143
fixed,TSB-HB,0.8624952510809611
fixed,TSB-HB,0.782606479550327
fixed,TSB-HB,0.0
fixed,TSB-HB,0.46540449103802917
fixed,TSB-HB,0.36396876207304035
fixed,TSB-HB,0.36396876207304035
fixed,TSB-HB,0.36396876207304035
fixed,TSB-HB,0.0
fixed,TSB-HB,0.8160341345512995
fixed,TSB-HB,1.0
fixed,TSB-HB,0.0
fixed,TSB-HB,0.47568593478210064
fixed,TSB-HB,0.0
fixed,TSB-HB,0.47568593478210064
fixed,TSB-HB,0.47568593478210064
fixed,TSB-HB,0.7272245130963468
fixed,TSB-HB,0.0
fixed,TSB-HB,0.0
fixed,TSB-HB,0.8243578229831475
fixed,TSB-HB,1.0
fixed,TSB-HB,0.5251212964264346
fixed,TSB-HB,0.7205983367055725
fixed,TSB-HB,0.0
fixed,TSB-HB,0.2597651680565448
fixed,TSB-HB,0.2597651680565448
fixed,TSB-HB,0.43695069628141336
fixed,TSB-HB,1.0
fixed,TSB-HB,0.0
fixed,TSB-HB,1.0
fixed,TSB-HB,1.0
fixed,TSB-HB,0.6086305394236913
fixed,TSB-HB,0.6086305394236913
fixed,TSB-HB,0.6086305394236913
fixed,TSB-HB,0.7932060934965237
fixed,TSB-HB,0.37974139590996503
fixed,TSB-HB,0.8203987732888169
fixed,TSB-HB,0.6506844087667448
fixed,TSB-HB,0.6506844087667448
fixed,TSB-HB,0.0
fixed,TSB-HB,0.0
fixed,TSB-HB,1.0
fixed,TSB-HB,1.0
fixed,TSB-HB,1.0
fixed,TSB-HB,1.0
fixed,TSB-HB,1.0
fixed,TSB-HB,1.0
fixed,TSB-HB,0.20044216014988686
fixed,TSB-HB,0.6815358332823467
fixed,TSB-HB,0.3507028809579156
fixed,TSB-HB,0.0
fixed,TSB-HB,0.5361833381169772
fixed,TSB-HB,0.0
fixed,TSB-HB,0.6138914688691399
fixed,TSB-HB,0.0
fixed,TSB-HB,0.35785558715237775
fixed,TSB-HB,0.6138914688691399
fixed,TSB-HB,0.6138914688691399
fixed,TSB-HB,0.0
fixed,TSB-HB,0.44589830021794485
fixed,TSB-HB,0.0
fixed,TSB-HB,0.0
fixed,TSB-HB,0.7735430980521218
fixed,TSB-HB,0.44589830021794485
fixed,TSB-HB,0.44589830021794485
fixed,TSB-HB,0.0
fixed,TSB-HB,0.29962986373223804
fixed,TSB-HB,0.7762902532156741
fixed,TSB-HB,0.29962986373223804
fixed,TSB-HB,0.0
fixed,TSB-HB,0.29962986373223804
fixed,TSB-HB,0.7613910206250983
fixed,TSB-HB,0.0
fixed,TSB-HB,0.49733479679463394
fixed,TSB-HB,0.0
fixed,TSB-HB,0.49733479679463394
fixed,TSB-HB,0.7613910206250983
fixed,TSB-HB,1.0
fixed,TSB-HB,0.3877023937798858
fixed,TSB-HB,0.5177601513549392
fixed,TSB-HB,0.0
fixed,TSB-HB,0.3877023937798858
fixed,TSB-HB,0.3877023937798858
fixed,TSB-HB,0.0
fixed,TSB-HB,0.7273698944446773
fixed,TSB-HB,0.0
fixed,TSB-HB,0.46230459430531257
fixed,TSB-HB,0.0
fixed,TSB-HB,0.0
fixed,TSB-HB,0.0
fixed,TSB-HB,0.0
fixed,TSB-HB,0.4983577573218712
fixed,TSB-HB,0.1631383562911125
fixed,TSB-HB,0.4298313790927526
fixed,TSB-HB,0.4983577573218712
fixed,TSB-HB,0.5897568808356237
fixed,TSB-HB,0.4693869200082954
fixed,TSB-HB,0.5897568808356237
fixed,TSB-HB,0.7007531201584537
fixed,TSB-HB,0.8736031963502335
fixed,TSB-HB,0.3094038981474906
fixed,TSB-HB,0.44577406713902357
fixed,TSB-HB,0.0
fixed,TSB-HB,0.44577406713902357
fixed,TSB-HB,0.0
fixed,TSB-HB,1.0
fixed,TSB-HB,0.7701006385236177
fixed,TSB-HB,0.0
fixed,TSB-HB,0.0
fixed,TSB-HB,0.0
fixed,TSB-HB,1.0
fixed,TSB-HB,1.0
fixed,TSB-HB,0.547507441807872
fixed,TSB-HB,0.0
fixed,TSB-HB,0.0
fixed,TSB-HB,0.8899891931491648
fixed,TSB-HB,0.0
fixed,TSB-HB,0.3907392586755293
fixed,TSB-HB,0.3907392586755293
fixed,TSB-HB,0.0
fixed,TSB-HB,0.0
fixed,TSB-HB,0.49206918826979296
fixed,TSB-HB,1.0
fixed,TSB-HB,0.778631514912806
fixed,TSB-HB,0.0
fixed,TSB-HB,0.0
fixed,TSB-HB,0.3532758669295835
fixed,TSB-HB,0.8430091684540105
fixed,TSB-HB,0.5578177683926238
fixed,TSB-HB,0.0
fixed,TSB-HB,0.7522570609140644
fixed,TSB-HB,0.5588647212005574
fixed,TSB-HB,0.0
fixed,TSB-HB,0.0
fixed,TSB-HB,0.0
fixed,TSB-HB,0.0
fixed,TSB-HB,0.0
fixed,TSB-HB,1.0
fixed,TSB-HB,0.6512425785861484
fixed,TSB-HB,0.0
fixed,TSB-HB,0.0
fixed,TSB-HB,0.809009803508187
fixed,TSB-HB,1.0
fixed,TSB-HB,0.0
fixed,TSB-HB,0.0
fixed,TSB-HB,0.48357335689288294
fixed,TSB-HB,0.8050388557332161
fixed,TSB-HB,0.0
fixed,TSB-HB,0.0
fixed,TSB-HB,0.5285912203213515
fixed,TSB-HB,0.0
fixed,TSB-HB,0.0
fixed,TSB-HB,0.2616576623112402
fixed,TSB-HB,1.0
fixed,TSB-HB,0.4831532462248046
fixed,TSB-HB,0.0
fixed,TSB-HB,0.763677743283042
fixed,TSB-HB,0.763677743283042
fixed,TSB-HB,1.0
fixed,TSB-HB,0.32064662325823734
fixed,TSB-HB,0.0
fixed,TSB-HB,0.7556256299333204
fixed,TSB-HB,0.8195690427327983
fixed,TSB-HB,0.0
fixed,TSB-HB,0.3663684863098148
fixed,TSB-HB,0.0
fixed,TSB-HB,1.0
fixed,TSB-HB,0.0
fixed,TSB-HB,0.48204313227236584
fixed,TSB-HB,0.7675617709457896
fixed,TSB-HB,0.7675617709457896
fixed,TSB-HB,0.0
fixed,TSB-HB,0.48204313227236584
fixed,TSB-HB,0.25701888044453025
fixed,TSB-HB,0.42718195511227264
fixed,TSB-HB,1.0
fixed,TSB-HB,1.0
fixed,TSB-HB,0.5795504270638867
fixed,TSB-HB,0.25701888044453025
fixed,TSB-HB,0.3079528285252752
fixed,TSB-HB,0.48871847046331585
fixed,TSB-HB,0.7630244654024784
fixed,TSB-HB,0.18931742622964798
fixed,TSB-HB,0.48871847046331585
fixed,TSB-HB,0.3079528285252752
fixed,TSB-HB,0.0
fixed,TSB-HB,0.0
fixed,TSB-HB,0.2860930494634229
fixed,TSB-HB,0.5682624194009251
fixed,TSB-HB,0.8795871791716373
fixed,TSB-HB,0.0
fixed,TSB-HB,0.40355176478352395
fixed,TSB-HB,0.0
fixed,TSB-HB,0.0
fixed,TSB-HB,0.6674375888721431
fixed,TSB-HB,0.40355176478352395
fixed,TSB-HB,0.0
fixed,TSB-HB,0.47209692650825663
fixed,TSB-HB,1.0
fixed,TSB-HB,0.7752047661073869
fixed,TSB-HB,0.47209692650825663
fixed,TSB-HB,0.47209692650825663
fixed,TSB-HB,0.0
fixed,TSB-HB,0.7157282114622345
fixed,TSB-HB,0.8528567135231783
fixed,TSB-HB,0.0
fixed,TSB-HB,0.4632228320863059
fixed,TSB-HB,0.7157282114622345
fixed,TSB-HB,0.0
fixed,TSB-HB,0.5342383725865112
fixed,TSB-HB,0.8052496396677237
fixed,TSB-HB,0.4343018871351295
fixed,TSB-HB,0.0
fixed,TSB-HB,0.8674831356932782
fixed,TSB-HB,0.0
fixed,TSB-HB,0.21089920802852774
fixed,TSB-HB,0.7672474616291913
fixed,TSB-HB,0.5383129781065521
fixed,TSB-HB,0.0
fixed,TSB-HB,0.875072889016459
fixed,TSB-HB,1.0
fixed,TSB-HB,0.0
fixed,TSB-HB,0.6362944261577862
fixed,TSB-HB,0.4327056812210268
fixed,TSB-HB,0.4327056812210268
fixed,TSB-HB,0.8553512570144053
fixed,TSB-HB,0.0
fixed,TSB-HB,0.1612366790684513
fixed,TSB-HB,0.22247335813690255
fixed,TSB-HB,0.4635251397475115
fixed,TSB-HB,0.4635251397475115
fixed,TSB-HB,0.22247335813690255
fixed,TSB-HB,0.32581031432840435
fixed,TSB-HB,0.22173811687312514
fixed,TSB-HB,1.0
fixed,TSB-HB,0.7677333706971741
fixed,TSB-HB,0.46447084522776483
fixed,TSB-HB,1.0
fixed,TSB-HB,1.0
fixed,TSB-HB,0.6971027036730351
fixed,TSB-HB,0.5604706512687255
fixed,TSB-HB,0.8600370821027276
fixed,TSB-HB,0.5528799816907083
fixed,TSB-HB,0.7577513983809623
fixed,TSB-HB,0.26053067006214825
fixed,TSB-HB,0.8240654035731418
fixed,TSB-HB,0.6762569717011927
fixed,TSB-HB,0.6762569717011927
fixed,TSB-HB,0.44851297135473933
fixed,TSB-HB,0.44851297135473933
fixed,TSB-HB,0.0
fixed,TSB-HB,0.5027386543857238
fixed,TSB-HB,0.0
fixed,TSB-HB,0.5027386543857238
fixed,TSB-HB,0.0
fixed,TSB-HB,0.0
fixed,TSB-HB,0.0
fixed,TSB-HB,0.0
fixed,TSB-HB,0.8806561260036512
fixed,TSB-HB,1.0
fixed,TSB-HB,0.6095582714912366
fixed,TSB-HB,0.0
fixed,TSB-HB,0.0
fixed,TSB-HB,0.4272056780678466
fixed,TSB-HB,0.0
fixed,TSB-HB,0.4272056780678466
fixed,TSB-HB,0.4272056780678466
fixed,TSB-HB,0.0
fixed,TSB-HB,0.0
fixed,TSB-HB,0.438812690289536
fixed,TSB-HB,1.0
fixed,TSB-HB,0.0
fixed,TSB-HB,0.438812690289536
fixed,TSB-HB,0.8353313381727325
fixed,TSB-HB,0.438812690289536
fixed,TSB-HB,0.0
fixed,TSB-HB,0.8436632116417336
fixed,TSB-HB,0.5254394279037241
fixed,TSB-HB,0.5254394279037241
fixed,TSB-HB,0.2454116677461941
fixed,TSB-HB,0.5254394279037241
fixed,TSB-HB,0.0
fixed,TSB-HB,0.0
fixed,TSB-HB,0.3545037983434901
fixed,TSB-HB,0.3545037983434901
fixed,TSB-HB,0.0
fixed,TSB-HB,0.0
fixed,TSB-HB,0.5081448154647747
fixed,TSB-HB,0.5081448154647747
fixed,TSB-HB,0.7664323458940799
fixed,TSB-HB,0.0
fixed,TSB-HB,0.5081448154647747
fixed,TSB-HB,0.5081448154647747
fixed,TSB-HB,0.34176568476466107
fixed,TSB-HB,0.7953442640385615
fixed,TSB-HB,0.2083444692033441
fixed,TSB-HB,0.34176568476466107
fixed,TSB-HB,0.6791908314931392
fixed,TSB-HB,0.0
fixed,TSB-HB,0.0
fixed,TSB-HB,0.4093004905235106
fixed,TSB-HB,0.0
fixed,TSB-HB,0.4093004905235106
fixed,TSB-HB,0.5770622848655506
fixed,TSB-HB,0.0
fixed,TSB-HB,0.38366057342001075
fixed,TSB-HB,0.0
fixed,TSB-HB,0.6659142022436522
fixed,TSB-HB,0.0
fixed,TSB-HB,0.0
fixed,TSB-HB,0.38366057342001075
fixed,TSB-HB,0.6243697112203959
fixed,TSB-HB,0.8992139763529435
fixed,TSB-HB,1.0
fixed,TSB-HB,0.6243697112203959
fixed,TSB-HB,0.6243697112203959
fixed,TSB-HB,0.7959276857088893
fixed,TSB-HB,0.0
fixed,TSB-HB,1.0
fixed,TSB-HB,0.0
fixed,TSB-HB,0.6217563805221098
fixed,TSB-HB,0.0
fixed,TSB-HB,0.32941685163472917
fixed,TSB-HB,0.0
fixed,TSB-HB,0.5761893435929629
fixed,TSB-HB,0.0
fixed,TSB-HB,0.2924363499340229
fixed,TSB-HB,0.0
fixed,TSB-HB,0.2924363499340229
fixed,TSB-HB,0.20981568886127394
fixed,TSB-HB,0.6925456878602672
fixed,TSB-HB,0.6925456878602672
fixed,TSB-HB,0.37616993959647305
fixed,TSB-HB,0.6925456878602672
fixed,TSB-HB,0.37616993959647305
fixed,TSB-HB,0.33173760732843793
fixed,TSB-HB,0.33173760732843793
fixed,TSB-HB,0.33173760732843793
fixed,TSB-HB,0.8057922498047051
fixed,TSB-HB,0.33173760732843793
fixed,TSB-HB,0.6170577396571951
fixed,TSB-HB,0.0
fixed,TSB-HB,0.4774979057877761
fixed,TSB-HB,0.4774979057877761
fixed,TSB-HB,0.4774979057877761
fixed,TSB-HB,0.0
fixed,TSB-HB,0.0
fixed,TSB-HB,0.6414345301064486
fixed,TSB-HB,0.6414345301064486
fixed,TSB-HB,0.2550285470328652
fixed,TSB-HB,0.45751309546085406
fixed,TSB-HB,0.6414345301064486
fixed,TSB-HB,0.8690863342413507
fixed,TSB-HB,0.0
fixed,TSB-HB,0.7501212296374544
fixed,TSB-HB,0.7900737349975812
fixed,TSB-HB,0.2613163879402255
fixed,TSB-HB,1.0
fixed,TSB-HB,0.6114416116795454
fixed,TSB-HB,0.0
fixed,TSB-HB,0.8624516392182895
fixed,TSB-HB,0.22317688668532754
fixed,TSB-HB,0.0
fixed,TSB-HB,0.8624516392182895
fixed,TSB-HB,0.36337800105220597
fixed,TSB-HB,0.0
fixed,TSB-HB,0.2300214000869798
fixed,TSB-HB,0.0
fixed,TSB-HB,0.4030738852023875
fixed,TSB-HB,0.4030738852023875
fixed,TSB-HB,1.0
fixed,TSB-HB,0.25463201244358863
fixed,TSB-HB,0.682344999361161
fixed,TSB-HB,0.0
fixed,TSB-HB,0.25463201244358863
fixed,TSB-HB,0.25463201244358863
fixed,TSB-HB,0.0
fixed,TSB-HB,0.8016434500398777
fixed,TSB-HB,0.0
fixed,TSB-HB,0.5205300304222812
fixed,TSB-HB,0.0
fixed,TSB-HB,1.0
fixed,TSB-HB,0.8016434500398777
fixed,TSB-HB,0.5926711421515137
fixed,TSB-HB,0.47498055243823856
fixed,TSB-HB,0.19376939656982076
fixed,TSB-HB,0.47498055243823856
fixed,TSB-HB,0.8714554464239967
fixed,TSB-HB,0.8241351630725988
fixed,TSB-HB,0.0
fixed,TSB-HB,0.6733242588162032
fixed,TSB-HB,0.8147281545408983
fixed,TSB-HB,0.4594153939979877
fixed,TSB-HB,0.6733242588162032
fixed,TSB-HB,0.0
fixed,TSB-HB,0.2456668945550598
fixed,TSB-HB,1.0
fixed,TSB-HB,0.2456668945550598
fixed,TSB-HB,0.2456668945550598
fixed,TSB-HB,0.5223930116010894
fixed,TSB-HB,0.5223930116010894
fixed,TSB-HB,0.0
fixed,TSB-HB,0.7611843326574653
fixed,TSB-HB,1.0
fixed,TSB-HB,0.32538572570181906
fixed,TSB-HB,0.32538572570181906
fixed,TSB-HB,0.32538572570181906
fixed,TSB-HB,0.23086707907547774
fixed,TSB-HB,0.8345751369277549
fixed,TSB-HB,0.0
fixed,TSB-HB,0.0
fixed,TSB-HB,0.0
fixed,TSB-HB,0.0
fixed,TSB-HB,0.3096227815464367
fixed,TSB-HB,0.0
fixed,TSB-HB,0.8043648324108601
fixed,TSB-HB,0.5428086803696504
fixed,TSB-HB,0.6275445921023568
fixed,TSB-HB,0.7122805038350633
fixed,TSB-HB,0.0
fixed,TSB-HB,0.0
fixed,TSB-HB,0.3781102988969621
fixed,TSB-HB,0.3781102988969621
fixed,TSB-HB,0.3781102988969621
fixed,TSB-HB,0.6515893601834153
fixed,TSB-HB,0.8089916183730181
fixed,TSB-HB,1.0
fixed,TSB-HB,0.614103510510631
fixed,TSB-HB,1.0
fixed,TSB-HB,0.2293486279755311
fixed,TSB-HB,0.47561717156685385
fixed,TSB-HB,0.44960025348053245
fixed,TSB-HB,0.44960025348053245
fixed,TSB-HB,0.2533116882802064
fixed,TSB-HB,0.0
fixed,TSB-HB,0.7524431266007484
fixed,TSB-HB,0.44960025348053245
fixed,TSB-HB,0.0
fixed,TSB-HB,0.6324662581742277
fixed,TSB-HB,0.0
fixed,TSB-HB,0.0
fixed,TSB-HB,0.0
fixed,TSB-HB,0.6324662581742277
fixed,TSB-HB,0.0
fixed,TSB-HB,0.8222862386740277
fixed,TSB-HB,0.880412266621794
fixed,TSB-HB,0.20550275445408642
fixed,TSB-HB,0.20550275445408642
fixed,TSB-HB,0.6517529409177836
fixed,TSB-HB,0.18346277753734952
fixed,TSB-HB,0.5527595169764014
fixed,TSB-HB,0.42779082217483394
fixed,TSB-HB,0.18346277753734952
fixed,TSB-HB,0.42779082217483394
fixed,TSB-HB,0.6559081968307274
fixed,TSB-HB,0.8221995469989316
fixed,TSB-HB,1.0
fixed,TSB-HB,0.6803205473875067
fixed,TSB-HB,0.0
fixed,TSB-HB,0.0
fixed,TSB-HB,0.0
fixed,TSB-HB,0.6382875599416233
fixed,TSB-HB,0.0
fixed,TSB-HB,0.0
fixed,TSB-HB,0.497697057293247
fixed,TSB-HB,0.6382875599416233
fixed,TSB-HB,0.7622912767971651
fixed,TSB-HB,0.0
fixed,TSB-HB,1.0
fixed,TSB-HB,0.7679022190949053
fixed,TSB-HB,0.7075091401197402
fixed,TSB-HB,0.3253812405801652
fixed,TSB-HB,0.3253812405801652
fixed,TSB-HB,0.49009859656449595
fixed,TSB-HB,0.801600126621076
fixed,TSB-HB,0.49009859656449595
fixed,TSB-HB,0.801600126621076
fixed,TSB-HB,0.0
fixed,TSB-HB,0.49009859656449595
fixed,TSB-HB,0.5287770916804702
fixed,TSB-HB,0.8301441567189431
fixed,TSB-HB,0.7243834606694114
fixed,TSB-HB,0.3251773406562676
fixed,TSB-HB,0.3251773406562676
fixed,TSB-HB,0.0
fixed,TSB-HB,0.0
fixed,TSB-HB,0.5171336305269209
fixed,TSB-HB,0.3063023008937712
fixed,TSB-HB,0.0
fixed,TSB-HB,0.6912488283247866
fixed,TSB-HB,0.0
fixed,TSB-HB,0.22685250750050584
fixed,TSB-HB,0.22685250750050584
fixed,TSB-HB,0.22685250750050584
fixed,TSB-HB,0.22685250750050584
fixed,TSB-HB,0.4023918766932896
fixed,TSB-HB,0.22685250750050584
fixed,TSB-HB,0.3847413599250976
fixed,TSB-HB,0.17350983143095927
fixed,TSB-HB,0.0
fixed,TSB-HB,0.24701966286191857
fixed,TSB-HB,0.24701966286191857
fixed,TSB-HB,0.17350983143095927
fixed,TSB-HB,0.22056223515836415
fixed,TSB-HB,1.0
fixed,TSB-HB,0.0
fixed,TSB-HB,0.0
fixed,TSB-HB,1.0
fixed,TSB-HB,0.38089762410300526
fixed,TSB-HB,0.0
fixed,TSB-HB,0.7365275358842005
fixed,TSB-HB,0.7365275358842005
fixed,TSB-HB,0.3525760033015916
fixed,TSB-HB,0.3525760033015916
fixed,TSB-HB,0.0
fixed,TSB-HB,0.0
fixed,TSB-HB,0.44011844906635844
fixed,TSB-HB,1.0
fixed,TSB-HB,0.6126546056512674
fixed,TSB-HB,0.5749039487718451
fixed,TSB-HB,0.6504052625306896
fixed,TSB-HB,0.7944425839308566
fixed,TSB-HB,0.0
fixed,TSB-HB,0.37763042316322426
fixed,TSB-HB,0.0
fixed,TSB-HB,0.0
fixed,TSB-HB,0.5069579379844146
fixed,TSB-HB,0.590017290522559
fixed,TSB-HB,0.0
fixed,TSB-HB,0.4130212440979939
fixed,TSB-HB,0.8575775461160792
fixed,TSB-HB,0.0
fixed,TSB-HB,0.0
fixed,TSB-HB,0.15327307832630344
fixed,TSB-HB,0.7645936134331466
fixed,TSB-HB,0.2065461566526069
fixed,TSB-HB,0.6711263236745133
fixed,TSB-HB,0.5023149228964977
fixed,TSB-HB,0.34419751784332586
fixed,TSB-HB,0.0
fixed,TSB-HB,0.0
fixed,TSB-HB,0.5910067946732516
fixed,TSB-HB,0.7999160143247547
fixed,TSB-HB,0.0
fixed,TSB-HB,0.46593675256250916
fixed,TSB-HB,0.2579467537019234
fixed,TSB-HB,0.4666627651288046
fixed,TSB-HB,0.6177601499170025
fixed,TSB-HB,0.0
fixed,TSB-HB,0.4666627651288046
fixed,TSB-HB,0.2579467537019234
fixed,TSB-HB,0.0
fixed,TSB-HB,0.7350442749471726
fixed,TSB-HB,0.5117985212505922
fixed,TSB-HB,0.19933868732723173
fixed,TSB-HB,0.5862137724827857
fixed,TSB-HB,0.0
fixed,TSB-HB,0.17000460382706298
fixed,TSB-HB,0.5895796915386424
fixed,TSB-HB,0.1350023019135315
fixed,TSB-HB,0.4337021779136868
fixed,TSB-HB,0.7959987308937574
fixed,TSB-HB,0.24000920765412595
fixed,TSB-HB,0.5040447631100409
fixed,TSB-HB,0.8056626988029266
fixed,TSB-HB,0.0
fixed,TSB-HB,0.5040447631100409
fixed,TSB-HB,0.5040447631100409
fixed,TSB-HB,0.0
fixed,TSB-HB,0.37657249318172115
fixed,TSB-HB,0.17736171707693338
fixed,TSB-HB,0.49586161259522443
fixed,TSB-HB,0.6531793141971649
fixed,TSB-HB,0.2572833737682179
fixed,TSB-HB,0.49586161259522443
fixed,TSB-HB,0.0
fixed,TSB-HB,0.8381538806110502
fixed,TSB-HB,0.5763565654899269
fixed,TSB-HB,0.2132521235960248
fixed,TSB-HB,1.0
fixed,TSB-HB,0.7976659211024014
fixed,TSB-HB,0.7590631837107236
fixed,TSB-HB,0.0
fixed,TSB-HB,0.0
fixed,TSB-HB,0.0
fixed,TSB-HB,0.4978319026061226
fixed,TSB-HB,0.7968616671175751
fixed,TSB-HB,1.0
fixed,TSB-HB,1.0
fixed,TSB-HB,0.6808293554280744
fixed,TSB-HB,0.5508186834014012
fixed,TSB-HB,0.0
fixed,TSB-HB,0.24511420369743867
fixed,TSB-HB,0.6955611955390644
fixed,TSB-HB,0.5571661239937613
fixed,TSB-HB,0.6263636597664128
fixed,TSB-HB,0.7561195876647787
fixed,TSB-HB,0.8995805591411171
fixed,TSB-HB,1.0
fixed,TSB-HB,0.8338057369990282
fixed,TSB-HB,0.0
fixed,TSB-HB,0.0
fixed,TSB-HB,0.0
fixed,TSB-HB,0.0
fixed,TSB-HB,0.42844900316577683
fixed,TSB-HB,0.7890113768615954
fixed,TSB-HB,0.7890113768615954
fixed,TSB-HB,0.11565761276693391
fixed,TSB-HB,0.0
fixed,TSB-HB,0.5451299111107768
fixed,TSB-HB,0.5992819394859279
fixed,TSB-HB,0.8005593323630547
fixed,TSB-HB,1.0
fixed,TSB-HB,0.8005593323630547
fixed,TSB-HB,0.0
fixed,TSB-HB,0.8005593323630547
fixed,TSB-HB,1.0
fixed,TSB-HB,0.35109220204420144
fixed,TSB-HB,0.7805249506885215
fixed,TSB-HB,0.35109220204420144
fixed,TSB-HB,0.0
fixed,TSB-HB,0.35109220204420144
fixed,TSB-HB,0.0
fixed,TSB-HB,0.0
fixed,TSB-HB,0.2536265750738091
fixed,TSB-HB,0.2957525462918681
fixed,TSB-HB,0.46425643116410387
fixed,TSB-HB,0.0
fixed,TSB-HB,0.0
fixed,TSB-HB,0.677282146018034
fixed,TSB-HB,0.0
fixed,TSB-HB,0.7981718958592531
fixed,TSB-HB,1.0
fixed,TSB-HB,0.7981718958592531
fixed,TSB-HB,0.4975991758785858
fixed,TSB-HB,0.631881435725957
fixed,TSB-HB,0.631881435725957
fixed,TSB-HB,0.3489037221646041
fixed,TSB-HB,0.0
fixed,TSB-HB,0.0
fixed,TSB-HB,0.0
fixed,TSB-HB,0.7627043110897033
fixed,TSB-HB,0.8211835147230478
fixed,TSB-HB,1.0
fixed,TSB-HB,0.5158863757857377
fixed,TSB-HB,1.0
fixed,TSB-HB,1.0
fixed,TSB-HB,0.43822976996662044
fixed,TSB-HB,0.8265001887017661
fixed,TSB-HB,0.2341923015959882
fixed,TSB-HB,0.2341923015959882
fixed,TSB-HB,0.43822976996662044
fixed,TSB-HB,0.43822976996662044
fixed,TSB-HB,0.8895578507845822
fixed,TSB-HB,0.4672460019912549
fixed,TSB-HB,0.8242986146778116
fixed,TSB-HB,0.2774889088115825
fixed,TSB-HB,0.6224764852005786
fixed,TSB-HB,0.0
fixed,TSB-HB,0.2691514391788385
fixed,TSB-HB,0.7911213618916033
fixed,TSB-HB,0.8305045849187631
fixed,TSB-HB,0.5682796646427579
fixed,TSB-HB,0.2691514391788385
fixed,TSB-HB,0.4653286586526451
fixed,TSB-HB,0.0
fixed,TSB-HB,0.0
fixed,TSB-HB,0.8348738792971291
fixed,TSB-HB,0.8348738792971291
fixed,TSB-HB,0.4025555525267275
fixed,TSB-HB,0.4025555525267275
fixed,TSB-HB,0.18313122216922748
fixed,TSB-HB,0.7503745597081721
fixed,TSB-HB,0.7754693488215719
fixed,TSB-HB,1.0
fixed,TSB-HB,1.0
fixed,TSB-HB,1.0
fixed,TSB-HB,0.5529968754987336
fixed,TSB-HB,1.0
fixed,TSB-HB,0.6319929680758658
fixed,TSB-HB,0.37363931353801466
fixed,TSB-HB,0.37363931353801466
fixed,TSB-HB,0.5529968754987336
fixed,TSB-HB,0.31565323221677505
fixed,TSB-HB,1.0
fixed,TSB-HB,0.5615843826000557
fixed,TSB-HB,0.7551734028842819
fixed,TSB-HB,1.0
fixed,TSB-HB,0.0
fixed,TSB-HB,0.6374073594907792
fixed,TSB-HB,0.3858383628553035
fixed,TSB-HB,1.0
fixed,TSB-HB,0.0
fixed,TSB-HB,0.7128751730675883
fixed,TSB-HB,1.0
fixed,TSB-HB,0.0
fixed,TSB-HB,0.5455057440069934
fixed,TSB-HB,0.672580053884706
fixed,TSB-HB,0.2572405920956213
fixed,TSB-HB,0.5031476407144225
fixed,TSB-HB,0.7532038126370438
fixed,TSB-HB,0.7744215632730913
fixed,TSB-HB,0.6279073160176454
fixed,TSB-HB,0.17001254600704796
fixed,TSB-HB,1.0
fixed,TSB-HB,0.24002509201409591
fixed,TSB-HB,0.17001254600704796
fixed,TSB-HB,0.5173882163377009
fixed,TSB-HB,0.7966537230718036
fixed,TSB-HB,0.0
fixed,TSB-HB,0.8223274312318859
fixed,TSB-HB,0.8480011393919683
fixed,TSB-HB,0.27930886326125315
fixed,TSB-HB,0.0
fixed,TSB-HB,0.0
fixed,TSB-HB,0.0
fixed,TSB-HB,0.7601623116691839
fixed,TSB-HB,0.0
fixed,TSB-HB,1.0
fixed,TSB-HB,0.0
fixed,TSB-HB,0.2609930780465963
fixed,TSB-HB,0.0
fixed,TSB-HB,0.5429356353638102
fixed,TSB-HB,0.4103259981673637
fixed,TSB-HB,0.5966719751273981
fixed,TSB-HB,0.6385200974127402
fixed,TSB-HB,0.22900572186843332
fixed,TSB-HB,0.4521067679613675
fixed,TSB-HB,0.8546577008396421
fixed,TSB-HB,0.22900572186843332
fixed,TSB-HB,0.4521067679613675
fixed,TSB-HB,0.4188964703654878
fixed,TSB-HB,0.4188964703654878
fixed,TSB-HB,0.0
fixed,TSB-HB,0.0
fixed,TSB-HB,0.0
fixed,TSB-HB,0.0
fixed,TSB-HB,0.0
fixed,TSB-HB,0.6803256085155265
fixed,TSB-HB,0.0
fixed,TSB-HB,0.6803256085155265
fixed,TSB-HB,0.0
fixed,TSB-HB,0.0
fixed,TSB-HB,0.48610750535466624
fixed,TSB-HB,1.0
fixed,TSB-HB,0.18977246652934737
fixed,TSB-HB,1.0
fixed,TSB-HB,0.867805761220476
fixed,TSB-HB,0.48610750535466624
fixed,TSB-HB,0.5040715627951857
fixed,TSB-HB,0.7834603250360237
fixed,TSB-HB,1.0
fixed,TSB-HB,1.0
fixed,TSB-HB,0.7834603250360237
fixed,TSB-HB,0.0
fixed,TSB-HB,0.5103439228171465
fixed,TSB-HB,0.5103439228171465
fixed,TSB-HB,0.8647528860624767
fixed,TSB-HB,0.5103439228171465
fixed,TSB-HB,0.33407558219763256
fixed,TSB-HB,0.5103439228171465
fixed,TSB-HB,0.486621896620135
fixed,TSB-HB,0.7565592501979906
fixed,TSB-HB,0.7565592501979906
fixed,TSB-HB,0.486621896620135
fixed,TSB-HB,0.7565592501979906
fixed,TSB-HB,0.0
fixed,TSB-HB,0.5760422775520039
fixed,TSB-HB,0.7809522959724265
fixed,TSB-HB,0.5760422775520039
fixed,TSB-HB,0.0
fixed,TSB-HB,1.0
fixed,TSB-HB,0.0
fixed,TSB-HB,1.0
fixed,TSB-HB,0.0
fixed,TSB-HB,0.7574401988785713
fixed,TSB-HB,1.0
fixed,TSB-HB,0.7574401988785713
fixed,TSB-HB,1.0
fixed,TSB-HB,0.42054697054091894
fixed,TSB-HB,0.0
fixed,TSB-HB,0.42054697054091894
fixed,TSB-HB,0.42054697054091894
fixed,TSB-HB,0.42054697054091894
fixed,TSB-HB,0.42054697054091894
fixed,TSB-HB,0.0
fixed,TSB-HB,0.45090782691393033
fixed,TSB-HB,0.45090782691393033
fixed,TSB-HB,0.8547116375975041
fixed,TSB-HB,0.45090782691393033
fixed,TSB-HB,0.0
fixed,TSB-HB,0.48033195057317585
fixed,TSB-HB,0.48033195057317585
fixed,TSB-HB,0.48033195057317585
fixed,TSB-HB,0.7353705930053287
fixed,TSB-HB,0.48033195057317585
fixed,TSB-HB,0.0
fixed,TSB-HB,0.37509935088182567
fixed,TSB-HB,0.37509935088182567
fixed,TSB-HB,0.8699076716183781
fixed,TSB-HB,0.0
fixed,TSB-HB,0.37509935088182567
fixed,TSB-HB,0.0
fixed,TSB-HB,0.0
fixed,TSB-HB,0.7863516695315966
fixed,TSB-HB,0.3997788527891154
fixed,TSB-HB,0.2315290539593818
fixed,TSB-HB,0.7863516695315966
fixed,TSB-HB,0.8164671641370114
fixed,TSB-HB,1.0
fixed,TSB-HB,0.6313352380859144
fixed,TSB-HB,0.3873883072651255
fixed,TSB-HB,1.0
fixed,TSB-HB,1.0
fixed,TSB-HB,1.0
fixed,TSB-HB,0.3875042422652493
fixed,TSB-HB,0.3875042422652493
fixed,TSB-HB,0.8007312197002456
fixed,TSB-HB,0.2705686148426105
fixed,TSB-HB,0.8840071298194665
fixed,TSB-HB,0.2705686148426105
fixed,TSB-HB,0.43651307093210856
fixed,TSB-HB,0.6378761124612671
fixed,TSB-HB,0.6378761124612671
fixed,TSB-HB,0.0
fixed,TSB-HB,0.0
fixed,TSB-HB,0.0
fixed,TSB-HB,1.0
fixed,TSB-HB,0.3104135684755478
fixed,TSB-HB,0.3104135684755478
fixed,TSB-HB,1.0
fixed,TSB-HB,0.3104135684755478
fixed,TSB-HB,0.0
fixed,TSB-HB,0.0
fixed,TSB-HB,0.0
fixed,TSB-HB,0.0
fixed,TSB-HB,0.0
fixed,TSB-HB,0.0
fixed,TSB-HB,0.0
fixed,TSB-HB,0.0
fixed,TSB-HB,0.6973505553781113
fixed,TSB-HB,0.0
fixed,TSB-HB,0.3988353416437661
fixed,TSB-HB,0.3988353416437661
fixed,TSB-HB,0.0
fixed,TSB-HB,1.0
fixed,TSB-HB,0.49477493826395913
fixed,TSB-HB,0.0
fixed,TSB-HB,0.0
fixed,TSB-HB,0.49477493826395913
fixed,TSB-HB,0.0
fixed,TSB-HB,0.0
fixed,TSB-HB,0.6542061162708641
fixed,TSB-HB,1.0
fixed,TSB-HB,1.0
fixed,TSB-HB,1.0
fixed,TSB-HB,0.43909348047336094
fixed,TSB-HB,0.0
fixed,TSB-HB,0.46230625034973866
fixed,TSB-HB,0.0
fixed,TSB-HB,0.0
fixed,TSB-HB,0.0
fixed,TSB-HB,0.46230625034973866
fixed,TSB-HB,0.0
fixed,TSB-HB,0.0
fixed,TSB-HB,0.3874511616335659
fixed,TSB-HB,0.3874511616335659
fixed,TSB-HB,0.759623871425216
fixed,TSB-HB,0.3874511616335659
fixed,TSB-HB,0.40550905954473954
fixed,TSB-HB,0.7634560083450469
fixed,TSB-HB,0.40550905954473954
fixed,TSB-HB,0.40550905954473954
fixed,TSB-HB,0.0
fixed,TSB-HB,0.8584844933182734
fixed,TSB-HB,0.3648424807848656
fixed,TSB-HB,0.3648424807848656
fixed,TSB-HB,0.0
fixed,TSB-HB,1.0
fixed,TSB-HB,0.0
fixed,TSB-HB,0.0
fixed,TSB-HB,0.8998910368713313
fixed,TSB-HB,0.7546137605988618
fixed,TSB-HB,0.0
fixed,TSB-HB,1.0
fixed,TSB-HB,0.0
fixed,TSB-HB,0.4517118272955123
fixed,TSB-HB,0.36634820342441393
fixed,TSB-HB,0.0
fixed,TSB-HB,0.36634820342441393
fixed,TSB-HB,0.0
fixed,TSB-HB,0.0
fixed,TSB-HB,0.8630083442629811
fixed,TSB-HB,0.36803725722971214
fixed,TSB-HB,0.6818587740973957
fixed,TSB-HB,0.0
fixed,TSB-HB,0.6818587740973957
fixed,TSB-HB,0.0
fixed,TSB-HB,0.36803725722971214
fixed,TSB-HB,0.393790202772011
fixed,TSB-HB,0.850403847153735
fixed,TSB-HB,1.0
fixed,TSB-HB,0.393790202772011
fixed,TSB-HB,1.0
fixed,TSB-HB,1.0
fixed,TSB-HB,0.0
fixed,TSB-HB,0.4307295775925435
fixed,TSB-HB,0.0
fixed,TSB-HB,0.7602834039939024
fixed,TSB-HB,0.61071937199416
fixed,TSB-HB,0.4307295775925435
fixed,TSB-HB,0.3707386235283292
fixed,TSB-HB,0.3707386235283292
fixed,TSB-HB,0.3707386235283292
fixed,TSB-HB,0.3707386235283292
fixed,TSB-HB,0.0
fixed,TSB-HB,0.0
fixed,TSB-HB,0.511098038738115
fixed,TSB-HB,0.0
fixed,TSB-HB,0.7662447702974349
fixed,TSB-HB,0.7662447702974349
fixed,TSB-HB,0.6486514990691359
fixed,TSB-HB,0.511098038738115
fixed,TSB-HB,0.2847143361246882
fixed,TSB-HB,0.18513448039025793
fixed,TSB-HB,0.5525926630739805
fixed,TSB-HB,0.7515241555708219
fixed,TSB-HB,0.18513448039025793
fixed,TSB-HB,0.2847143361246882
fixed,TSB-HB,0.369151459433558
fixed,TSB-HB,0.369151459433558
fixed,TSB-HB,0.0
fixed,TSB-HB,0.5857759726503144
fixed,TSB-HB,0.0
fixed,TSB-HB,0.5857759726503144
fixed,TSB-HB,0.0
fixed,TSB-HB,1.0
fixed,TSB-HB,0.5800983814087256
fixed,TSB-HB,0.5800983814087256
fixed,TSB-HB,0.5800983814087256
fixed,TSB-HB,1.0
fixed,TSB-HB,0.38486323915698484
fixed,TSB-HB,0.7838257054241118
fixed,TSB-HB,0.2854871439827841
fixed,TSB-HB,0.8972085383002472
fixed,TSB-HB,0.8405171218621795
fixed,TSB-HB,0.6261900477360286
fixed,TSB-HB,0.45324143498042846
fixed,TSB-HB,0.45324143498042846
fixed,TSB-HB,0.45324143498042846
fixed,TSB-HB,1.0
fixed,TSB-HB,0.8578554210929221
fixed,TSB-HB,0.45324143498042846
fixed,TSB-HB,0.0
fixed,TSB-HB,0.8712509709318716
fixed,TSB-HB,0.8712509709318716
fixed,TSB-HB,0.5833488663141015
fixed,TSB-HB,0.7741537756771851
fixed,TSB-HB,0.5833488663141015
fixed,TSB-HB,0.6251260431120238
fixed,TSB-HB,0.6251260431120238
fixed,TSB-HB,0.0
fixed,TSB-HB,0.0
fixed,TSB-HB,0.0
fixed,TSB-HB,0.42351159058461124
fixed,TSB-HB,0.28881235605340727
fixed,TSB-HB,0.5604737728530388
fixed,TSB-HB,0.0
fixed,TSB-HB,0.5604737728530388
fixed,TSB-HB,0.28881235605340727
fixed,TSB-HB,0.5604737728530388
fixed,TSB-HB,0.2371241673957423
fixed,TSB-HB,0.2371241673957423
fixed,TSB-HB,0.2371241673957423
fixed,TSB-HB,0.2371241673957423
fixed,TSB-HB,0.0
fixed,TSB-HB,0.2371241673957423
fixed,TSB-HB,0.2241916096560427
fixed,TSB-HB,0.6663016857396609
fixed,TSB-HB,0.5674847694205297
fixed,TSB-HB,0.45831173476066367
fixed,TSB-HB,0.2241916096560427
fixed,TSB-HB,0.3268331664079431
fixed,TSB-HB,0.0
fixed,TSB-HB,0.18032435226749474
fixed,TSB-HB,0.27153788398816914
fixed,TSB-HB,0.18032435226749474
fixed,TSB-HB,0.0
fixed,TSB-HB,0.18032435226749474
fixed,TSB-HB,0.22885461472979893
fixed,TSB-HB,0.4514871196229113
fixed,TSB-HB,0.7238958928264402
fixed,TSB-HB,0.22885461472979893
fixed,TSB-HB,0.5515008699797241
fixed,TSB-HB,0.16442730736489947
fixed,TSB-HB,0.0
fixed,TSB-HB,0.17217825301796005
fixed,TSB-HB,0.38565044493094947
fixed,TSB-HB,0.17217825301796005
fixed,TSB-HB,0.17217825301796005
fixed,TSB-HB,0.38565044493094947
fixed,TSB-HB,0.1653601764968222
fixed,TSB-HB,0.33495542836986514
fixed,TSB-HB,0.6396593277855556
fixed,TSB-HB,0.4554553847292272
fixed,TSB-HB,0.4554553847292272
fixed,TSB-HB,0.33495542836986514
fixed,TSB-HB,0.0
fixed,TSB-HB,0.0
fixed,TSB-HB,0.3674223972138906
fixed,TSB-HB,0.0
fixed,TSB-HB,0.0
fixed,TSB-HB,0.3674223972138906
fixed,TSB-HB,0.3115123703500705
fixed,TSB-HB,0.15788661956044883
fixed,TSB-HB,0.3115123703500705
fixed,TSB-HB,0.21577323912089763
fixed,TSB-HB,0.0
fixed,TSB-HB,0.18682992934067322
fixed,TSB-HB,0.3547868178375384
fixed,TSB-HB,0.3547868178375384
fixed,TSB-HB,0.3547868178375384
fixed,TSB-HB,0.3547868178375384
fixed,TSB-HB,0.3547868178375384
fixed,TSB-HB,0.3547868178375384
fixed,TSB-HB,0.0
fixed,TSB-HB,0.0
fixed,TSB-HB,0.2055689092208156
fixed,TSB-HB,0.0
fixed,TSB-HB,0.48251408677253815
fixed,TSB-HB,0.8896229536459845
fixed,TSB-HB,0.0
fixed,TSB-HB,0.48507706597457
fixed,TSB-HB,0.48507706597457
fixed,TSB-HB,0.0
fixed,TSB-HB,0.0
fixed,TSB-HB,0.48507706597457
fixed,TSB-HB,0.19877270066805408
fixed,TSB-HB,0.0
fixed,TSB-HB,0.3517705083518621
fixed,TSB-HB,0.0
fixed,TSB-HB,0.19877270066805408
fixed,TSB-HB,0.3517705083518621
fixed,TSB-HB,0.36045989494294683
fixed,TSB-HB,0.36045989494294683
fixed,TSB-HB,0.6430303157009892
fixed,TSB-HB,0.6430303157009892
fixed,TSB-HB,0.36045989494294683
fixed,TSB-HB,0.6430303157009892
fixed,TSB-HB,0.8352720328591222
fixed,TSB-HB,0.6257251777632822
fixed,TSB-HB,0.6257251777632822
fixed,TSB-HB,0.6257251777632822
fixed,TSB-HB,0.6257251777632822
fixed,TSB-HB,0.45373266685670854
fixed,TSB-HB,0.5889294193947936
fixed,TSB-HB,0.7357689620157696
fixed,TSB-HB,0.41947104498496135
fixed,TSB-HB,0.5889294193947936
fixed,TSB-HB,0.41947104498496135
fixed,TSB-HB,0.41947104498496135
fixed,TSB-HB,0.23227680243933718
fixed,TSB-HB,0.7249153479358847
fixed,TSB-HB,0.4115247569179138
fixed,TSB-HB,0.5774917771842052
fixed,TSB-HB,0.7249153479358847
fixed,TSB-HB,0.5774917771842052
fixed,TSB-HB,0.6725456050882752
fixed,TSB-HB,0.22312168197761034
fixed,TSB-HB,0.4596316852615062
fixed,TSB-HB,0.808909975043486
fixed,TSB-HB,0.6725456050882752
fixed,TSB-HB,0.22312168197761034
fixed,TSB-HB,0.0
fixed,TSB-HB,0.2339471676948686
fixed,TSB-HB,0.6893249151907659
fixed,TSB-HB,0.2339471676948686
fixed,TSB-HB,0.8127857452694551
fixed,TSB-HB,1.0
fixed,TSB-HB,0.7638585885166539
fixed,TSB-HB,0.2934065008208569
fixed,TSB-HB,0.8568031208674645
fixed,TSB-HB,1.0
fixed,TSB-HB,0.8568031208674645
fixed,TSB-HB,0.2934065008208569
fixed,TSB-HB,0.4430223152973247
fixed,TSB-HB,0.4430223152973247
fixed,TSB-HB,0.0
fixed,TSB-HB,0.8311650802003983
fixed,TSB-HB,0.6739775761625143
fixed,TSB-HB,0.6739775761625143
fixed,TSB-HB,0.13758824635250305
fixed,TSB-HB,0.15638236952875456
fixed,TSB-HB,0.5510384725330324
fixed,TSB-HB,0.23155886223376063
fixed,TSB-HB,0.0
fixed,TSB-HB,0.5996165213484748
fixed,TSB-HB,0.4477557000133574
fixed,TSB-HB,0.4477557000133574
fixed,TSB-HB,0.4477557000133574
fixed,TSB-HB,0.4477557000133574
fixed,TSB-HB,0.4477557000133574
fixed,TSB-HB,0.0
fixed,TSB-HB,0.23618021828825073
fixed,TSB-HB,1.0
fixed,TSB-HB,0.8113206545365234
fixed,TSB-HB,1.0
fixed,TSB-HB,0.48078527280152306
fixed,TSB-HB,0.6833889071827312
fixed,TSB-HB,0.0
fixed,TSB-HB,0.0
fixed,TSB-HB,0.0
fixed,TSB-HB,0.7854226847990607
fixed,TSB-HB,1.0
fixed,TSB-HB,0.49648279915611215
fixed,TSB-HB,0.8061740117781355
fixed,TSB-HB,0.8812514228331207
fixed,TSB-HB,0.8812514228331207
fixed,TSB-HB,0.7071263188138011
fixed,TSB-HB,0.0
fixed,TSB-HB,0.8061740117781355
fixed,TSB-HB,0.8318367764532295
fixed,TSB-HB,0.6472317633263902
fixed,TSB-HB,0.6472317633263902
fixed,TSB-HB,0.6472317633263902
fixed,TSB-HB,0.0
fixed,TSB-HB,0.7682421861240951
fixed,TSB-HB,0.5796586844769195
fixed,TSB-HB,0.5796586844769195
fixed,TSB-HB,0.0
fixed,TSB-HB,0.0
fixed,TSB-HB,0.5796586844769195
fixed,TSB-HB,0.0
fixed,TSB-HB,0.1595879949333795
fixed,TSB-HB,0.306325994656832
fixed,TSB-HB,0.0
fixed,TSB-HB,0.6059031909809074
fixed,TSB-HB,0.5268834329035404
fixed,TSB-HB,0.7904253865510507
fixed,TSB-HB,0.767923701825239
fixed,TSB-HB,0.4068258114196186
fixed,TSB-HB,0.0
fixed,TSB-HB,0.767923701825239
fixed,TSB-HB,0.2117344453001181
fixed,TSB-HB,0.767923701825239
fixed,TSB-HB,0.5645557226679612
fixed,TSB-HB,0.8013917746024468
fixed,TSB-HB,0.3869374350932685
fixed,TSB-HB,0.3869374350932685
fixed,TSB-HB,0.7137895873952507
fixed,TSB-HB,1.0
fixed,TSB-HB,1.0
fixed,TSB-HB,1.0
fixed,TSB-HB,0.7964698943079066
fixed,TSB-HB,0.0
fixed,TSB-HB,0.4565479285056398
fixed,TSB-HB,0.4565479285056398
fixed,TSB-HB,0.5740934438924093
fixed,TSB-HB,0.8446672990539622
fixed,TSB-HB,0.0
fixed,TSB-HB,0.0
fixed,TSB-HB,0.5740934438924093
fixed,TSB-HB,0.0
fixed,TSB-HB,0.36270197564667805
fixed,TSB-HB,0.7798970383187119
fixed,TSB-HB,0.604974946907967
fixed,TSB-HB,0.36270197564667805
fixed,TSB-HB,0.604974946907967
fixed,TSB-HB,0.604974946907967
fixed,TSB-HB,0.6244434111110486
fixed,TSB-HB,0.0
fixed,TSB-HB,0.40915147996538914
fixed,TSB-HB,0.40915147996538914
fixed,TSB-HB,0.0
fixed,TSB-HB,0.0
fixed,TSB-HB,0.49621865334729587
fixed,TSB-HB,1.0
fixed,TSB-HB,0.49621865334729587
fixed,TSB-HB,0.49621865334729587
fixed,TSB-HB,0.49621865334729587
fixed,TSB-HB,0.49621865334729587
fixed,TSB-HB,0.0
fixed,TSB-HB,0.8342100926346344
fixed,TSB-HB,0.649345084495359
fixed,TSB-HB,0.431130142070886
fixed,TSB-HB,0.0
fixed,TSB-HB,1.0
fixed,TSB-HB,0.20801831116811176
fixed,TSB-HB,0.650552682972176
fixed,TSB-HB,0.650552682972176
fixed,TSB-HB,0.650552682972176
fixed,TSB-HB,0.3523367701382555
fixed,TSB-HB,0.7663986627252749
fixed,TSB-HB,0.34424701608851893
fixed,TSB-HB,0.5250931027340009
fixed,TSB-HB,0.2000970913746174
fixed,TSB-HB,1.0
fixed,TSB-HB,0.671584878549604
fixed,TSB-HB,1.0
fixed,TSB-HB,0.5097004751413022
fixed,TSB-HB,0.5097004751413022
fixed,TSB-HB,0.0
fixed,TSB-HB,0.0
fixed,TSB-HB,0.0
fixed,TSB-HB,0.5097004751413022
fixed,TSB-HB,0.4746861026725313
fixed,TSB-HB,1.0
fixed,TSB-HB,0.7541278679035929
fixed,TSB-HB,0.819159141506267
fixed,TSB-HB,0.7541278679035929
fixed,TSB-HB,0.6198604748472369
fixed,TSB-HB,0.3716719220275825
fixed,TSB-HB,0.724988696826995
fixed,TSB-HB,0.3716719220275825
fixed,TSB-HB,0.2896872213557384
fixed,TSB-HB,0.5220553719077544
fixed,TSB-HB,0.4536566226994265
fixed,TSB-HB,0.6986026858420024
fixed,TSB-HB,0.38929909743344193
fixed,TSB-HB,0.38929909743344193
fixed,TSB-HB,0.0
fixed,TSB-HB,0.5558136475952992
fixed,TSB-HB,0.6986026858420024
fixed,TSB-HB,0.0
fixed,TSB-HB,0.0
fixed,TSB-HB,1.0
fixed,TSB-HB,0.0
fixed,TSB-HB,0.3443580747053078
fixed,TSB-HB,0.0
fixed,TSB-HB,1.0
fixed,TSB-HB,0.19931883685478163
fixed,TSB-HB,0.5506962530640949
fixed,TSB-HB,0.19931883685478163
fixed,TSB-HB,1.0
fixed,TSB-HB,1.0
fixed,TSB-HB,0.8540714360174695
fixed,TSB-HB,0.6284222524251191
fixed,TSB-HB,0.8540714360174695
fixed,TSB-HB,0.6284222524251191
fixed,TSB-HB,0.0
fixed,TSB-HB,0.8019676285456705
fixed,TSB-HB,0.621395951510205
fixed,TSB-HB,1.0
fixed,TSB-HB,0.17565502010777714
fixed,TSB-HB,0.621395951510205
fixed,TSB-HB,0.5224286608332064
fixed,TSB-HB,0.8686294055187158
fixed,TSB-HB,0.357298778413534
fixed,TSB-HB,0.8578061218375529
fixed,TSB-HB,0.8054961933088172
fixed,TSB-HB,0.357298778413534
fixed,TSB-HB,1.0
fixed,TSB-HB,1.0
fixed,TSB-HB,0.8353745634695404
fixed,TSB-HB,1.0
fixed,TSB-HB,0.8353745634695404
fixed,TSB-HB,1.0
fixed,TSB-HB,0.5289220595028385
fixed,TSB-HB,0.5289220595028385
fixed,TSB-HB,0.4281057675643382
fixed,TSB-HB,1.0
fixed,TSB-HB,0.0
fixed,TSB-HB,0.8038283613321076
fixed,TSB-HB,0.4281057675643382
fixed,TSB-HB,0.0
fixed,TSB-HB,0.537774340135745
fixed,TSB-HB,0.3276449165637537
fixed,TSB-HB,0.3276449165637537
fixed,TSB-HB,0.6246851788961131
fixed,TSB-HB,0.4377501575334306
fixed,TSB-HB,0.6246851788961131
fixed,TSB-HB,0.47867754134954243
fixed,TSB-HB,0.0
fixed,TSB-HB,0.0
fixed,TSB-HB,0.33035981941806203
fixed,TSB-HB,0.0
fixed,TSB-HB,1.0
fixed,TSB-HB,0.39998295665350575
fixed,TSB-HB,0.39998295665350575
fixed,TSB-HB,1.0
fixed,TSB-HB,0.0
fixed,TSB-HB,0.0
fixed,TSB-HB,1.0
fixed,TSB-HB,0.0
fixed,TSB-HB,0.4303808515448774
fixed,TSB-HB,0.0
fixed,TSB-HB,0.0
fixed,TSB-HB,0.0
fixed,TSB-HB,1.0
fixed,TSB-HB,0.0
fixed,TSB-HB,0.0
fixed,TSB-HB,0.0
fixed,TSB-HB,0.8360633158371236
fixed,TSB-HB,0.0
fixed,TSB-HB,0.27184866704045096
fixed,TSB-HB,0.6725747784130134
fixed,TSB-HB,0.0
fixed,TSB-HB,0.0
fixed,TSB-HB,0.826594238602411
fixed,TSB-HB,0.862901275635661
fixed,TSB-HB,0.5856167719526701
fixed,TSB-HB,0.24407255659475968
fixed,TSB-HB,0.24407255659475968
fixed,TSB-HB,0.5309920451600677
fixed,TSB-HB,1.0
fixed,TSB-HB,0.7536222495009901
fixed,TSB-HB,0.5309920451600677
fixed,TSB-HB,0.8281184678541583
fixed,TSB-HB,0.8281184678541583
fixed,TSB-HB,0.6053995563224029
fixed,TSB-HB,0.22756562853485326
fixed,TSB-HB,0.22756562853485326
fixed,TSB-HB,0.8281184678541583
fixed,TSB-HB,0.7804862255914882
fixed,TSB-HB,0.7804862255914882
fixed,TSB-HB,0.6515715456663065
fixed,TSB-HB,0.4806908407427623
fixed,TSB-HB,0.7804862255914882
fixed,TSB-HB,1.0
fixed,TSB-HB,0.0
fixed,TSB-HB,1.0
fixed,TSB-HB,0.0
fixed,TSB-HB,0.7509555566770639
fixed,TSB-HB,1.0
fixed,TSB-HB,0.7509555566770639
fixed,TSB-HB,1.0
fixed,TSB-HB,0.5198084423298368
fixed,TSB-HB,1.0
fixed,TSB-HB,0.0
fixed,TSB-HB,0.8322016069152212
fixed,TSB-HB,0.5198084423298368
fixed,TSB-HB,0.0
fixed,TSB-HB,0.5230175476237644
fixed,TSB-HB,0.5230175476237644
fixed,TSB-HB,0.0
fixed,TSB-HB,0.5230175476237644
fixed,TSB-HB,1.0
fixed,TSB-HB,0.8595414022714966
fixed,TSB-HB,1.0
fixed,TSB-HB,0.26228252038301775
fixed,TSB-HB,0.1937630521032379
fixed,TSB-HB,0.7266177642967867
fixed,TSB-HB,1.0
fixed,TSB-HB,0.6850907854115474
fixed,TSB-HB,0.8081098087957839
fixed,TSB-HB,0.2354634188158024
fixed,TSB-HB,0.2354634188158024
fixed,TSB-HB,0.4885411325109958
fixed,TSB-HB,1.0
fixed,TSB-HB,0.5183541841353497
fixed,TSB-HB,0.24645169948909632
fixed,TSB-HB,0.24645169948909632
fixed,TSB-HB,0.0
fixed,TSB-HB,0.7223535649448541
fixed,TSB-HB,0.7223535649448541
fixed,TSB-HB,0.5402603029303218
fixed,TSB-HB,0.0
fixed,TSB-HB,0.0
fixed,TSB-HB,0.0
fixed,TSB-HB,0.0
fixed,TSB-HB,0.0
fixed,TSB-HB,1.0
fixed,TSB-HB,1.0
fixed,TSB-HB,0.0
fixed,TSB-HB,0.0
fixed,TSB-HB,0.3464838461961442
fixed,TSB-HB,0.7711464700612808
fixed,TSB-HB,0.0
fixed,TSB-HB,0.4890688532073836
fixed,TSB-HB,0.0
fixed,TSB-HB,0.0
fixed,TSB-HB,0.0
fixed,TSB-HB,1.0
fixed,TSB-HB,0.47273181510495216
fixed,TSB-HB,0.8054723014381139
fixed,TSB-HB,0.8054723014381139
fixed,TSB-HB,1.0
fixed,TSB-HB,0.0
fixed,TSB-HB,0.6754548539145305
fixed,TSB-HB,0.42162584158932304
fixed,TSB-HB,0.7665335759868632
fixed,TSB-HB,0.0
fixed,TSB-HB,0.616116431419515
fixed,TSB-HB,0.21555609474248383
fixed,TSB-HB,0.21555609474248383
fixed,TSB-HB,0.0
fixed,TSB-HB,0.6393697784028702
fixed,TSB-HB,0.43292513135404914
fixed,TSB-HB,0.6393697784028702
fixed,TSB-HB,0.0
fixed,TSB-HB,0.6393697784028702
fixed,TSB-HB,0.0
fixed,TSB-HB,1.0
fixed,TSB-HB,0.2483481628108773
fixed,TSB-HB,0.2483481628108773
fixed,TSB-HB,0.5721513302360963
fixed,TSB-HB,0.2483481628108773
fixed,TSB-HB,0.0
fixed,TSB-HB,1.0
fixed,TSB-HB,0.0
fixed,TSB-HB,0.0
fixed,TSB-HB,0.7289356376356427
fixed,TSB-HB,0.519203243197294
fixed,TSB-HB,0.37476075502353057
fixed,TSB-HB,0.37476075502353057
fixed,TSB-HB,0.6014560539245681
fixed,TSB-HB,0.6014560539245681
fixed,TSB-HB,0.0
fixed,TSB-HB,0.6014560539245681
fixed,TSB-HB,0.3499184708180871
fixed,TSB-HB,1.0
fixed,TSB-HB,0.8713259721322056
fixed,TSB-HB,0.8713259721322056
fixed,TSB-HB,0.8713259721322056
fixed,TSB-HB,0.5921887574058802
fixed,TSB-HB,0.8316357525766105
fixed,TSB-HB,0.8316357525766105
fixed,TSB-HB,0.8316357525766105
fixed,TSB-HB,0.44795644611764274
fixed,TSB-HB,0.0
fixed,TSB-HB,0.0
fixed,TSB-HB,0.0
fixed,TSB-HB,0.0
fixed,TSB-HB,0.6402537152248984
fixed,TSB-HB,0.0
fixed,TSB-HB,0.4320100120085246
fixed,TSB-HB,0.0
fixed,TSB-HB,0.48448729544788527
fixed,TSB-HB,0.48448729544788527
fixed,TSB-HB,0.48448729544788527
fixed,TSB-HB,0.0
fixed,TSB-HB,0.0
fixed,TSB-HB,0.0
fixed,TSB-HB,0.2452441214000707
fixed,TSB-HB,0.5067951551821308
fixed,TSB-HB,0.714109488825749
fixed,TSB-HB,1.0
fixed,TSB-HB,0.2452441214000707
fixed,TSB-HB,0.5067951551821308
fixed,TSB-HB,0.0
fixed,TSB-HB,0.30869574226516594
fixed,TSB-HB,0.5406509361956954
fixed,TSB-HB,0.8436217528231749
fixed,TSB-HB,0.5406509361956954
fixed,TSB-HB,0.5406509361956954
fixed,TSB-HB,0.0
fixed,TSB-HB,1.0
fixed,TSB-HB,0.4381892157766366
fixed,TSB-HB,0.0
fixed,TSB-HB,0.22420469871507853
fixed,TSB-HB,0.22420469871507853
fixed,TSB-HB,0.0
fixed,TSB-HB,0.27610652789136536
fixed,TSB-HB,1.0
fixed,TSB-HB,0.5323413682513809
fixed,TSB-HB,1.0
fixed,TSB-HB,0.7288507096977679
fixed,TSB-HB,0.7724334714677984
fixed,TSB-HB,0.47853442978270067
fixed,TSB-HB,1.0
fixed,TSB-HB,0.47853442978270067
fixed,TSB-HB,1.0
fixed,TSB-HB,0.7724334714677984
fixed,TSB-HB,0.7770413397358177
fixed,TSB-HB,0.46794168692248583
fixed,TSB-HB,0.0
fixed,TSB-HB,0.6437730524393093
fixed,TSB-HB,0.46794168692248583
fixed,TSB-HB,0.46794168692248583
fixed,TSB-HB,0.2832828589469216
fixed,TSB-HB,0.2832828589469216
fixed,TSB-HB,0.8336105648940914
fixed,TSB-HB,0.7310590358632633
fixed,TSB-HB,0.529900929792398
fixed,TSB-HB,0.0
fixed,TSB-HB,0.5933150637756344
fixed,TSB-HB,0.7052495746589676
fixed,TSB-HB,0.7797354942818893
fixed,TSB-HB,0.19709786175833272
fixed,TSB-HB,0.7052495746589676
fixed,TSB-HB,0.7052495746589676
fixed,TSB-HB,0.5172310305270027
fixed,TSB-HB,0.5172310305270027
fixed,TSB-HB,0.5172310305270027
fixed,TSB-HB,0.7007010260916908
fixed,TSB-HB,0.0
fixed,TSB-HB,0.8896873643806857
fixed,TSB-HB,0.0
fixed,TSB-HB,1.0
fixed,TSB-HB,0.4320952353003716
fixed,TSB-HB,0.0
fixed,TSB-HB,0.4320952353003716
fixed,TSB-HB,0.0
fixed,TSB-HB,0.5079120366307811
fixed,TSB-HB,0.0
fixed,TSB-HB,0.5079120366307811
fixed,TSB-HB,0.37832142140524005
fixed,TSB-HB,0.0
fixed,TSB-HB,0.7795117185651961
fixed,TSB-HB,0.29357365697928556
fixed,TSB-HB,0.5925294498441273
fixed,TSB-HB,0.5925294498441273
fixed,TSB-HB,0.7952934804788782
fixed,TSB-HB,1.0
fixed,TSB-HB,0.29357365697928556
fixed,TSB-HB,0.0
fixed,TSB-HB,0.29803479762971197
fixed,TSB-HB,0.5812950075388188
fixed,TSB-HB,0.5812950075388188
fixed,TSB-HB,0.7791974726489085
fixed,TSB-HB,0.7791974726489085
fixed,TSB-HB,0.0
fixed,TSB-HB,0.6122233616745836
fixed,TSB-HB,1.0
fixed,TSB-HB,0.6122233616745836
fixed,TSB-HB,0.0
fixed,TSB-HB,0.32719681159642866
fixed,TSB-HB,0.0
fixed,TSB-HB,0.3720743922246396
fixed,TSB-HB,0.7760952549384875
fixed,TSB-HB,0.3720743922246396
fixed,TSB-HB,0.8738544107339326
fixed,TSB-HB,0.7760952549384875
fixed,TSB-HB,0.0
fixed,TSB-HB,0.36532571951804427
fixed,TSB-HB,0.7458239071982083
fixed,TSB-HB,0.36532571951804427
fixed,TSB-HB,0.0
fixed,TSB-HB,0.0
fixed,TSB-HB,0.0
fixed,TSB-HB,1.0
fixed,TSB-HB,0.3446053003916416
fixed,TSB-HB,0.3446053003916416
fixed,TSB-HB,0.3446053003916416
fixed,TSB-HB,0.0
fixed,TSB-HB,0.3921293291491759
fixed,TSB-HB,0.3921293291491759
fixed,TSB-HB,0.3921293291491759
fixed,TSB-HB,0.3921293291491759
fixed,TSB-HB,0.7268064541210217
fixed,TSB-HB,0.0
fixed,TSB-HB,0.0
fixed,TSB-HB,1.0
fixed,TSB-HB,0.7813641615097546
fixed,TSB-HB,0.5732450098603854
fixed,TSB-HB,0.2807535168254636
fixed,TSB-HB,0.2807535168254636
fixed,TSB-HB,0.39956379527320396
fixed,TSB-HB,0.39956379527320396
fixed,TSB-HB,0.39956379527320396
fixed,TSB-HB,0.7023125163683842
fixed,TSB-HB,0.7023125163683842
fixed,TSB-HB,0.0
fixed,TSB-HB,0.43500970756332485
fixed,TSB-HB,1.0
fixed,TSB-HB,0.43500970756332485
fixed,TSB-HB,0.8065629819515886
fixed,TSB-HB,0.5824180935350257
fixed,TSB-HB,1.0
fixed,TSB-HB,0.4629326675541684
fixed,TSB-HB,0.0
fixed,TSB-HB,0.6029141646892361
fixed,TSB-HB,1.0
fixed,TSB-HB,0.18205417266114204
fixed,TSB-HB,0.2812401096315624
fixed,TSB-HB,0.6208434548900273
fixed,TSB-HB,0.4216978997915277
fixed,TSB-HB,0.0
fixed,TSB-HB,0.0
fixed,TSB-HB,0.0
fixed,TSB-HB,0.7929979462407988
fixed,TSB-HB,0.0
fixed,TSB-HB,0.29603098596360966
fixed,TSB-HB,0.4130164805090202
fixed,TSB-HB,1.0
fixed,TSB-HB,0.0
fixed,TSB-HB,0.8779879687336929
fixed,TSB-HB,0.4650141151234611
fixed,TSB-HB,0.4650141151234611
fixed,TSB-HB,0.4650141151234611
fixed,TSB-HB,0.6087843925228947
fixed,TSB-HB,0.4650141151234611
fixed,TSB-HB,0.4650141151234611
fixed,TSB-HB,0.3175154896010813
fixed,TSB-HB,0.3175154896010813
fixed,TSB-HB,0.0
fixed,TSB-HB,0.3175154896010813
fixed,TSB-HB,0.0
fixed,TSB-HB,0.3175154896010813
fixed,TSB-HB,1.0
fixed,TSB-HB,0.0
fixed,TSB-HB,0.0
fixed,TSB-HB,0.4792088432299272
fixed,TSB-HB,0.4792088432299272
fixed,TSB-HB,0.0
fixed,TSB-HB,0.6448164511909968
fixed,TSB-HB,0.438608643477569
fixed,TSB-HB,0.6448164511909968
fixed,TSB-HB,0.6448164511909968
fixed,TSB-HB,0.438608643477569
fixed,TSB-HB,0.438608643477569
fixed,TSB-HB,0.6891659124803389
fixed,TSB-HB,1.0
fixed,TSB-HB,0.8639683167573111
fixed,TSB-HB,0.32271594186461
fixed,TSB-HB,1.0
fixed,TSB-HB,0.7938830927038619
fixed,TSB-HB,1.0
fixed,TSB-HB,0.0
fixed,TSB-HB,0.6816930123520195
fixed,TSB-HB,0.0
fixed,TSB-HB,0.6816930123520195
fixed,TSB-HB,0.6816930123520195
fixed,TSB-HB,0.0
fixed,TSB-HB,1.0
fixed,TSB-HB,1.0
fixed,TSB-HB,1.0
fixed,TSB-HB,1.0
fixed,TSB-HB,1.0
fixed,TSB-HB,0.3188450191808829
fixed,TSB-HB,0.5373838823641921
fixed,TSB-HB,0.3188450191808829
fixed,TSB-HB,0.5373838823641921
fixed,TSB-HB,0.3188450191808829
fixed,TSB-HB,1.0
fixed,TSB-HB,0.0
fixed,TSB-HB,0.5285749632741282
fixed,TSB-HB,0.33949133431895706
fixed,TSB-HB,1.0
fixed,TSB-HB,0.8565218846694082
fixed,TSB-HB,0.33949133431895706
fixed,TSB-HB,0.16138767506921614
fixed,TSB-HB,0.44825872957373214
fixed,TSB-HB,0.0
fixed,TSB-HB,0.44825872957373214
fixed,TSB-HB,0.22277535013843225
fixed,TSB-HB,0.6503330509622021
fixed,TSB-HB,0.48546338235166686
fixed,TSB-HB,0.48546338235166686
fixed,TSB-HB,0.48546338235166686
fixed,TSB-HB,0.0
fixed,TSB-HB,0.8833893090130865
fixed,TSB-HB,0.751412251247719
fixed,TSB-HB,0.6482392871574587
fixed,TSB-HB,0.37107859081288774
fixed,TSB-HB,0.0
fixed,TSB-HB,0.8214040454079737
fixed,TSB-HB,0.8214040454079737
fixed,TSB-HB,1.0
fixed,TSB-HB,0.0
fixed,TSB-HB,0.0
fixed,TSB-HB,0.42108270993541275
fixed,TSB-HB,0.0
fixed,TSB-HB,0.42108270993541275
fixed,TSB-HB,0.42108270993541275
fixed,TSB-HB,0.0
fixed,TSB-HB,0.0
fixed,TSB-HB,0.41955119881705183
fixed,TSB-HB,0.0
fixed,TSB-HB,0.41955119881705183
fixed,TSB-HB,0.41955119881705183
fixed,TSB-HB,0.33538365440802453
fixed,TSB-HB,0.0
fixed,TSB-HB,0.33538365440802453
fixed,TSB-HB,0.0
fixed,TSB-HB,0.33538365440802453
fixed,TSB-HB,0.33538365440802453
fixed,TSB-HB,0.773848688220058
fixed,TSB-HB,0.5755771610507482
fixed,TSB-HB,0.0
fixed,TSB-HB,0.31111389323626065
fixed,TSB-HB,0.773848688220058
fixed,TSB-HB,0.8781283031374775
fixed,TSB-HB,1.0
fixed,TSB-HB,0.0
fixed,TSB-HB,0.5977612441267032
fixed,TSB-HB,0.28104338174341664
fixed,TSB-HB,1.0
fixed,TSB-HB,0.5977612441267032
fixed,TSB-HB,0.32665839691468
fixed,TSB-HB,0.6781403051944692
fixed,TSB-HB,0.5104262402299456
fixed,TSB-HB,0.5104262402299456
fixed,TSB-HB,0.5104262402299456
fixed,TSB-HB,0.8695062523203874
fixed,TSB-HB,0.6247261535298289
fixed,TSB-HB,0.6247261535298289
fixed,TSB-HB,0.32865755845996214
fixed,TSB-HB,0.32865755845996214
fixed,TSB-HB,0.32865755845996214
fixed,TSB-HB,0.0
fixed,TSB-HB,0.8243947143030407
fixed,TSB-HB,0.34818530472902154
fixed,TSB-HB,0.34818530472902154
fixed,TSB-HB,0.34818530472902154
fixed,TSB-HB,0.8243947143030407
fixed,TSB-HB,0.7295146585564907
fixed,TSB-HB,0.0
fixed,TSB-HB,0.0
fixed,TSB-HB,0.268845248619257
fixed,TSB-HB,0.5810697210501581
fixed,TSB-HB,0.268845248619257
fixed,TSB-HB,0.7897266253483787
fixed,TSB-HB,0.5002542469152712
fixed,TSB-HB,0.5002542469152712
fixed,TSB-HB,0.661597775800132
fixed,TSB-HB,0.661597775800132
fixed,TSB-HB,0.7822932916475464
fixed,TSB-HB,0.661597775800132
fixed,TSB-HB,0.4621218130081197
fixed,TSB-HB,0.8964466756680003
fixed,TSB-HB,0.0
fixed,TSB-HB,0.22489818562864453
fixed,TSB-HB,0.4621218130081197
fixed,TSB-HB,0.8046238709015187
fixed,TSB-HB,0.8956025207441387
fixed,TSB-HB,0.8956025207441387
fixed,TSB-HB,0.0
fixed,TSB-HB,0.31931538154007655
fixed,TSB-HB,0.7866338112819952
fixed,TSB-HB,1.0
fixed,TSB-HB,0.21057997894290287
fixed,TSB-HB,0.0
fixed,TSB-HB,0.21057997894290287
fixed,TSB-HB,0.3985005073514509
fixed,TSB-HB,1.0
fixed,TSB-HB,1.0
fixed,TSB-HB,0.0
fixed,TSB-HB,0.3629306562546813
fixed,TSB-HB,0.3629306562546813
fixed,TSB-HB,0.3629306562546813
fixed,TSB-HB,0.6419713334848418
fixed,TSB-HB,0.813199507099107
fixed,TSB-HB,1.0
fixed,TSB-HB,0.8779584581726587
fixed,TSB-HB,0.0
fixed,TSB-HB,0.7707295083178253
fixed,TSB-HB,0.7707295083178253
fixed,TSB-HB,0.29710394201780443
fixed,TSB-HB,0.0
fixed,TSB-HB,0.29483204314880207
fixed,TSB-HB,0.23982643228146128
fixed,TSB-HB,0.7710049484778666
fixed,TSB-HB,0.29483204314880207
fixed,TSB-HB,0.5774064896943744
fixed,TSB-HB,0.0
fixed,TSB-HB,0.0
fixed,TSB-HB,0.5026232717986154
fixed,TSB-HB,0.5026232717986154
fixed,TSB-HB,0.0
fixed,TSB-HB,0.5026232717986154
fixed,TSB-HB,0.15840988530859174
fixed,TSB-HB,0.510350697401947
fixed,TSB-HB,0.15840988530859174
fixed,TSB-HB,0.7417518457803126
fixed,TSB-HB,0.7417518457803126
fixed,TSB-HB,0.7417518457803126
fixed,TSB-HB,0.8391732164346855
fixed,TSB-HB,0.7878680208309642
fixed,TSB-HB,0.0
fixed,TSB-HB,0.0
fixed,TSB-HB,0.0
fixed,TSB-HB,0.5021657963527848
fixed,TSB-HB,0.0
fixed,TSB-HB,0.6583966461986523
fixed,TSB-HB,0.8703016130299149
fixed,TSB-HB,0.4697427011674589
fixed,TSB-HB,0.7896379000465281
fixed,TSB-HB,0.2333872535897898
fixed,TSB-HB,0.3522634732928572
fixed,TSB-HB,0.7218568058363414
fixed,TSB-HB,0.0
fixed,TSB-HB,0.616128613161541
fixed,TSB-HB,0.3522634732928572
fixed,TSB-HB,0.7818920080508827
fixed,TSB-HB,0.8891546224960833
fixed,TSB-HB,0.0
fixed,TSB-HB,0.7357565525592408
fixed,TSB-HB,0.0
fixed,TSB-HB,0.40488429147995264
fixed,TSB-HB,0.0
fixed,TSB-HB,0.0
fixed,TSB-HB,0.44474293545485255
fixed,TSB-HB,0.0
fixed,TSB-HB,0.44474293545485255
fixed,TSB-HB,0.0
fixed,TSB-HB,1.0
fixed,TSB-HB,0.6954502547486807
fixed,TSB-HB,0.7893567538764628
fixed,TSB-HB,0.0
fixed,TSB-HB,0.0
fixed,TSB-HB,0.0
fixed,TSB-HB,1.0
fixed,TSB-HB,0.0
fixed,TSB-HB,1.0
fixed,TSB-HB,0.0
fixed,TSB-HB,0.8647509426765346
fixed,TSB-HB,0.8136020452056482
fixed,TSB-HB,1.0
fixed,TSB-HB,0.0
fixed,TSB-HB,1.0
fixed,TSB-HB,0.6089146294637903
fixed,TSB-HB,0.6089146294637903
fixed,TSB-HB,0.30055839151732733
fixed,TSB-HB,1.0
fixed,TSB-HB,0.0
fixed,TSB-HB,0.3266757325057922
fixed,TSB-HB,0.3266757325057922
fixed,TSB-HB,0.7575189977611972
fixed,TSB-HB,0.0
fixed,TSB-HB,0.0
fixed,TSB-HB,0.4455208375882871
fixed,TSB-HB,0.7841701121001379
fixed,TSB-HB,0.7841701121001379
fixed,TSB-HB,0.7841701121001379
fixed,TSB-HB,0.4455208375882871
fixed,TSB-HB,0.0
fixed,TSB-HB,0.0
fixed,TSB-HB,0.0
fixed,TSB-HB,0.4493187142327407
fixed,TSB-HB,0.4493187142327407
fixed,TSB-HB,0.4493187142327407
fixed,TSB-HB,0.0
fixed,TSB-HB,0.1601932439588424
fixed,TSB-HB,0.5510812706204871
fixed,TSB-HB,0.1601932439588424
fixed,TSB-HB,0.0
fixed,TSB-HB,1.0
fixed,TSB-HB,1.0
fixed,TSB-HB,0.0
fixed,TSB-HB,0.7390585995197272
fixed,TSB-HB,0.24028799475260856
fixed,TSB-HB,1.0
fixed,TSB-HB,0.5980685236333423
fixed,TSB-HB,0.0
fixed,TSB-HB,0.8325814662081843
fixed,TSB-HB,0.0
fixed,TSB-HB,0.3593908693186443
fixed,TSB-HB,0.5516841119456353
fixed,TSB-HB,1.0
fixed,TSB-HB,0.43713540740533896
fixed,TSB-HB,0.37533240450559147
fixed,TSB-HB,0.6695643116480582
fixed,TSB-HB,0.8417454560209314
fixed,TSB-HB,0.37533240450559147
fixed,TSB-HB,0.0
fixed,TSB-HB,0.37533240450559147
fixed,TSB-HB,0.30364034664387535
fixed,TSB-HB,0.19835109563553177
fixed,TSB-HB,0.3601214958053237
fixed,TSB-HB,0.41660264496677213
fixed,TSB-HB,0.588903241378231
fixed,TSB-HB,1.0
fixed,TSB-HB,0.6584723232658718
fixed,TSB-HB,0.3352426638403517
fixed,TSB-HB,0.6584723232658718
fixed,TSB-HB,0.0
fixed,TSB-HB,0.42048532768070335
fixed,TSB-HB,0.42048532768070335
fixed,TSB-HB,0.0
fixed,TSB-HB,0.21347636080274163
fixed,TSB-HB,0.858535558407683
fixed,TSB-HB,0.7954022110692996
fixed,TSB-HB,1.0
fixed,TSB-HB,1.0
fixed,TSB-HB,0.4287042106603943
fixed,TSB-HB,1.0
fixed,TSB-HB,0.6304712356670141
fixed,TSB-HB,0.4287042106603943
fixed,TSB-HB,0.4287042106603943
fixed,TSB-HB,0.6304712356670141
fixed,TSB-HB,0.0
fixed,TSB-HB,0.6299488410210425
fixed,TSB-HB,0.23844394403700814
fixed,TSB-HB,0.23844394403700814
fixed,TSB-HB,0.23844394403700814
fixed,TSB-HB,0.769442590446773
fixed,TSB-HB,0.7335197955869563
fixed,TSB-HB,0.7335197955869563
fixed,TSB-HB,0.8880136272559325
fixed,TSB-HB,0.8880136272559325
fixed,TSB-HB,0.7335197955869563
fixed,TSB-HB,0.0
fixed,TSB-HB,0.6299265526173077
fixed,TSB-HB,0.8104701606463983
fixed,TSB-HB,0.0
fixed,TSB-HB,1.0
fixed,TSB-HB,0.0
fixed,TSB-HB,0.36094000396520665
fixed,TSB-HB,0.0
fixed,TSB-HB,0.5515600525127818
fixed,TSB-HB,0.0
fixed,TSB-HB,0.0
fixed,TSB-HB,0.30253144353636
fixed,TSB-HB,0.5515600525127818
fixed,TSB-HB,0.5138818950003997
fixed,TSB-HB,0.20131773947287382
fixed,TSB-HB,0.34233952077131186
fixed,TSB-HB,0.6367409461308385
fixed,TSB-HB,0.6367409461308385
fixed,TSB-HB,0.34233952077131186
fixed,TSB-HB,0.6012924953896606
fixed,TSB-HB,0.7621534934912093
fixed,TSB-HB,0.40133486993520096
fixed,TSB-HB,0.6012924953896606
fixed,TSB-HB,1.0
fixed,TSB-HB,0.40133486993520096
fixed,TSB-HB,0.21258547400004388
fixed,TSB-HB,0.5895258071258738
fixed,TSB-HB,0.7547290068862911
fixed,TSB-HB,0.39607272128277105
fixed,TSB-HB,1.0
fixed,TSB-HB,0.7547290068862911
fixed,TSB-HB,0.5084462386551636
fixed,TSB-HB,0.7377768051001795
fixed,TSB-HB,0.5084462386551636
fixed,TSB-HB,0.6231115218776715
fixed,TSB-HB,0.6231115218776715
fixed,TSB-HB,0.7377768051001795
fixed,TSB-HB,0.6029680523062945
fixed,TSB-HB,0.0
fixed,TSB-HB,0.6029680523062945
fixed,TSB-HB,0.6029680523062945
fixed,TSB-HB,1.0
fixed,TSB-HB,0.0
fixed,TSB-HB,0.0
fixed,TSB-HB,0.6455233036996664
fixed,TSB-HB,0.3769940392562351
fixed,TSB-HB,0.3769940392562351
fixed,TSB-HB,0.8142698880160999
fixed,TSB-HB,0.6455233036996664
fixed,TSB-HB,0.29214739520569444
fixed,TSB-HB,0.0
fixed,TSB-HB,0.29214739520569444
fixed,TSB-HB,0.0
fixed,TSB-HB,0.29214739520569444
fixed,TSB-HB,0.8214805554209814
fixed,TSB-HB,0.869838006124995
fixed,TSB-HB,0.0
fixed,TSB-HB,0.0
fixed,TSB-HB,0.6892412516650843
fixed,TSB-HB,0.0
fixed,TSB-HB,1.0
fixed,TSB-HB,0.6828627430312834
fixed,TSB-HB,0.7916155323554953
fixed,TSB-HB,0.5198840545670198
fixed,TSB-HB,0.3151588527778097
fixed,TSB-HB,0.6828627430312834
fixed,TSB-HB,0.7916155323554953
fixed,TSB-HB,0.5945832148908814
fixed,TSB-HB,0.3737269868292474
fixed,TSB-HB,0.3737269868292474
fixed,TSB-HB,0.15968593163825817
fixed,TSB-HB,0.15968593163825817
fixed,TSB-HB,0.0
fixed,TSB-HB,0.5142758575395302
fixed,TSB-HB,0.8700822286700436
fixed,TSB-HB,0.7153160693850684
fixed,TSB-HB,0.0
fixed,TSB-HB,0.8700822286700436
fixed,TSB-HB,1.0
fixed,TSB-HB,0.0
fixed,TSB-HB,0.7753974200530445
fixed,TSB-HB,0.0
fixed,TSB-HB,0.7753974200530445
fixed,TSB-HB,1.0
fixed,TSB-HB,0.5195650590417676
fixed,TSB-HB,0.8592962300376373
fixed,TSB-HB,0.7780017886898384
fixed,TSB-HB,0.7206495080153137
fixed,TSB-HB,0.40868378735809624
fixed,TSB-HB,0.6263058805225719
fixed,TSB-HB,0.7780017886898384
fixed,TSB-HB,0.1662237853166771
fixed,TSB-HB,1.0
fixed,TSB-HB,1.0
fixed,TSB-HB,0.5281634426172943
fixed,TSB-HB,0.8133813962534737
fixed,TSB-HB,0.5381988827606884
fixed,TSB-HB,0.6225702339004376
fixed,TSB-HB,0.7113825134768197
fixed,TSB-HB,0.30435928714123484
fixed,TSB-HB,0.8544158048487367
fixed,TSB-HB,0.8544158048487367
fixed,TSB-HB,1.0
fixed,TSB-HB,0.6483828279877153
fixed,TSB-HB,0.4082172999929735
fixed,TSB-HB,0.0
fixed,TSB-HB,0.0
fixed,TSB-HB,0.0
fixed,TSB-HB,0.0
fixed,TSB-HB,0.0
fixed,TSB-HB,0.6652962643610901
fixed,TSB-HB,0.0
fixed,TSB-HB,0.38806458243057323
fixed,TSB-HB,0.38806458243057323
fixed,TSB-HB,0.38806458243057323
fixed,TSB-HB,0.7304346534398807
fixed,TSB-HB,0.5578707915831038
fixed,TSB-HB,0.40018250436721553
fixed,TSB-HB,0.40018250436721553
fixed,TSB-HB,0.40018250436721553
fixed,TSB-HB,0.40018250436721553
fixed,TSB-HB,0.6399004746374726
fixed,TSB-HB,0.7771742477943381
fixed,TSB-HB,0.23072218842452338
fixed,TSB-HB,0.6399004746374726
fixed,TSB-HB,0.0
fixed,TSB-HB,0.4557772267305326
fixed,TSB-HB,0.8197887831405739
fixed,TSB-HB,0.6305177155367838
fixed,TSB-HB,0.5844728404186352
fixed,TSB-HB,0.803946025007785
fixed,TSB-HB,0.788103266874996
fixed,TSB-HB,0.0
fixed,TSB-HB,0.4563054607579261
fixed,TSB-HB,1.0
fixed,TSB-HB,0.7663020533690172
fixed,TSB-HB,0.0
fixed,TSB-HB,0.0
fixed,TSB-HB,0.7663020533690172
fixed,TSB-HB,0.6046726535083223
fixed,TSB-HB,0.5599214799128568
fixed,TSB-HB,0.43506549888592794
fixed,TSB-HB,0.0
fixed,TSB-HB,0.49099493409047346
fixed,TSB-HB,0.3791360636813824
fixed,TSB-HB,0.8459631089169468
fixed,TSB-HB,0.5547940814545878
fixed,TSB-HB,0.8459631089169468
fixed,TSB-HB,0.0
fixed,TSB-HB,0.0
fixed,TSB-HB,0.0
fixed,TSB-HB,0.4963242426323947
fixed,TSB-HB,0.0
fixed,TSB-HB,0.6508786958181608
fixed,TSB-HB,0.3243108461884068
fixed,TSB-HB,0.0
fixed,TSB-HB,0.3243108461884068
fixed,TSB-HB,0.5838539122732754
fixed,TSB-HB,0.8249811288008673
fixed,TSB-HB,0.2998397892700586
fixed,TSB-HB,0.5838539122732754
fixed,TSB-HB,0.18885482676116144
fixed,TSB-HB,0.2998397892700586
fixed,TSB-HB,0.7864130567498118
fixed,TSB-HB,0.7191184459430138
fixed,TSB-HB,0.349252913978396
fixed,TSB-HB,0.0
fixed,TSB-HB,0.16407895585448506
fixed,TSB-HB,1.0
fixed,TSB-HB,0.5883939487048158
fixed,TSB-HB,0.0
fixed,TSB-HB,0.8982470488865322
fixed,TSB-HB,0.0
fixed,TSB-HB,0.0
fixed,TSB-HB,0.5883939487048158
fixed,TSB-HB,0.5203056795210608
fixed,TSB-HB,0.2602640447323089
fixed,TSB-HB,0.756391076220653
fixed,TSB-HB,0.2602640447323089
fixed,TSB-HB,0.6679443954003472
fixed,TSB-HB,0.2602640447323089
fixed,TSB-HB,0.883185753314323
fixed,TSB-HB,0.5556694804084413
fixed,TSB-HB,0.0
fixed,TSB-HB,0.0
fixed,TSB-HB,0.5556694804084413
fixed,TSB-HB,1.0
fixed,TSB-HB,0.6429220872395014
fixed,TSB-HB,0.3855480812768531
fixed,TSB-HB,1.0
fixed,TSB-HB,1.0
fixed,TSB-HB,0.0
fixed,TSB-HB,0.3855480812768531
fixed,TSB-HB,0.0
fixed,TSB-HB,0.0
fixed,TSB-HB,0.438289157922666
fixed,TSB-HB,0.8014823003511437
fixed,TSB-HB,0.8014823003511437
fixed,TSB-HB,0.0
fixed,TSB-HB,0.0
fixed,TSB-HB,0.0
fixed,TSB-HB,0.8093559695855624
fixed,TSB-HB,0.6655096876338702
fixed,TSB-HB,0.45511340145208173
fixed,TSB-HB,0.0
fixed,TSB-HB,0.0
fixed,TSB-HB,0.33923139105362593
fixed,TSB-HB,0.7077253806804376
fixed,TSB-HB,0.8352905666914205
fixed,TSB-HB,0.8007503236509299
fixed,TSB-HB,0.8698308097319111
fixed,TSB-HB,0.8576079162517976
fixed,TSB-HB,0.6314979288430239
fixed,TSB-HB,0.7757633005867464
fixed,TSB-HB,0.7757633005867464
fixed,TSB-HB,0.45224627525704153
fixed,TSB-HB,0.45224627525704153
fixed,TSB-HB,0.6026326277089139
fixed,TSB-HB,0.6026326277089139
fixed,TSB-HB,0.0
fixed,TSB-HB,0.0
fixed,TSB-HB,0.3585040801672296
fixed,TSB-HB,0.6026326277089139
fixed,TSB-HB,0.7335450184473448
fixed,TSB-HB,0.8726990793686324
fixed,TSB-HB,0.7335450184473448
fixed,TSB-HB,0.0
fixed,TSB-HB,0.8726990793686324
fixed,TSB-HB,0.4474493976140362
fixed,TSB-HB,0.5451663338394972
fixed,TSB-HB,0.8683898443667661
fixed,TSB-HB,1.0
fixed,TSB-HB,0.8683898443667661
fixed,TSB-HB,0.0
fixed,TSB-HB,0.5451663338394972
fixed,TSB-HB,0.4022922403828741
fixed,TSB-HB,0.7631124000193966
fixed,TSB-HB,0.8424497419615266
fixed,TSB-HB,1.0
fixed,TSB-HB,0.0
fixed,TSB-HB,0.6044989291200131
fixed,TSB-HB,0.0
fixed,TSB-HB,0.8006323540183589
fixed,TSB-HB,0.5978994738462843
fixed,TSB-HB,0.5978994738462843
fixed,TSB-HB,0.0
fixed,TSB-HB,0.5978994738462843
fixed,TSB-HB,0.7459092264595426
fixed,TSB-HB,0.0
fixed,TSB-HB,0.0
fixed,TSB-HB,0.36555612207043886
fixed,TSB-HB,0.0
fixed,TSB-HB,0.4811122441408777
fixed,TSB-HB,1.0
fixed,TSB-HB,0.6311697247050213
fixed,TSB-HB,0.0
fixed,TSB-HB,0.0
fixed,TSB-HB,0.6311697247050213
fixed,TSB-HB,0.8747099488619263
fixed,TSB-HB,0.0
fixed,TSB-HB,0.46801214379952516
fixed,TSB-HB,0.46801214379952516
fixed,TSB-HB,0.0
fixed,TSB-HB,0.0
fixed,TSB-HB,0.0
fixed,TSB-HB,0.3789039710082707
fixed,TSB-HB,0.0
fixed,TSB-HB,0.8467521695400191
fixed,TSB-HB,0.8121390882902559
fixed,TSB-HB,0.0
fixed,TSB-HB,0.0
fixed,TSB-HB,0.6792569191291785
fixed,TSB-HB,0.0
fixed,TSB-HB,0.0
fixed,TSB-HB,0.5112956448032198
fixed,TSB-HB,0.40048022530141314
fixed,TSB-HB,0.7557515521224469
fixed,TSB-HB,0.0
fixed,TSB-HB,0.0
fixed,TSB-HB,0.29408715550532616
fixed,TSB-HB,0.0
fixed,TSB-HB,0.41728465712451634
fixed,TSB-HB,0.5390565686791399
fixed,TSB-HB,0.0
fixed,TSB-HB,0.0
fixed,TSB-HB,0.5122382798123056
fixed,TSB-HB,0.8538532253317845
fixed,TSB-HB,1.0
fixed,TSB-HB,0.5122382798123056
fixed,TSB-HB,0.4027137514475808
fixed,TSB-HB,0.23566598460769983
fixed,TSB-HB,0.6143161124452542
fixed,TSB-HB,0.7063027071286295
fixed,TSB-HB,0.5775214745719041
fixed,TSB-HB,0.20853278768615985
fixed,TSB-HB,0.3344962313707829
fixed,TSB-HB,0.778727443511681
fixed,TSB-HB,0.8767932214944761
fixed,TSB-HB,0.778727443511681
fixed,TSB-HB,0.778727443511681
fixed,TSB-HB,0.20582952401445037
fixed,TSB-HB,0.0
fixed,TSB-HB,0.6123190626078674
fixed,TSB-HB,0.0
fixed,TSB-HB,0.7965027438820574
fixed,TSB-HB,0.3505364517575453
fixed,TSB-HB,0.3505364517575453
fixed,TSB-HB,0.36339868583686036
fixed,TSB-HB,0.36339868583686036
fixed,TSB-HB,0.0
fixed,TSB-HB,0.0
fixed,TSB-HB,0.0
fixed,TSB-HB,0.0
fixed,TSB-HB,0.6040901955221314
fixed,TSB-HB,0.3173957007211529
fixed,TSB-HB,0.0
fixed,TSB-HB,0.6040901955221314
fixed,TSB-HB,0.3173957007211529
fixed,TSB-HB,0.0
fixed,TSB-HB,0.326888815832274
fixed,TSB-HB,0.326888815832274
fixed,TSB-HB,0.5052532545556078
fixed,TSB-HB,0.0
fixed,TSB-HB,0.326888815832274
fixed,TSB-HB,0.5052532545556078
fixed,TSB-HB,0.0
fixed,TSB-HB,1.0
fixed,TSB-HB,0.0
fixed,TSB-HB,0.0
fixed,TSB-HB,0.5127997722059091
fixed,TSB-HB,0.5127997722059091
fixed,TSB-HB,0.4123562472649155
fixed,TSB-HB,0.0
fixed,TSB-HB,0.0
fixed,TSB-HB,0.0
fixed,TSB-HB,0.0
fixed,TSB-HB,0.7894279873781861
fixed,TSB-HB,0.7789817972562219
fixed,TSB-HB,0.0
fixed,TSB-HB,0.7789817972562219
fixed,TSB-HB,0.0
fixed,TSB-HB,0.5168872595310294
fixed,TSB-HB,0.5168872595310294
fixed,TSB-HB,0.38256306200575174
fixed,TSB-HB,1.0
fixed,TSB-HB,0.0
fixed,TSB-HB,0.0
fixed,TSB-HB,0.0
fixed,TSB-HB,0.48460950949873954
fixed,TSB-HB,0.0
fixed,TSB-HB,0.8824335432401552
fixed,TSB-HB,1.0
fixed,TSB-HB,0.8029078546905275
fixed,TSB-HB,0.8029078546905275
fixed,TSB-HB,1.0
fixed,TSB-HB,0.4461603722391255
fixed,TSB-HB,0.4461603722391255
fixed,TSB-HB,0.8199711842653102
fixed,TSB-HB,0.1887573360541909
fixed,TSB-HB,0.4461603722391255
fixed,TSB-HB,0.0
fixed,TSB-HB,0.43622355379010885
fixed,TSB-HB,0.6626751722551842
fixed,TSB-HB,0.0
fixed,TSB-HB,0.0
fixed,TSB-HB,0.0
fixed,TSB-HB,0.43622355379010885
fixed,TSB-HB,0.1870774268037459
fixed,TSB-HB,0.6935171270766698
fixed,TSB-HB,0.2306161402056188
fixed,TSB-HB,0.0
fixed,TSB-HB,0.7629366899216953
fixed,TSB-HB,0.3118278955194031
fixed,TSB-HB,1.0
fixed,TSB-HB,0.8340375459722416
fixed,TSB-HB,0.7481838296569054
fixed,TSB-HB,0.5470562604132411
fixed,TSB-HB,0.0
fixed,TSB-HB,0.7916358884658596
fixed,TSB-HB,1.0
fixed,TSB-HB,1.0
fixed,TSB-HB,1.0
fixed,TSB-HB,1.0
fixed,TSB-HB,1.0
fixed,TSB-HB,1.0
fixed,TSB-HB,0.6858143877624093
fixed,TSB-HB,0.39447129974231027
fixed,TSB-HB,1.0
fixed,TSB-HB,0.39447129974231027
fixed,TSB-HB,0.39447129974231027
fixed,TSB-HB,1.0
fixed,TSB-HB,0.0
fixed,TSB-HB,0.15457918555823022
fixed,TSB-HB,0.6522505155877867
fixed,TSB-HB,0.15457918555823022
fixed,TSB-HB,0.17277224741097363
fixed,TSB-HB,0.786823847516336
fixed,TSB-HB,0.0
fixed,TSB-HB,0.17468564196642006
fixed,TSB-HB,0.7952951141341416
fixed,TSB-HB,0.2493712839328401
fixed,TSB-HB,0.17468564196642006
fixed,TSB-HB,0.0
fixed,TSB-HB,0.24169131366704882
fixed,TSB-HB,0.0
fixed,TSB-HB,0.24169131366704882
fixed,TSB-HB,0.6013175137236625
fixed,TSB-HB,0.43515470679107654
fixed,TSB-HB,1.0
fixed,TSB-HB,0.3622988693443684
fixed,TSB-HB,0.807048971560899
fixed,TSB-HB,0.6262637383562748
fixed,TSB-HB,1.0
fixed,TSB-HB,0.6262637383562748
fixed,TSB-HB,1.0
fixed,TSB-HB,0.5024562136303083
fixed,TSB-HB,0.7780643271929825
fixed,TSB-HB,0.41737476616461566
fixed,TSB-HB,0.5650399600219471
fixed,TSB-HB,0.41737476616461566
fixed,TSB-HB,0.2460712208401921
fixed,TSB-HB,0.0
fixed,TSB-HB,0.785761965169631
fixed,TSB-HB,1.0
fixed,TSB-HB,0.0
fixed,TSB-HB,1.0
fixed,TSB-HB,1.0
fixed,TSB-HB,0.8023279714899318
fixed,TSB-HB,1.0
fixed,TSB-HB,0.6166829249526087
fixed,TSB-HB,0.8023279714899318
fixed,TSB-HB,1.0
fixed,TSB-HB,0.4079656036792777
fixed,TSB-HB,0.0
fixed,TSB-HB,0.3080727327872229
fixed,TSB-HB,0.0
fixed,TSB-HB,0.0
fixed,TSB-HB,0.3080727327872229
fixed,TSB-HB,0.0
fixed,TSB-HB,0.8255887646276121
fixed,TSB-HB,0.19577669701787265
fixed,TSB-HB,1.0
fixed,TSB-HB,0.6433983021141001
fixed,TSB-HB,0.850155220420477
fixed,TSB-HB,0.31612032538035
fixed,TSB-HB,0.8737437722344932
fixed,TSB-HB,0.0
fixed,TSB-HB,1.0
fixed,TSB-HB,0.7528435767677996
fixed,TSB-HB,0.5364109329737732
fixed,TSB-HB,0.0
fixed,TSB-HB,0.33188672506074224
fixed,TSB-HB,0.7852413654249105
fixed,TSB-HB,0.8617873019045587
fixed,TSB-HB,0.5617541170562592
fixed,TSB-HB,0.6975599379521776
fixed,TSB-HB,0.6975599379521776
fixed,TSB-HB,0.0
fixed,TSB-HB,0.8702544628530628
fixed,TSB-HB,0.25466410925648975
fixed,TSB-HB,0.7259010545621319
fixed,TSB-HB,0.7656116130596281
fixed,TSB-HB,0.666138077773588
fixed,TSB-HB,0.4474080653691548
fixed,TSB-HB,0.4474080653691548
fixed,TSB-HB,0.6785627567050903
fixed,TSB-HB,0.4474080653691548
fixed,TSB-HB,0.0
fixed,TSB-HB,0.6785627567050903
fixed,TSB-HB,0.819918679878622
fixed,TSB-HB,0.7558687821708182
fixed,TSB-HB,0.6848119846696787
fixed,TSB-HB,0.0
fixed,TSB-HB,1.0
fixed,TSB-HB,1.0
fixed,TSB-HB,1.0
fixed,TSB-HB,0.4622902381222958
fixed,TSB-HB,0.7631296428815842
fixed,TSB-HB,1.0
fixed,TSB-HB,0.7631296428815842
fixed,TSB-HB,0.7631296428815842
fixed,TSB-HB,0.0
fixed,TSB-HB,0.5499618832718902
fixed,TSB-HB,0.5499618832718902
fixed,TSB-HB,0.0
fixed,TSB-HB,0.20923005223711974
fixed,TSB-HB,0.0
fixed,TSB-HB,0.532627122585691
fixed,TSB-HB,0.4428477015586443
fixed,TSB-HB,0.6445724127856558
fixed,TSB-HB,0.8076305904478288
fixed,TSB-HB,0.7192026062522989
fixed,TSB-HB,0.5400901419323554
fixed,TSB-HB,0.7096477632686249
fixed,TSB-HB,0.15206130106467572
fixed,TSB-HB,0.2628190458987255
fixed,TSB-HB,0.0
fixed,TSB-HB,0.758649345698935
fixed,TSB-HB,0.18329808170348114
fixed,TSB-HB,0.0
fixed,TSB-HB,0.0
fixed,TSB-HB,0.6693874204072172
fixed,TSB-HB,1.0
fixed,TSB-HB,0.0
fixed,TSB-HB,0.8324911677645446
fixed,TSB-HB,1.0
fixed,TSB-HB,1.0
fixed,TSB-HB,0.44650722097613693
fixed,TSB-HB,0.6239220183374555
fixed,TSB-HB,0.0
fixed,TSB-HB,0.0
fixed,TSB-HB,0.4610515197128548
fixed,TSB-HB,0.32118409064131986
fixed,TSB-HB,1.0
fixed,TSB-HB,0.0
fixed,TSB-HB,0.0
fixed,TSB-HB,0.0
fixed,TSB-HB,1.0
fixed,TSB-HB,1.0
fixed,TSB-HB,0.7060199748584505
fixed,TSB-HB,0.0
fixed,TSB-HB,0.0
fixed,TSB-HB,0.0
fixed,TSB-HB,0.8088094314468806
fixed,TSB-HB,0.0
fixed,TSB-HB,0.0
fixed,TSB-HB,0.535741521381757
fixed,TSB-HB,0.0
fixed,TSB-HB,0.535741521381757
fixed,TSB-HB,0.738109863591514
fixed,TSB-HB,0.1652091081957154
fixed,TSB-HB,0.1652091081957154
fixed,TSB-HB,0.41368389991630583
fixed,TSB-HB,0.738109863591514
fixed,TSB-HB,0.2304182163914308
fixed,TSB-HB,1.0
fixed,TSB-HB,0.0
fixed,TSB-HB,1.0
fixed,TSB-HB,0.6095896722003926
fixed,TSB-HB,0.437124971448294
fixed,TSB-HB,0.0
fixed,TSB-HB,0.0
fixed,TSB-HB,0.6816987534551725
fixed,TSB-HB,0.6816987534551725
fixed,TSB-HB,0.4545581900219322
fixed,TSB-HB,0.6816987534551725
fixed,TSB-HB,0.0
fixed,TSB-HB,1.0
fixed,TSB-HB,0.4903621794736013
fixed,TSB-HB,0.0
fixed,TSB-HB,0.4903621794736013
fixed,TSB-HB,0.24953007414980616
fixed,TSB-HB,0.0
fixed,TSB-HB,0.7453257739302879
fixed,TSB-HB,0.35335558183157567
fixed,TSB-HB,1.0
fixed,TSB-HB,0.35335558183157567
fixed,TSB-HB,0.5509187417411132
fixed,TSB-HB,0.5509187417411132
fixed,TSB-HB,0.5888636085560939
fixed,TSB-HB,1.0
fixed,TSB-HB,0.0
fixed,TSB-HB,1.0
fixed,TSB-HB,0.5888636085560939
fixed,TSB-HB,0.5888636085560939
fixed,TSB-HB,0.21492878245425037
fixed,TSB-HB,0.7246657717433274
fixed,TSB-HB,0.7246657717433274
fixed,TSB-HB,0.39645517773501815
fixed,TSB-HB,0.0
fixed,TSB-HB,0.21492878245425037
fixed,TSB-HB,0.0
fixed,TSB-HB,0.3613896268106801
fixed,TSB-HB,0.3613896268106801
fixed,TSB-HB,0.3613896268106801
fixed,TSB-HB,0.0
fixed,TSB-HB,0.3613896268106801
fixed,TSB-HB,0.316316587175552
fixed,TSB-HB,0.5948134324420925
fixed,TSB-HB,0.7910785480990569
fixed,TSB-HB,0.7910785480990569
fixed,TSB-HB,0.0
fixed,TSB-HB,0.0
fixed,TSB-HB,0.5347909134792653
fixed,TSB-HB,0.8800998764937855
fixed,TSB-HB,0.7683342650970637
fixed,TSB-HB,0.20803616716440196
fixed,TSB-HB,0.0
fixed,TSB-HB,0.15401808358220098
fixed,TSB-HB,0.6063725288579029
fixed,TSB-HB,0.36728173861698293
fixed,TSB-HB,0.0
fixed,TSB-HB,0.7495516505746374
fixed,TSB-HB,0.8451439247132033
fixed,TSB-HB,0.0
fixed,TSB-HB,1.0
fixed,TSB-HB,0.8763597714219553
fixed,TSB-HB,0.7899632914144096
fixed,TSB-HB,0.3740781604616979
fixed,TSB-HB,0.0
fixed,TSB-HB,0.0
fixed,TSB-HB,0.8528741763374614
fixed,TSB-HB,0.0
fixed,TSB-HB,0.6994579562824363
fixed,TSB-HB,0.42342305763414473
fixed,TSB-HB,0.0
fixed,TSB-HB,0.0
fixed,TSB-HB,0.8769087395392829
fixed,TSB-HB,0.7299938939738443
fixed,TSB-HB,0.0
fixed,TSB-HB,0.2216482925394203
fixed,TSB-HB,0.2216482925394203
fixed,TSB-HB,0.0
fixed,TSB-HB,0.8480737955344798
fixed,TSB-HB,0.8256499671448372
fixed,TSB-HB,0.2542355577878633
fixed,TSB-HB,0.6202164948327048
fixed,TSB-HB,0.36185600767829407
fixed,TSB-HB,0.892921452313765
fixed,TSB-HB,0.4749520519944749
fixed,TSB-HB,0.0
fixed,TSB-HB,0.6396337075552755
fixed,TSB-HB,0.4749520519944749
fixed,TSB-HB,0.0
fixed,TSB-HB,0.0
fixed,TSB-HB,0.7986040119791
fixed,TSB-HB,0.6746756969697142
fixed,TSB-HB,0.8185412495017622
fixed,TSB-HB,0.5477830362934483
fixed,TSB-HB,0.3694584005606173
fixed,TSB-HB,0.21175516890353877
fixed,TSB-HB,0.0
fixed,TSB-HB,0.7617275729439755
fixed,TSB-HB,0.0
fixed,TSB-HB,0.0
fixed,TSB-HB,0.16563347198758066
fixed,TSB-HB,0.0
fixed,TSB-HB,0.2791226465528297
fixed,TSB-HB,0.7989470207196363
fixed,TSB-HB,0.6740158329642815
fixed,TSB-HB,0.4917124795369884
fixed,TSB-HB,0.2791226465528297
fixed,TSB-HB,0.0
fixed,TSB-HB,0.42110922767282755
fixed,TSB-HB,0.6300348944588388
fixed,TSB-HB,0.0
fixed,TSB-HB,0.6300348944588388
fixed,TSB-HB,0.0
fixed,TSB-HB,0.42110922767282755
fixed,TSB-HB,0.7921222963560224
fixed,TSB-HB,0.8777599052485819
fixed,TSB-HB,0.7707128941328825
fixed,TSB-HB,0.5679074758335982
fixed,TSB-HB,0.40393723868984877
fixed,TSB-HB,1.0
fixed,TSB-HB,0.2931311205386832
fixed,TSB-HB,0.2931311205386832
fixed,TSB-HB,0.0
fixed,TSB-HB,0.0
fixed,TSB-HB,0.0
fixed,TSB-HB,0.0
fixed,TSB-HB,0.4575896183406436
fixed,TSB-HB,0.7063257885588807
fixed,TSB-HB,0.8551092990664257
fixed,TSB-HB,0.0
fixed,TSB-HB,0.0
fixed,TSB-HB,0.0
fixed,TSB-HB,0.731161628637
fixed,TSB-HB,0.49993723066241014
fixed,TSB-HB,0.2072614063058135
fixed,TSB-HB,0.3438773840829358
fixed,TSB-HB,0.0
fixed,TSB-HB,0.2072614063058135
fixed,TSB-HB,0.3844650871989846
fixed,TSB-HB,0.8742536396004476
fixed,TSB-HB,0.7125226650923236
fixed,TSB-HB,0.0
fixed,TSB-HB,0.0
fixed,TSB-HB,0.0
fixed,TSB-HB,0.6329655986329106
fixed,TSB-HB,0.0
fixed,TSB-HB,0.0
fixed,TSB-HB,0.6329655986329106
fixed,TSB-HB,0.4728174960449345
fixed,TSB-HB,0.0
fixed,TSB-HB,1.0
fixed,TSB-HB,0.4829480614299312
fixed,TSB-HB,0.0
fixed,TSB-HB,0.0
fixed,TSB-HB,0.3745713363304887
fixed,TSB-HB,0.0
fixed,TSB-HB,0.0
fixed,TSB-HB,1.0
fixed,TSB-HB,0.5142115352014136
fixed,TSB-HB,0.4131137214576651
fixed,TSB-HB,0.8645738672105061
fixed,TSB-HB,0.804178679001427
fixed,TSB-HB,0.781849521671102
fixed,TSB-HB,0.5082555237233326
fixed,TSB-HB,0.781849521671102
fixed,TSB-HB,0.0
fixed,TSB-HB,1.0
fixed,TSB-HB,0.0
fixed,TSB-HB,0.0
fixed,TSB-HB,0.8086097888129407
fixed,TSB-HB,0.6947887158632574
fixed,TSB-HB,0.6640106401749583
fixed,TSB-HB,0.23967593881805357
fixed,TSB-HB,0.2750105791927358
fixed,TSB-HB,0.42219270979692647
fixed,TSB-HB,0.0
fixed,TSB-HB,0.607553711634503
fixed,TSB-HB,0.868015188365674
fixed,TSB-HB,0.607553711634503
fixed,TSB-HB,0.42219270979692647
fixed,TSB-HB,0.0
fixed,TSB-HB,0.0
fixed,TSB-HB,0.0
fixed,TSB-HB,0.3141085117263237
fixed,TSB-HB,0.0
fixed,TSB-HB,0.3141085117263237
fixed,TSB-HB,0.21751217690152472
fixed,TSB-HB,0.4185276023136091
fixed,TSB-HB,0.21751217690152472
fixed,TSB-HB,0.21751217690152472
fixed,TSB-HB,1.0
fixed,TSB-HB,0.4185276023136091
fixed,TSB-HB,0.33762245509954086
fixed,TSB-HB,0.5810569744299598
fixed,TSB-HB,1.0
fixed,TSB-HB,0.7907132468853503
fixed,TSB-HB,0.8624674992594226
fixed,TSB-HB,0.7907132468853503
fixed,TSB-HB,0.0
fixed,TSB-HB,0.2855321122447374
fixed,TSB-HB,0.6898467680335117
fixed,TSB-HB,0.6898467680335117
fixed,TSB-HB,1.0
fixed,TSB-HB,0.8432028737918232
fixed,TSB-HB,0.7677377343929392
fixed,TSB-HB,1.0
fixed,TSB-HB,0.786113316355204
fixed,TSB-HB,0.0
fixed,TSB-HB,0.0
fixed,TSB-HB,0.0
fixed,TSB-HB,0.0
fixed,TSB-HB,0.0
fixed,TSB-HB,0.5619197719064648
fixed,TSB-HB,0.0
fixed,TSB-HB,0.5619197719064648
fixed,TSB-HB,1.0
fixed,TSB-HB,0.27249493296604627
fixed,TSB-HB,0.6700790106247588
fixed,TSB-HB,0.0
fixed,TSB-HB,0.27249493296604627
fixed,TSB-HB,0.6700790106247588
fixed,TSB-HB,0.48440307981744624
fixed,TSB-HB,0.0
fixed,TSB-HB,0.0
fixed,TSB-HB,0.3985179110094321
fixed,TSB-HB,0.3985179110094321
fixed,TSB-HB,1.0
fixed,TSB-HB,0.0
fixed,TSB-HB,0.442367765355724
fixed,TSB-HB,0.0
fixed,TSB-HB,0.442367765355724
fixed,TSB-HB,0.0
fixed,TSB-HB,0.442367765355724
fixed,TSB-HB,0.6504320563677473
fixed,TSB-HB,0.0
fixed,TSB-HB,0.0
fixed,TSB-HB,0.0
fixed,TSB-HB,0.4816612497333458
fixed,TSB-HB,0.4816612497333458
fixed,TSB-HB,0.0
fixed,TSB-HB,0.3486800966107151
fixed,TSB-HB,0.5166822744696666
fixed,TSB-HB,0.5166822744696666
fixed,TSB-HB,0.7611066215991088
fixed,TSB-HB,0.5166822744696666
fixed,TSB-HB,0.20473355392837633
fixed,TSB-HB,0.5233572595870886
fixed,TSB-HB,1.0
fixed,TSB-HB,0.5233572595870886
fixed,TSB-HB,0.5233572595870886
fixed,TSB-HB,0.5233572595870886
fixed,TSB-HB,0.0
fixed,TSB-HB,0.2808104491903354
fixed,TSB-HB,0.0
fixed,TSB-HB,0.0
fixed,TSB-HB,0.0
fixed,TSB-HB,0.0
fixed,TSB-HB,0.0
fixed,TSB-HB,1.0
fixed,TSB-HB,1.0
fixed,TSB-HB,0.5841373998965009
fixed,TSB-HB,0.0
fixed,TSB-HB,0.23864768086755586
fixed,TSB-HB,0.0
fixed,TSB-HB,1.0
fixed,TSB-HB,1.0
fixed,TSB-HB,0.8924242038793331
fixed,TSB-HB,0.12521336396013333
fixed,TSB-HB,0.12521336396013333
fixed,TSB-HB,0.12521336396013333
fixed,TSB-HB,0.0
fixed,TSB-HB,1.0
fixed,TSB-HB,0.0
fixed,TSB-HB,0.0
fixed,TSB-HB,1.0
fixed,TSB-HB,0.6470237639150932
fixed,TSB-HB,0.46859136390204215
fixed,TSB-HB,0.2447600984705297
fixed,TSB-HB,0.8755917042684063
fixed,TSB-HB,0.0
fixed,TSB-HB,0.6565625076371986
fixed,TSB-HB,0.8755917042684063
fixed,TSB-HB,0.17494512826843717
fixed,TSB-HB,1.0
fixed,TSB-HB,0.39065262578688353
fixed,TSB-HB,0.0
fixed,TSB-HB,0.6147296692118667
fixed,TSB-HB,1.0
fixed,TSB-HB,0.0
fixed,TSB-HB,0.5502242303409932
fixed,TSB-HB,0.0
fixed,TSB-HB,0.5502242303409932
fixed,TSB-HB,0.0
fixed,TSB-HB,0.0
fixed,TSB-HB,0.0
fixed,TSB-HB,0.38902717044945895
fixed,TSB-HB,1.0
fixed,TSB-HB,0.0
fixed,TSB-HB,0.0
fixed,TSB-HB,0.38902717044945895
fixed,TSB-HB,0.22226189692352988
fixed,TSB-HB,0.344190545899989
fixed,TSB-HB,0.5898350652295188
fixed,TSB-HB,0.5404071053959104
fixed,TSB-HB,0.2728003555383277
fixed,TSB-HB,0.5404071053959104
fixed,TSB-HB,0.7576223190545154
fixed,TSB-HB,0.5843073454944766
fixed,TSB-HB,0.0
fixed,TSB-HB,0.5843073454944766
fixed,TSB-HB,0.5843073454944766
fixed,TSB-HB,1.0
fixed,TSB-HB,0.0
fixed,TSB-HB,0.0
fixed,TSB-HB,0.4724081627395794
fixed,TSB-HB,0.0
fixed,TSB-HB,0.4724081627395794
fixed,TSB-HB,0.7498044455026115
fixed,TSB-HB,0.0
fixed,TSB-HB,0.5631694974126006
fixed,TSB-HB,1.0
fixed,TSB-HB,0.2276207352003883
fixed,TSB-HB,0.39327981957569935
fixed,TSB-HB,0.7927360171693825
fixed,TSB-HB,0.2338428567759362
fixed,TSB-HB,0.5817743426528669
fixed,TSB-HB,0.4218523834164399
fixed,TSB-HB,0.2338428567759362
fixed,TSB-HB,0.4218523834164399
fixed,TSB-HB,0.8531682703762362
fixed,TSB-HB,0.0
fixed,TSB-HB,1.0
fixed,TSB-HB,0.2901017853399655
fixed,TSB-HB,0.8826316228812962
fixed,TSB-HB,0.18424901136893312
fixed,TSB-HB,0.2901017853399655
fixed,TSB-HB,0.204054362956552
fixed,TSB-HB,1.0
fixed,TSB-HB,0.6262174528022079
fixed,TSB-HB,0.8442238582012014
fixed,TSB-HB,0.15202718147827599
fixed,TSB-HB,0.6262174528022079
fixed,TSB-HB,0.0
fixed,TSB-HB,0.7724274182286104
fixed,TSB-HB,0.7724274182286104
fixed,TSB-HB,0.0
fixed,TSB-HB,0.689130704525461
fixed,TSB-HB,0.8704263015258321
fixed,TSB-HB,0.0
fixed,TSB-HB,0.0
fixed,TSB-HB,0.28458405224701777
fixed,TSB-HB,0.0
fixed,TSB-HB,0.28458405224701777
fixed,TSB-HB,0.28458405224701777
fixed,TSB-HB,0.5120913763578232
fixed,TSB-HB,0.0
fixed,TSB-HB,0.5120913763578232
fixed,TSB-HB,0.5120913763578232
fixed,TSB-HB,0.8242514847840116
fixed,TSB-HB,0.5120913763578232
fixed,TSB-HB,0.0
fixed,TSB-HB,0.5362342012996422
fixed,TSB-HB,1.0
fixed,TSB-HB,0.3530118893430711
fixed,TSB-HB,0.3530118893430711
fixed,TSB-HB,0.20214166490459354
fixed,TSB-HB,0.0
fixed,TSB-HB,0.4529549429362295
fixed,TSB-HB,1.0
fixed,TSB-HB,0.0
fixed,TSB-HB,0.0
fixed,TSB-HB,1.0
fixed,TSB-HB,0.0
fixed,TSB-HB,0.6636880695982426
fixed,TSB-HB,0.4797121525629909
fixed,TSB-HB,0.2335871980402684
fixed,TSB-HB,0.2335871980402684
fixed,TSB-HB,0.2335871980402684
fixed,TSB-HB,0.4531568754350787
fixed,TSB-HB,0.677760365054638
fixed,TSB-HB,0.15113782917316848
fixed,TSB-HB,0.7129819660348202
fixed,TSB-HB,0.2278445729329212
fixed,TSB-HB,0.677760365054638
fixed,TSB-HB,0.670334528582869
fixed,TSB-HB,0.37155659039184563
fixed,TSB-HB,0.21627739921419573
fixed,TSB-HB,0.8388219572045214
fixed,TSB-HB,0.7760711473327793
fixed,TSB-HB,0.37155659039184563
fixed,TSB-HB,0.41459602991688305
fixed,TSB-HB,0.0
fixed,TSB-HB,0.0
fixed,TSB-HB,0.0
fixed,TSB-HB,0.5959482463937312
fixed,TSB-HB,0.41459602991688305
fixed,TSB-HB,0.1956899219184411
fixed,TSB-HB,0.5953405458419304
fixed,TSB-HB,0.5207854844371844
fixed,TSB-HB,1.0
fixed,TSB-HB,1.0
fixed,TSB-HB,0.5207854844371844
fixed,TSB-HB,0.0
fixed,TSB-HB,0.0
fixed,TSB-HB,0.8988445812668664
fixed,TSB-HB,0.0
fixed,TSB-HB,0.8988445812668664
fixed,TSB-HB,0.0
fixed,TSB-HB,0.8201424564977713
fixed,TSB-HB,0.539327867287221
fixed,TSB-HB,0.6761825681733423
fixed,TSB-HB,1.0
fixed,TSB-HB,0.5119569271099967
fixed,TSB-HB,0.7309244485277908
fixed,TSB-HB,0.271712884850031
fixed,TSB-HB,0.271712884850031
fixed,TSB-HB,0.271712884850031
fixed,TSB-HB,0.0
fixed,TSB-HB,0.271712884850031
fixed,TSB-HB,0.46747921505469503
fixed,TSB-HB,0.0
fixed,TSB-HB,0.25466303870843937
fixed,TSB-HB,0.7173193789530781
fixed,TSB-HB,0.25466303870843937
fixed,TSB-HB,0.5084877437797468
fixed,TSB-HB,0.7173193789530781
fixed,TSB-HB,0.5611099642702735
fixed,TSB-HB,0.7598766377649272
fixed,TSB-HB,0.0
fixed,TSB-HB,0.5611099642702735
fixed,TSB-HB,0.0
fixed,TSB-HB,0.5611099642702735
fixed,TSB-HB,0.0
fixed,TSB-HB,0.0
fixed,TSB-HB,0.591565762039005
fixed,TSB-HB,0.0
fixed,TSB-HB,0.0
fixed,TSB-HB,0.6524502940309851
fixed,TSB-HB,0.6587466200923433
fixed,TSB-HB,0.7594207427747661
fixed,TSB-HB,0.5470667562134036
fixed,TSB-HB,0.5470667562134036
fixed,TSB-HB,0.0
fixed,TSB-HB,0.6587466200923433
fixed,TSB-HB,0.0
fixed,TSB-HB,0.26971111410960075
fixed,TSB-HB,1.0
fixed,TSB-HB,1.0
fixed,TSB-HB,0.0
fixed,TSB-HB,1.0
fixed,TSB-HB,1.0
fixed,TSB-HB,0.8303486821665103
fixed,TSB-HB,0.0
fixed,TSB-HB,0.6582346118659423
fixed,TSB-HB,0.0
fixed,TSB-HB,0.0
fixed,TSB-HB,0.0
fixed,TSB-HB,0.0
fixed,TSB-HB,0.0
fixed,TSB-HB,0.47452896500553376
fixed,TSB-HB,0.0
fixed,TSB-HB,0.47452896500553376
fixed,TSB-HB,0.8300919064500749
fixed,TSB-HB,0.6616072142322106
fixed,TSB-HB,0.6616072142322106
fixed,TSB-HB,0.4329099426709587
fixed,TSB-HB,0.6616072142322106
fixed,TSB-HB,0.4329099426709587
fixed,TSB-HB,0.6260873424225423
fixed,TSB-HB,0.7564302122568862
fixed,TSB-HB,1.0
fixed,TSB-HB,0.28113040269068196
fixed,TSB-HB,0.48101927444524595
fixed,TSB-HB,0.0
fixed,TSB-HB,0.5015454142025393
fixed,TSB-HB,0.4549555410836252
fixed,TSB-HB,0.7337797656681374
fixed,TSB-HB,0.6674270938208237
fixed,TSB-HB,0.567898086049853
fixed,TSB-HB,0.0
fixed,TSB-HB,0.3744160983177535
fixed,TSB-HB,0.6713975447017311
fixed,TSB-HB,1.0
fixed,TSB-HB,0.0
fixed,TSB-HB,0.8369873247069193
fixed,TSB-HB,0.0
fixed,TSB-HB,0.2232830434910737
fixed,TSB-HB,0.7281063265775843
fixed,TSB-HB,0.41383053864643926
fixed,TSB-HB,0.5844640381167286
fixed,TSB-HB,1.0
fixed,TSB-HB,0.5844640381167286
fixed,TSB-HB,0.0
fixed,TSB-HB,0.5460950304390141
fixed,TSB-HB,0.5460950304390141
fixed,TSB-HB,0.5460950304390141
fixed,TSB-HB,0.32122395896761036
fixed,TSB-HB,0.0
fixed,TSB-HB,0.0
fixed,TSB-HB,0.6003330845998878
fixed,TSB-HB,1.0
fixed,TSB-HB,0.3442597950630401
fixed,TSB-HB,0.6003330845998878
fixed,TSB-HB,0.8983644207441522
fixed,TSB-HB,0.0
fixed,TSB-HB,0.7236298597244835
fixed,TSB-HB,0.8236112082285085
fixed,TSB-HB,1.0
fixed,TSB-HB,0.8236112082285085
fixed,TSB-HB,0.7236298597244835
fixed,TSB-HB,0.7587823772690072
fixed,TSB-HB,0.4293662221551704
fixed,TSB-HB,0.5299660168928585
fixed,TSB-HB,0.829580265670687
fixed,TSB-HB,0.864979209871527
fixed,TSB-HB,0.7587823772690072
fixed,TSB-HB,0.2271220171999455
fixed,TSB-HB,0.4826258392486271
fixed,TSB-HB,1.0
fixed,TSB-HB,0.4826258392486271
fixed,TSB-HB,0.0
fixed,TSB-HB,0.2271220171999455
fixed,TSB-HB,0.7691916503230174
fixed,TSB-HB,0.30263273952481423
fixed,TSB-HB,0.7198313281338402
fixed,TSB-HB,1.0
fixed,TSB-HB,0.8781661815850967
fixed,TSB-HB,0.744182766727719
fixed,TSB-HB,0.8119309324657097
fixed,TSB-HB,0.3023729261517686
fixed,TSB-HB,0.3023729261517686
fixed,TSB-HB,0.7624311255845484
fixed,TSB-HB,0.43996699093454983
fixed,TSB-HB,0.5249032943242883
fixed,TSB-HB,0.18284874744570717
fixed,TSB-HB,0.6688212349774538
fixed,TSB-HB,1.0
fixed,TSB-HB,0.278013170330327
fixed,TSB-HB,0.6688212349774538
fixed,TSB-HB,0.278013170330327
fixed,TSB-HB,0.0
fixed,TSB-HB,0.5931666225577473
fixed,TSB-HB,1.0
fixed,TSB-HB,0.41191664731811867
fixed,TSB-HB,0.8659972091215385
fixed,TSB-HB,0.8189354346484379
fixed,TSB-HB,0.2311899079665249
fixed,TSB-HB,1.0
fixed,TSB-HB,0.2311899079665249
fixed,TSB-HB,1.0
fixed,TSB-HB,0.7089192296914271
fixed,TSB-HB,0.0
fixed,TSB-HB,0.303449988579483
fixed,TSB-HB,0.8224372215818583
fixed,TSB-HB,0.6300584292679156
fixed,TSB-HB,0.303449988579483
fixed,TSB-HB,0.0
fixed,TSB-HB,0.0
fixed,TSB-HB,0.0
fixed,TSB-HB,0.8046770775707265
fixed,TSB-HB,0.0
fixed,TSB-HB,1.0
fixed,TSB-HB,0.0
fixed,TSB-HB,1.0
fixed,TSB-HB,0.47227641292057143
fixed,TSB-HB,0.7005290615486524
fixed,TSB-HB,1.0
fixed,TSB-HB,0.47227641292057143
fixed,TSB-HB,0.0
fixed,TSB-HB,0.8305102941727752
fixed,TSB-HB,0.33997153366988286
fixed,TSB-HB,0.6391893816199901
fixed,TSB-HB,0.33997153366988286
fixed,TSB-HB,0.0
fixed,TSB-HB,0.8259718147918108
fixed,TSB-HB,0.6391893816199901
fixed,TSB-HB,0.0
fixed,TSB-HB,0.8584766874489413
fixed,TSB-HB,1.0
fixed,TSB-HB,0.4418741379878375
fixed,TSB-HB,0.0
fixed,TSB-HB,0.8167492515102501
fixed,TSB-HB,0.49667200775709447
fixed,TSB-HB,0.0
fixed,TSB-HB,1.0
fixed,TSB-HB,0.20624206312324267
fixed,TSB-HB,0.0
fixed,TSB-HB,0.3413496886982599
fixed,TSB-HB,0.0
fixed,TSB-HB,0.19699881851686257
fixed,TSB-HB,0.8515049810367608
fixed,TSB-HB,0.7919611322404034
fixed,TSB-HB,0.3729396766104116
fixed,TSB-HB,0.6169927785064611
fixed,TSB-HB,0.49387422901735223
fixed,TSB-HB,1.0
fixed,TSB-HB,0.8027011403970148
fixed,TSB-HB,0.3631158694251299
fixed,TSB-HB,0.0
fixed,TSB-HB,0.7838583320082815
fixed,TSB-HB,0.0
fixed,TSB-HB,0.444064978140718
fixed,TSB-HB,0.7589461038791762
fixed,TSB-HB,0.7589461038791762
fixed,TSB-HB,1.0
fixed,TSB-HB,0.444064978140718
fixed,TSB-HB,0.0
fixed,TSB-HB,0.0
fixed,TSB-HB,0.5376051419177108
fixed,TSB-HB,1.0
fixed,TSB-HB,0.5376051419177108
fixed,TSB-HB,0.0
fixed,TSB-HB,0.7619747545251919
fixed,TSB-HB,0.40456503715131786
fixed,TSB-HB,0.0
fixed,TSB-HB,0.40456503715131786
fixed,TSB-HB,1.0
fixed,TSB-HB,0.0
fixed,TSB-HB,0.359320336985656
fixed,TSB-HB,0.5767234111570207
fixed,TSB-HB,1.0
fixed,TSB-HB,1.0
fixed,TSB-HB,1.0
fixed,TSB-HB,0.7674743908646227
fixed,TSB-HB,0.37001391344503115
fixed,TSB-HB,0.7860082586337825
fixed,TSB-HB,1.0
fixed,TSB-HB,0.7340027720796884
fixed,TSB-HB,0.62868734719634
fixed,TSB-HB,0.8709232073512465
fixed,TSB-HB,1.0
fixed,TSB-HB,0.5389487130840096
fixed,TSB-HB,1.0
fixed,TSB-HB,0.7523845744731175
fixed,TSB-HB,1.0
fixed,TSB-HB,0.5389487130840096
fixed,TSB-HB,0.0
fixed,TSB-HB,0.8586120003518529
fixed,TSB-HB,1.0
fixed,TSB-HB,0.8371828705325789
fixed,TSB-HB,0.0
fixed,TSB-HB,0.5938013139498376
fixed,TSB-HB,0.0
fixed,TSB-HB,1.0
fixed,TSB-HB,0.4906537207270746
fixed,TSB-HB,0.4906537207270746
fixed,TSB-HB,0.7134546959572374
fixed,TSB-HB,0.1612227176729052
fixed,TSB-HB,0.0
fixed,TSB-HB,0.0
fixed,TSB-HB,0.6877828952641294
fixed,TSB-HB,1.0
fixed,TSB-HB,0.0
fixed,TSB-HB,0.0
fixed,TSB-HB,0.7525373486804701
fixed,TSB-HB,0.5098422373541598
fixed,TSB-HB,0.6085583947152331
fixed,TSB-HB,0.0
fixed,TSB-HB,0.0
fixed,TSB-HB,0.278926511027819
fixed,TSB-HB,0.0
fixed,TSB-HB,0.3594509110710339
fixed,TSB-HB,0.3594509110710339
fixed,TSB-HB,0.0
fixed,TSB-HB,0.0
fixed,TSB-HB,0.7244960421918099
fixed,TSB-HB,0.5772203328521486
fixed,TSB-HB,0.7843941574298736
fixed,TSB-HB,0.757411842866716
fixed,TSB-HB,0.0
fixed,TSB-HB,0.4286099982948729
fixed,TSB-HB,0.2873679666143665
fixed,TSB-HB,0.7498161270533741
fixed,TSB-HB,0.48604718180067896
fixed,TSB-HB,0.0
fixed,TSB-HB,0.48604718180067896
fixed,TSB-HB,0.0
fixed,TSB-HB,1.0
fixed,TSB-HB,0.0
fixed,TSB-HB,0.5836032942306746
fixed,TSB-HB,0.7738926447239729
fixed,TSB-HB,0.0
fixed,TSB-HB,0.5294762868121599
fixed,TSB-HB,0.5294762868121599
fixed,TSB-HB,0.8106296069610042
fixed,TSB-HB,0.5621367087631576
fixed,TSB-HB,0.8106296069610042
fixed,TSB-HB,0.8106296069610042
fixed,TSB-HB,0.0
fixed,TSB-HB,0.5621367087631576
fixed,TSB-HB,0.7651623141219853
fixed,TSB-HB,0.11835873550936468
fixed,TSB-HB,0.19179367754682336
fixed,TSB-HB,0.30097551691893243
fixed,TSB-HB,0.8664367899294705
fixed,TSB-HB,0.155076206528094
fixed,TSB-HB,0.5479966199006022
fixed,TSB-HB,0.26358930985528395
fixed,TSB-HB,0.26358930985528395
fixed,TSB-HB,0.0
fixed,TSB-HB,0.26358930985528395
fixed,TSB-HB,0.0
fixed,TSB-HB,0.0
fixed,TSB-HB,0.26291952657744716
fixed,TSB-HB,0.1528380692693194
fixed,TSB-HB,0.558926780573527
fixed,TSB-HB,1.0
fixed,TSB-HB,0.5024311700943985
fixed,TSB-HB,0.0
fixed,TSB-HB,0.47988139399306873
fixed,TSB-HB,0.8277614313858204
fixed,TSB-HB,0.8663289431532293
fixed,TSB-HB,0.3207774945261165
fixed,TSB-HB,0.0
fixed,TSB-HB,0.6741509376103475
fixed,TSB-HB,0.0
fixed,TSB-HB,1.0
fixed,TSB-HB,0.0
fixed,TSB-HB,0.7631743779506985
fixed,TSB-HB,0.3599419830484647
fixed,TSB-HB,0.45051119320093735
fixed,TSB-HB,0.8384686373139434
fixed,TSB-HB,0.6228075879862055
fixed,TSB-HB,0.0
fixed,TSB-HB,1.0
fixed,TSB-HB,1.0
fixed,TSB-HB,0.6661872010150949
fixed,TSB-HB,1.0
fixed,TSB-HB,1.0
fixed,TSB-HB,1.0
fixed,TSB-HB,0.47027333003501104
fixed,TSB-HB,1.0
fixed,TSB-HB,0.4196954371146292
fixed,TSB-HB,1.0
fixed,TSB-HB,0.7715895130177709
fixed,TSB-HB,1.0
fixed,TSB-HB,0.4196954371146292
fixed,TSB-HB,1.0
fixed,TSB-HB,0.6933183249665004
fixed,TSB-HB,0.5463748569770089
fixed,TSB-HB,0.0
fixed,TSB-HB,0.7895317063367258
fixed,TSB-HB,0.832435987571887
fixed,TSB-HB,0.0
fixed,TSB-HB,0.4498281826863247
fixed,TSB-HB,0.4498281826863247
fixed,TSB-HB,0.4498281826863247
fixed,TSB-HB,0.0
fixed,TSB-HB,0.0
fixed,TSB-HB,0.0
fixed,TSB-HB,0.0
fixed,TSB-HB,0.5634712703900404
fixed,TSB-HB,0.45723984961447184
fixed,TSB-HB,0.7899967897411422
fixed,TSB-HB,0.5800552757145299
fixed,TSB-HB,0.6463912970124879
fixed,TSB-HB,0.0
fixed,TSB-HB,0.37844271876447744
fixed,TSB-HB,0.0
fixed,TSB-HB,0.0
fixed,TSB-HB,0.0
fixed,TSB-HB,0.37844271876447744
fixed,TSB-HB,0.6847938271079717
fixed,TSB-HB,0.6847938271079717
fixed,TSB-HB,1.0
fixed,TSB-HB,0.0
fixed,TSB-HB,0.48523653862338256
fixed,TSB-HB,0.6108557853456329
fixed,TSB-HB,0.3324911565148245
fixed,TSB-HB,0.0
fixed,TSB-HB,0.3324911565148245
fixed,TSB-HB,0.6020629465101316
fixed,TSB-HB,0.0
fixed,TSB-HB,0.0
fixed,TSB-HB,0.45331401604531074
fixed,TSB-HB,0.45331401604531074
fixed,TSB-HB,0.6941692261537054
fixed,TSB-HB,0.45331401604531074
fixed,TSB-HB,0.45331401604531074
fixed,TSB-HB,0.0
fixed,TSB-HB,0.2877886986498876
fixed,TSB-HB,0.2877886986498876
fixed,TSB-HB,0.0
fixed,TSB-HB,1.0
fixed,TSB-HB,1.0
fixed,TSB-HB,0.8244239562964247
fixed,TSB-HB,0.8759493515173453
fixed,TSB-HB,0.5810804861574754
fixed,TSB-HB,0.0
fixed,TSB-HB,0.5810804861574754
fixed,TSB-HB,0.0
fixed,TSB-HB,0.5810804861574754
fixed,TSB-HB,1.0
fixed,TSB-HB,0.39175064448115027
fixed,TSB-HB,0.0
fixed,TSB-HB,0.8312481935947574
fixed,TSB-HB,0.0
fixed,TSB-HB,0.8312481935947574
fixed,TSB-HB,0.34737699668151445
fixed,TSB-HB,0.8018661970511374
fixed,TSB-HB,1.0
fixed,TSB-HB,0.34737699668151445
fixed,TSB-HB,0.34737699668151445
fixed,TSB-HB,1.0
fixed,TSB-HB,0.4630431277291487
fixed,TSB-HB,0.4630431277291487
fixed,TSB-HB,0.0
fixed,TSB-HB,0.7737010758346216
fixed,TSB-HB,0.7737010758346216
fixed,TSB-HB,0.8456125796154443
fixed,TSB-HB,0.3568975504936194
fixed,TSB-HB,0.3568975504936194
fixed,TSB-HB,1.0
fixed,TSB-HB,0.6421986630447645
fixed,TSB-HB,0.0
fixed,TSB-HB,0.8279316697201061
fixed,TSB-HB,0.0
fixed,TSB-HB,0.728002345645602
fixed,TSB-HB,1.0
fixed,TSB-HB,0.3994700969192133
fixed,TSB-HB,0.3994700969192133
fixed,TSB-HB,0.728002345645602
fixed,TSB-HB,0.16979895680694607
fixed,TSB-HB,0.21633159467824348
fixed,TSB-HB,0.7903029605420204
fixed,TSB-HB,0.1232663189356487
fixed,TSB-HB,0.1232663189356487
fixed,TSB-HB,0.34538183590136484
fixed,TSB-HB,0.0
fixed,TSB-HB,0.0
fixed,TSB-HB,0.6497942742021356
fixed,TSB-HB,0.3949939155697163
fixed,TSB-HB,0.0
fixed,TSB-HB,0.3949939155697163
fixed,TSB-HB,0.0
fixed,TSB-HB,0.0
fixed,TSB-HB,0.7653284980710491
fixed,TSB-HB,0.0
fixed,TSB-HB,1.0
fixed,TSB-HB,0.0
fixed,TSB-HB,0.777720392083173
fixed,TSB-HB,0.2367140491158366
fixed,TSB-HB,0.2367140491158366
fixed,TSB-HB,0.6329163073886352
fixed,TSB-HB,0.8602831339038179
fixed,TSB-HB,0.44647938983028446
fixed,TSB-HB,0.47020524562417826
fixed,TSB-HB,0.8759740151040272
fixed,TSB-HB,0.47020524562417826
fixed,TSB-HB,0.0
fixed,TSB-HB,0.0
fixed,TSB-HB,0.8759740151040272
fixed,TSB-HB,0.0
fixed,TSB-HB,0.7520675441410822
fixed,TSB-HB,0.4844247281414976
fixed,TSB-HB,0.0
fixed,TSB-HB,0.4844247281414976
fixed,TSB-HB,0.0
fixed,TSB-HB,0.670938910255534
fixed,TSB-HB,0.0
fixed,TSB-HB,0.670938910255534
fixed,TSB-HB,0.670938910255534
fixed,TSB-HB,0.0
fixed,TSB-HB,0.0
fixed,TSB-HB,0.0
fixed,TSB-HB,0.3797780085441753
fixed,TSB-HB,0.6252778491781059
fixed,TSB-HB,0.0
fixed,TSB-HB,0.3797780085441753
fixed,TSB-HB,0.3797780085441753
fixed,TSB-HB,0.5257487454157621
fixed,TSB-HB,0.5257487454157621
fixed,TSB-HB,0.5257487454157621
fixed,TSB-HB,0.0
fixed,TSB-HB,0.0
fixed,TSB-HB,0.0
fixed,TSB-HB,0.26923527513155726
fixed,TSB-HB,0.26923527513155726
fixed,TSB-HB,1.0
fixed,TSB-HB,0.0
fixed,TSB-HB,0.6987072697563254
fixed,TSB-HB,0.5077069373758752
fixed,TSB-HB,0.40646649160642256
fixed,TSB-HB,0.6957985315253392
fixed,TSB-HB,0.40646649160642256
fixed,TSB-HB,1.0
fixed,TSB-HB,0.23765411463676778
fixed,TSB-HB,0.0
fixed,TSB-HB,0.0
fixed,TSB-HB,0.7948349888057316
fixed,TSB-HB,0.1816798872747628
fixed,TSB-HB,0.7188109506032043
fixed,TSB-HB,0.7948349888057316
fixed,TSB-HB,0.5907622089628366
fixed,TSB-HB,0.3117549246542874
fixed,TSB-HB,0.6162350647124815
fixed,TSB-HB,0.7000723849245155
fixed,TSB-HB,0.1607125072134769
fixed,TSB-HB,0.8028980554894888
fixed,TSB-HB,0.0
fixed,TSB-HB,0.0
fixed,TSB-HB,0.8569510680447681
fixed,TSB-HB,0.0
fixed,TSB-HB,0.0
fixed,TSB-HB,0.16567446693827736
fixed,TSB-HB,0.0
fixed,TSB-HB,0.32826685693148866
fixed,TSB-HB,0.6393356895309762
fixed,TSB-HB,0.6393356895309762
fixed,TSB-HB,1.0
fixed,TSB-HB,0.823810150021894
fixed,TSB-HB,0.0
fixed,TSB-HB,0.825565016117362
fixed,TSB-HB,0.5252479873821909
fixed,TSB-HB,0.0
fixed,TSB-HB,0.825565016117362
fixed,TSB-HB,0.5252479873821909
fixed,TSB-HB,0.5252479873821909
fixed,TSB-HB,0.0
fixed,TSB-HB,0.0
fixed,TSB-HB,0.49548437165239245
fixed,TSB-HB,0.0
fixed,TSB-HB,0.0
fixed,TSB-HB,0.49548437165239245
fixed,TSB-HB,0.0
fixed,TSB-HB,0.0
fixed,TSB-HB,0.755008086867769
fixed,TSB-HB,0.0
fixed,TSB-HB,0.0
fixed,TSB-HB,0.4498467658632718
fixed,TSB-HB,0.5609263213534315
fixed,TSB-HB,1.0
fixed,TSB-HB,0.8029930613707202
fixed,TSB-HB,0.8729609447671016
fixed,TSB-HB,0.3798802092368115
fixed,TSB-HB,0.8729609447671016
fixed,TSB-HB,0.1848476932859865
fixed,TSB-HB,0.6627606507042861
fixed,TSB-HB,0.2847689141587969
fixed,TSB-HB,0.2847689141587969
fixed,TSB-HB,0.2847689141587969
fixed,TSB-HB,0.1848476932859865
fixed,TSB-HB,0.5831736867459024
fixed,TSB-HB,0.38586938387612035
fixed,TSB-HB,0.567331227138191
fixed,TSB-HB,0.8594087924419791
fixed,TSB-HB,0.13959131191420127
fixed,TSB-HB,0.3064734982257351
fixed,TSB-HB,0.0
fixed,TSB-HB,1.0
fixed,TSB-HB,0.16336806627083783
fixed,TSB-HB,0.22673613254167563
fixed,TSB-HB,0.6118590122747378
fixed,TSB-HB,0.38302172055822303
fixed,TSB-HB,0.4542936574219769
fixed,TSB-HB,0.5757728403835982
fixed,TSB-HB,1.0
fixed,TSB-HB,0.241658271915482
fixed,TSB-HB,0.17082913595774102
fixed,TSB-HB,0.5209250894127453
fixed,TSB-HB,0.1430534517117241
fixed,TSB-HB,0.2517439765218461
fixed,TSB-HB,0.30638397526249994
fixed,TSB-HB,0.0
fixed,TSB-HB,0.8924540748676488
fixed,TSB-HB,0.2517439765218461
fixed,TSB-HB,0.0
fixed,TSB-HB,0.3309920220587443
fixed,TSB-HB,0.0
fixed,TSB-HB,0.5241772166251861
fixed,TSB-HB,1.0
fixed,TSB-HB,0.0
fixed,TSB-HB,0.8597460472380974
fixed,TSB-HB,0.0
fixed,TSB-HB,0.28111535024875334
fixed,TSB-HB,0.5030308608045873
fixed,TSB-HB,0.5030308608045873
fixed,TSB-HB,0.28111535024875334
fixed,TSB-HB,0.4473195355013063
fixed,TSB-HB,0.0
fixed,TSB-HB,0.0
fixed,TSB-HB,0.4473195355013063
fixed,TSB-HB,0.0
fixed,TSB-HB,0.0
fixed,TSB-HB,0.5478008480285403
fixed,TSB-HB,0.4860245381613483
fixed,TSB-HB,0.763116529623055
fixed,TSB-HB,0.7216326302802434
fixed,TSB-HB,0.4860245381613483
fixed,TSB-HB,0.32635051504292373
fixed,TSB-HB,0.0
fixed,TSB-HB,0.0
fixed,TSB-HB,0.19782866973661484
fixed,TSB-HB,0.8994124858077424
fixed,TSB-HB,0.3302328336076953
fixed,TSB-HB,0.19782866973661484
fixed,TSB-HB,0.13710404467968793
fixed,TSB-HB,0.0
fixed,TSB-HB,0.3756423687166406
fixed,TSB-HB,0.7662201492117373
fixed,TSB-HB,0.8073554373724616
fixed,TSB-HB,0.13710404467968793
fixed,TSB-HB,0.35660533317417953
fixed,TSB-HB,0.8706500652923037
fixed,TSB-HB,0.5976217642550855
fixed,TSB-HB,0.35660533317417953
fixed,TSB-HB,0.5976217642550855
fixed,TSB-HB,0.0
fixed,TSB-HB,1.0
fixed,TSB-HB,0.762420862736055
fixed,TSB-HB,0.6933176503479823
fixed,TSB-HB,0.27231135651964794
fixed,TSB-HB,0.6933176503479823
fixed,TSB-HB,0.6071187275117713
fixed,TSB-HB,0.0
fixed,TSB-HB,1.0
fixed,TSB-HB,1.0
fixed,TSB-HB,0.0
fixed,TSB-HB,0.0
fixed,TSB-HB,0.0
fixed,TSB-HB,1.0
fixed,TSB-HB,0.8284178318315887
fixed,TSB-HB,0.7517593977557133
fixed,TSB-HB,0.7517593977557133
fixed,TSB-HB,0.8284178318315887
fixed,TSB-HB,0.8284178318315887
fixed,TSB-HB,0.0
fixed,TSB-HB,0.8835909155901649
fixed,TSB-HB,1.0
fixed,TSB-HB,0.8835909155901649
fixed,TSB-HB,0.0
fixed,TSB-HB,0.8835909155901649
fixed,TSB-HB,0.0
fixed,TSB-HB,0.7510012955028711
fixed,TSB-HB,1.0
fixed,TSB-HB,1.0
fixed,TSB-HB,0.0
fixed,TSB-HB,1.0
fixed,TSB-HB,1.0
fixed,TSB-HB,0.20248982775901253
fixed,TSB-HB,1.0
fixed,TSB-HB,0.7189404094770038
fixed,TSB-HB,0.7482918973077638
fixed,TSB-HB,0.6308859459847237
fixed,TSB-HB,0.0
fixed,TSB-HB,0.0
fixed,TSB-HB,0.5520250093683462
fixed,TSB-HB,0.7462848560567859
fixed,TSB-HB,0.5520250093683462
fixed,TSB-HB,0.0
fixed,TSB-HB,0.0
fixed,TSB-HB,0.2861603312849859
fixed,TSB-HB,0.8888469327130492
fixed,TSB-HB,0.0
fixed,TSB-HB,0.14420361225229822
fixed,TSB-HB,0.18840722450459646
fixed,TSB-HB,0.0
fixed,TSB-HB,0.0
fixed,TSB-HB,0.8575911944610177
fixed,TSB-HB,0.1638709389417416
fixed,TSB-HB,0.0
fixed,TSB-HB,0.0
fixed,TSB-HB,0.0
fixed,TSB-HB,0.4496619966921055
fixed,TSB-HB,0.0
fixed,TSB-HB,0.0
fixed,TSB-HB,0.0
fixed,TSB-HB,0.0
fixed,TSB-HB,1.0
fixed,TSB-HB,1.0
fixed,TSB-HB,0.880824935422193
fixed,TSB-HB,0.0
fixed,TSB-HB,0.0
fixed,TSB-HB,0.0
fixed,TSB-HB,0.1991753162741349
fixed,TSB-HB,0.11983506325482698
fixed,TSB-HB,0.7161745087525166
fixed,TSB-HB,0.11983506325482698
fixed,TSB-HB,0.23884544278378886
fixed,TSB-HB,0.11983506325482698
fixed,TSB-HB,0.0
fixed,TSB-HB,0.0
fixed,TSB-HB,0.7831253322658083
fixed,TSB-HB,0.16502072493576073
fixed,TSB-HB,0.16502072493576073
fixed,TSB-HB,0.5349563113852835
fixed,TSB-HB,0.0
fixed,TSB-HB,0.4270826588036992
fixed,TSB-HB,0.22203095692588404
fixed,TSB-HB,0.8352196245321482
fixed,TSB-HB,0.6427096503229651
fixed,TSB-HB,0.6044540429183201
fixed,TSB-HB,0.0
fixed,TSB-HB,0.0
fixed,TSB-HB,0.5835882155128684
fixed,TSB-HB,0.5265857424655174
fixed,TSB-HB,0.0
fixed,TSB-HB,0.8010653327962836
fixed,TSB-HB,0.0
fixed,TSB-HB,0.7567020416445849
fixed,TSB-HB,0.7926921729861376
fixed,TSB-HB,0.7567020416445849
fixed,TSB-HB,0.1765225756280836
fixed,TSB-HB,0.7926921729861376
fixed,TSB-HB,0.14784797749317619
fixed,TSB-HB,0.6882257724857954
fixed,TSB-HB,0.462636975080882
fixed,TSB-HB,0.4310422540596359
fixed,TSB-HB,0.5348448520007447
fixed,TSB-HB,0.33625809099589754
fixed,TSB-HB,0.0
fixed,TSB-HB,0.0
fixed,TSB-HB,0.5231172175964636
fixed,TSB-HB,0.5231172175964636
fixed,TSB-HB,0.0
fixed,TSB-HB,0.7885867537711294
fixed,TSB-HB,0.17592161783139723
fixed,TSB-HB,0.4967931571403569
fixed,TSB-HB,0.540098163693577
fixed,TSB-HB,0.0
fixed,TSB-HB,0.4967931571403569
fixed,TSB-HB,0.17592161783139723
fixed,TSB-HB,0.5492716220208949
fixed,TSB-HB,0.0
fixed,TSB-HB,0.8153693924279543
fixed,TSB-HB,0.8354330411057272
fixed,TSB-HB,1.0
fixed,TSB-HB,0.5492716220208949
fixed,TSB-HB,0.47836415019325706
fixed,TSB-HB,0.0
fixed,TSB-HB,0.47836415019325706
fixed,TSB-HB,0.7721551262427956
fixed,TSB-HB,0.8786273559045177
fixed,TSB-HB,0.7721551262427956
fixed,TSB-HB,0.7641559685994987
fixed,TSB-HB,0.7641559685994987
fixed,TSB-HB,0.8581068675588437
fixed,TSB-HB,0.0
fixed,TSB-HB,0.0
fixed,TSB-HB,0.0
fixed,TSB-HB,0.0
fixed,TSB-HB,0.0
fixed,TSB-HB,0.8161629962725042
fixed,TSB-HB,0.5354379056620477
fixed,TSB-HB,0.7151391609290435
fixed,TSB-HB,0.3903797349044543
fixed,TSB-HB,0.0
fixed,TSB-HB,0.6348044731260378
fixed,TSB-HB,0.8981498440560596
fixed,TSB-HB,0.0
fixed,TSB-HB,0.4034168941182129
fixed,TSB-HB,0.0
fixed,TSB-HB,0.46065851653973344
fixed,TSB-HB,0.46065851653973344
fixed,TSB-HB,0.46065851653973344
fixed,TSB-HB,0.46065851653973344
fixed,TSB-HB,0.7796277295324384
fixed,TSB-HB,0.0
fixed,TSB-HB,0.0
fixed,TSB-HB,0.6382736843260557
fixed,TSB-HB,0.0
fixed,TSB-HB,0.7773028824700545
fixed,TSB-HB,0.0
fixed,TSB-HB,0.7637871397766705
fixed,TSB-HB,0.3101198576840797
fixed,TSB-HB,0.0
fixed,TSB-HB,0.0
fixed,TSB-HB,0.3101198576840797
fixed,TSB-HB,0.0
fixed,TSB-HB,0.0
fixed,TSB-HB,0.0
fixed,TSB-HB,0.0
fixed,TSB-HB,0.0
fixed,TSB-HB,0.591277614691594
fixed,TSB-HB,0.591277614691594
fixed,TSB-HB,0.0
fixed,TSB-HB,0.5670259846056424
fixed,TSB-HB,0.0
fixed,TSB-HB,0.6695698913816698
fixed,TSB-HB,0.6695698913816698
fixed,TSB-HB,1.0
fixed,TSB-HB,0.0
fixed,TSB-HB,0.18583556478956503
fixed,TSB-HB,0.44284765114691604
fixed,TSB-HB,0.5818078436455193
fixed,TSB-HB,0.28887410418092657
fixed,TSB-HB,0.28887410418092657
fixed,TSB-HB,0.0
fixed,TSB-HB,0.24521346180165973
fixed,TSB-HB,0.5068943012648124
fixed,TSB-HB,0.8285505577222165
fixed,TSB-HB,0.0
fixed,TSB-HB,0.8285505577222165
fixed,TSB-HB,0.713055809664555
fixed,TSB-HB,0.44476791219067413
fixed,TSB-HB,0.0
fixed,TSB-HB,0.44476791219067413
fixed,TSB-HB,0.44476791219067413
fixed,TSB-HB,1.0
fixed,TSB-HB,0.0
fixed,TSB-HB,0.0
fixed,TSB-HB,1.0
fixed,TSB-HB,0.4790443163732164
fixed,TSB-HB,0.6420617084489765
fixed,TSB-HB,0.0
fixed,TSB-HB,0.28258070071752883
fixed,TSB-HB,0.0
fixed,TSB-HB,0.8445887367450977
fixed,TSB-HB,0.8560616146716526
fixed,TSB-HB,0.3997865435494202
fixed,TSB-HB,0.5257828632110849
fixed,TSB-HB,0.16186929789567767
fixed,TSB-HB,0.0
fixed,TSB-HB,0.31110229878753887
fixed,TSB-HB,0.12565187543643008
fixed,TSB-HB,0.12565187543643008
fixed,TSB-HB,1.0
fixed,TSB-HB,0.22825937718215042
fixed,TSB-HB,0.4979785775953547
fixed,TSB-HB,0.4979785775953547
fixed,TSB-HB,0.0
fixed,TSB-HB,0.7795243925388406
fixed,TSB-HB,0.0
fixed,TSB-HB,1.0
fixed,TSB-HB,0.41442840460559893
fixed,TSB-HB,0.41442840460559893
fixed,TSB-HB,0.41442840460559893
fixed,TSB-HB,0.41442840460559893
fixed,TSB-HB,0.2354766823003174
fixed,TSB-HB,0.41442840460559893
fixed,TSB-HB,0.7510991119399942
fixed,TSB-HB,0.0
fixed,TSB-HB,0.2834811269243265
fixed,TSB-HB,0.0
fixed,TSB-HB,0.5469222179808573
fixed,TSB-HB,1.0
fixed,TSB-HB,0.0
fixed,TSB-HB,1.0
fixed,TSB-HB,1.0
fixed,TSB-HB,0.7531460686374261
fixed,TSB-HB,0.0
fixed,TSB-HB,0.7531460686374261
fixed,TSB-HB,1.0
fixed,TSB-HB,0.4314172308538259
fixed,TSB-HB,1.0
fixed,TSB-HB,0.4314172308538259
fixed,TSB-HB,0.4314172308538259
fixed,TSB-HB,0.4314172308538259
fixed,TSB-HB,1.0
fixed,TSB-HB,0.0
fixed,TSB-HB,0.0
fixed,TSB-HB,0.7683541516834089
fixed,TSB-HB,0.7683541516834089
fixed,TSB-HB,0.0
fixed,TSB-HB,0.22319626881854762
fixed,TSB-HB,0.6404390083665698
fixed,TSB-HB,0.7310501264434618
fixed,TSB-HB,0.6404390083665698
fixed,TSB-HB,0.5498278902896777
fixed,TSB-HB,0.5498278902896777
fixed,TSB-HB,0.0
fixed,TSB-HB,0.0
fixed,TSB-HB,0.6306227336325347
fixed,TSB-HB,0.8457908675072696
fixed,TSB-HB,0.8457908675072696
fixed,TSB-HB,0.0
fixed,TSB-HB,0.23897021013222053
fixed,TSB-HB,0.0
fixed,TSB-HB,0.14632340337740685
fixed,TSB-HB,0.310420283510794
fixed,TSB-HB,0.19264680675481372
fixed,TSB-HB,0.0
fixed,TSB-HB,0.0
fixed,TSB-HB,0.33647277838654627
fixed,TSB-HB,0.33647277838654627
fixed,TSB-HB,0.42294555677309253
fixed,TSB-HB,0.0
fixed,TSB-HB,0.5078268424348206
fixed,TSB-HB,0.0
fixed,TSB-HB,0.7672497558403364
fixed,TSB-HB,0.6505444986246844
fixed,TSB-HB,1.0
fixed,TSB-HB,0.8857427875633862
fixed,TSB-HB,0.8857427875633862
fixed,TSB-HB,0.18325199440961035
fixed,TSB-HB,0.5733663473557866
fixed,TSB-HB,0.7112447823736082
fixed,TSB-HB,0.1555013296064069
fixed,TSB-HB,0.0
fixed,TSB-HB,0.1555013296064069
fixed,TSB-HB,0.7546772391140827
fixed,TSB-HB,0.0
fixed,TSB-HB,0.0
fixed,TSB-HB,0.4538161283715746
fixed,TSB-HB,0.3519080641857873
fixed,TSB-HB,0.8406824461003699
fixed,TSB-HB,0.6377041558080846
fixed,TSB-HB,0.6377041558080846
fixed,TSB-HB,0.0
fixed,TSB-HB,0.8035700762683714
fixed,TSB-HB,0.40062777358234236
fixed,TSB-HB,0.40062777358234236
fixed,TSB-HB,0.5829110320549336
fixed,TSB-HB,0.3656447115450925
fixed,TSB-HB,0.0
fixed,TSB-HB,0.5829110320549336
fixed,TSB-HB,0.3656447115450925
fixed,TSB-HB,0.3656447115450925
fixed,TSB-HB,0.6049330126027725
fixed,TSB-HB,1.0
fixed,TSB-HB,1.0
fixed,TSB-HB,0.7876903636379384
fixed,TSB-HB,0.33678610805666837
fixed,TSB-HB,1.0
fixed,TSB-HB,0.49079197147882736
fixed,TSB-HB,1.0
fixed,TSB-HB,0.7769042417515493
fixed,TSB-HB,1.0
fixed,TSB-HB,0.7769042417515493
fixed,TSB-HB,0.49079197147882736
fixed,TSB-HB,0.0
fixed,TSB-HB,0.3241077349467047
fixed,TSB-HB,0.0
fixed,TSB-HB,0.8016301138060016
fixed,TSB-HB,0.0
fixed,TSB-HB,1.0
fixed,TSB-HB,0.670987108504232
fixed,TSB-HB,0.3957806895271877
fixed,TSB-HB,0.670987108504232
fixed,TSB-HB,0.8319609092067494
fixed,TSB-HB,0.0
fixed,TSB-HB,1.0
fixed,TSB-HB,0.6262366267172399
fixed,TSB-HB,1.0
fixed,TSB-HB,0.0
fixed,TSB-HB,0.29973924424206955
fixed,TSB-HB,0.8152630077679326
fixed,TSB-HB,0.4889366265505891
fixed,TSB-HB,0.4734952019957348
fixed,TSB-HB,0.4734952019957348
fixed,TSB-HB,0.0
fixed,TSB-HB,0.24531307194356278
fixed,TSB-HB,0.7779408807564899
fixed,TSB-HB,0.7535253978456317
fixed,TSB-HB,0.4491873201748448
fixed,TSB-HB,0.7665522850458745
fixed,TSB-HB,0.0
fixed,TSB-HB,0.7665522850458745
fixed,TSB-HB,0.4491873201748448
fixed,TSB-HB,0.23674395007174148
fixed,TSB-HB,0.0
fixed,TSB-HB,0.0
fixed,TSB-HB,0.7605678041440962
fixed,TSB-HB,0.7605678041440962
fixed,TSB-HB,1.0
fixed,TSB-HB,0.4833377595408287
fixed,TSB-HB,0.1588334680089964
fixed,TSB-HB,0.86988788897807
fixed,TSB-HB,0.6474550029076882
fixed,TSB-HB,0.6474550029076882
fixed,TSB-HB,0.21766693601799275
fixed,TSB-HB,1.0
fixed,TSB-HB,0.0
fixed,TSB-HB,0.0
fixed,TSB-HB,0.0
fixed,TSB-HB,0.46326891991552854
fixed,TSB-HB,0.46326891991552854
fixed,TSB-HB,0.46326891991552854
fixed,TSB-HB,0.0
fixed,TSB-HB,0.0
fixed,TSB-HB,0.0
fixed,TSB-HB,0.8493786815147961
fixed,TSB-HB,0.6922074253047295
fixed,TSB-HB,0.0
fixed,TSB-HB,1.0
fixed,TSB-HB,0.8160616001690001
fixed,TSB-HB,0.4448529969651161
fixed,TSB-HB,0.6949082345650469
fixed,TSB-HB,0.5811254641408516
fixed,TSB-HB,0.2527128758094114
fixed,TSB-HB,0.5219198156947336
fixed,TSB-HB,0.5219198156947336
fixed,TSB-HB,1.0
fixed,TSB-HB,0.5219198156947336
fixed,TSB-HB,1.0
fixed,TSB-HB,1.0
fixed,TSB-HB,0.8156692082532403
fixed,TSB-HB,1.0
fixed,TSB-HB,0.8156692082532403
fixed,TSB-HB,0.0
fixed,TSB-HB,0.8156692082532403
fixed,TSB-HB,0.4930000104190181
fixed,TSB-HB,0.4354371409606006
fixed,TSB-HB,0.4354371409606006
fixed,TSB-HB,0.7779106317883117
fixed,TSB-HB,0.7779106317883117
fixed,TSB-HB,0.0
fixed,TSB-HB,0.0
fixed,TSB-HB,0.8465949698711608
fixed,TSB-HB,0.8964608185424293
fixed,TSB-HB,0.7967291211998923
fixed,TSB-HB,0.6316476026229874
fixed,TSB-HB,1.0
fixed,TSB-HB,0.3986490611922641
fixed,TSB-HB,0.0
fixed,TSB-HB,0.5472254153990732
fixed,TSB-HB,0.7689732684210799
fixed,TSB-HB,0.5472254153990732
fixed,TSB-HB,1.0
fixed,TSB-HB,1.0
fixed,TSB-HB,0.0
fixed,TSB-HB,0.7868079761699891
fixed,TSB-HB,0.8786251460145242
fixed,TSB-HB,1.0
fixed,TSB-HB,0.2429332734057699
fixed,TSB-HB,0.7868079761699891
fixed,TSB-HB,0.18979370037876042
fixed,TSB-HB,1.0
fixed,TSB-HB,0.7546195143443413
fixed,TSB-HB,0.8505547925048231
fixed,TSB-HB,0.18979370037876042
fixed,TSB-HB,0.5499758921402325
fixed,TSB-HB,0.3478689534819358
fixed,TSB-HB,0.6956984387669686
fixed,TSB-HB,0.6956984387669686
fixed,TSB-HB,0.5328743601720297
fixed,TSB-HB,0.3478689534819358
fixed,TSB-HB,0.6956984387669686
fixed,TSB-HB,0.0
fixed,TSB-HB,0.5143036748789502
fixed,TSB-HB,0.7047337027442591
fixed,TSB-HB,0.7047337027442591
fixed,TSB-HB,1.0
fixed,TSB-HB,0.7047337027442591
fixed,TSB-HB,0.7632229490141419
fixed,TSB-HB,0.0
fixed,TSB-HB,0.36785136762715287
fixed,TSB-HB,0.4857027352543058
fixed,TSB-HB,0.0
fixed,TSB-HB,0.4857027352543058
fixed,TSB-HB,0.0
fixed,TSB-HB,0.34514409551384956
fixed,TSB-HB,0.34514409551384956
fixed,TSB-HB,0.6285527505681985
fixed,TSB-HB,1.0
fixed,TSB-HB,0.34514409551384956
fixed,TSB-HB,0.5179529847282431
fixed,TSB-HB,0.7294073783007106
fixed,TSB-HB,0.7294073783007106
fixed,TSB-HB,0.5179529847282431
fixed,TSB-HB,0.2499585562481436
fixed,TSB-HB,0.0
fixed,TSB-HB,0.8476884815552044
fixed,TSB-HB,0.5581488184722462
fixed,TSB-HB,0.8476884815552044
fixed,TSB-HB,0.8476884815552044
fixed,TSB-HB,0.8476884815552044
fixed,TSB-HB,0.0
fixed,TSB-HB,0.8224302266616232
fixed,TSB-HB,1.0
fixed,TSB-HB,0.49384809276623387
fixed,TSB-HB,0.0
fixed,TSB-HB,0.0
fixed,TSB-HB,0.49384809276623387
fixed,TSB-HB,0.32592488593787705
fixed,TSB-HB,0.48808983935060435
fixed,TSB-HB,0.48808983935060435
fixed,TSB-HB,0.7514273738675447
fixed,TSB-HB,1.0
fixed,TSB-HB,0.8625552830749939
fixed,TSB-HB,0.5663140128917947
fixed,TSB-HB,0.5663140128917947
fixed,TSB-HB,0.0
fixed,TSB-HB,0.0
fixed,TSB-HB,0.3625713923510119
fixed,TSB-HB,0.3625713923510119
fixed,TSB-HB,0.7809646151588102
fixed,TSB-HB,0.6153398036596405
fixed,TSB-HB,0.7809646151588102
fixed,TSB-HB,0.6153398036596405
fixed,TSB-HB,0.42556196238570426
fixed,TSB-HB,0.0
fixed,TSB-HB,0.0
fixed,TSB-HB,0.0
fixed,TSB-HB,0.8075598110843023
fixed,TSB-HB,0.5144466181223378
fixed,TSB-HB,0.8075598110843023
fixed,TSB-HB,0.5144466181223378
fixed,TSB-HB,0.0
fixed,TSB-HB,0.7856628982597408
fixed,TSB-HB,0.7856628982597408
fixed,TSB-HB,0.7856628982597408
fixed,TSB-HB,0.7856628982597408
fixed,TSB-HB,0.7856628982597408
fixed,TSB-HB,0.2923734379480526
fixed,TSB-HB,0.2923734379480526
fixed,TSB-HB,1.0
fixed,TSB-HB,0.0
fixed,TSB-HB,0.5004210898803497
fixed,TSB-HB,0.797187597684889
fixed,TSB-HB,0.48105449644179965
fixed,TSB-HB,0.48105449644179965
fixed,TSB-HB,0.48105449644179965
fixed,TSB-HB,0.0
fixed,TSB-HB,0.0
fixed,TSB-HB,0.48105449644179965
fixed,TSB-HB,0.49847006236444436
fixed,TSB-HB,0.8034483977422041
fixed,TSB-HB,0.8034483977422041
fixed,TSB-HB,0.49847006236444436
fixed,TSB-HB,0.6829862336983948
fixed,TSB-HB,0.26186625305561434
fixed,TSB-HB,0.0
fixed,TSB-HB,0.7012460219938057
fixed,TSB-HB,0.411998159962115
fixed,TSB-HB,0.0
fixed,TSB-HB,0.8652203439475055
fixed,TSB-HB,0.411998159962115
fixed,TSB-HB,0.24143630021411416
fixed,TSB-HB,0.0
fixed,TSB-HB,1.0
fixed,TSB-HB,0.6742195142567696
fixed,TSB-HB,0.4840516224212996
fixed,TSB-HB,0.24143630021411416
fixed,TSB-HB,0.0
fixed,TSB-HB,0.5327023085227257
fixed,TSB-HB,1.0
fixed,TSB-HB,0.0
fixed,TSB-HB,0.5327023085227257
fixed,TSB-HB,0.5327023085227257
fixed,TSB-HB,0.33096652148856137
fixed,TSB-HB,0.33096652148856137
fixed,TSB-HB,0.33096652148856137
fixed,TSB-HB,0.7539247827208598
fixed,TSB-HB,0.6626056319888329
fixed,TSB-HB,0.5666798518181203
fixed,TSB-HB,0.8340470495847351
fixed,TSB-HB,0.4547720489654839
fixed,TSB-HB,0.4547720489654839
fixed,TSB-HB,0.5683907364751187
fixed,TSB-HB,1.0
fixed,TSB-HB,0.5683907364751187
fixed,TSB-HB,0.46825852100672877
fixed,TSB-HB,0.14989041807195888
fixed,TSB-HB,0.558796345987381
fixed,TSB-HB,0.6415967898099513
fixed,TSB-HB,0.7243972336325214
fixed,TSB-HB,0.8156276421722412
fixed,TSB-HB,0.4277578437033833
fixed,TSB-HB,0.6346267253715068
fixed,TSB-HB,0.6346267253715068
fixed,TSB-HB,0.6346267253715068
fixed,TSB-HB,0.4277578437033833
fixed,TSB-HB,0.4277578437033833
fixed,TSB-HB,0.5225403550770163
fixed,TSB-HB,0.5848374729500504
fixed,TSB-HB,0.0
fixed,TSB-HB,0.44289007211636056
fixed,TSB-HB,0.26391252671903115
fixed,TSB-HB,0.5225403550770163
fixed,TSB-HB,0.6025900107221391
fixed,TSB-HB,1.0
fixed,TSB-HB,0.8839195487573642
fixed,TSB-HB,0.6025900107221391
fixed,TSB-HB,0.6025900107221391
fixed,TSB-HB,0.78238585801784
fixed,TSB-HB,0.35629588092456416
fixed,TSB-HB,0.0
fixed,TSB-HB,0.35629588092456416
fixed,TSB-HB,0.35629588092456416
fixed,TSB-HB,0.0
fixed,TSB-HB,0.0
fixed,TSB-HB,0.0
fixed,TSB-HB,0.0
fixed,TSB-HB,0.0
fixed,TSB-HB,0.6799539402425274
fixed,TSB-HB,0.0
fixed,TSB-HB,0.23104094939687592
fixed,TSB-HB,0.7915328291117693
fixed,TSB-HB,0.6331988954853309
fixed,TSB-HB,0.6331988954853309
fixed,TSB-HB,0.7915328291117693
fixed,TSB-HB,0.0
fixed,TSB-HB,0.43482557534218313
fixed,TSB-HB,0.370494077831526
fixed,TSB-HB,0.0
fixed,TSB-HB,0.370494077831526
fixed,TSB-HB,0.370494077831526
fixed,TSB-HB,0.0
fixed,TSB-HB,0.370494077831526
fixed,TSB-HB,0.48750377103837955
fixed,TSB-HB,0.48750377103837955
fixed,TSB-HB,0.0
fixed,TSB-HB,0.48750377103837955
fixed,TSB-HB,0.7530405714164813
fixed,TSB-HB,0.0
fixed,TSB-HB,0.6056805587012978
fixed,TSB-HB,1.0
fixed,TSB-HB,0.18130037056979526
fixed,TSB-HB,1.0
fixed,TSB-HB,0.5196386446553699
fixed,TSB-HB,0.5196386446553699
fixed,TSB-HB,0.0
fixed,TSB-HB,0.4676519156208099
fixed,TSB-HB,0.0
fixed,TSB-HB,0.0
fixed,TSB-HB,0.734932527858689
fixed,TSB-HB,0.0
fixed,TSB-HB,0.48981606155911483
fixed,TSB-HB,0.48981606155911483
fixed,TSB-HB,0.0
fixed,TSB-HB,0.0
fixed,TSB-HB,0.0
fixed,TSB-HB,0.0
fixed,TSB-HB,0.551748549422297
fixed,TSB-HB,1.0
fixed,TSB-HB,0.551748549422297
fixed,TSB-HB,0.551748549422297
fixed,TSB-HB,1.0
fixed,TSB-HB,0.0
fixed,TSB-HB,0.8449920853029684
fixed,TSB-HB,0.7748739524753817
fixed,TSB-HB,0.7748739524753817
fixed,TSB-HB,0.47817850440297105
fixed,TSB-HB,0.47817850440297105
fixed,TSB-HB,0.47817850440297105
fixed,TSB-HB,0.0
fixed,TSB-HB,1.0
fixed,TSB-HB,0.8838224280403466
fixed,TSB-HB,0.5752150876486726
fixed,TSB-HB,1.0
fixed,TSB-HB,0.0
fixed,TSB-HB,0.7888422955522714
fixed,TSB-HB,0.0
fixed,TSB-HB,0.0
fixed,TSB-HB,0.7888422955522714
fixed,TSB-HB,0.0
fixed,TSB-HB,0.7888422955522714
fixed,TSB-HB,0.529228403085158
fixed,TSB-HB,0.0
fixed,TSB-HB,0.27974038001620743
fixed,TSB-HB,0.7562960351960044
fixed,TSB-HB,0.0
fixed,TSB-HB,1.0
fixed,TSB-HB,0.0
fixed,TSB-HB,0.5328679438897855
fixed,TSB-HB,0.3878989921907252
fixed,TSB-HB,1.0
fixed,TSB-HB,0.44685161499239173
fixed,TSB-HB,0.8748356841238966
fixed,TSB-HB,0.0
fixed,TSB-HB,0.0
fixed,TSB-HB,0.37596492215300104
fixed,TSB-HB,0.0
fixed,TSB-HB,0.37596492215300104
fixed,TSB-HB,0.0
fixed,TSB-HB,0.0
fixed,TSB-HB,0.7007393715686587
fixed,TSB-HB,0.398892895505119
fixed,TSB-HB,0.398892895505119
fixed,TSB-HB,0.0
fixed,TSB-HB,0.398892895505119
fixed,TSB-HB,0.5481767063273155
fixed,TSB-HB,0.4888969798981512
fixed,TSB-HB,0.7606920765197257
fixed,TSB-HB,0.21568197391867933
fixed,TSB-HB,0.8377446397559947
fixed,TSB-HB,0.7171272967788297
fixed,TSB-HB,0.2059904314581124
fixed,TSB-HB,0.7823273227297681
fixed,TSB-HB,0.6130577332336055
fixed,TSB-HB,0.0
fixed,TSB-HB,0.5057852481233702
fixed,TSB-HB,0.42715316243561063
fixed,TSB-HB,0.0
fixed,TSB-HB,0.0
fixed,TSB-HB,0.0
fixed,TSB-HB,0.0
fixed,TSB-HB,0.0
fixed,TSB-HB,0.0
fixed,TSB-HB,0.0
fixed,TSB-HB,0.47000043307208944
fixed,TSB-HB,0.47000043307208944
fixed,TSB-HB,0.2619318174096506
fixed,TSB-HB,0.6325107829917972
fixed,TSB-HB,0.7664021204779986
fixed,TSB-HB,0.0
fixed,TSB-HB,0.36077368923002745
fixed,TSB-HB,0.36077368923002745
fixed,TSB-HB,0.0
fixed,TSB-HB,0.0
fixed,TSB-HB,0.563560007144099
fixed,TSB-HB,0.0
fixed,TSB-HB,0.5951694245289718
fixed,TSB-HB,0.3649822986633849
fixed,TSB-HB,0.3649822986633849
fixed,TSB-HB,0.5951694245289718
fixed,TSB-HB,0.22486240239187988
fixed,TSB-HB,0.0
fixed,TSB-HB,0.5506084319311272
fixed,TSB-HB,1.0
fixed,TSB-HB,0.5506084319311272
fixed,TSB-HB,0.8523560607965859
fixed,TSB-HB,0.0
fixed,TSB-HB,0.0
fixed,TSB-HB,0.0
fixed,TSB-HB,0.8119715160745999
fixed,TSB-HB,0.0
fixed,TSB-HB,1.0
fixed,TSB-HB,0.0
fixed,TSB-HB,0.569540524284041
fixed,TSB-HB,0.569540524284041
fixed,TSB-HB,1.0
fixed,TSB-HB,0.8311324372097253
fixed,TSB-HB,0.0
fixed,TSB-HB,0.8311324372097253
fixed,TSB-HB,0.21527334197540104
fixed,TSB-HB,0.5933544489028735
fixed,TSB-HB,0.5933544489028735
fixed,TSB-HB,0.40192221864413324
fixed,TSB-HB,0.7563005885541526
fixed,TSB-HB,0.5933544489028735
fixed,TSB-HB,0.5632998314167362
fixed,TSB-HB,0.2866548267986061
fixed,TSB-HB,0.2866548267986061
fixed,TSB-HB,0.7677848445128367
fixed,TSB-HB,0.2866548267986061
fixed,TSB-HB,0.7677848445128367
fixed,TSB-HB,0.0
fixed,TSB-HB,0.6860665510062691
fixed,TSB-HB,0.6860665510062691
fixed,TSB-HB,0.37415732323192086
fixed,TSB-HB,0.6860665510062691
fixed,TSB-HB,0.0
fixed,TSB-HB,0.0
fixed,TSB-HB,0.609397732539522
fixed,TSB-HB,0.754175546296443
fixed,TSB-HB,0.754175546296443
fixed,TSB-HB,0.8196060151965575
fixed,TSB-HB,0.0
fixed,TSB-HB,0.0
fixed,TSB-HB,0.0
fixed,TSB-HB,0.0
fixed,TSB-HB,0.0
fixed,TSB-HB,0.7173483870234004
fixed,TSB-HB,0.7173483870234004
fixed,TSB-HB,0.0
fixed,TSB-HB,0.0
fixed,TSB-HB,0.20439820655490706
fixed,TSB-HB,0.7062039004416807
fixed,TSB-HB,0.7989916141076688
fixed,TSB-HB,0.5546473600892954
fixed,TSB-HB,0.23747968751357185
fixed,TSB-HB,0.8295085628051406
fixed,TSB-HB,0.5056344529573046
fixed,TSB-HB,0.23747968751357185
fixed,TSB-HB,0.23747968751357185
fixed,TSB-HB,0.0
fixed,TSB-HB,0.0
fixed,TSB-HB,0.572985903301236
fixed,TSB-HB,0.29244546369964425
fixed,TSB-HB,0.0
fixed,TSB-HB,0.572985903301236
fixed,TSB-HB,0.572985903301236
fixed,TSB-HB,0.7719937847859009
fixed,TSB-HB,0.3442423986386991
fixed,TSB-HB,0.3442423986386991
fixed,TSB-HB,0.0
fixed,TSB-HB,0.3442423986386991
fixed,TSB-HB,0.7719937847859009
fixed,TSB-HB,0.0
fixed,TSB-HB,0.6053976979583218
fixed,TSB-HB,0.0
fixed,TSB-HB,0.6053976979583218
fixed,TSB-HB,0.6053976979583218
fixed,TSB-HB,0.3800600697118318
fixed,TSB-HB,0.0
fixed,TSB-HB,0.0
fixed,TSB-HB,0.8064446415067111
fixed,TSB-HB,0.36111648730746304
fixed,TSB-HB,0.8064446415067111
fixed,TSB-HB,0.36111648730746304
fixed,TSB-HB,0.4586546607562686
fixed,TSB-HB,0.8402651988292726
fixed,TSB-HB,1.0
fixed,TSB-HB,0.8402651988292726
fixed,TSB-HB,1.0
fixed,TSB-HB,0.4586546607562686
fixed,TSB-HB,0.0
fixed,TSB-HB,0.5592239727665246
fixed,TSB-HB,0.0
fixed,TSB-HB,1.0
fixed,TSB-HB,0.0
fixed,TSB-HB,0.8682724597346057
fixed,TSB-HB,0.0
fixed,TSB-HB,0.0
fixed,TSB-HB,0.48622636233803385
fixed,TSB-HB,0.0
fixed,TSB-HB,0.764788532953619
fixed,TSB-HB,0.764788532953619
fixed,TSB-HB,0.0
fixed,TSB-HB,0.47851676797229337
fixed,TSB-HB,0.47851676797229337
fixed,TSB-HB,0.47851676797229337
fixed,TSB-HB,0.47851676797229337
fixed,TSB-HB,0.47851676797229337
fixed,TSB-HB,0.7700403574932764
fixed,TSB-HB,0.675231713083856
fixed,TSB-HB,0.22077856241012422
fixed,TSB-HB,0.5523171362548064
fixed,TSB-HB,0.8723640075707735
fixed,TSB-HB,0.22077856241012422
fixed,TSB-HB,0.0
fixed,TSB-HB,0.551326355572887
fixed,TSB-HB,0.7523706087074409
fixed,TSB-HB,0.0
fixed,TSB-HB,0.0
fixed,TSB-HB,0.3167703255948935
fixed,TSB-HB,0.30337064973937466
fixed,TSB-HB,0.30337064973937466
fixed,TSB-HB,0.8556013175334947
fixed,TSB-HB,0.8556013175334947
fixed,TSB-HB,0.8556013175334947
fixed,TSB-HB,1.0
fixed,TSB-HB,0.23462243604381464
fixed,TSB-HB,0.6237758439836208
fixed,TSB-HB,0.6237758439836208
fixed,TSB-HB,0.4389322353620985
fixed,TSB-HB,0.23462243604381464
fixed,TSB-HB,0.0
fixed,TSB-HB,0.7417308699057655
fixed,TSB-HB,0.0
fixed,TSB-HB,0.0
fixed,TSB-HB,0.4105206609970875
fixed,TSB-HB,0.7417308699057655
fixed,TSB-HB,0.0
fixed,TSB-HB,0.39126027371243655
fixed,TSB-HB,0.0
fixed,TSB-HB,0.39126027371243655
fixed,TSB-HB,0.8280273806212876
fixed,TSB-HB,0.0
fixed,TSB-HB,0.0
fixed,TSB-HB,0.0
fixed,TSB-HB,0.6416955583136464
fixed,TSB-HB,0.6416955583136464
fixed,TSB-HB,0.0
fixed,TSB-HB,0.0
fixed,TSB-HB,0.3562111784352952
fixed,TSB-HB,0.23301145597020187
fixed,TSB-HB,0.1443371519900673
fixed,TSB-HB,0.23301145597020187
fixed,TSB-HB,0.260667196698955
fixed,TSB-HB,0.4432734526153731
fixed,TSB-HB,0.18867430398013457
fixed,TSB-HB,0.18435315660774887
fixed,TSB-HB,0.0
fixed,TSB-HB,0.8572117213669627
fixed,TSB-HB,1.0
fixed,TSB-HB,1.0
fixed,TSB-HB,0.4618201000009783
fixed,TSB-HB,0.0
fixed,TSB-HB,0.0
fixed,TSB-HB,0.25421268632036437
fixed,TSB-HB,0.0
fixed,TSB-HB,0.5761773159886794
fixed,TSB-HB,0.0
fixed,TSB-HB,1.0
fixed,TSB-HB,1.0
fixed,TSB-HB,0.4850975936171741
fixed,TSB-HB,0.0
fixed,TSB-HB,0.4850975936171741
fixed,TSB-HB,0.0
fixed,TSB-HB,0.0
fixed,TSB-HB,0.6400348093126138
fixed,TSB-HB,0.6400348093126138
fixed,TSB-HB,0.0
fixed,TSB-HB,0.0
fixed,TSB-HB,0.0
fixed,TSB-HB,0.42357695989526845
fixed,TSB-HB,0.0
fixed,TSB-HB,0.21519664419735562
fixed,TSB-HB,0.21519664419735562
fixed,TSB-HB,0.6293945646127103
fixed,TSB-HB,0.0
fixed,TSB-HB,0.0
fixed,TSB-HB,0.1601771863398769
fixed,TSB-HB,0.1601771863398769
fixed,TSB-HB,0.7646618900951404
fixed,TSB-HB,0.6140626230120697
fixed,TSB-HB,0.5298640178313287
fixed,TSB-HB,0.0
fixed,TSB-HB,0.3716798926273889
fixed,TSB-HB,0.3716798926273889
fixed,TSB-HB,0.3716798926273889
fixed,TSB-HB,0.6189832391661474
fixed,TSB-HB,0.0
fixed,TSB-HB,0.0
fixed,TSB-HB,0.39153757827370445
fixed,TSB-HB,0.39153757827370445
fixed,TSB-HB,0.8724695303062765
fixed,TSB-HB,0.39153757827370445
fixed,TSB-HB,1.0
fixed,TSB-HB,0.0
fixed,TSB-HB,0.0
fixed,TSB-HB,0.42498398165907314
fixed,TSB-HB,0.8978921737041536
fixed,TSB-HB,0.0
fixed,TSB-HB,0.42498398165907314
fixed,TSB-HB,0.3461586186975498
fixed,TSB-HB,0.7769692082921157
fixed,TSB-HB,0.3461586186975498
fixed,TSB-HB,0.0
fixed,TSB-HB,1.0
fixed,TSB-HB,0.0
fixed,TSB-HB,0.2817245508439192
fixed,TSB-HB,0.2817245508439192
fixed,TSB-HB,0.2817245508439192
fixed,TSB-HB,0.0
fixed,TSB-HB,1.0
fixed,TSB-HB,0.0
fixed,TSB-HB,0.4883025056496775
fixed,TSB-HB,0.0
fixed,TSB-HB,0.4883025056496775
fixed,TSB-HB,0.0
fixed,TSB-HB,0.0
fixed,TSB-HB,0.4883025056496775
fixed,TSB-HB,0.6465121890520946
fixed,TSB-HB,0.0
fixed,TSB-HB,0.0
fixed,TSB-HB,0.39600935414398136
fixed,TSB-HB,0.0
fixed,TSB-HB,0.39600935414398136
fixed,TSB-HB,0.636504975891067
fixed,TSB-HB,0.0
fixed,TSB-HB,0.0
fixed,TSB-HB,0.4295390328464258
fixed,TSB-HB,0.0
fixed,TSB-HB,0.4295390328464258
fixed,TSB-HB,0.0
fixed,TSB-HB,1.0
fixed,TSB-HB,0.29117947857186777
fixed,TSB-HB,0.0
fixed,TSB-HB,0.7538316938221697
fixed,TSB-HB,0.648731534537889
fixed,TSB-HB,0.8152801871642986
fixed,TSB-HB,1.0
fixed,TSB-HB,1.0
fixed,TSB-HB,0.8152801871642986
fixed,TSB-HB,0.329162374720801
fixed,TSB-HB,0.0
fixed,TSB-HB,0.0
fixed,TSB-HB,0.0
fixed,TSB-HB,0.49265900802708074
fixed,TSB-HB,0.7676132909153508
fixed,TSB-HB,0.7676132909153508
fixed,TSB-HB,0.7676132909153508
fixed,TSB-HB,0.0
fixed,TSB-HB,1.0
fixed,TSB-HB,0.524920189636595
fixed,TSB-HB,0.3966331233720189
fixed,TSB-HB,0.2026414845510331
fixed,TSB-HB,0.6284781753807266
fixed,TSB-HB,0.2552482772396204
fixed,TSB-HB,0.2552482772396204
fixed,TSB-HB,0.0
fixed,TSB-HB,0.2552482772396204
fixed,TSB-HB,0.0
fixed,TSB-HB,0.0
fixed,TSB-HB,0.0
fixed,TSB-HB,0.24492858512177915
fixed,TSB-HB,0.24492858512177915
fixed,TSB-HB,1.0
fixed,TSB-HB,0.24492858512177915
fixed,TSB-HB,0.7697556131819049
fixed,TSB-HB,0.0
fixed,TSB-HB,0.0
fixed,TSB-HB,0.0
fixed,TSB-HB,0.7845700737540867
fixed,TSB-HB,0.0
fixed,TSB-HB,0.7845700737540867
fixed,TSB-HB,0.0
fixed,TSB-HB,0.7992880787614897
fixed,TSB-HB,0.18013618600175424
fixed,TSB-HB,0.18013618600175424
fixed,TSB-HB,0.4546114596777988
fixed,TSB-HB,0.27324829724492306
fixed,TSB-HB,0.1899840673880929
fixed,TSB-HB,0.23497610108213932
fixed,TSB-HB,0.39227236916674246
fixed,TSB-HB,0.4776660303325905
fixed,TSB-HB,0.39227236916674246
fixed,TSB-HB,0.1899840673880929
fixed,TSB-HB,0.0
fixed,TSB-HB,0.0
fixed,TSB-HB,0.0
fixed,TSB-HB,1.0
fixed,TSB-HB,1.0
fixed,TSB-HB,1.0
fixed,TSB-HB,0.3553445425859931
fixed,TSB-HB,0.0
fixed,TSB-HB,0.8811916796639085
fixed,TSB-HB,0.3553445425859931
fixed,TSB-HB,0.8662799876448174
fixed,TSB-HB,0.3553445425859931
fixed,TSB-HB,0.6606457136527171
fixed,TSB-HB,0.6606457136527171
fixed,TSB-HB,1.0
fixed,TSB-HB,1.0
fixed,TSB-HB,0.84941238988452
fixed,TSB-HB,0.0
fixed,TSB-HB,0.5988240090038451
fixed,TSB-HB,0.5988240090038451
fixed,TSB-HB,1.0
fixed,TSB-HB,0.5010371918246861
fixed,TSB-HB,0.5988240090038451
fixed,TSB-HB,0.8136970039375898
fixed,TSB-HB,0.5158229412792917
fixed,TSB-HB,0.5158229412792917
fixed,TSB-HB,0.7940061570756014
fixed,TSB-HB,0.5158229412792917
fixed,TSB-HB,0.0
fixed,TSB-HB,0.7940061570756014
fixed,TSB-HB,0.1896722322369907
fixed,TSB-HB,0.4971886702947054
fixed,TSB-HB,0.3109462315312686
fixed,TSB-HB,0.4971886702947054
fixed,TSB-HB,1.0
fixed,TSB-HB,0.4971886702947054
fixed,TSB-HB,0.4626260833431771
fixed,TSB-HB,0.0
fixed,TSB-HB,0.2987412073142693
fixed,TSB-HB,0.4626260833431771
fixed,TSB-HB,1.0
fixed,TSB-HB,0.4626260833431771
fixed,TSB-HB,1.0
fixed,TSB-HB,0.0
fixed,TSB-HB,0.0
fixed,TSB-HB,0.0
fixed,TSB-HB,0.39231037198124635
fixed,TSB-HB,0.0
fixed,TSB-HB,0.5848488928100876
fixed,TSB-HB,0.4834066758997609
fixed,TSB-HB,0.0
fixed,TSB-HB,0.0
fixed,TSB-HB,0.4011793668653738
fixed,TSB-HB,0.8242934150771117
fixed,TSB-HB,0.6736336935339118
fixed,TSB-HB,0.3551060236382608
fixed,TSB-HB,0.0
fixed,TSB-HB,0.0
fixed,TSB-HB,0.39551102797228466
fixed,TSB-HB,0.8180133509858637
fixed,TSB-HB,0.0
fixed,TSB-HB,0.48603312990443415
fixed,TSB-HB,0.777967777297126
fixed,TSB-HB,0.0
fixed,TSB-HB,0.0
fixed,TSB-HB,0.0
fixed,TSB-HB,0.0
fixed,TSB-HB,0.0
fixed,TSB-HB,0.0
fixed,TSB-HB,0.7819546873067296
fixed,TSB-HB,0.4887465400911169
fixed,TSB-HB,0.0
fixed,TSB-HB,0.4678887911955536
fixed,TSB-HB,0.4678887911955536
fixed,TSB-HB,0.7253627634655428
fixed,TSB-HB,0.0
fixed,TSB-HB,0.4678887911955536
fixed,TSB-HB,0.0
fixed,TSB-HB,0.0
fixed,TSB-HB,1.0
fixed,TSB-HB,0.37793357808597705
fixed,TSB-HB,0.0
fixed,TSB-HB,1.0
fixed,TSB-HB,0.8266605204228507
fixed,TSB-HB,0.7923667752590576
fixed,TSB-HB,0.40881950846978243
fixed,TSB-HB,0.5641886231477355
fixed,TSB-HB,0.40881950846978243
fixed,TSB-HB,0.5641886231477355
fixed,TSB-HB,0.24134665498750213
fixed,TSB-HB,0.0
fixed,TSB-HB,0.0
fixed,TSB-HB,0.0
fixed,TSB-HB,0.0
fixed,TSB-HB,0.0
fixed,TSB-HB,0.458341622853287
fixed,TSB-HB,0.6893077014132517
fixed,TSB-HB,0.18572234810687283
fixed,TSB-HB,0.5765343761896169
fixed,TSB-HB,1.0
fixed,TSB-HB,0.44887978651056004
fixed,TSB-HB,0.5765343761896169
fixed,TSB-HB,0.0
fixed,TSB-HB,0.5543701159193165
fixed,TSB-HB,0.8448814113791044
fixed,TSB-HB,0.8448814113791044
fixed,TSB-HB,0.0
fixed,TSB-HB,0.0
fixed,TSB-HB,0.0
fixed,TSB-HB,0.6362752153004889
fixed,TSB-HB,1.0
fixed,TSB-HB,0.6362752153004889
fixed,TSB-HB,0.0
fixed,TSB-HB,0.6362752153004889
fixed,TSB-HB,0.3760428537523106
fixed,TSB-HB,0.6334356063705479
fixed,TSB-HB,0.8175364656284917
fixed,TSB-HB,0.0
fixed,TSB-HB,0.0
fixed,TSB-HB,0.8175364656284917
fixed,TSB-HB,0.5132944604119174
fixed,TSB-HB,0.5132944604119174
fixed,TSB-HB,0.0
fixed,TSB-HB,0.5132944604119174
fixed,TSB-HB,0.5132944604119174
fixed,TSB-HB,0.0
fixed,TSB-HB,1.0
fixed,TSB-HB,0.0
fixed,TSB-HB,0.0
fixed,TSB-HB,0.5116915409173014
fixed,TSB-HB,0.0
fixed,TSB-HB,0.8234471750329211
fixed,TSB-HB,0.0
fixed,TSB-HB,0.8310244180881214
fixed,TSB-HB,0.6535833269083609
fixed,TSB-HB,0.8310244180881214
fixed,TSB-HB,0.6535833269083609
fixed,TSB-HB,0.6535833269083609
fixed,TSB-HB,0.38597147921394365
fixed,TSB-HB,0.7986768347499831
fixed,TSB-HB,0.38597147921394365
fixed,TSB-HB,0.6922337035300885
fixed,TSB-HB,0.0
fixed,TSB-HB,0.6922337035300885
fixed,TSB-HB,0.7025476932997414
fixed,TSB-HB,0.8355790223273721
fixed,TSB-HB,0.7665529160711064
fixed,TSB-HB,0.0
fixed,TSB-HB,0.0
fixed,TSB-HB,0.0
fixed,TSB-HB,0.3867013187056556
fixed,TSB-HB,0.45328983810429674
fixed,TSB-HB,0.5138198949431405
fixed,TSB-HB,1.0
fixed,TSB-HB,0.6527015418356203
fixed,TSB-HB,0.48658409780361733
fixed,TSB-HB,0.5037757357169802
fixed,TSB-HB,0.5037757357169802
fixed,TSB-HB,0.0
fixed,TSB-HB,0.8033384808587397
fixed,TSB-HB,0.685585157450142
fixed,TSB-HB,0.5037757357169802
fixed,TSB-HB,0.7097628171391993
fixed,TSB-HB,0.5077445777167551
fixed,TSB-HB,0.8256565902110808
fixed,TSB-HB,0.8460861182326939
fixed,TSB-HB,0.8869451742759198
fixed,TSB-HB,1.0
fixed,TSB-HB,0.0
fixed,TSB-HB,0.45838122270203324
fixed,TSB-HB,0.45838122270203324
fixed,TSB-HB,0.0
fixed,TSB-HB,0.0
fixed,TSB-HB,0.45838122270203324
fixed,TSB-HB,0.0
fixed,TSB-HB,0.277795968349221
fixed,TSB-HB,0.277795968349221
fixed,TSB-HB,0.645875749659195
fixed,TSB-HB,0.277795968349221
fixed,TSB-HB,1.0
fixed,TSB-HB,0.8871933732935964
fixed,TSB-HB,1.0
fixed,TSB-HB,1.0
fixed,TSB-HB,0.5689930174095348
fixed,TSB-HB,0.26772843356804776
fixed,TSB-HB,0.42843426730243295
fixed,TSB-HB,0.5278280555534227
fixed,TSB-HB,1.0
fixed,TSB-HB,0.30605245742397214
fixed,TSB-HB,1.0
fixed,TSB-HB,1.0
fixed,TSB-HB,0.7210477857474289
fixed,TSB-HB,0.8386958019138954
fixed,TSB-HB,0.0
fixed,TSB-HB,0.48762982200779076
fixed,TSB-HB,0.6670510833839013
fixed,TSB-HB,0.0
fixed,TSB-HB,1.0
fixed,TSB-HB,0.47363098551379257
fixed,TSB-HB,0.47363098551379257
fixed,TSB-HB,0.7605589848603693
fixed,TSB-HB,0.47363098551379257
fixed,TSB-HB,0.0
fixed,TSB-HB,0.7605589848603693
fixed,TSB-HB,0.0
fixed,TSB-HB,0.2555254739022144
fixed,TSB-HB,0.689568041082391
fixed,TSB-HB,0.3918898870218917
fixed,TSB-HB,0.5546823555331214
fixed,TSB-HB,0.1981327123358882
fixed,TSB-HB,0.0
fixed,TSB-HB,0.8608176181324851
fixed,TSB-HB,1.0
fixed,TSB-HB,0.26721745671323716
fixed,TSB-HB,0.7317674987074385
fixed,TSB-HB,0.26721745671323716
fixed,TSB-HB,0.0
fixed,TSB-HB,0.5131636409623521
fixed,TSB-HB,0.0
fixed,TSB-HB,1.0
fixed,TSB-HB,0.8064528121548091
fixed,TSB-HB,0.8064528121548091
fixed,TSB-HB,0.5749327949665131
fixed,TSB-HB,0.773788963605872
fixed,TSB-HB,0.5749327949665131
fixed,TSB-HB,0.3068852492317659
fixed,TSB-HB,0.5749327949665131
fixed,TSB-HB,0.0
fixed,TSB-HB,0.0
fixed,TSB-HB,0.0
fixed,TSB-HB,0.304702967137368
fixed,TSB-HB,0.794682752501633
fixed,TSB-HB,0.794682752501633
fixed,TSB-HB,0.0
fixed,TSB-HB,0.31307672017658045
fixed,TSB-HB,0.0
fixed,TSB-HB,0.31307672017658045
fixed,TSB-HB,0.0
fixed,TSB-HB,0.0
fixed,TSB-HB,0.31307672017658045
fixed,TSB-HB,0.3550921779739731
fixed,TSB-HB,0.0
fixed,TSB-HB,1.0
fixed,TSB-HB,0.6878553424872083
fixed,TSB-HB,0.6878553424872083
fixed,TSB-HB,0.7863713133721474
fixed,TSB-HB,0.8312388355471003
fixed,TSB-HB,0.6177080921906175
fixed,TSB-HB,1.0
fixed,TSB-HB,0.7962853362264133
fixed,TSB-HB,1.0
fixed,TSB-HB,0.44456747882657166
fixed,TSB-HB,0.0
fixed,TSB-HB,0.2746556722666728
fixed,TSB-HB,0.0
fixed,TSB-HB,0.698695483834363
fixed,TSB-HB,0.0
fixed,TSB-HB,0.5116825761394571
fixed,TSB-HB,0.0
fixed,TSB-HB,0.485220100659445
fixed,TSB-HB,0.0
fixed,TSB-HB,0.485220100659445
fixed,TSB-HB,0.0
fixed,TSB-HB,0.6745702519039528
fixed,TSB-HB,0.2169224432835048
fixed,TSB-HB,0.7528591312926006
fixed,TSB-HB,0.2169224432835048
fixed,TSB-HB,0.8974321553261886
fixed,TSB-HB,0.4097821822139243
fixed,TSB-HB,0.5956420554107997
fixed,TSB-HB,0.6018523276048174
fixed,TSB-HB,0.0
fixed,TSB-HB,0.0
fixed,TSB-HB,0.0
fixed,TSB-HB,1.0
fixed,TSB-HB,0.0
fixed,TSB-HB,0.8474000515080886
fixed,TSB-HB,0.0
fixed,TSB-HB,0.0
fixed,TSB-HB,0.6352893955390998
fixed,TSB-HB,0.41064976926652524
fixed,TSB-HB,0.41064976926652524
fixed,TSB-HB,0.7042475712413054
fixed,TSB-HB,0.7042475712413054
fixed,TSB-HB,0.7042475712413054
fixed,TSB-HB,0.46084662310643454
fixed,TSB-HB,0.8481450258843306
fixed,TSB-HB,0.0
fixed,TSB-HB,0.0
fixed,TSB-HB,0.8200665292452061
fixed,TSB-HB,0.5330425746426298
fixed,TSB-HB,0.8200665292452061
fixed,TSB-HB,0.0
fixed,TSB-HB,0.0
fixed,TSB-HB,0.0
fixed,TSB-HB,0.3973511684157657
fixed,TSB-HB,1.0
fixed,TSB-HB,0.8452526038159502
fixed,TSB-HB,0.21869110179106852
fixed,TSB-HB,0.8452526038159502
fixed,TSB-HB,0.0
fixed,TSB-HB,0.47897133244933654
fixed,TSB-HB,0.0
fixed,TSB-HB,0.7545581772320997
fixed,TSB-HB,0.47897133244933654
fixed,TSB-HB,0.47897133244933654
fixed,TSB-HB,0.3136836996907505
fixed,TSB-HB,0.3136836996907505
fixed,TSB-HB,0.3136836996907505
fixed,TSB-HB,0.7585239818654732
fixed,TSB-HB,0.16149601172532912
fixed,TSB-HB,0.4272388362159384
fixed,TSB-HB,0.5430550807061554
fixed,TSB-HB,0.7425234137374378
fixed,TSB-HB,0.8351242509080573
fixed,TSB-HB,0.0
fixed,TSB-HB,0.7425234137374378
fixed,TSB-HB,0.7425234137374378
fixed,TSB-HB,0.3694511731744156
fixed,TSB-HB,0.3694511731744156
fixed,TSB-HB,0.6160024156458326
fixed,TSB-HB,0.3694511731744156
fixed,TSB-HB,1.0
fixed,TSB-HB,0.7887448698515369
fixed,TSB-HB,0.4210865252169412
fixed,TSB-HB,0.7689131162965366
fixed,TSB-HB,0.6026392633296995
fixed,TSB-HB,0.0
fixed,TSB-HB,0.8524121690895208
fixed,TSB-HB,0.6026392633296995
fixed,TSB-HB,0.5503817404102312
fixed,TSB-HB,0.7584186275648596
fixed,TSB-HB,0.7584186275648596
fixed,TSB-HB,0.2660270764312594
fixed,TSB-HB,0.7584186275648596
fixed,TSB-HB,0.2660270764312594
fixed,TSB-HB,0.7544036176180372
fixed,TSB-HB,1.0
fixed,TSB-HB,0.49196329541750206
fixed,TSB-HB,0.0
fixed,TSB-HB,1.0
fixed,TSB-HB,1.0
fixed,TSB-HB,0.7240658787354441
fixed,TSB-HB,0.8652672501853392
fixed,TSB-HB,0.0
fixed,TSB-HB,0.4669769578450015
fixed,TSB-HB,0.4669769578450015
fixed,TSB-HB,0.8652672501853392
fixed,TSB-HB,0.0
fixed,TSB-HB,0.7151024058202592
fixed,TSB-HB,0.7151024058202592
fixed,TSB-HB,1.0
fixed,TSB-HB,0.39451399132795606
fixed,TSB-HB,0.7151024058202592
fixed,TSB-HB,0.5693856970378618
fixed,TSB-HB,0.8279088596112189
fixed,TSB-HB,0.6893186755246392
fixed,TSB-HB,0.8279088596112189
fixed,TSB-HB,0.8800553046127223
fixed,TSB-HB,0.8800553046127223
fixed,TSB-HB,0.5276111332323545
fixed,TSB-HB,0.6453043967835942
fixed,TSB-HB,0.715920354914338
fixed,TSB-HB,0.21054323416280757
fixed,TSB-HB,0.5982270913630983
fixed,TSB-HB,0.6688430494938421
fixed,TSB-HB,0.4438505573471372
fixed,TSB-HB,0.5521770001983458
fixed,TSB-HB,0.0
fixed,TSB-HB,0.0
fixed,TSB-HB,0.0
fixed,TSB-HB,0.8882221576035629
fixed,TSB-HB,0.0
fixed,TSB-HB,0.22425324842732242
fixed,TSB-HB,0.8853831219935584
fixed,TSB-HB,0.0
fixed,TSB-HB,0.7551746526202103
fixed,TSB-HB,0.0
fixed,TSB-HB,0.0
fixed,TSB-HB,1.0
fixed,TSB-HB,0.27255719899310443
fixed,TSB-HB,1.0
fixed,TSB-HB,1.0
fixed,TSB-HB,0.7703945775235825
fixed,TSB-HB,0.5733141753624666
fixed,TSB-HB,0.21977927441135006
fixed,TSB-HB,0.4026808761138033
fixed,TSB-HB,0.7946795256022453
fixed,TSB-HB,0.21977927441135006
fixed,TSB-HB,0.21977927441135006
fixed,TSB-HB,0.7489313553453778
fixed,TSB-HB,0.0
fixed,TSB-HB,0.18277917811330285
fixed,TSB-HB,0.611090578326491
fixed,TSB-HB,0.18277917811330285
fixed,TSB-HB,0.46489441438268364
fixed,TSB-HB,0.8758455323917235
fixed,TSB-HB,0.46778254170354644
fixed,TSB-HB,0.46778254170354644
fixed,TSB-HB,0.0
fixed,TSB-HB,0.8758455323917235
fixed,TSB-HB,0.7336431814853851
fixed,TSB-HB,0.0
fixed,TSB-HB,0.5507763571763785
fixed,TSB-HB,0.20283289975521826
fixed,TSB-HB,0.20283289975521826
fixed,TSB-HB,0.5507763571763785
fixed,TSB-HB,0.0
fixed,TSB-HB,0.0
fixed,TSB-HB,0.0
fixed,TSB-HB,0.8513258292289678
fixed,TSB-HB,0.0
fixed,TSB-HB,0.0
fixed,TSB-HB,0.0
fixed,TSB-HB,0.48199063847437285
fixed,TSB-HB,1.0
fixed,TSB-HB,0.48199063847437285
fixed,TSB-HB,0.0
fixed,TSB-HB,0.48199063847437285
fixed,TSB-HB,0.48199063847437285
fixed,TSB-HB,0.0
fixed,TSB-HB,0.0
fixed,TSB-HB,0.0
fixed,TSB-HB,0.6697262602262348
fixed,TSB-HB,0.6697262602262348
fixed,TSB-HB,0.6697262602262348
fixed,TSB-HB,0.8053333716420021
fixed,TSB-HB,0.0
fixed,TSB-HB,0.5459992048581125
fixed,TSB-HB,0.8053333716420021
fixed,TSB-HB,0.0
fixed,TSB-HB,0.5459992048581125
fixed,TSB-HB,0.768637480564263
fixed,TSB-HB,0.30959006799168043
fixed,TSB-HB,0.5696514852530724
fixed,TSB-HB,0.30959006799168043
fixed,TSB-HB,0.5696514852530724
fixed,TSB-HB,0.768637480564263
fixed,TSB-HB,0.8586114243683995
fixed,TSB-HB,0.7868489730920407
fixed,TSB-HB,0.8586114243683995
fixed,TSB-HB,0.7868489730920407
fixed,TSB-HB,0.6688591113773636
fixed,TSB-HB,0.502079135015174
fixed,TSB-HB,0.8733089381710938
fixed,TSB-HB,0.5702597249582511
fixed,TSB-HB,0.8220517914868063
fixed,TSB-HB,0.7707946448025188
fixed,TSB-HB,0.4435129349459128
fixed,TSB-HB,0.4435129349459128
fixed,TSB-HB,0.39703870897074806
fixed,TSB-HB,0.39703870897074806
fixed,TSB-HB,0.0
fixed,TSB-HB,1.0
fixed,TSB-HB,1.0
fixed,TSB-HB,0.7798604044302044
fixed,TSB-HB,0.5622690315299578
fixed,TSB-HB,0.5622690315299578
fixed,TSB-HB,0.7485522206742414
fixed,TSB-HB,0.5622690315299578
fixed,TSB-HB,0.4000844199041762
fixed,TSB-HB,0.5622690315299578
fixed,TSB-HB,0.0
fixed,TSB-HB,0.4066993123524194
fixed,TSB-HB,0.6610709611201369
fixed,TSB-HB,0.4066993123524194
fixed,TSB-HB,0.0
fixed,TSB-HB,0.0
fixed,TSB-HB,0.0
fixed,TSB-HB,1.0
fixed,TSB-HB,0.44714507280353244
fixed,TSB-HB,0.0
fixed,TSB-HB,0.44714507280353244
fixed,TSB-HB,0.44714507280353244
fixed,TSB-HB,0.0
fixed,TSB-HB,0.0
fixed,TSB-HB,0.33113959175982377
fixed,TSB-HB,1.0
fixed,TSB-HB,0.7171369719653944
fixed,TSB-HB,1.0
fixed,TSB-HB,0.0
fixed,TSB-HB,0.0
fixed,TSB-HB,0.8526880146695922
fixed,TSB-HB,1.0
fixed,TSB-HB,0.8526880146695922
fixed,TSB-HB,0.4462083450800588
fixed,TSB-HB,0.35342228637427164
fixed,TSB-HB,0.23211647657138518
fixed,TSB-HB,0.7807104846705094
fixed,TSB-HB,0.7807104846705094
fixed,TSB-HB,0.7807104846705094
fixed,TSB-HB,0.42432975367979986
fixed,TSB-HB,0.0
fixed,TSB-HB,0.7092347904757957
fixed,TSB-HB,0.4541573451746389
fixed,TSB-HB,0.4541573451746389
fixed,TSB-HB,0.4541573451746389
fixed,TSB-HB,0.4541573451746389
fixed,TSB-HB,0.45060884409152363
fixed,TSB-HB,0.45060884409152363
fixed,TSB-HB,0.45060884409152363
fixed,TSB-HB,0.0
fixed,TSB-HB,0.698619359670982
fixed,TSB-HB,0.698619359670982
fixed,TSB-HB,0.6357489241161113
fixed,TSB-HB,1.0
fixed,TSB-HB,0.6899063197489701
fixed,TSB-HB,0.769971046838161
fixed,TSB-HB,0.6899063197489701
fixed,TSB-HB,0.8148302324544857
fixed,TSB-HB,0.3237134868446677
fixed,TSB-HB,0.7545211775402649
fixed,TSB-HB,1.0
fixed,TSB-HB,0.41923691887950554
fixed,TSB-HB,0.23939137032648167
fixed,TSB-HB,0.19292758021765444
fixed,TSB-HB,0.0
fixed,TSB-HB,0.8268428958798281
fixed,TSB-HB,0.0
fixed,TSB-HB,0.0
fixed,TSB-HB,0.5552005342543673
fixed,TSB-HB,0.8268428958798281
fixed,TSB-HB,0.0
fixed,TSB-HB,0.7907631560001739
fixed,TSB-HB,0.6573118347692488
fixed,TSB-HB,0.0
fixed,TSB-HB,0.2369961604810445
fixed,TSB-HB,1.0
fixed,TSB-HB,0.2155035975725871
fixed,TSB-HB,0.6617539237850687
fixed,TSB-HB,0.5408731954946183
fixed,TSB-HB,0.0
fixed,TSB-HB,0.8648935651887865
fixed,TSB-HB,0.5408731954946183
fixed,TSB-HB,0.5209325733492038
fixed,TSB-HB,0.6362777285290165
fixed,TSB-HB,0.32350609716219114
fixed,TSB-HB,0.597829343469079
fixed,TSB-HB,0.0
fixed,TSB-HB,0.32350609716219114
fixed,TSB-HB,0.0
fixed,TSB-HB,0.5304607512669802
fixed,TSB-HB,1.0
fixed,TSB-HB,0.0
fixed,TSB-HB,0.0
fixed,TSB-HB,0.0
fixed,TSB-HB,0.0
fixed,TSB-HB,0.5236747987098994
fixed,TSB-HB,0.5236747987098994
fixed,TSB-HB,0.5236747987098994
fixed,TSB-HB,0.5236747987098994
fixed,TSB-HB,0.0
fixed,TSB-HB,1.0
fixed,TSB-HB,0.8425070897077642
fixed,TSB-HB,0.7967256192240988
fixed,TSB-HB,0.0
fixed,TSB-HB,0.8272465995465424
fixed,TSB-HB,0.781465129062877
fixed,TSB-HB,0.66271714949821
fixed,TSB-HB,0.7930096071931264
fixed,TSB-HB,0.66271714949821
fixed,TSB-HB,0.47444784557151876
fixed,TSB-HB,0.23952113336951975
fixed,TSB-HB,0.66271714949821
fixed,TSB-HB,0.6132166007041501
fixed,TSB-HB,0.4965851767208601
fixed,TSB-HB,0.2096593968025963
fixed,TSB-HB,0.7290513506148666
fixed,TSB-HB,0.7925603432405754
fixed,TSB-HB,0.2096593968025963
fixed,TSB-HB,0.0
fixed,TSB-HB,1.0
fixed,TSB-HB,0.38096548633189375
fixed,TSB-HB,1.0
fixed,TSB-HB,0.0
fixed,TSB-HB,0.7617693658835083
fixed,TSB-HB,0.47417625908210365
fixed,TSB-HB,0.47417625908210365
fixed,TSB-HB,0.36208812954105185
fixed,TSB-HB,0.36208812954105185
fixed,TSB-HB,0.7371424417653755
fixed,TSB-HB,0.0
fixed,TSB-HB,0.49502393114393894
fixed,TSB-HB,0.49502393114393894
fixed,TSB-HB,0.37251196557196947
fixed,TSB-HB,0.37251196557196947
fixed,TSB-HB,1.0
fixed,TSB-HB,0.0
fixed,TSB-HB,0.0
fixed,TSB-HB,0.703891309425611
fixed,TSB-HB,0.4277045421378919
fixed,TSB-HB,0.24147371956519578
fixed,TSB-HB,0.8353114603238873
fixed,TSB-HB,0.7831067006247703
fixed,TSB-HB,0.2412322110955574
fixed,TSB-HB,0.2412322110955574
fixed,TSB-HB,0.3591041218779962
fixed,TSB-HB,0.3591041218779962
fixed,TSB-HB,1.0
fixed,TSB-HB,0.8249159833377268
fixed,TSB-HB,0.0
fixed,TSB-HB,0.4316111670377941
fixed,TSB-HB,0.740358450206183
fixed,TSB-HB,0.4316111670377941
fixed,TSB-HB,0.740358450206183
fixed,TSB-HB,0.4316111670377941
fixed,TSB-HB,0.0
fixed,TSB-HB,0.3539081835921392
fixed,TSB-HB,1.0
fixed,TSB-HB,1.0
fixed,TSB-HB,0.7583796599295266
fixed,TSB-HB,0.8506425375213197
fixed,TSB-HB,0.46683700454906907
fixed,TSB-HB,0.0
fixed,TSB-HB,0.0
fixed,TSB-HB,0.7578753292013457
fixed,TSB-HB,0.0
fixed,TSB-HB,1.0
fixed,TSB-HB,0.5380305730980404
fixed,TSB-HB,0.2961047714637012
fixed,TSB-HB,1.0
fixed,TSB-HB,0.8298693192213961
fixed,TSB-HB,0.2961047714637012
fixed,TSB-HB,0.7328786064736148
fixed,TSB-HB,0.36137681567518676
fixed,TSB-HB,0.45226405458153796
fixed,TSB-HB,0.45226405458153796
fixed,TSB-HB,1.0
fixed,TSB-HB,0.5712710435959725
fixed,TSB-HB,0.22679196019946746
fixed,TSB-HB,0.5024788559749717
fixed,TSB-HB,0.5024788559749717
fixed,TSB-HB,0.0
fixed,TSB-HB,0.7813589651646003
fixed,TSB-HB,0.5024788559749717
fixed,TSB-HB,0.5024788559749717
fixed,TSB-HB,0.19330743902748349
fixed,TSB-HB,0.0
fixed,TSB-HB,0.0
fixed,TSB-HB,0.6717668777193957
fixed,TSB-HB,0.7838883967566795
fixed,TSB-HB,0.6717668777193957
fixed,TSB-HB,0.5053765804578634
fixed,TSB-HB,0.7725025357483329
fixed,TSB-HB,0.0
fixed,TSB-HB,0.5053765804578634
fixed,TSB-HB,0.5053765804578634
fixed,TSB-HB,0.0
fixed,TSB-HB,0.7586878305060553
fixed,TSB-HB,0.1878943275574837
fixed,TSB-HB,0.7586878305060553
fixed,TSB-HB,0.0
fixed,TSB-HB,0.0
fixed,TSB-HB,0.0
fixed,TSB-HB,1.0
fixed,TSB-HB,0.39550331883940254
fixed,TSB-HB,0.7983013762522287
fixed,TSB-HB,0.5741524876321834
fixed,TSB-HB,0.0
fixed,TSB-HB,0.7983013762522287
fixed,TSB-HB,1.0
fixed,TSB-HB,0.7545431981758204
fixed,TSB-HB,0.0
fixed,TSB-HB,0.42015982747782427
fixed,TSB-HB,0.0
fixed,TSB-HB,0.42015982747782427
fixed,TSB-HB,0.0
fixed,TSB-HB,0.3963856284364375
fixed,TSB-HB,0.0
fixed,TSB-HB,0.0
fixed,TSB-HB,0.0
fixed,TSB-HB,0.0
fixed,TSB-HB,0.45432693906147736
fixed,TSB-HB,0.0
fixed,TSB-HB,0.7124786535578725
fixed,TSB-HB,0.45432693906147736
fixed,TSB-HB,0.45432693906147736
fixed,TSB-HB,0.0
fixed,TSB-HB,0.6251878414649685
fixed,TSB-HB,1.0
fixed,TSB-HB,1.0
fixed,TSB-HB,0.3856679739453115
fixed,TSB-HB,0.0
fixed,TSB-HB,0.23669786966756268
fixed,TSB-HB,0.0
fixed,TSB-HB,0.5185062291327316
fixed,TSB-HB,0.0
fixed,TSB-HB,0.43459040522239156
fixed,TSB-HB,0.7090955040280769
fixed,TSB-HB,0.58203598743118
fixed,TSB-HB,0.0
fixed,TSB-HB,0.6279229510333176
fixed,TSB-HB,0.7966807569863045
fixed,TSB-HB,0.0
fixed,TSB-HB,0.0
fixed,TSB-HB,0.6279229510333176
fixed,TSB-HB,0.32864292013361535
fixed,TSB-HB,0.4801611629035273
fixed,TSB-HB,0.2528837987486594
fixed,TSB-HB,0.4801611629035273
fixed,TSB-HB,0.4801611629035273
fixed,TSB-HB,0.4801611629035273
fixed,TSB-HB,0.6214001371091622
fixed,TSB-HB,0.23229347310759557
fixed,TSB-HB,0.7715468997448612
fixed,TSB-HB,0.7715468997448612
fixed,TSB-HB,0.4350922722349967
fixed,TSB-HB,0.6214001371091622
fixed,TSB-HB,0.3553952745370191
fixed,TSB-HB,0.49101837761129674
fixed,TSB-HB,0.0
fixed,TSB-HB,0.0
fixed,TSB-HB,0.0
fixed,TSB-HB,0.0
fixed,TSB-HB,0.0
fixed,TSB-HB,0.0
fixed,TSB-HB,0.46084278429341785
fixed,TSB-HB,0.0
fixed,TSB-HB,0.0
fixed,TSB-HB,0.798416533862781
fixed,TSB-HB,0.7260072559024935
fixed,TSB-HB,0.4157041015588606
fixed,TSB-HB,0.7260072559024935
fixed,TSB-HB,0.8789567614337266
fixed,TSB-HB,0.7260072559024935
fixed,TSB-HB,0.8789567614337266
fixed,TSB-HB,0.5097563939019337
fixed,TSB-HB,0.0
fixed,TSB-HB,0.5097563939019337
fixed,TSB-HB,0.0
fixed,TSB-HB,0.0
fixed,TSB-HB,1.0
fixed,TSB-HB,0.0
fixed,TSB-HB,0.0
fixed,TSB-HB,0.46801051065515653
fixed,TSB-HB,1.0
fixed,TSB-HB,0.46801051065515653
fixed,TSB-HB,0.46801051065515653
fixed,TSB-HB,0.5669294780124754
fixed,TSB-HB,0.3515472528255651
fixed,TSB-HB,0.0
fixed,TSB-HB,0.7480270797840799
fixed,TSB-HB,0.5669294780124754
fixed,TSB-HB,0.3515472528255651
fixed,TSB-HB,0.536011594546076
fixed,TSB-HB,0.669225747170428
fixed,TSB-HB,0.536011594546076
fixed,TSB-HB,0.0
fixed,TSB-HB,0.536011594546076
fixed,TSB-HB,0.669225747170428
fixed,TSB-HB,0.2807159773469645
fixed,TSB-HB,0.5150308853028454
fixed,TSB-HB,0.2807159773469645
fixed,TSB-HB,0.0
fixed,TSB-HB,0.0
fixed,TSB-HB,0.5150308853028454
fixed,TSB-HB,0.6560875274533542
fixed,TSB-HB,0.0
fixed,TSB-HB,0.5028507823673718
fixed,TSB-HB,0.3346733234255869
fixed,TSB-HB,0.6560875274533542
fixed,TSB-HB,0.3346733234255869
fixed,TSB-HB,1.0
fixed,TSB-HB,0.5780880277424099
fixed,TSB-HB,0.0
fixed,TSB-HB,0.864127967060413
fixed,TSB-HB,0.6899203914793159
fixed,TSB-HB,0.3220592948765633
fixed,TSB-HB,0.4463535861547068
fixed,TSB-HB,0.16391760504687636
fixed,TSB-HB,0.7155134607122569
fixed,TSB-HB,0.4463535861547068
fixed,TSB-HB,0.4463535861547068
fixed,TSB-HB,1.0
fixed,TSB-HB,0.4733331080099599
fixed,TSB-HB,0.0
fixed,TSB-HB,0.0
fixed,TSB-HB,0.8036962732088917
fixed,TSB-HB,0.0
fixed,TSB-HB,0.4733331080099599
fixed,TSB-HB,0.5354724377913348
fixed,TSB-HB,0.7918513635339044
fixed,TSB-HB,0.4053597226706359
fixed,TSB-HB,0.6383202056643902
fixed,TSB-HB,0.0
fixed,TSB-HB,0.5354724377913348
fixed,TSB-HB,0.6537907994495996
fixed,TSB-HB,1.0
fixed,TSB-HB,0.7594620915893946
fixed,TSB-HB,0.7594620915893946
fixed,TSB-HB,0.0
fixed,TSB-HB,0.5350171547327244
fixed,TSB-HB,0.0
fixed,TSB-HB,0.6631362633160672
fixed,TSB-HB,0.4367277574920163
fixed,TSB-HB,0.0
fixed,TSB-HB,0.6631362633160672
fixed,TSB-HB,0.0
fixed,TSB-HB,0.2284013145280728
fixed,TSB-HB,0.2284013145280728
fixed,TSB-HB,1.0
fixed,TSB-HB,0.7292291455229372
fixed,TSB-HB,0.2284013145280728
fixed,TSB-HB,0.424328254311351
fixed,TSB-HB,0.27371496775378906
fixed,TSB-HB,0.71855094372552
fixed,TSB-HB,0.5278603090701143
fixed,TSB-HB,0.5278603090701143
fixed,TSB-HB,0.71855094372552
fixed,TSB-HB,0.27371496775378906
fixed,TSB-HB,0.2620324685119083
fixed,TSB-HB,0.4916346257216246
fixed,TSB-HB,0.0
fixed,TSB-HB,0.2620324685119083
fixed,TSB-HB,0.7768594148543929
fixed,TSB-HB,0.4916346257216246
fixed,TSB-HB,0.0
fixed,TSB-HB,0.0
fixed,TSB-HB,0.24849743004657487
fixed,TSB-HB,0.5325735570136226
fixed,TSB-HB,0.24849743004657487
fixed,TSB-HB,0.24849743004657487
fixed,TSB-HB,0.3844074426409186
fixed,TSB-HB,0.3844074426409186
fixed,TSB-HB,0.7875066250427191
fixed,TSB-HB,0.0
fixed,TSB-HB,0.6047568935533578
fixed,TSB-HB,0.0
fixed,TSB-HB,0.2415181198020463
fixed,TSB-HB,0.0
fixed,TSB-HB,0.4282206066636292
fixed,TSB-HB,0.5794721697201854
fixed,TSB-HB,0.4282206066636292
fixed,TSB-HB,0.4282206066636292
fixed,TSB-HB,0.4393768208888825
fixed,TSB-HB,1.0
fixed,TSB-HB,0.7000560007666949
fixed,TSB-HB,0.0
fixed,TSB-HB,0.2769091478123824
fixed,TSB-HB,1.0
fixed,TSB-HB,0.0
fixed,TSB-HB,0.5720265671479756
fixed,TSB-HB,0.31189666748103206
fixed,TSB-HB,0.0
fixed,TSB-HB,0.5720265671479756
fixed,TSB-HB,0.31189666748103206
fixed,TSB-HB,0.2862402603473902
fixed,TSB-HB,0.2862402603473902
fixed,TSB-HB,0.2862402603473902
fixed,TSB-HB,0.0
fixed,TSB-HB,0.5821732430581493
fixed,TSB-HB,0.7876332152279114
fixed,TSB-HB,0.5687010322150698
fixed,TSB-HB,0.7607866542900846
fixed,TSB-HB,0.0
fixed,TSB-HB,0.5687010322150698
fixed,TSB-HB,0.3313666808635273
fixed,TSB-HB,0.5687010322150698
fixed,TSB-HB,0.0
fixed,TSB-HB,0.5110040387012191
fixed,TSB-HB,0.5110040387012191
fixed,TSB-HB,0.0
fixed,TSB-HB,0.8158313649975839
fixed,TSB-HB,0.5110040387012191
fixed,TSB-HB,0.3750617349732664
fixed,TSB-HB,0.3750617349732664
fixed,TSB-HB,0.3750617349732664
fixed,TSB-HB,0.668141322039148
fixed,TSB-HB,0.668141322039148
fixed,TSB-HB,1.0
fixed,TSB-HB,0.17991856834138678
fixed,TSB-HB,0.0
fixed,TSB-HB,0.26930326490748685
fixed,TSB-HB,1.0
fixed,TSB-HB,0.6741755139888205
fixed,TSB-HB,0.26930326490748685
fixed,TSB-HB,0.3488889607255302
fixed,TSB-HB,0.502265032020547
fixed,TSB-HB,0.3488889607255302
fixed,TSB-HB,0.21031767196686535
fixed,TSB-HB,0.3488889607255302
fixed,TSB-HB,0.3488889607255302
fixed,TSB-HB,0.0
fixed,TSB-HB,0.652444042622484
fixed,TSB-HB,0.8695917995301803
fixed,TSB-HB,0.652444042622484
fixed,TSB-HB,0.8156965624942324
fixed,TSB-HB,0.35763143701343
fixed,TSB-HB,0.23965887055248014
fixed,TSB-HB,0.4878485436873568
fixed,TSB-HB,0.6871088497659288
fixed,TSB-HB,1.0
fixed,TSB-HB,0.6871088497659288
fixed,TSB-HB,0.6871088497659288
fixed,TSB-HB,0.5391509723066895
fixed,TSB-HB,0.5391509723066895
fixed,TSB-HB,0.8240789975209564
fixed,TSB-HB,0.7682144375320316
fixed,TSB-HB,0.5391509723066895
fixed,TSB-HB,0.0
fixed,TSB-HB,0.3933385178654975
fixed,TSB-HB,0.0
fixed,TSB-HB,1.0
fixed,TSB-HB,0.6387166402634424
fixed,TSB-HB,0.3933385178654975
fixed,TSB-HB,0.3933385178654975
fixed,TSB-HB,0.7677089252898057
fixed,TSB-HB,0.3477610284426643
fixed,TSB-HB,1.0
fixed,TSB-HB,0.3477610284426643
fixed,TSB-HB,0.5821537833755421
fixed,TSB-HB,0.0
fixed,TSB-HB,0.3201386575256575
fixed,TSB-HB,1.0
fixed,TSB-HB,0.557476830653335
fixed,TSB-HB,1.0
fixed,TSB-HB,0.7580295363288618
fixed,TSB-HB,0.7580295363288618
fixed,TSB-HB,0.44037236516778105
fixed,TSB-HB,0.760402198410556
fixed,TSB-HB,0.284849968655844
fixed,TSB-HB,0.760402198410556
fixed,TSB-HB,0.0
fixed,TSB-HB,0.0
fixed,TSB-HB,0.583943956370596
fixed,TSB-HB,0.583943956370596
fixed,TSB-HB,0.2490229778943748
fixed,TSB-HB,0.0
fixed,TSB-HB,0.1496743259647916
fixed,TSB-HB,0.2490229778943748
fixed,TSB-HB,0.38720677511619384
fixed,TSB-HB,0.0
fixed,TSB-HB,0.5317421275579081
fixed,TSB-HB,0.38720677511619384
fixed,TSB-HB,0.38720677511619384
fixed,TSB-HB,0.5317421275579081
fixed,TSB-HB,0.0
fixed,TSB-HB,0.0
fixed,TSB-HB,1.0
fixed,TSB-HB,0.4805867386848147
fixed,TSB-HB,1.0
fixed,TSB-HB,0.7757753819525076
fixed,TSB-HB,1.0
fixed,TSB-HB,0.4537852704638482
fixed,TSB-HB,0.6642572683705564
fixed,TSB-HB,0.6642572683705564
fixed,TSB-HB,1.0
fixed,TSB-HB,0.0
fixed,TSB-HB,0.2648148345573487
fixed,TSB-HB,0.2648148345573487
fixed,TSB-HB,1.0
fixed,TSB-HB,1.0
fixed,TSB-HB,0.5578715500116666
fixed,TSB-HB,0.0
fixed,TSB-HB,0.26104527671813377
fixed,TSB-HB,0.5033384929153603
fixed,TSB-HB,0.26104527671813377
fixed,TSB-HB,1.0
fixed,TSB-HB,0.8162925962374629
fixed,TSB-HB,0.6980509160545086
fixed,TSB-HB,0.5066073719229796
fixed,TSB-HB,0.0
fixed,TSB-HB,0.5066073719229796
fixed,TSB-HB,0.5066073719229796
fixed,TSB-HB,0.5066073719229796
fixed,TSB-HB,0.5066073719229796
fixed,TSB-HB,0.23708349923936034
fixed,TSB-HB,0.23708349923936034
fixed,TSB-HB,0.6441323777128134
fixed,TSB-HB,0.4532111415877616
fixed,TSB-HB,1.0
fixed,TSB-HB,1.0
fixed,TSB-HB,0.4035994143196625
fixed,TSB-HB,1.0
fixed,TSB-HB,0.4035994143196625
fixed,TSB-HB,0.4035994143196625
fixed,TSB-HB,0.4035994143196625
fixed,TSB-HB,0.0
fixed,TSB-HB,0.0
fixed,TSB-HB,0.860258852049927
fixed,TSB-HB,0.0
fixed,TSB-HB,0.4345141238741038
fixed,TSB-HB,0.7106770177907269
fixed,TSB-HB,0.0
fixed,TSB-HB,0.0
fixed,TSB-HB,0.5683224269298691
fixed,TSB-HB,0.8536147459146313
fixed,TSB-HB,0.7613261438949719
fixed,TSB-HB,0.7613261438949719
fixed,TSB-HB,0.3166302379488463
fixed,TSB-HB,0.8285524116669312
fixed,TSB-HB,0.2150289725142714
fixed,TSB-HB,0.37536489206675
fixed,TSB-HB,0.8285524116669312
fixed,TSB-HB,0.6694940552353631
fixed,TSB-HB,1.0
fixed,TSB-HB,0.5258509666641701
fixed,TSB-HB,0.0
fixed,TSB-HB,0.8445479743158794
fixed,TSB-HB,0.2550813809404768
fixed,TSB-HB,0.5258509666641701
fixed,TSB-HB,0.5258509666641701
fixed,TSB-HB,0.7483428814917356
fixed,TSB-HB,1.0
fixed,TSB-HB,0.7483428814917356
fixed,TSB-HB,1.0
fixed,TSB-HB,0.7910267224714036
fixed,TSB-HB,0.1865769828070365
fixed,TSB-HB,0.13727482833070398
fixed,TSB-HB,0.17454965666140793
fixed,TSB-HB,1.0
fixed,TSB-HB,0.17454965666140793
fixed,TSB-HB,0.24909931332281587
fixed,TSB-HB,1.0
fixed,TSB-HB,0.0
fixed,TSB-HB,0.28195977556585006
fixed,TSB-HB,0.6206787818350041
fixed,TSB-HB,0.7762963817242781
fixed,TSB-HB,0.5275729474658214
fixed,TSB-HB,0.7762963817242781
fixed,TSB-HB,0.0
fixed,TSB-HB,0.7804015750477913
fixed,TSB-HB,0.7804015750477913
fixed,TSB-HB,0.5809601380154492
fixed,TSB-HB,0.8880818605704308
fixed,TSB-HB,0.8880818605704308
fixed,TSB-HB,0.19813376383450115
fixed,TSB-HB,0.5085116281363279
fixed,TSB-HB,0.5085116281363279
fixed,TSB-HB,1.0
fixed,TSB-HB,0.7536940827227592
fixed,TSB-HB,0.6334499627241708
fixed,TSB-HB,0.722704312167503
fixed,TSB-HB,0.4847866753600934
fixed,TSB-HB,0.4847866753600934
fixed,TSB-HB,1.0
fixed,TSB-HB,0.6447523654150835
fixed,TSB-HB,0.27209685155976177
fixed,TSB-HB,0.0
fixed,TSB-HB,0.4993971183834854
fixed,TSB-HB,0.0
fixed,TSB-HB,0.0
fixed,TSB-HB,0.0
fixed,TSB-HB,1.0
fixed,TSB-HB,0.0
fixed,TSB-HB,0.44971520045928387
fixed,TSB-HB,0.7765215203634059
fixed,TSB-HB,1.0
fixed,TSB-HB,0.0
fixed,TSB-HB,0.0
fixed,TSB-HB,0.3009858384835807
fixed,TSB-HB,0.3009858384835807
fixed,TSB-HB,0.7654850914710324
fixed,TSB-HB,0.3009858384835807
fixed,TSB-HB,0.8749468783445061
fixed,TSB-HB,1.0
fixed,TSB-HB,0.8431927567374431
fixed,TSB-HB,0.678541145529547
fixed,TSB-HB,0.0
fixed,TSB-HB,1.0
fixed,TSB-HB,0.3887962015794529
fixed,TSB-HB,0.678541145529547
fixed,TSB-HB,0.549874636299708
fixed,TSB-HB,0.0
fixed,TSB-HB,0.549874636299708
fixed,TSB-HB,0.818517983467864
fixed,TSB-HB,0.0
fixed,TSB-HB,0.549874636299708
fixed,TSB-HB,0.473003847159359
fixed,TSB-HB,0.8159794389514448
fixed,TSB-HB,0.6932267245507252
fixed,TSB-HB,0.473003847159359
fixed,TSB-HB,0.5874901575604016
fixed,TSB-HB,0.5874901575604016
fixed,TSB-HB,1.0
fixed,TSB-HB,1.0
fixed,TSB-HB,0.5864410108745842
fixed,TSB-HB,0.7881761814862939
fixed,TSB-HB,0.7881761814862939
fixed,TSB-HB,0.8446959500452957
fixed,TSB-HB,0.771794720701935
fixed,TSB-HB,1.0
fixed,TSB-HB,0.25841409667879056
fixed,TSB-HB,0.8440409771801518
fixed,TSB-HB,0.0
fixed,TSB-HB,0.25841409667879056
fixed,TSB-HB,0.283128907295551
fixed,TSB-HB,0.821875470219617
fixed,TSB-HB,0.757203487988364
fixed,TSB-HB,0.821875470219617
fixed,TSB-HB,0.6199514443791528
fixed,TSB-HB,0.6199514443791528
fixed,TSB-HB,0.23356338360723555
fixed,TSB-HB,0.23356338360723555
fixed,TSB-HB,0.5740549560292125
fixed,TSB-HB,0.8821428321016959
fixed,TSB-HB,0.0
fixed,TSB-HB,1.0
fixed,TSB-HB,0.0
fixed,TSB-HB,0.867435255029742
fixed,TSB-HB,0.5110282978688323
fixed,TSB-HB,0.0
fixed,TSB-HB,1.0
fixed,TSB-HB,0.7934414807014494
fixed,TSB-HB,0.22799186658964812
fixed,TSB-HB,0.36243100477644175
fixed,TSB-HB,0.22799186658964812
fixed,TSB-HB,0.2945420291185361
fixed,TSB-HB,0.22799186658964812
fixed,TSB-HB,0.6645079202018015
fixed,TSB-HB,0.0
fixed,TSB-HB,1.0
fixed,TSB-HB,0.5162085482787271
fixed,TSB-HB,0.5162085482787271
fixed,TSB-HB,0.0
fixed,TSB-HB,0.8080929928483647
fixed,TSB-HB,0.3580845702508751
fixed,TSB-HB,0.0
fixed,TSB-HB,0.3580845702508751
fixed,TSB-HB,0.4661691405017502
fixed,TSB-HB,0.0
fixed,TSB-HB,0.0
fixed,TSB-HB,0.3530828966463549
fixed,TSB-HB,0.0
fixed,TSB-HB,0.0
fixed,TSB-HB,0.3530828966463549
fixed,TSB-HB,0.0
fixed,TSB-HB,0.3530828966463549
fixed,TSB-HB,0.6121056036420778
fixed,TSB-HB,0.0
fixed,TSB-HB,0.18411158495640312
fixed,TSB-HB,0.28990071531713374
fixed,TSB-HB,0.7425833227309196
fixed,TSB-HB,0.47406803759292826
fixed,TSB-HB,0.4198242889090662
fixed,TSB-HB,0.0
fixed,TSB-HB,0.6045541197548345
fixed,TSB-HB,0.7742644184529158
fixed,TSB-HB,0.0
fixed,TSB-HB,0.6045541197548345
fixed,TSB-HB,0.411799903579771
fixed,TSB-HB,1.0
fixed,TSB-HB,0.411799903579771
fixed,TSB-HB,0.0
fixed,TSB-HB,0.0
fixed,TSB-HB,0.0
fixed,TSB-HB,1.0
fixed,TSB-HB,0.0
fixed,TSB-HB,0.3519396589448789
fixed,TSB-HB,1.0
fixed,TSB-HB,0.6567406574614454
fixed,TSB-HB,0.3519396589448789
fixed,TSB-HB,0.7558001671926533
fixed,TSB-HB,0.7558001671926533
fixed,TSB-HB,1.0
fixed,TSB-HB,0.6072052757891997
fixed,TSB-HB,0.6072052757891997
fixed,TSB-HB,0.7558001671926533
fixed,TSB-HB,0.513879462209589
fixed,TSB-HB,0.513879462209589
fixed,TSB-HB,0.2769291762855599
fixed,TSB-HB,0.6985140110689081
fixed,TSB-HB,1.0
fixed,TSB-HB,0.8099099512090953
fixed,TSB-HB,0.0
fixed,TSB-HB,0.0
fixed,TSB-HB,0.19633613565282218
fixed,TSB-HB,1.0
fixed,TSB-HB,0.4462220843069157
fixed,TSB-HB,0.0
fixed,TSB-HB,0.7248343733766538
fixed,TSB-HB,0.19010651847134696
fixed,TSB-HB,0.45244137980596
fixed,TSB-HB,0.5705778427993159
fixed,TSB-HB,0.0
fixed,TSB-HB,0.14505325923567347
fixed,TSB-HB,0.0
fixed,TSB-HB,0.5771270798296069
fixed,TSB-HB,0.2423734483065636
fixed,TSB-HB,0.8510718348829478
fixed,TSB-HB,0.0
fixed,TSB-HB,1.0
fixed,TSB-HB,0.4283751005486002
fixed,TSB-HB,0.4283751005486002
fixed,TSB-HB,0.7389201185512972
fixed,TSB-HB,0.4283751005486002
fixed,TSB-HB,0.4283751005486002
fixed,TSB-HB,1.0
fixed,TSB-HB,0.15041500870717062
fixed,TSB-HB,0.5977724500916934
fixed,TSB-HB,0.15041500870717062
fixed,TSB-HB,0.25139305619325786
fixed,TSB-HB,0.6293854231353083
fixed,TSB-HB,0.5661594770480785
fixed,TSB-HB,0.4873324052455215
fixed,TSB-HB,0.785640902550959
fixed,TSB-HB,0.0
fixed,TSB-HB,0.32911080174850715
fixed,TSB-HB,0.4082216034970143
fixed,TSB-HB,0.0
fixed,TSB-HB,1.0
fixed,TSB-HB,0.15196513097230316
fixed,TSB-HB,0.15196513097230316
fixed,TSB-HB,0.5522748513258872
fixed,TSB-HB,0.25908413685126724
fixed,TSB-HB,0.41922897126678
fixed,TSB-HB,0.0
fixed,TSB-HB,0.23023985927710866
fixed,TSB-HB,1.0
fixed,TSB-HB,0.0
fixed,TSB-HB,0.0
fixed,TSB-HB,0.0
fixed,TSB-HB,0.14728862643087773
fixed,TSB-HB,1.0
fixed,TSB-HB,1.0
fixed,TSB-HB,0.0
fixed,TSB-HB,0.0
fixed,TSB-HB,0.0
fixed,TSB-HB,0.6711071482909711
fixed,TSB-HB,0.8373038822720338
fixed,TSB-HB,0.8985304728495368
fixed,TSB-HB,0.6711071482909711
fixed,TSB-HB,1.0
fixed,TSB-HB,0.8781216093237024
fixed,TSB-HB,0.0
fixed,TSB-HB,0.3733820756372888
fixed,TSB-HB,0.8222377629766975
fixed,TSB-HB,0.7103610977592865
fixed,TSB-HB,0.4967641512745776
fixed,TSB-HB,0.0
fixed,TSB-HB,0.0
fixed,TSB-HB,0.0
fixed,TSB-HB,0.0
fixed,TSB-HB,0.8057189302926003
fixed,TSB-HB,0.0
fixed,TSB-HB,0.0
fixed,TSB-HB,0.3173678605445929
fixed,TSB-HB,0.3173678605445929
fixed,TSB-HB,0.5963969763036299
fixed,TSB-HB,0.3173678605445929
fixed,TSB-HB,0.0
fixed,TSB-HB,0.3173678605445929
fixed,TSB-HB,0.0
fixed,TSB-HB,0.5332309189987787
fixed,TSB-HB,0.2604364117326585
fixed,TSB-HB,0.0
fixed,TSB-HB,0.2604364117326585
fixed,TSB-HB,0.2604364117326585
fixed,TSB-HB,0.4054313979502726
fixed,TSB-HB,0.4054313979502726
fixed,TSB-HB,0.5211026376137058
fixed,TSB-HB,0.6218929567623834
fixed,TSB-HB,0.0
fixed,TSB-HB,0.0
fixed,TSB-HB,0.5541555651947221
fixed,TSB-HB,0.5541555651947221
fixed,TSB-HB,0.19907964854597346
fixed,TSB-HB,0.7176919314565298
fixed,TSB-HB,1.0
fixed,TSB-HB,1.0
fixed,TSB-HB,0.5189834875033889
fixed,TSB-HB,0.5189834875033889
fixed,TSB-HB,0.5189834875033889
fixed,TSB-HB,1.0
fixed,TSB-HB,0.8291129349988774
fixed,TSB-HB,0.654578467640024
fixed,TSB-HB,0.0
fixed,TSB-HB,0.5073053424390856
fixed,TSB-HB,0.0
fixed,TSB-HB,1.0
fixed,TSB-HB,0.5683909846971309
fixed,TSB-HB,0.6600194480841988
fixed,TSB-HB,0.5860000097010879
fixed,TSB-HB,0.6813969601913088
fixed,TSB-HB,0.4882650216337704
fixed,TSB-HB,1.0
fixed,TSB-HB,1.0
fixed,TSB-HB,0.5860000097010879
fixed,TSB-HB,1.0
fixed,TSB-HB,0.0
fixed,TSB-HB,0.0
fixed,TSB-HB,0.0
fixed,TSB-HB,0.0
fixed,TSB-HB,0.0
fixed,TSB-HB,0.0
fixed,TSB-HB,0.2586642753328348
fixed,TSB-HB,0.8242129494431343
fixed,TSB-HB,0.0
fixed,TSB-HB,0.8242129494431343
fixed,TSB-HB,0.2586642753328348
fixed,TSB-HB,0.20519192168132283
fixed,TSB-HB,0.5967523558337812
fixed,TSB-HB,0.7015190942771458
fixed,TSB-HB,0.0
fixed,TSB-HB,0.7739987992654332
fixed,TSB-HB,0.0
fixed,TSB-HB,0.319242897100669
fixed,TSB-HB,0.0
fixed,TSB-HB,0.6687204714361998
fixed,TSB-HB,0.0
fixed,TSB-HB,0.5008639703183115
fixed,TSB-HB,1.0
fixed,TSB-HB,0.7258440302690972
fixed,TSB-HB,0.0
fixed,TSB-HB,0.5405979041905103
fixed,TSB-HB,0.823581089898491
fixed,TSB-HB,0.7258440302690972
fixed,TSB-HB,0.3445474571101553
fixed,TSB-HB,0.2435491996665738
fixed,TSB-HB,0.811401577097257
fixed,TSB-HB,0.6897590373525055
fixed,TSB-HB,0.494338305155957
fixed,TSB-HB,1.0
fixed,TSB-HB,1.0
fixed,TSB-HB,0.2510973940352757
fixed,TSB-HB,0.5754469839542491
fixed,TSB-HB,0.22895296182103808
fixed,TSB-HB,1.0
fixed,TSB-HB,0.6800886038795575
fixed,TSB-HB,0.5963753079393108
fixed,TSB-HB,0.7876090167905487
fixed,TSB-HB,0.0
fixed,TSB-HB,1.0
fixed,TSB-HB,1.0
fixed,TSB-HB,1.0
fixed,TSB-HB,0.6906103020974409
fixed,TSB-HB,0.730241435552113
fixed,TSB-HB,0.38214108558623533
fixed,TSB-HB,1.0
fixed,TSB-HB,0.24385364040635116
fixed,TSB-HB,0.24385364040635116
fixed,TSB-HB,0.8849591115869248
fixed,TSB-HB,0.3116251877684632
fixed,TSB-HB,0.7864270459117563
fixed,TSB-HB,1.0
fixed,TSB-HB,0.4776410160778534
fixed,TSB-HB,0.19209237616350508
fixed,TSB-HB,0.7167058649812524
fixed,TSB-HB,0.0
fixed,TSB-HB,0.0
fixed,TSB-HB,0.8050841861110541
fixed,TSB-HB,0.512720148868156
fixed,TSB-HB,0.0
fixed,TSB-HB,1.0
fixed,TSB-HB,0.4283202175756936
fixed,TSB-HB,0.4283202175756936
fixed,TSB-HB,0.6890569927107012
fixed,TSB-HB,0.6546111165304803
fixed,TSB-HB,0.47574389313990617
fixed,TSB-HB,0.2860491908830561
fixed,TSB-HB,0.2515413483509922
fixed,TSB-HB,0.2515413483509922
fixed,TSB-HB,0.5298012828926366
fixed,TSB-HB,1.0
fixed,TSB-HB,0.2515413483509922
fixed,TSB-HB,0.5298012828926366
fixed,TSB-HB,0.0
fixed,TSB-HB,0.6544269494995998
fixed,TSB-HB,0.4818724901575301
fixed,TSB-HB,0.2492433605306267
fixed,TSB-HB,0.0
fixed,TSB-HB,0.0
fixed,TSB-HB,0.6907089834689708
fixed,TSB-HB,0.0
fixed,TSB-HB,0.0
fixed,TSB-HB,0.6907089834689708
fixed,TSB-HB,0.0
fixed,TSB-HB,0.0
fixed,TSB-HB,0.4290294780923639
fixed,TSB-HB,0.7284052914296183
fixed,TSB-HB,0.7284052914296183
fixed,TSB-HB,0.4290294780923639
fixed,TSB-HB,0.0
fixed,TSB-HB,0.0
fixed,TSB-HB,0.0
fixed,TSB-HB,0.4946658946455143
fixed,TSB-HB,0.0
fixed,TSB-HB,0.8179264825561013
fixed,TSB-HB,0.0
fixed,TSB-HB,0.0
fixed,TSB-HB,0.44633763811653027
fixed,TSB-HB,0.0
fixed,TSB-HB,0.44633763811653027
fixed,TSB-HB,0.0
fixed,TSB-HB,0.44633763811653027
fixed,TSB-HB,0.6964244756777269
fixed,TSB-HB,0.5625771679797417
fixed,TSB-HB,0.279084364198346
fixed,TSB-HB,0.6787951988384441
fixed,TSB-HB,0.0
fixed,TSB-HB,0.8785284707965204
fixed,TSB-HB,0.8246904317476724
fixed,TSB-HB,0.7115760023078771
fixed,TSB-HB,0.29248449010006755
fixed,TSB-HB,0.0
fixed,TSB-HB,0.5146097154516276
fixed,TSB-HB,0.0
fixed,TSB-HB,0.7115760023078771
fixed,TSB-HB,0.0
fixed,TSB-HB,0.0
fixed,TSB-HB,0.35118416460231766
fixed,TSB-HB,0.0
fixed,TSB-HB,0.0
fixed,TSB-HB,0.0
fixed,TSB-HB,0.0
fixed,TSB-HB,0.0
fixed,TSB-HB,0.6405849672835155
fixed,TSB-HB,0.0
fixed,TSB-HB,0.5025154605773464
fixed,TSB-HB,0.5025154605773464
fixed,TSB-HB,0.8004310304200765
fixed,TSB-HB,0.7490698120802441
fixed,TSB-HB,0.19492741078528836
fixed,TSB-HB,0.0
fixed,TSB-HB,0.19492741078528836
fixed,TSB-HB,0.49509183561005266
fixed,TSB-HB,0.29450699803614133
fixed,TSB-HB,0.0
fixed,TSB-HB,0.29450699803614133
fixed,TSB-HB,0.7645754456461414
fixed,TSB-HB,0.7645754456461414
fixed,TSB-HB,0.29450699803614133
fixed,TSB-HB,0.0
fixed,TSB-HB,0.0
fixed,TSB-HB,0.5825616417426389
fixed,TSB-HB,0.7831836862800258
fixed,TSB-HB,0.7831836862800258
fixed,TSB-HB,0.5825616417426389
fixed,TSB-HB,0.0
fixed,TSB-HB,0.0
fixed,TSB-HB,0.7423633820116465
fixed,TSB-HB,0.7423633820116465
fixed,TSB-HB,0.7423633820116465
fixed,TSB-HB,0.7423633820116465
fixed,TSB-HB,0.0
fixed,TSB-HB,1.0
fixed,TSB-HB,1.0
fixed,TSB-HB,0.6171665689284893
fixed,TSB-HB,1.0
fixed,TSB-HB,0.6171665689284893
fixed,TSB-HB,1.0
fixed,TSB-HB,0.47388517879035463
fixed,TSB-HB,0.0
fixed,TSB-HB,0.0
fixed,TSB-HB,0.0
fixed,TSB-HB,0.0
fixed,TSB-HB,0.37936327550260307
fixed,TSB-HB,0.15316707753129796
fixed,TSB-HB,0.3183180065116403
fixed,TSB-HB,1.0
fixed,TSB-HB,1.0
fixed,TSB-HB,0.5731388335836026
fixed,TSB-HB,0.0
fixed,TSB-HB,0.5536683783558258
fixed,TSB-HB,1.0
fixed,TSB-HB,0.5536683783558258
fixed,TSB-HB,0.0
fixed,TSB-HB,0.0
fixed,TSB-HB,0.29770462525516356
fixed,TSB-HB,0.0
fixed,TSB-HB,0.886067764224834
fixed,TSB-HB,0.3931138757654906
fixed,TSB-HB,0.29770462525516356
fixed,TSB-HB,0.3931138757654906
fixed,TSB-HB,0.7111835769790926
fixed,TSB-HB,0.0
fixed,TSB-HB,0.6139868478967303
fixed,TSB-HB,0.25434578947038355
fixed,TSB-HB,0.6139868478967303
fixed,TSB-HB,0.7742171983484696
fixed,TSB-HB,0.0
fixed,TSB-HB,0.6591371304939941
fixed,TSB-HB,0.5775566918852899
fixed,TSB-HB,0.6591371304939941
fixed,TSB-HB,0.0
fixed,TSB-HB,0.6591371304939941
fixed,TSB-HB,0.41413546820230185
fixed,TSB-HB,1.0
fixed,TSB-HB,0.4962032023034527
fixed,TSB-HB,0.0
fixed,TSB-HB,0.3320677341011509
fixed,TSB-HB,0.3320677341011509
fixed,TSB-HB,0.8557728118970245
fixed,TSB-HB,0.0
fixed,TSB-HB,0.3822304186854899
fixed,TSB-HB,0.0
fixed,TSB-HB,0.23842556371336968
fixed,TSB-HB,0.47842754160642476
fixed,TSB-HB,1.0
fixed,TSB-HB,0.511411667090466
fixed,TSB-HB,0.6082004753761436
fixed,TSB-HB,0.8590310959273267
fixed,TSB-HB,0.0
fixed,TSB-HB,0.17311586436381163
fixed,TSB-HB,0.7583896390346577
fixed,TSB-HB,0.5946811053915908
fixed,TSB-HB,0.0
fixed,TSB-HB,0.36688707056993564
fixed,TSB-HB,1.0
fixed,TSB-HB,1.0
fixed,TSB-HB,0.0
fixed,TSB-HB,0.39927753398848465
fixed,TSB-HB,0.0
fixed,TSB-HB,0.5617883236940462
fixed,TSB-HB,0.39927753398848465
fixed,TSB-HB,0.0
fixed,TSB-HB,0.0
fixed,TSB-HB,0.8462029178596733
fixed,TSB-HB,0.799853821346014
fixed,TSB-HB,0.8462029178596733
fixed,TSB-HB,0.3581208474092639
fixed,TSB-HB,1.0
fixed,TSB-HB,0.0
fixed,TSB-HB,0.24566060362157205
fixed,TSB-HB,0.6790745057586491
fixed,TSB-HB,0.5955026194162722
fixed,TSB-HB,0.6512172103111902
fixed,TSB-HB,0.881163797828151
fixed,TSB-HB,0.5474904230329608
fixed,TSB-HB,0.0
fixed,TSB-HB,0.6361763240079312
fixed,TSB-HB,1.0
fixed,TSB-HB,1.0
fixed,TSB-HB,0.8509737101466637
fixed,TSB-HB,0.0
fixed,TSB-HB,0.7662814476911862
fixed,TSB-HB,0.4777392882815634
fixed,TSB-HB,0.0
fixed,TSB-HB,0.0
fixed,TSB-HB,0.7662814476911862
fixed,TSB-HB,0.0
fixed,TSB-HB,0.5279632953717333
fixed,TSB-HB,0.6997771679792123
fixed,TSB-HB,0.0
fixed,TSB-HB,0.0
fixed,TSB-HB,0.6997771679792123
fixed,TSB-HB,0.0
fixed,TSB-HB,1.0
fixed,TSB-HB,1.0
fixed,TSB-HB,0.7302637878683663
fixed,TSB-HB,0.0
fixed,TSB-HB,1.0
fixed,TSB-HB,0.0
fixed,TSB-HB,0.0
fixed,TSB-HB,0.0
fixed,TSB-HB,0.5579196822799494
fixed,TSB-HB,0.7281518659807396
fixed,TSB-HB,0.40062412484197674
fixed,TSB-HB,0.8023237791426017
fixed,TSB-HB,0.41405693602932436
fixed,TSB-HB,0.6361711062623456
fixed,TSB-HB,0.8023237791426017
fixed,TSB-HB,0.2817862452379312
fixed,TSB-HB,0.787845212659938
fixed,TSB-HB,0.0
fixed,TSB-HB,0.0
fixed,TSB-HB,0.0
fixed,TSB-HB,0.8670057149223934
fixed,TSB-HB,0.6081185294095504
fixed,TSB-HB,0.8447072053811089
fixed,TSB-HB,0.0
fixed,TSB-HB,1.0
fixed,TSB-HB,0.43398476314717244
fixed,TSB-HB,0.0
fixed,TSB-HB,0.43398476314717244
fixed,TSB-HB,0.7618063684329364
fixed,TSB-HB,0.5758443763373177
fixed,TSB-HB,0.0
fixed,TSB-HB,0.5758443763373177
fixed,TSB-HB,0.0
fixed,TSB-HB,0.41606538713844166
fixed,TSB-HB,0.5758443763373177
fixed,TSB-HB,0.4218666890173971
fixed,TSB-HB,0.0
fixed,TSB-HB,0.17608162574170716
fixed,TSB-HB,0.4218666890173971
fixed,TSB-HB,0.25240911873734545
fixed,TSB-HB,0.46423108158741
fixed,TSB-HB,0.17120742056197044
fixed,TSB-HB,0.8565237261360295
fixed,TSB-HB,0.7002483736628574
fixed,TSB-HB,0.17120742056197044
fixed,TSB-HB,0.7425423641617237
fixed,TSB-HB,0.8565237261360295
fixed,TSB-HB,0.7534542378506809
fixed,TSB-HB,0.6941058136668892
fixed,TSB-HB,0.7534542378506809
fixed,TSB-HB,0.24877656483639016
fixed,TSB-HB,0.6306795373096145
fixed,TSB-HB,1.0
fixed,TSB-HB,0.19002076545893296
fixed,TSB-HB,0.7758956154921289
fixed,TSB-HB,0.3178458238652412
fixed,TSB-HB,0.0
fixed,TSB-HB,0.19002076545893296
fixed,TSB-HB,0.3178458238652412
fixed,TSB-HB,0.6642406813927805
fixed,TSB-HB,0.29247454820687635
fixed,TSB-HB,0.7215250614404394
fixed,TSB-HB,0.7822203163649277
fixed,TSB-HB,1.0
fixed,TSB-HB,1.0
fixed,TSB-HB,0.6745262367874333
fixed,TSB-HB,0.7797906601853933
fixed,TSB-HB,0.16702840199412877
fixed,TSB-HB,0.18937120265883833
fixed,TSB-HB,0.7316745723763693
fixed,TSB-HB,0.2615895291312785
fixed,TSB-HB,0.0
fixed,TSB-HB,0.0
fixed,TSB-HB,0.89461934824684
fixed,TSB-HB,1.0
fixed,TSB-HB,0.6233246245721874
fixed,TSB-HB,0.0
fixed,TSB-HB,0.4176707375328693
fixed,TSB-HB,0.17276729078688408
fixed,TSB-HB,0.6688923513496932
fixed,TSB-HB,1.0
fixed,TSB-HB,1.0
fixed,TSB-HB,0.7618830461940891
fixed,TSB-HB,0.531870174298567
fixed,TSB-HB,0.18143747276440075
fixed,TSB-HB,0.18143747276440075
fixed,TSB-HB,0.8992246514896692
fixed,TSB-HB,0.6259401363455075
fixed,TSB-HB,0.7200100983924479
fixed,TSB-HB,0.0
fixed,TSB-HB,0.49449811057577575
fixed,TSB-HB,0.5721074069429127
fixed,TSB-HB,1.0
fixed,TSB-HB,0.7241830619761948
fixed,TSB-HB,1.0
fixed,TSB-HB,0.1855755491632092
fixed,TSB-HB,0.0
fixed,TSB-HB,0.1855755491632092
fixed,TSB-HB,0.5558556886746527
fixed,TSB-HB,0.1855755491632092
fixed,TSB-HB,0.1855755491632092
fixed,TSB-HB,0.15729374969867232
fixed,TSB-HB,0.0
fixed,TSB-HB,1.0
fixed,TSB-HB,0.28265049002678355
fixed,TSB-HB,0.0
fixed,TSB-HB,0.7577013158995588
fixed,TSB-HB,0.42167234620441335
fixed,TSB-HB,0.6726733939671751
fixed,TSB-HB,0.0
fixed,TSB-HB,0.42167234620441335
fixed,TSB-HB,1.0
fixed,TSB-HB,1.0
fixed,TSB-HB,0.21762598778648867
fixed,TSB-HB,0.21762598778648867
fixed,TSB-HB,0.6584743884538753
fixed,TSB-HB,0.5570608698302231
fixed,TSB-HB,0.5570608698302231
fixed,TSB-HB,0.7546786585903016
fixed,TSB-HB,0.5022710044095146
fixed,TSB-HB,0.1873253275923324
fixed,TSB-HB,0.404313420329378
fixed,TSB-HB,0.1436626637961662
fixed,TSB-HB,0.5022710044095146
fixed,TSB-HB,1.0
fixed,TSB-HB,0.7906516713579145
fixed,TSB-HB,0.2798888642735884
fixed,TSB-HB,0.6740539805591996
fixed,TSB-HB,0.7906516713579145
fixed,TSB-HB,0.0
fixed,TSB-HB,0.2798888642735884
fixed,TSB-HB,0.0
fixed,TSB-HB,0.622862184554672
fixed,TSB-HB,0.622862184554672
fixed,TSB-HB,0.44890517176027445
fixed,TSB-HB,0.44890517176027445
fixed,TSB-HB,0.44890517176027445
fixed,TSB-HB,0.7020478909582928
fixed,TSB-HB,0.0
fixed,TSB-HB,0.6371509247870484
fixed,TSB-HB,0.26264156663539995
fixed,TSB-HB,0.7860351896011823
fixed,TSB-HB,0.8146095099939195
fixed,TSB-HB,0.5473193270255767
fixed,TSB-HB,0.0
fixed,TSB-HB,0.3812376187159189
fixed,TSB-HB,0.0
fixed,TSB-HB,1.0
fixed,TSB-HB,0.3812376187159189
fixed,TSB-HB,0.24883792599366494
fixed,TSB-HB,0.0
fixed,TSB-HB,0.471710411398814
fixed,TSB-HB,0.7704700135550783
fixed,TSB-HB,0.24883792599366494
fixed,TSB-HB,1.0
fixed,TSB-HB,0.0
fixed,TSB-HB,0.7527947803046948
fixed,TSB-HB,0.0
fixed,TSB-HB,0.4631921028542527
fixed,TSB-HB,0.0
fixed,TSB-HB,0.4631921028542527
fixed,TSB-HB,0.0
fixed,TSB-HB,0.24467927645112517
fixed,TSB-HB,0.49051963787844777
fixed,TSB-HB,0.0
fixed,TSB-HB,0.49051963787844777
fixed,TSB-HB,0.24467927645112517
fixed,TSB-HB,0.0
fixed,TSB-HB,0.36098930027285625
fixed,TSB-HB,0.6870641826086337
fixed,TSB-HB,0.6870641826086337
fixed,TSB-HB,0.17047062830628607
fixed,TSB-HB,0.8570184312900906
fixed,TSB-HB,1.0
fixed,TSB-HB,0.0
fixed,TSB-HB,0.8004217161418439
fixed,TSB-HB,0.5198736582575911
fixed,TSB-HB,0.5198736582575911
fixed,TSB-HB,0.5198736582575911
fixed,TSB-HB,0.2066861606362523
fixed,TSB-HB,0.24224821418166975
fixed,TSB-HB,0.7520086870041387
fixed,TSB-HB,0.40486932060246217
fixed,TSB-HB,0.6938515410523485
fixed,TSB-HB,0.4605372427169252
fixed,TSB-HB,0.606583766289944
fixed,TSB-HB,0.8877919193182415
fixed,TSB-HB,0.2882199278214875
fixed,TSB-HB,0.0
fixed,TSB-HB,0.7625500761096132
fixed,TSB-HB,1.0
fixed,TSB-HB,0.47342044191864413
fixed,TSB-HB,0.60893568021351
fixed,TSB-HB,0.5057519490370719
fixed,TSB-HB,0.712119411389948
fixed,TSB-HB,0.8376472862472474
fixed,TSB-HB,1.0
fixed,TSB-HB,1.0
fixed,TSB-HB,0.5368714240635377
fixed,TSB-HB,0.4344575355256888
fixed,TSB-HB,0.4344575355256888
fixed,TSB-HB,0.6455246202029743
fixed,TSB-HB,0.3546542863037895
fixed,TSB-HB,0.2965381874131132
fixed,TSB-HB,0.6195872615623401
fixed,TSB-HB,0.0
fixed,TSB-HB,0.7025932567767088
fixed,TSB-HB,1.0
fixed,TSB-HB,0.7644345664764142
fixed,TSB-HB,0.0
fixed,TSB-HB,0.45409348684031714
fixed,TSB-HB,0.27855710840675074
fixed,TSB-HB,0.27855710840675074
fixed,TSB-HB,0.0
fixed,TSB-HB,0.41020939223192554
fixed,TSB-HB,0.6470296845177148
fixed,TSB-HB,1.0
fixed,TSB-HB,1.0
fixed,TSB-HB,0.7420335179974837
fixed,TSB-HB,0.0
fixed,TSB-HB,1.0
fixed,TSB-HB,1.0
fixed,TSB-HB,0.0
fixed,TSB-HB,0.543356689852057
fixed,TSB-HB,0.8959916824240188
fixed,TSB-HB,0.707770331013788
fixed,TSB-HB,0.44015830256785915
fixed,TSB-HB,0.5454129838675232
fixed,TSB-HB,0.8840225882211917
fixed,TSB-HB,0.8595053967671095
fixed,TSB-HB,1.0
fixed,TSB-HB,0.7191094667485209
fixed,TSB-HB,0.3194920665357145
fixed,TSB-HB,0.0
fixed,TSB-HB,0.5155052992222964
fixed,TSB-HB,0.7612359561486371
fixed,TSB-HB,0.0
fixed,TSB-HB,0.0
fixed,TSB-HB,0.0
fixed,TSB-HB,0.0
fixed,TSB-HB,0.0
fixed,TSB-HB,0.40972525180933284
fixed,TSB-HB,0.2824567187308426
fixed,TSB-HB,0.0
fixed,TSB-HB,0.0
fixed,TSB-HB,0.0
fixed,TSB-HB,1.0
fixed,TSB-HB,0.0
fixed,TSB-HB,1.0
fixed,TSB-HB,0.0
fixed,TSB-HB,0.5340355194380643
fixed,TSB-HB,0.3599590145119006
fixed,TSB-HB,0.0
fixed,TSB-HB,0.0
fixed,TSB-HB,0.5981367819911098
fixed,TSB-HB,0.0
fixed,TSB-HB,0.3599590145119006
fixed,TSB-HB,0.19748468907381633
fixed,TSB-HB,0.0
fixed,TSB-HB,0.3255284105172694
fixed,TSB-HB,0.5814122143931133
fixed,TSB-HB,0.1899858668373689
fixed,TSB-HB,0.21998115578315858
fixed,TSB-HB,0.0
fixed,TSB-HB,0.6094346197760978
fixed,TSB-HB,0.19500699815056916
fixed,TSB-HB,0.0
fixed,TSB-HB,1.0
fixed,TSB-HB,1.0
fixed,TSB-HB,0.0
fixed,TSB-HB,0.6793163202186284
fixed,TSB-HB,0.3512923298061359
fixed,TSB-HB,0.6793163202186284
fixed,TSB-HB,0.3512923298061359
fixed,TSB-HB,0.0
fixed,TSB-HB,0.5384641817266511
fixed,TSB-HB,0.0
fixed,TSB-HB,0.813879831363137
fixed,TSB-HB,0.0
fixed,TSB-HB,0.5384641817266511
fixed,TSB-HB,1.0
fixed,TSB-HB,0.29438856321825
fixed,TSB-HB,0.6199148088788154
fixed,TSB-HB,0.29438856321825
fixed,TSB-HB,0.0
fixed,TSB-HB,0.0
fixed,TSB-HB,0.47678191458396463
fixed,TSB-HB,0.0
fixed,TSB-HB,0.6781045351365322
fixed,TSB-HB,0.8617442956599747
fixed,TSB-HB,0.6781045351365322
fixed,TSB-HB,1.0
fixed,TSB-HB,0.8617442956599747
fixed,TSB-HB,0.0
fixed,TSB-HB,0.22084800908640695
fixed,TSB-HB,0.22084800908640695
fixed,TSB-HB,0.8429377197876857
fixed,TSB-HB,0.624367479987155
fixed,TSB-HB,1.0
fixed,TSB-HB,0.8628914378012558
fixed,TSB-HB,0.7662142286997647
fixed,TSB-HB,0.5762187152055688
fixed,TSB-HB,0.3614871268951436
fixed,TSB-HB,0.0
fixed,TSB-HB,0.0
fixed,TSB-HB,1.0
fixed,TSB-HB,1.0
fixed,TSB-HB,0.839248581115403
fixed,TSB-HB,0.7975534208880536
fixed,TSB-HB,0.5773547588936745
fixed,TSB-HB,0.34907127581466285
fixed,TSB-HB,0.31149113232086945
fixed,TSB-HB,0.8650494616081407
fixed,TSB-HB,0.31149113232086945
fixed,TSB-HB,0.5561970360617958
fixed,TSB-HB,0.31149113232086945
fixed,TSB-HB,0.7618752954306067
fixed,TSB-HB,0.348305622625519
fixed,TSB-HB,1.0
fixed,TSB-HB,0.348305622625519
fixed,TSB-HB,0.348305622625519
fixed,TSB-HB,0.6326202987408561
fixed,TSB-HB,0.0
fixed,TSB-HB,0.2129585309144731
fixed,TSB-HB,0.39507092762996865
fixed,TSB-HB,0.5797127207658072
fixed,TSB-HB,1.0
fixed,TSB-HB,0.8128332483499144
fixed,TSB-HB,0.882477792091845
fixed,TSB-HB,0.7756020438522777
fixed,TSB-HB,0.1970978850651619
fixed,TSB-HB,0.6685579658666458
fixed,TSB-HB,0.0
fixed,TSB-HB,0.341458455249566
fixed,TSB-HB,0.0
fixed,TSB-HB,0.32914900922784873
fixed,TSB-HB,0.8648407814369368
fixed,TSB-HB,1.0
fixed,TSB-HB,0.0
fixed,TSB-HB,0.0
fixed,TSB-HB,0.0
fixed,TSB-HB,0.34316348905634914
fixed,TSB-HB,0.34316348905634914
fixed,TSB-HB,0.34316348905634914
fixed,TSB-HB,0.5980917256800808
fixed,TSB-HB,0.5980917256800808
fixed,TSB-HB,0.34316348905634914
fixed,TSB-HB,0.3480464357239602
fixed,TSB-HB,0.514724901879615
fixed,TSB-HB,0.3480464357239602
fixed,TSB-HB,0.514724901879615
fixed,TSB-HB,0.3480464357239602
fixed,TSB-HB,0.514724901879615
fixed,TSB-HB,1.0
fixed,TSB-HB,0.2970142574650842
fixed,TSB-HB,0.5417776753704266
fixed,TSB-HB,0.5417776753704266
fixed,TSB-HB,0.2970142574650842
fixed,TSB-HB,0.5417776753704266
fixed,TSB-HB,0.5960592493574447
fixed,TSB-HB,0.24298646049107603
fixed,TSB-HB,0.0
fixed,TSB-HB,0.0
fixed,TSB-HB,0.0
fixed,TSB-HB,0.0
fixed,TSB-HB,0.0
fixed,TSB-HB,0.7812214038067343
fixed,TSB-HB,0.0
fixed,TSB-HB,1.0
fixed,TSB-HB,0.7812214038067343
fixed,TSB-HB,0.48856643968367963
fixed,TSB-HB,0.8388418954723603
fixed,TSB-HB,0.6861757745149062
fixed,TSB-HB,0.24859672532951607
fixed,TSB-HB,0.5599627851487169
fixed,TSB-HB,0.5599627851487169
fixed,TSB-HB,1.0
fixed,TSB-HB,0.0
fixed,TSB-HB,1.0
fixed,TSB-HB,0.19440974799735558
fixed,TSB-HB,0.7621512748326479
fixed,TSB-HB,0.7621512748326479
fixed,TSB-HB,0.24161462199603337
fixed,TSB-HB,0.2542872882233992
fixed,TSB-HB,0.5701265133691111
fixed,TSB-HB,0.2542872882233992
fixed,TSB-HB,0.0
fixed,TSB-HB,0.0
fixed,TSB-HB,0.7861271400366305
fixed,TSB-HB,0.3995931951044769
fixed,TSB-HB,0.6021080966601517
fixed,TSB-HB,0.24808516127846172
fixed,TSB-HB,0.8090422125573528
fixed,TSB-HB,0.3995931951044769
fixed,TSB-HB,0.5720171425691499
fixed,TSB-HB,0.0
fixed,TSB-HB,0.5121618011155328
fixed,TSB-HB,1.0
fixed,TSB-HB,0.5121618011155328
fixed,TSB-HB,0.8185824052894735
fixed,TSB-HB,0.25409810606427213
fixed,TSB-HB,0.3216823161180248
fixed,TSB-HB,0.4625532680481371
fixed,TSB-HB,0.3216823161180248
fixed,TSB-HB,0.4625532680481371
fixed,TSB-HB,1.0
fixed,TSB-HB,0.5789039445628977
fixed,TSB-HB,0.4032754392427668
fixed,TSB-HB,1.0
fixed,TSB-HB,1.0
fixed,TSB-HB,0.5036933685236822
fixed,TSB-HB,0.7933184933592442
fixed,TSB-HB,1.0
fixed,TSB-HB,0.501065958321193
fixed,TSB-HB,0.501065958321193
fixed,TSB-HB,0.2625491357449311
fixed,TSB-HB,0.2625491357449311
fixed,TSB-HB,0.0
fixed,TSB-HB,1.0
fixed,TSB-HB,0.6625819656214308
fixed,TSB-HB,0.0
fixed,TSB-HB,1.0
fixed,TSB-HB,0.8689745317974619
fixed,TSB-HB,0.8689745317974619
fixed,TSB-HB,1.0
fixed,TSB-HB,0.5134376100396463
fixed,TSB-HB,0.2610410996789733
fixed,TSB-HB,0.7033710018197101
fixed,TSB-HB,0.8993998801529426
fixed,TSB-HB,0.8142473938085765
fixed,TSB-HB,1.0
fixed,TSB-HB,0.0
fixed,TSB-HB,0.7743255341751708
fixed,TSB-HB,0.0
fixed,TSB-HB,0.7743255341751708
fixed,TSB-HB,0.7743255341751708
fixed,TSB-HB,1.0
fixed,TSB-HB,0.582970714464092
fixed,TSB-HB,0.3188997228888591
fixed,TSB-HB,0.582970714464092
fixed,TSB-HB,0.8805651843050573
fixed,TSB-HB,0.8805651843050573
fixed,TSB-HB,1.0
fixed,TSB-HB,0.42694184469141616
fixed,TSB-HB,0.42694184469141616
fixed,TSB-HB,0.6691179401182661
fixed,TSB-HB,0.30242942548321766
fixed,TSB-HB,0.0
fixed,TSB-HB,0.30242942548321766
fixed,TSB-HB,0.5515812647199667
fixed,TSB-HB,0.5515812647199667
fixed,TSB-HB,0.5515812647199667
fixed,TSB-HB,0.0
fixed,TSB-HB,0.5515812647199667
fixed,TSB-HB,0.8556928983952612
fixed,TSB-HB,0.47937121717862885
fixed,TSB-HB,0.47937121717862885
fixed,TSB-HB,1.0
fixed,TSB-HB,0.0
fixed,TSB-HB,0.0
fixed,TSB-HB,0.0
fixed,TSB-HB,0.8269850449139058
fixed,TSB-HB,0.5443763695394934
fixed,TSB-HB,0.8269850449139058
fixed,TSB-HB,0.3241479859994377
fixed,TSB-HB,0.3241479859994377
fixed,TSB-HB,0.3241479859994377
fixed,TSB-HB,0.0
fixed,TSB-HB,0.4513968612908045
fixed,TSB-HB,0.4513968612908045
fixed,TSB-HB,0.0
fixed,TSB-HB,0.4513968612908045
fixed,TSB-HB,0.0
fixed,TSB-HB,0.3335972621956843
fixed,TSB-HB,0.8121633476765873
fixed,TSB-HB,0.7542377722150209
fixed,TSB-HB,0.602472860649027
fixed,TSB-HB,0.3335972621956843
fixed,TSB-HB,0.602472860649027
fixed,TSB-HB,0.0
fixed,TSB-HB,0.8397628035327488
fixed,TSB-HB,0.7677800973010726
fixed,TSB-HB,0.8037714504169107
fixed,TSB-HB,0.7065529723987866
fixed,TSB-HB,0.4246374238380699
fixed,TSB-HB,0.5246455624688208
fixed,TSB-HB,0.0
fixed,TSB-HB,0.0
fixed,TSB-HB,0.0
fixed,TSB-HB,0.5246455624688208
fixed,TSB-HB,0.5246455624688208
fixed,TSB-HB,0.0
fixed,TSB-HB,0.2720102196738356
fixed,TSB-HB,0.7530761312393214
fixed,TSB-HB,0.2720102196738356
fixed,TSB-HB,0.2720102196738356
fixed,TSB-HB,0.5418007188257042
fixed,TSB-HB,0.482569182439221
fixed,TSB-HB,1.0
fixed,TSB-HB,0.3662845912196105
fixed,TSB-HB,0.0
fixed,TSB-HB,0.0
fixed,TSB-HB,0.0
fixed,TSB-HB,0.5886106488900168
fixed,TSB-HB,0.31542413927195784
fixed,TSB-HB,0.19646727877418216
fixed,TSB-HB,1.0
fixed,TSB-HB,0.5886106488900168
fixed,TSB-HB,1.0
fixed,TSB-HB,0.19116812112515105
fixed,TSB-HB,0.314605371970043
fixed,TSB-HB,0.8779324541413085
fixed,TSB-HB,0.19116812112515105
fixed,TSB-HB,0.817196577615197
fixed,TSB-HB,0.817196577615197
fixed,TSB-HB,0.38365505516538045
fixed,TSB-HB,0.5854698542046046
fixed,TSB-HB,0.0
fixed,TSB-HB,0.0
fixed,TSB-HB,0.5854698542046046
fixed,TSB-HB,0.38365505516538045
fixed,TSB-HB,0.7213048329865338
fixed,TSB-HB,0.8690812201656516
fixed,TSB-HB,0.0
fixed,TSB-HB,0.0
fixed,TSB-HB,1.0
fixed,TSB-HB,0.0
fixed,TSB-HB,0.6314457560301783
fixed,TSB-HB,0.0
fixed,TSB-HB,0.6314457560301783
fixed,TSB-HB,0.6314457560301783
fixed,TSB-HB,0.4269177497961811
fixed,TSB-HB,0.4269177497961811
fixed,TSB-HB,0.40200593216838765
fixed,TSB-HB,0.5780965358180912
fixed,TSB-HB,0.5780965358180912
fixed,TSB-HB,0.0
fixed,TSB-HB,0.0
fixed,TSB-HB,0.40200593216838765
fixed,TSB-HB,0.5629087709823941
fixed,TSB-HB,1.0
fixed,TSB-HB,0.7224993283232513
fixed,TSB-HB,0.6693024758762989
fixed,TSB-HB,0.8031817211928073
fixed,TSB-HB,0.0
fixed,TSB-HB,0.3125398385522646
fixed,TSB-HB,1.0
fixed,TSB-HB,1.0
fixed,TSB-HB,0.8034923009782653
fixed,TSB-HB,0.6106413312088991
fixed,TSB-HB,0.3125398385522646
fixed,TSB-HB,0.8995203712323191
fixed,TSB-HB,0.47564074048037763
fixed,TSB-HB,0.757270370832314
fixed,TSB-HB,0.8995203712323191
fixed,TSB-HB,0.0
fixed,TSB-HB,0.47564074048037763
fixed,TSB-HB,0.2758207735467252
fixed,TSB-HB,0.0
fixed,TSB-HB,0.2758207735467252
fixed,TSB-HB,0.0
fixed,TSB-HB,0.2758207735467252
fixed,TSB-HB,0.2758207735467252
fixed,TSB-HB,0.0
fixed,TSB-HB,0.452634492643356
fixed,TSB-HB,0.0
fixed,TSB-HB,0.0
fixed,TSB-HB,0.452634492643356
fixed,TSB-HB,0.452634492643356
fixed,TSB-HB,0.23394202047680718
fixed,TSB-HB,0.4820772143325329
fixed,TSB-HB,0.6782284199044133
fixed,TSB-HB,0.6782284199044133
fixed,TSB-HB,0.4820772143325329
fixed,TSB-HB,0.8040806586929505
fixed,TSB-HB,0.0
fixed,TSB-HB,0.3607896195079082
fixed,TSB-HB,0.7751720546822072
fixed,TSB-HB,1.0
fixed,TSB-HB,0.7751720546822072
fixed,TSB-HB,0.7751720546822072
fixed,TSB-HB,0.48231389386928236
fixed,TSB-HB,0.0
fixed,TSB-HB,0.0
fixed,TSB-HB,0.48231389386928236
fixed,TSB-HB,0.0
fixed,TSB-HB,0.0
fixed,TSB-HB,1.0
fixed,TSB-HB,0.2555041513501824
fixed,TSB-HB,0.7704783953109813
fixed,TSB-HB,0.5559382860001725
fixed,TSB-HB,0.2555041513501824
fixed,TSB-HB,0.5559382860001725
fixed,TSB-HB,0.0
fixed,TSB-HB,0.0
fixed,TSB-HB,0.0
fixed,TSB-HB,0.5004909014676899
fixed,TSB-HB,0.0
fixed,TSB-HB,0.0
fixed,TSB-HB,0.26897405822917153
fixed,TSB-HB,0.4706639575634902
fixed,TSB-HB,0.6248592431685113
fixed,TSB-HB,0.6248592431685113
fixed,TSB-HB,0.7590125809973207
fixed,TSB-HB,0.6248592431685113
fixed,TSB-HB,0.0
fixed,TSB-HB,0.0
fixed,TSB-HB,0.39652588632523667
fixed,TSB-HB,0.13400331422292974
fixed,TSB-HB,0.601189888547358
fixed,TSB-HB,0.0
fixed,TSB-HB,0.296252141091137
fixed,TSB-HB,0.8120323994765906
fixed,TSB-HB,0.0
fixed,TSB-HB,0.7273134670338167
fixed,TSB-HB,1.0
fixed,TSB-HB,0.6095106368422493
fixed,TSB-HB,0.24483827814806366
fixed,TSB-HB,0.24483827814806366
fixed,TSB-HB,0.8077282318744701
fixed,TSB-HB,0.503926428700392
fixed,TSB-HB,0.503926428700392
fixed,TSB-HB,0.0
fixed,TSB-HB,0.0
fixed,TSB-HB,0.0
fixed,TSB-HB,0.0
fixed,TSB-HB,0.0
fixed,TSB-HB,0.4853553896355604
fixed,TSB-HB,0.4853553896355604
fixed,TSB-HB,0.4469801039600001
fixed,TSB-HB,0.8405984920820344
fixed,TSB-HB,0.4469801039600001
fixed,TSB-HB,0.0
fixed,TSB-HB,0.4469801039600001
fixed,TSB-HB,0.4469801039600001
fixed,TSB-HB,0.7772992740766602
fixed,TSB-HB,0.4841367471474486
fixed,TSB-HB,0.0
fixed,TSB-HB,0.4841367471474486
fixed,TSB-HB,0.4841367471474486
fixed,TSB-HB,0.7772992740766602
fixed,TSB-HB,0.0
fixed,TSB-HB,0.4799319564041516
fixed,TSB-HB,0.7612814471957157
fixed,TSB-HB,0.4799319564041516
fixed,TSB-HB,0.0
fixed,TSB-HB,1.0
fixed,TSB-HB,0.0
fixed,TSB-HB,0.0
fixed,TSB-HB,0.0
fixed,TSB-HB,0.4672958891205052
fixed,TSB-HB,0.7799459773153216
fixed,TSB-HB,0.0
fixed,TSB-HB,0.0
fixed,TSB-HB,0.0
fixed,TSB-HB,0.3840640324529531
fixed,TSB-HB,0.6613166219369794
fixed,TSB-HB,0.8273645415837931
fixed,TSB-HB,0.0
fixed,TSB-HB,0.6769127633896506
fixed,TSB-HB,0.5593683894836092
fixed,TSB-HB,0.45040659681513406
fixed,TSB-HB,0.0
fixed,TSB-HB,0.5593683894836092
fixed,TSB-HB,0.0
fixed,TSB-HB,0.4625014616911658
fixed,TSB-HB,0.4625014616911658
fixed,TSB-HB,0.7540810840917046
fixed,TSB-HB,0.0
fixed,TSB-HB,0.4625014616911658
fixed,TSB-HB,0.0
fixed,TSB-HB,0.0
fixed,TSB-HB,0.0
fixed,TSB-HB,0.4327053346634887
fixed,TSB-HB,0.3068138229828931
fixed,TSB-HB,0.3068138229828931
fixed,TSB-HB,0.0
fixed,TSB-HB,0.7167018471280864
fixed,TSB-HB,0.8338167692031746
fixed,TSB-HB,0.507293966266525
fixed,TSB-HB,0.507293966266525
fixed,TSB-HB,0.507293966266525
fixed,TSB-HB,0.7167018471280864
fixed,TSB-HB,0.0
fixed,TSB-HB,0.5255652447309581
fixed,TSB-HB,0.6418628304856483
fixed,TSB-HB,0.377418970829973
fixed,TSB-HB,0.377418970829973
fixed,TSB-HB,0.5255652447309581
fixed,TSB-HB,0.17453102380798435
fixed,TSB-HB,0.6393804282767137
fixed,TSB-HB,0.5277411066727815
fixed,TSB-HB,0.24906204761596873
fixed,TSB-HB,0.3919575836505738
fixed,TSB-HB,0.6393804282767137
fixed,TSB-HB,0.44275267082730374
fixed,TSB-HB,1.0
fixed,TSB-HB,0.7248716720733684
fixed,TSB-HB,0.3060120678202607
fixed,TSB-HB,0.550643279971378
fixed,TSB-HB,0.7248716720733684
fixed,TSB-HB,0.44342816587818257
fixed,TSB-HB,0.8494647578982122
fixed,TSB-HB,0.44342816587818257
fixed,TSB-HB,0.0
fixed,TSB-HB,0.44342816587818257
fixed,TSB-HB,0.44342816587818257
fixed,TSB-HB,0.27032235172210767
fixed,TSB-HB,0.6809582730062871
fixed,TSB-HB,0.0
fixed,TSB-HB,0.27032235172210767
fixed,TSB-HB,0.5026063083376164
fixed,TSB-HB,0.5026063083376164
fixed,TSB-HB,0.0
fixed,TSB-HB,1.0
fixed,TSB-HB,0.682482225688827
fixed,TSB-HB,0.0
fixed,TSB-HB,0.4384384123024183
fixed,TSB-HB,0.682482225688827
fixed,TSB-HB,0.0
fixed,TSB-HB,1.0
fixed,TSB-HB,0.24820338932458488
fixed,TSB-HB,0.0
fixed,TSB-HB,0.4912917087127977
fixed,TSB-HB,0.7815612465491625
fixed,TSB-HB,0.0
fixed,TSB-HB,0.4079892559944921
fixed,TSB-HB,1.0
fixed,TSB-HB,0.0
fixed,TSB-HB,1.0
fixed,TSB-HB,0.7535511397959432
fixed,TSB-HB,0.0
fixed,TSB-HB,0.7670637353210178
fixed,TSB-HB,0.7670637353210178
fixed,TSB-HB,0.0
fixed,TSB-HB,1.0
fixed,TSB-HB,1.0
fixed,TSB-HB,0.0
fixed,TSB-HB,0.8835220235745564
fixed,TSB-HB,0.3922820356056285
fixed,TSB-HB,0.8273091310286192
fixed,TSB-HB,0.8273091310286192
fixed,TSB-HB,0.0
fixed,TSB-HB,0.4713535235279729
fixed,TSB-HB,0.4713535235279729
fixed,TSB-HB,0.74361318874027
fixed,TSB-HB,0.0
fixed,TSB-HB,0.4713535235279729
fixed,TSB-HB,0.8800775326737347
fixed,TSB-HB,0.19895294567622057
fixed,TSB-HB,0.5305357459482355
fixed,TSB-HB,0.7811610509324718
fixed,TSB-HB,0.34515332232256807
fixed,TSB-HB,0.8467383117337473
fixed,TSB-HB,0.5305357459482355
fixed,TSB-HB,0.8603080925613434
fixed,TSB-HB,0.0
fixed,TSB-HB,0.5164595884042156
fixed,TSB-HB,0.6718411961316173
fixed,TSB-HB,0.5164595884042156
fixed,TSB-HB,0.5164595884042156
fixed,TSB-HB,0.7838325758305117
fixed,TSB-HB,0.31875119568306964
fixed,TSB-HB,0.7148978295998205
fixed,TSB-HB,0.4833414779345644
fixed,TSB-HB,0.31875119568306964
fixed,TSB-HB,0.4833414779345644
fixed,TSB-HB,0.8165042111409128
fixed,TSB-HB,0.3510364925944277
fixed,TSB-HB,0.6498228142477097
fixed,TSB-HB,0.5233901832299003
fixed,TSB-HB,0.3510364925944277
fixed,TSB-HB,0.3510364925944277
fixed,TSB-HB,1.0
fixed,TSB-HB,0.0
fixed,TSB-HB,0.407146062983931
fixed,TSB-HB,0.7533078268911507
fixed,TSB-HB,0.5747396169009908
fixed,TSB-HB,0.407146062983931
fixed,TSB-HB,0.0
fixed,TSB-HB,0.311567177012567
fixed,TSB-HB,0.0
fixed,TSB-HB,0.0
fixed,TSB-HB,0.0
fixed,TSB-HB,0.0
fixed,TSB-HB,0.0
fixed,TSB-HB,0.45754630625899845
fixed,TSB-HB,0.45754630625899845
fixed,TSB-HB,0.0
fixed,TSB-HB,0.45754630625899845
fixed,TSB-HB,0.0
fixed,TSB-HB,0.5807251270850954
fixed,TSB-HB,0.33976992385500737
fixed,TSB-HB,0.7611363184746315
fixed,TSB-HB,0.5807251270850954
fixed,TSB-HB,1.0
fixed,TSB-HB,0.43079310279436
fixed,TSB-HB,0.724398220175442
fixed,TSB-HB,0.558820550863713
fixed,TSB-HB,0.724398220175442
fixed,TSB-HB,0.893246784279026
fixed,TSB-HB,0.19983033296079183
fixed,TSB-HB,0.358879348602447
fixed,TSB-HB,0.0
fixed,TSB-HB,0.0
fixed,TSB-HB,0.629732439993236
fixed,TSB-HB,0.0
fixed,TSB-HB,0.8188007426208774
fixed,TSB-HB,1.0
fixed,TSB-HB,0.44799561218358896
fixed,TSB-HB,0.41820914065677034
fixed,TSB-HB,0.6104938368674624
fixed,TSB-HB,0.809330788784412
fixed,TSB-HB,0.32884972607631435
fixed,TSB-HB,0.8932058300362697
fixed,TSB-HB,0.6230283508946501
fixed,TSB-HB,0.4252057045182705
fixed,TSB-HB,0.6230283508946501
fixed,TSB-HB,0.0
fixed,TSB-HB,0.0
fixed,TSB-HB,0.4252057045182705
fixed,TSB-HB,0.0
fixed,TSB-HB,0.0
fixed,TSB-HB,0.7366609488834417
fixed,TSB-HB,0.4195187882133391
fixed,TSB-HB,0.7765993510965813
fixed,TSB-HB,1.0
fixed,TSB-HB,1.0
fixed,TSB-HB,1.0
fixed,TSB-HB,0.7637483359114083
fixed,TSB-HB,0.37284292161973565
fixed,TSB-HB,1.0
fixed,TSB-HB,0.0
fixed,TSB-HB,0.812144169319216
fixed,TSB-HB,1.0
fixed,TSB-HB,0.5135295858197024
fixed,TSB-HB,0.34734419717952314
fixed,TSB-HB,0.7014437610207319
fixed,TSB-HB,0.0
fixed,TSB-HB,0.0
fixed,TSB-HB,0.7651465718025929
fixed,TSB-HB,0.0
fixed,TSB-HB,1.0
fixed,TSB-HB,0.5073477627781331
fixed,TSB-HB,0.5073477627781331
fixed,TSB-HB,0.361158981901959
fixed,TSB-HB,0.361158981901959
fixed,TSB-HB,0.1932906816470787
fixed,TSB-HB,0.28131041096799664
fixed,TSB-HB,0.7931169752857549
fixed,TSB-HB,1.0
fixed,TSB-HB,0.19790790682236986
fixed,TSB-HB,1.0
fixed,TSB-HB,1.0
fixed,TSB-HB,0.8415492323244752
fixed,TSB-HB,0.5611528413241514
fixed,TSB-HB,0.0
fixed,TSB-HB,0.836376930160184
fixed,TSB-HB,0.8041757549487204
fixed,TSB-HB,1.0
fixed,TSB-HB,0.4446274024692048
fixed,TSB-HB,0.19998051549359958
fixed,TSB-HB,0.19998051549359958
fixed,TSB-HB,0.0
fixed,TSB-HB,0.0
fixed,TSB-HB,0.0
fixed,TSB-HB,0.8158813978407038
fixed,TSB-HB,0.8158813978407038
fixed,TSB-HB,0.7692030593774304
fixed,TSB-HB,0.0
fixed,TSB-HB,0.6561939382603732
fixed,TSB-HB,0.6924905837398833
fixed,TSB-HB,0.7287872292193933
fixed,TSB-HB,0.6561939382603732
fixed,TSB-HB,0.2938847556819937
fixed,TSB-HB,1.0
fixed,TSB-HB,0.3957071857632365
fixed,TSB-HB,0.8611744798332077
fixed,TSB-HB,0.7561464491415115
fixed,TSB-HB,0.6496579118479675
fixed,TSB-HB,0.0
fixed,TSB-HB,0.0
fixed,TSB-HB,0.7791026728607352
fixed,TSB-HB,1.0
fixed,TSB-HB,1.0
fixed,TSB-HB,0.4646599224392056
fixed,TSB-HB,0.7791026728607352
fixed,TSB-HB,0.0
fixed,TSB-HB,1.0
fixed,TSB-HB,0.6453443363274752
fixed,TSB-HB,0.0
fixed,TSB-HB,0.33355779566240157
fixed,TSB-HB,0.0
fixed,TSB-HB,0.2667555271827901
fixed,TSB-HB,0.5209063632569488
fixed,TSB-HB,0.2667555271827901
fixed,TSB-HB,0.0
fixed,TSB-HB,0.8070881644806001
fixed,TSB-HB,0.769660914903646
fixed,TSB-HB,0.15874903630336312
fixed,TSB-HB,1.0
fixed,TSB-HB,0.15874903630336312
fixed,TSB-HB,0.889098227993836
fixed,TSB-HB,0.0
fixed,TSB-HB,0.6178828265064562
fixed,TSB-HB,0.7578116433443967
fixed,TSB-HB,0.253244487622219
fixed,TSB-HB,0.7578116433443967
fixed,TSB-HB,0.253244487622219
fixed,TSB-HB,0.860376077302472
fixed,TSB-HB,0.7578116433443967
fixed,TSB-HB,0.0
fixed,TSB-HB,0.31462191477990564
fixed,TSB-HB,0.0
fixed,TSB-HB,1.0
fixed,TSB-HB,1.0
fixed,TSB-HB,0.0
fixed,TSB-HB,0.39749822487476694
fixed,TSB-HB,0.0
fixed,TSB-HB,0.0
fixed,TSB-HB,0.39749822487476694
fixed,TSB-HB,0.0
fixed,TSB-HB,0.0
fixed,TSB-HB,0.0
fixed,TSB-HB,1.0
fixed,TSB-HB,0.8271650543509779
fixed,TSB-HB,1.0
fixed,TSB-HB,1.0
fixed,TSB-HB,1.0
fixed,TSB-HB,0.8459663238028098
fixed,TSB-HB,0.752000348742341
fixed,TSB-HB,0.752000348742341
fixed,TSB-HB,1.0
fixed,TSB-HB,0.752000348742341
fixed,TSB-HB,1.0
fixed,TSB-HB,1.0
fixed,TSB-HB,0.5612606756399057
fixed,TSB-HB,0.8231987990285842
fixed,TSB-HB,0.5612606756399057
fixed,TSB-HB,0.5612606756399057
fixed,TSB-HB,0.0
fixed,TSB-HB,0.7156667612250265
fixed,TSB-HB,0.5738318632850803
fixed,TSB-HB,0.8599958040079119
fixed,TSB-HB,0.5738318632850803
fixed,TSB-HB,0.4058883392699574
fixed,TSB-HB,0.7156667612250265
fixed,TSB-HB,0.7825166847795244
fixed,TSB-HB,0.4529155049594794
fixed,TSB-HB,0.6403223602323671
fixed,TSB-HB,0.6403223602323671
fixed,TSB-HB,0.4529155049594794
fixed,TSB-HB,0.0
fixed,TSB-HB,0.4808787112207513
fixed,TSB-HB,0.8178278111715802
fixed,TSB-HB,0.0
fixed,TSB-HB,0.0
fixed,TSB-HB,0.8178278111715802
fixed,TSB-HB,0.0
fixed,TSB-HB,1.0
fixed,TSB-HB,1.0
fixed,TSB-HB,0.0
fixed,TSB-HB,0.4592040349617158
fixed,TSB-HB,0.4592040349617158
fixed,TSB-HB,0.0
fixed,TSB-HB,0.7692505483544424
fixed,TSB-HB,1.0
fixed,TSB-HB,0.8169276812243752
fixed,TSB-HB,0.6053096099157288
fixed,TSB-HB,0.16042010358217562
fixed,TSB-HB,0.4347415823333638
fixed,TSB-HB,1.0
fixed,TSB-HB,1.0
fixed,TSB-HB,0.8275251464611455
fixed,TSB-HB,0.0
fixed,TSB-HB,0.3227514071453226
fixed,TSB-HB,0.1694187922655138
fixed,TSB-HB,0.0
fixed,TSB-HB,0.0
fixed,TSB-HB,0.20138934817328197
fixed,TSB-HB,0.48542089281666134
fixed,TSB-HB,0.3305952222738874
fixed,TSB-HB,1.0
fixed,TSB-HB,0.2877376647109779
fixed,TSB-HB,1.0
fixed,TSB-HB,1.0
fixed,TSB-HB,0.2877376647109779
fixed,TSB-HB,0.8302144902943851
fixed,TSB-HB,0.2877376647109779
fixed,TSB-HB,0.0
fixed,TSB-HB,0.0
fixed,TSB-HB,0.4486000963853917
fixed,TSB-HB,0.6699451139901393
fixed,TSB-HB,0.4486000963853917
fixed,TSB-HB,0.8005471411185736
fixed,TSB-HB,0.8042723457689849
fixed,TSB-HB,0.6364737205311808
fixed,TSB-HB,0.0
fixed,TSB-HB,0.0
fixed,TSB-HB,0.8042723457689849
fixed,TSB-HB,0.0
