unique_id,w_i
FOODS_1_002_CA_4_evaluation,0.98
FOODS_1_002_WI_2_evaluation,0.9
FOODS_1_003_CA_3_evaluation,0.99
FOODS_1_004_TX_2_evaluation,0.9
FOODS_1_004_WI_1_evaluation,0.9
FOODS_1_005_WI_1_evaluation,0.99
FOODS_1_006_CA_2_evaluation,0.995
FOODS_1_006_TX_2_evaluation,0.9
FOODS_1_009_CA_1_evaluation,0.995
FOODS_1_010_CA_2_evaluation,0.9
FOODS_1_010_TX_1_evaluation,0.997
FOODS_1_010_WI_1_evaluation,0.999
FOODS_1_011_CA_3_evaluation,0.995
FOODS_1_011_WI_2_evaluation,0.995
FOODS_1_012_TX_3_evaluation,0.99
FOODS_1_013_CA_4_evaluation,0.997
FOODS_1_013_TX_3_evaluation,0.995
FOODS_1_016_TX_2_evaluation,0.99
FOODS_1_018_WI_3_evaluation,0.9
FOODS_1_019_CA_1_evaluation,0.98
FOODS_1_019_CA_3_evaluation,0.9
FOODS_1_020_CA_2_evaluation,0.95
FOODS_1_021_CA_4_evaluation,0.9
FOODS_1_022_CA_1_evaluation,0.9
FOODS_1_022_WI_2_evaluation,0.9
FOODS_1_022_WI_3_evaluation,0.9
FOODS_1_023_CA_3_evaluation,0.9
FOODS_1_023_TX_3_evaluation,0.98
FOODS_1_024_CA_2_evaluation,0.999
FOODS_1_024_CA_4_evaluation,0.99
FOODS_1_025_TX_2_evaluation,0.98
FOODS_1_027_CA_2_evaluation,0.9
FOODS_1_027_CA_4_evaluation,0.9
FOODS_1_027_TX_3_evaluation,0.9
FOODS_1_028_CA_2_evaluation,0.98
FOODS_1_028_TX_1_evaluation,0.98
FOODS_1_028_TX_2_evaluation,0.9
FOODS_1_028_WI_1_evaluation,0.9
FOODS_1_029_WI_1_evaluation,0.9
FOODS_1_031_WI_3_evaluation,0.98
FOODS_1_032_CA_4_evaluation,0.98
FOODS_1_032_TX_1_evaluation,0.997
FOODS_1_032_TX_2_evaluation,1.0
FOODS_1_032_WI_1_evaluation,0.9
FOODS_1_032_WI_3_evaluation,1.0
FOODS_1_033_TX_1_evaluation,0.9
FOODS_1_033_TX_3_evaluation,0.9
FOODS_1_035_CA_3_evaluation,1.0
FOODS_1_036_TX_2_evaluation,0.98
FOODS_1_039_CA_2_evaluation,1.0
FOODS_1_039_TX_1_evaluation,0.997
FOODS_1_039_TX_3_evaluation,0.9
FOODS_1_040_WI_2_evaluation,0.995
FOODS_1_041_CA_2_evaluation,0.9
FOODS_1_041_TX_2_evaluation,0.9
FOODS_1_042_CA_2_evaluation,0.9
FOODS_1_042_CA_3_evaluation,0.9
FOODS_1_042_TX_1_evaluation,0.99
FOODS_1_043_TX_1_evaluation,0.99
FOODS_1_043_TX_2_evaluation,0.95
FOODS_1_046_WI_2_evaluation,0.95
FOODS_1_047_CA_2_evaluation,0.98
FOODS_1_047_TX_3_evaluation,0.98
FOODS_1_048_CA_2_evaluation,0.99
FOODS_1_048_CA_4_evaluation,0.9
FOODS_1_050_CA_4_evaluation,0.98
FOODS_1_050_TX_3_evaluation,0.9
FOODS_1_052_CA_3_evaluation,0.9
FOODS_1_053_CA_3_evaluation,0.9
FOODS_1_053_CA_4_evaluation,0.995
FOODS_1_053_TX_2_evaluation,0.98
FOODS_1_053_WI_1_evaluation,0.9
FOODS_1_055_CA_2_evaluation,0.999
FOODS_1_055_CA_3_evaluation,0.99
FOODS_1_055_CA_4_evaluation,1.0
FOODS_1_055_WI_2_evaluation,0.98
FOODS_1_056_TX_2_evaluation,0.9
FOODS_1_056_TX_3_evaluation,0.9
FOODS_1_056_WI_2_evaluation,0.9
FOODS_1_058_CA_2_evaluation,0.95
FOODS_1_058_TX_2_evaluation,0.95
FOODS_1_061_WI_1_evaluation,0.9
FOODS_1_063_TX_1_evaluation,0.9
FOODS_1_064_CA_1_evaluation,0.9
FOODS_1_064_CA_3_evaluation,0.997
FOODS_1_065_TX_2_evaluation,0.98
FOODS_1_065_WI_2_evaluation,0.95
FOODS_1_065_WI_3_evaluation,0.98
FOODS_1_066_CA_1_evaluation,0.995
FOODS_1_067_CA_4_evaluation,0.99
FOODS_1_068_TX_3_evaluation,0.9
FOODS_1_068_WI_1_evaluation,0.9
FOODS_1_069_WI_3_evaluation,0.997
FOODS_1_070_CA_4_evaluation,0.95
FOODS_1_070_WI_3_evaluation,0.9
FOODS_1_071_WI_3_evaluation,0.98
FOODS_1_073_CA_4_evaluation,1.0
FOODS_1_073_TX_1_evaluation,0.999
FOODS_1_073_WI_2_evaluation,1.0
FOODS_1_076_CA_1_evaluation,0.95
FOODS_1_076_TX_1_evaluation,0.9
FOODS_1_077_WI_3_evaluation,0.9
FOODS_1_079_TX_2_evaluation,0.9
FOODS_1_080_CA_4_evaluation,0.9
FOODS_1_082_CA_1_evaluation,0.98
FOODS_1_082_TX_1_evaluation,0.95
FOODS_1_083_CA_3_evaluation,0.995
FOODS_1_083_WI_3_evaluation,0.9
FOODS_1_084_CA_1_evaluation,0.9
FOODS_1_086_CA_2_evaluation,0.99
FOODS_1_086_TX_1_evaluation,1.0
FOODS_1_086_WI_1_evaluation,0.9
FOODS_1_086_WI_3_evaluation,0.9
FOODS_1_087_TX_1_evaluation,0.9
FOODS_1_088_CA_1_evaluation,0.997
FOODS_1_088_CA_2_evaluation,1.0
FOODS_1_088_WI_3_evaluation,0.9
FOODS_1_089_CA_4_evaluation,0.9
FOODS_1_089_WI_2_evaluation,0.98
FOODS_1_090_CA_2_evaluation,0.99
FOODS_1_090_CA_4_evaluation,0.9
FOODS_1_090_WI_2_evaluation,1.0
FOODS_1_092_TX_1_evaluation,0.99
FOODS_1_094_CA_4_evaluation,0.95
FOODS_1_094_TX_1_evaluation,0.999
FOODS_1_094_WI_3_evaluation,0.98
FOODS_1_096_CA_1_evaluation,0.98
FOODS_1_096_TX_2_evaluation,0.99
FOODS_1_096_WI_2_evaluation,0.99
FOODS_1_097_CA_2_evaluation,0.9
FOODS_1_097_TX_3_evaluation,0.99
FOODS_1_098_CA_1_evaluation,0.9
FOODS_1_098_CA_2_evaluation,0.9
FOODS_1_098_TX_3_evaluation,0.9
FOODS_1_099_CA_1_evaluation,0.95
FOODS_1_099_TX_3_evaluation,0.9
FOODS_1_102_CA_3_evaluation,0.98
FOODS_1_103_TX_1_evaluation,0.98
FOODS_1_104_CA_2_evaluation,0.98
FOODS_1_104_TX_3_evaluation,1.0
FOODS_1_104_WI_2_evaluation,0.98
FOODS_1_105_CA_1_evaluation,0.995
FOODS_1_105_WI_3_evaluation,0.995
FOODS_1_106_TX_1_evaluation,1.0
FOODS_1_106_WI_2_evaluation,0.99
FOODS_1_106_WI_3_evaluation,0.9
FOODS_1_107_CA_2_evaluation,0.997
FOODS_1_108_CA_2_evaluation,1.0
FOODS_1_108_TX_2_evaluation,0.99
FOODS_1_108_TX_3_evaluation,1.0
FOODS_1_109_CA_2_evaluation,0.995
FOODS_1_109_WI_3_evaluation,0.995
FOODS_1_110_CA_2_evaluation,0.99
FOODS_1_110_CA_3_evaluation,0.95
FOODS_1_110_WI_2_evaluation,0.995
FOODS_1_112_CA_4_evaluation,0.99
FOODS_1_113_CA_1_evaluation,0.995
FOODS_1_113_WI_2_evaluation,0.98
FOODS_1_116_TX_2_evaluation,0.99
FOODS_1_117_CA_1_evaluation,1.0
FOODS_1_118_WI_2_evaluation,0.98
FOODS_1_120_TX_3_evaluation,0.98
FOODS_1_121_CA_1_evaluation,0.997
FOODS_1_122_CA_1_evaluation,0.9
FOODS_1_122_WI_3_evaluation,0.9
FOODS_1_123_CA_3_evaluation,0.98
FOODS_1_123_TX_1_evaluation,0.9
FOODS_1_124_CA_2_evaluation,0.999
FOODS_1_124_CA_4_evaluation,0.995
FOODS_1_124_WI_3_evaluation,0.995
FOODS_1_125_CA_3_evaluation,0.9
FOODS_1_125_WI_1_evaluation,0.9
FOODS_1_126_CA_3_evaluation,0.9
FOODS_1_126_TX_3_evaluation,0.9
FOODS_1_127_CA_4_evaluation,1.0
FOODS_1_128_CA_4_evaluation,0.9
FOODS_1_128_TX_2_evaluation,0.9
FOODS_1_129_WI_2_evaluation,0.95
FOODS_1_130_TX_2_evaluation,0.99
FOODS_1_131_CA_3_evaluation,0.9
FOODS_1_132_CA_2_evaluation,0.98
FOODS_1_132_TX_2_evaluation,0.9
FOODS_1_133_CA_3_evaluation,0.9
FOODS_1_133_TX_2_evaluation,0.9
FOODS_1_133_TX_3_evaluation,0.9
FOODS_1_133_WI_1_evaluation,0.98
FOODS_1_134_WI_2_evaluation,0.9
FOODS_1_134_WI_3_evaluation,0.9
FOODS_1_135_CA_2_evaluation,0.997
FOODS_1_137_TX_1_evaluation,0.99
FOODS_1_137_TX_2_evaluation,0.9
FOODS_1_137_WI_3_evaluation,1.0
FOODS_1_139_CA_4_evaluation,0.95
FOODS_1_140_CA_1_evaluation,1.0
FOODS_1_140_CA_4_evaluation,1.0
FOODS_1_140_WI_2_evaluation,1.0
FOODS_1_141_TX_3_evaluation,0.9
FOODS_1_141_WI_1_evaluation,0.995
FOODS_1_142_TX_1_evaluation,1.0
FOODS_1_142_WI_3_evaluation,0.995
FOODS_1_145_CA_1_evaluation,0.9
FOODS_1_145_CA_4_evaluation,0.9
FOODS_1_145_TX_3_evaluation,0.9
FOODS_1_146_CA_1_evaluation,0.9
FOODS_1_146_CA_2_evaluation,1.0
FOODS_1_146_TX_2_evaluation,1.0
FOODS_1_146_WI_2_evaluation,1.0
FOODS_1_147_CA_4_evaluation,0.9
FOODS_1_147_TX_1_evaluation,0.9
FOODS_1_147_WI_3_evaluation,0.9
FOODS_1_148_CA_2_evaluation,0.9
FOODS_1_148_CA_3_evaluation,0.9
FOODS_1_148_TX_1_evaluation,0.9
FOODS_1_149_TX_1_evaluation,0.99
FOODS_1_151_CA_3_evaluation,0.98
FOODS_1_151_TX_1_evaluation,0.98
FOODS_1_151_TX_2_evaluation,0.9
FOODS_1_151_WI_2_evaluation,0.99
FOODS_1_151_WI_3_evaluation,0.98
FOODS_1_152_CA_2_evaluation,0.997
FOODS_1_152_WI_2_evaluation,0.95
FOODS_1_153_CA_2_evaluation,0.95
FOODS_1_153_TX_1_evaluation,0.997
FOODS_1_153_TX_2_evaluation,0.99
FOODS_1_153_TX_3_evaluation,0.9
FOODS_1_153_WI_1_evaluation,0.95
FOODS_1_154_TX_1_evaluation,0.995
FOODS_1_155_TX_2_evaluation,0.95
FOODS_1_156_TX_3_evaluation,0.98
FOODS_1_157_CA_4_evaluation,0.9
FOODS_1_159_TX_1_evaluation,0.9
FOODS_1_159_TX_3_evaluation,0.9
FOODS_1_161_TX_3_evaluation,0.995
FOODS_1_161_WI_3_evaluation,0.9
FOODS_1_162_TX_1_evaluation,0.995
FOODS_1_162_TX_2_evaluation,0.9
FOODS_1_163_TX_1_evaluation,0.9
FOODS_1_163_WI_1_evaluation,0.9
FOODS_1_167_CA_1_evaluation,0.9
FOODS_1_168_CA_4_evaluation,0.99
FOODS_1_168_TX_2_evaluation,0.9
FOODS_1_168_WI_1_evaluation,0.95
FOODS_1_169_TX_3_evaluation,0.999
FOODS_1_169_WI_1_evaluation,1.0
FOODS_1_169_WI_2_evaluation,0.999
FOODS_1_169_WI_3_evaluation,1.0
FOODS_1_170_CA_4_evaluation,0.9
FOODS_1_170_TX_1_evaluation,0.9
FOODS_1_171_TX_3_evaluation,0.9
FOODS_1_172_CA_3_evaluation,0.995
FOODS_1_172_CA_4_evaluation,0.997
FOODS_1_172_TX_2_evaluation,0.9
FOODS_1_172_WI_2_evaluation,0.95
FOODS_1_173_CA_2_evaluation,0.997
FOODS_1_173_TX_3_evaluation,0.98
FOODS_1_174_TX_3_evaluation,0.9
FOODS_1_174_WI_3_evaluation,0.9
FOODS_1_175_TX_2_evaluation,0.995
FOODS_1_175_WI_1_evaluation,0.99
FOODS_1_176_CA_1_evaluation,0.9
FOODS_1_176_CA_4_evaluation,1.0
FOODS_1_176_TX_2_evaluation,0.9
FOODS_1_178_TX_2_evaluation,1.0
FOODS_1_179_TX_3_evaluation,0.9
FOODS_1_179_WI_3_evaluation,0.9
FOODS_1_181_TX_2_evaluation,0.98
FOODS_1_181_TX_3_evaluation,0.98
FOODS_1_182_TX_3_evaluation,0.99
FOODS_1_182_WI_2_evaluation,0.98
FOODS_1_183_TX_2_evaluation,0.98
FOODS_1_184_CA_4_evaluation,0.95
FOODS_1_185_TX_2_evaluation,1.0
FOODS_1_185_TX_3_evaluation,0.98
FOODS_1_186_CA_4_evaluation,0.9
FOODS_1_187_CA_3_evaluation,0.95
FOODS_1_187_WI_2_evaluation,0.98
FOODS_1_188_CA_1_evaluation,0.9
FOODS_1_188_WI_3_evaluation,0.9
FOODS_1_190_CA_4_evaluation,0.95
FOODS_1_190_TX_1_evaluation,0.99
FOODS_1_191_CA_4_evaluation,0.9
FOODS_1_191_WI_3_evaluation,0.9
FOODS_1_192_WI_2_evaluation,0.99
FOODS_1_193_CA_2_evaluation,0.9
FOODS_1_193_WI_1_evaluation,0.9
FOODS_1_193_WI_2_evaluation,0.9
FOODS_1_195_TX_3_evaluation,1.0
FOODS_1_195_WI_3_evaluation,0.9
FOODS_1_196_CA_2_evaluation,0.9
FOODS_1_196_TX_1_evaluation,1.0
FOODS_1_196_WI_3_evaluation,0.98
FOODS_1_197_WI_2_evaluation,0.98
FOODS_1_198_CA_3_evaluation,0.995
FOODS_1_198_TX_2_evaluation,0.9
FOODS_1_199_CA_2_evaluation,0.9
FOODS_1_199_TX_1_evaluation,0.999
FOODS_1_200_CA_3_evaluation,0.9
FOODS_1_200_CA_4_evaluation,0.9
FOODS_1_200_TX_2_evaluation,0.9
FOODS_1_201_CA_4_evaluation,0.99
FOODS_1_201_TX_1_evaluation,0.997
FOODS_1_202_CA_1_evaluation,0.95
FOODS_1_202_CA_2_evaluation,0.9
FOODS_1_202_TX_1_evaluation,0.95
FOODS_1_202_TX_3_evaluation,0.95
FOODS_1_203_CA_4_evaluation,0.9
FOODS_1_203_WI_1_evaluation,0.98
FOODS_1_203_WI_2_evaluation,0.9
FOODS_1_206_CA_1_evaluation,1.0
FOODS_1_206_CA_4_evaluation,0.99
FOODS_1_206_WI_1_evaluation,0.9
FOODS_1_207_TX_2_evaluation,1.0
FOODS_1_208_CA_1_evaluation,0.995
FOODS_1_209_CA_1_evaluation,0.99
FOODS_1_209_WI_2_evaluation,0.99
FOODS_1_210_WI_1_evaluation,0.9
FOODS_1_211_CA_2_evaluation,0.9
FOODS_1_211_CA_4_evaluation,0.9
FOODS_1_211_TX_2_evaluation,0.99
FOODS_1_212_CA_2_evaluation,0.997
FOODS_1_212_CA_3_evaluation,0.995
FOODS_1_212_WI_3_evaluation,0.9
FOODS_1_213_CA_3_evaluation,0.99
FOODS_1_213_WI_2_evaluation,0.95
FOODS_1_214_TX_1_evaluation,0.9
FOODS_1_215_CA_3_evaluation,0.995
FOODS_1_216_WI_1_evaluation,0.9
FOODS_1_218_CA_2_evaluation,0.9
FOODS_1_219_CA_3_evaluation,0.997
FOODS_1_219_TX_1_evaluation,0.997
FOODS_1_219_WI_3_evaluation,0.999
FOODS_2_001_TX_3_evaluation,0.95
FOODS_2_001_WI_2_evaluation,0.9
FOODS_2_004_WI_3_evaluation,0.9
FOODS_2_005_CA_2_evaluation,0.9
FOODS_2_005_CA_4_evaluation,0.99
FOODS_2_005_TX_1_evaluation,0.98
FOODS_2_005_WI_2_evaluation,0.95
FOODS_2_006_CA_3_evaluation,0.99
FOODS_2_006_CA_4_evaluation,0.95
FOODS_2_006_WI_1_evaluation,0.995
FOODS_2_007_TX_3_evaluation,0.9
FOODS_2_007_WI_1_evaluation,0.9
FOODS_2_008_WI_1_evaluation,0.9
FOODS_2_009_CA_2_evaluation,0.9
FOODS_2_009_CA_3_evaluation,0.995
FOODS_2_009_TX_2_evaluation,0.995
FOODS_2_009_WI_2_evaluation,0.99
FOODS_2_010_TX_1_evaluation,0.999
FOODS_2_010_WI_2_evaluation,0.999
FOODS_2_010_WI_3_evaluation,0.95
FOODS_2_011_CA_2_evaluation,0.9
FOODS_2_011_TX_3_evaluation,1.0
FOODS_2_011_WI_1_evaluation,0.9
FOODS_2_012_TX_1_evaluation,0.98
FOODS_2_012_WI_3_evaluation,0.98
FOODS_2_013_CA_1_evaluation,0.999
FOODS_2_013_WI_1_evaluation,0.9
FOODS_2_014_CA_3_evaluation,0.9
FOODS_2_017_CA_1_evaluation,0.9
FOODS_2_017_CA_2_evaluation,0.9
FOODS_2_017_TX_3_evaluation,0.9
FOODS_2_018_CA_3_evaluation,0.98
FOODS_2_018_WI_3_evaluation,0.95
FOODS_2_021_CA_2_evaluation,0.9
FOODS_2_022_TX_3_evaluation,0.9
FOODS_2_022_WI_1_evaluation,0.9
FOODS_2_023_TX_1_evaluation,0.9
FOODS_2_023_TX_3_evaluation,0.9
FOODS_2_024_CA_2_evaluation,0.9
FOODS_2_024_CA_4_evaluation,0.9
FOODS_2_025_CA_1_evaluation,0.98
FOODS_2_025_WI_2_evaluation,0.95
FOODS_2_025_WI_3_evaluation,0.99
FOODS_2_026_TX_3_evaluation,0.999
FOODS_2_027_CA_1_evaluation,0.99
FOODS_2_027_CA_4_evaluation,0.999
FOODS_2_027_TX_3_evaluation,0.999
FOODS_2_027_WI_1_evaluation,0.995
FOODS_2_028_CA_1_evaluation,0.9
FOODS_2_028_CA_2_evaluation,0.9
FOODS_2_028_TX_2_evaluation,0.9
FOODS_2_028_TX_3_evaluation,0.9
FOODS_2_029_WI_1_evaluation,0.995
FOODS_2_030_CA_2_evaluation,0.9
FOODS_2_030_CA_3_evaluation,0.9
FOODS_2_030_WI_1_evaluation,0.9
FOODS_2_030_WI_2_evaluation,0.9
FOODS_2_030_WI_3_evaluation,0.9
FOODS_2_031_TX_2_evaluation,0.9
FOODS_2_031_WI_1_evaluation,0.997
FOODS_2_031_WI_3_evaluation,0.9
FOODS_2_032_CA_1_evaluation,0.9
FOODS_2_032_TX_1_evaluation,0.9
FOODS_2_034_CA_1_evaluation,0.95
FOODS_2_035_CA_3_evaluation,0.9
FOODS_2_036_TX_1_evaluation,1.0
FOODS_2_036_WI_3_evaluation,0.999
FOODS_2_037_CA_1_evaluation,0.98
FOODS_2_037_CA_2_evaluation,0.9
FOODS_2_037_TX_2_evaluation,0.98
FOODS_2_037_WI_2_evaluation,0.9
FOODS_2_038_WI_2_evaluation,0.997
FOODS_2_040_CA_2_evaluation,0.9
FOODS_2_040_CA_3_evaluation,0.9
FOODS_2_040_CA_4_evaluation,0.9
FOODS_2_040_WI_3_evaluation,0.9
FOODS_2_041_WI_3_evaluation,0.95
FOODS_2_042_WI_1_evaluation,0.9
FOODS_2_043_CA_1_evaluation,0.9
FOODS_2_043_CA_3_evaluation,0.98
FOODS_2_043_TX_1_evaluation,1.0
FOODS_2_043_TX_3_evaluation,0.997
FOODS_2_043_WI_1_evaluation,0.9
FOODS_2_043_WI_3_evaluation,0.95
FOODS_2_044_CA_1_evaluation,0.9
FOODS_2_044_TX_3_evaluation,0.9
FOODS_2_046_TX_1_evaluation,0.9
FOODS_2_047_CA_4_evaluation,0.9
FOODS_2_047_TX_2_evaluation,0.9
FOODS_2_047_WI_3_evaluation,0.9
FOODS_2_048_CA_2_evaluation,0.9
FOODS_2_048_TX_2_evaluation,0.98
FOODS_2_049_CA_1_evaluation,0.997
FOODS_2_049_CA_2_evaluation,0.9
FOODS_2_049_WI_1_evaluation,0.95
FOODS_2_051_CA_1_evaluation,0.99
FOODS_2_051_CA_2_evaluation,0.9
FOODS_2_052_CA_1_evaluation,0.997
FOODS_2_052_CA_4_evaluation,0.995
FOODS_2_052_TX_1_evaluation,0.95
FOODS_2_053_CA_3_evaluation,0.95
FOODS_2_053_CA_4_evaluation,1.0
FOODS_2_053_TX_3_evaluation,0.9
FOODS_2_053_WI_2_evaluation,0.999
FOODS_2_055_CA_1_evaluation,0.9
FOODS_2_055_WI_1_evaluation,0.9
FOODS_2_055_WI_2_evaluation,0.99
FOODS_2_055_WI_3_evaluation,0.9
FOODS_2_058_WI_3_evaluation,0.997
FOODS_2_059_WI_2_evaluation,0.995
FOODS_2_060_CA_1_evaluation,0.95
FOODS_2_060_CA_4_evaluation,0.95
FOODS_2_061_CA_1_evaluation,0.9
FOODS_2_061_CA_4_evaluation,0.999
FOODS_2_062_TX_2_evaluation,0.95
FOODS_2_062_TX_3_evaluation,0.98
FOODS_2_062_WI_1_evaluation,0.99
FOODS_2_062_WI_2_evaluation,0.99
FOODS_2_063_CA_3_evaluation,0.9
FOODS_2_063_CA_4_evaluation,0.9
FOODS_2_063_TX_1_evaluation,0.95
FOODS_2_064_CA_2_evaluation,0.95
FOODS_2_064_WI_1_evaluation,0.995
FOODS_2_065_TX_2_evaluation,0.98
FOODS_2_065_TX_3_evaluation,0.9
FOODS_2_065_WI_2_evaluation,0.995
FOODS_2_066_CA_4_evaluation,0.98
FOODS_2_067_TX_2_evaluation,0.9
FOODS_2_068_CA_1_evaluation,0.9
FOODS_2_068_WI_3_evaluation,0.9
FOODS_2_069_CA_1_evaluation,0.98
FOODS_2_069_CA_3_evaluation,0.997
FOODS_2_069_WI_2_evaluation,1.0
FOODS_2_070_CA_1_evaluation,0.995
FOODS_2_071_CA_1_evaluation,0.9
FOODS_2_072_TX_1_evaluation,0.95
FOODS_2_072_TX_3_evaluation,0.9
FOODS_2_073_TX_2_evaluation,0.9
FOODS_2_073_WI_1_evaluation,0.9
FOODS_2_077_WI_1_evaluation,0.9
FOODS_2_078_CA_2_evaluation,0.9
FOODS_2_078_TX_3_evaluation,0.9
FOODS_2_080_CA_1_evaluation,0.9
FOODS_2_080_CA_4_evaluation,0.9
FOODS_2_080_WI_1_evaluation,0.995
FOODS_2_080_WI_2_evaluation,0.9
FOODS_2_080_WI_3_evaluation,0.9
FOODS_2_081_CA_2_evaluation,0.9
FOODS_2_081_CA_3_evaluation,1.0
FOODS_2_082_WI_2_evaluation,0.995
FOODS_2_082_WI_3_evaluation,0.9
FOODS_2_083_WI_2_evaluation,0.99
FOODS_2_083_WI_3_evaluation,0.95
FOODS_2_084_CA_3_evaluation,0.9
FOODS_2_084_WI_2_evaluation,0.995
FOODS_2_085_CA_4_evaluation,0.9
FOODS_2_085_TX_2_evaluation,0.9
FOODS_2_085_TX_3_evaluation,0.9
FOODS_2_086_CA_4_evaluation,0.995
FOODS_2_087_TX_1_evaluation,0.9
FOODS_2_087_WI_3_evaluation,0.98
FOODS_2_088_WI_3_evaluation,0.9
FOODS_2_089_WI_2_evaluation,0.9
FOODS_2_089_WI_3_evaluation,0.9
FOODS_2_090_CA_1_evaluation,0.9
FOODS_2_090_CA_3_evaluation,0.9
FOODS_2_090_TX_1_evaluation,0.9
FOODS_2_090_TX_3_evaluation,0.9
FOODS_2_090_WI_2_evaluation,0.9
FOODS_2_091_CA_1_evaluation,0.9
FOODS_2_091_CA_2_evaluation,0.9
FOODS_2_091_CA_3_evaluation,0.9
FOODS_2_091_CA_4_evaluation,0.9
FOODS_2_092_CA_1_evaluation,0.995
FOODS_2_094_CA_1_evaluation,0.9
FOODS_2_094_TX_3_evaluation,0.9
FOODS_2_095_CA_4_evaluation,0.9
FOODS_2_096_TX_2_evaluation,0.9
FOODS_2_096_WI_2_evaluation,0.9
FOODS_2_097_CA_1_evaluation,0.9
FOODS_2_097_TX_1_evaluation,0.9
FOODS_2_097_TX_2_evaluation,0.9
FOODS_2_099_CA_2_evaluation,0.9
FOODS_2_101_TX_3_evaluation,0.9
FOODS_2_102_TX_1_evaluation,0.9
FOODS_2_102_WI_2_evaluation,0.9
FOODS_2_102_WI_3_evaluation,0.9
FOODS_2_103_CA_3_evaluation,0.9
FOODS_2_103_TX_3_evaluation,0.98
FOODS_2_104_CA_4_evaluation,0.999
FOODS_2_104_TX_1_evaluation,0.9
FOODS_2_105_WI_2_evaluation,0.9
FOODS_2_106_CA_1_evaluation,0.997
FOODS_2_106_WI_2_evaluation,0.99
FOODS_2_108_TX_1_evaluation,0.95
FOODS_2_108_TX_2_evaluation,0.95
FOODS_2_109_CA_2_evaluation,0.9
FOODS_2_110_TX_1_evaluation,0.9
FOODS_2_110_TX_3_evaluation,0.9
FOODS_2_110_WI_3_evaluation,0.9
FOODS_2_111_CA_2_evaluation,0.9
FOODS_2_111_TX_2_evaluation,0.95
FOODS_2_112_CA_3_evaluation,0.9
FOODS_2_112_WI_1_evaluation,0.9
FOODS_2_113_TX_3_evaluation,0.9
FOODS_2_114_CA_2_evaluation,0.9
FOODS_2_114_CA_4_evaluation,0.9
FOODS_2_114_WI_2_evaluation,0.9
FOODS_2_115_CA_3_evaluation,0.9
FOODS_2_115_CA_4_evaluation,0.9
FOODS_2_115_TX_1_evaluation,0.9
FOODS_2_116_TX_3_evaluation,0.9
FOODS_2_116_WI_3_evaluation,0.9
FOODS_2_117_CA_1_evaluation,0.9
FOODS_2_117_TX_1_evaluation,0.9
FOODS_2_119_TX_1_evaluation,0.95
FOODS_2_119_WI_3_evaluation,0.9
FOODS_2_120_WI_3_evaluation,0.9
FOODS_2_121_TX_2_evaluation,0.98
FOODS_2_121_TX_3_evaluation,0.98
FOODS_2_121_WI_2_evaluation,0.9
FOODS_2_122_CA_2_evaluation,0.9
FOODS_2_122_WI_2_evaluation,0.95
FOODS_2_123_CA_2_evaluation,0.9
FOODS_2_124_CA_2_evaluation,0.9
FOODS_2_124_TX_1_evaluation,0.999
FOODS_2_125_CA_2_evaluation,0.9
FOODS_2_125_TX_1_evaluation,0.9
FOODS_2_125_TX_3_evaluation,0.9
FOODS_2_126_TX_3_evaluation,0.9
FOODS_2_128_TX_2_evaluation,0.95
FOODS_2_128_WI_1_evaluation,0.9
FOODS_2_131_WI_2_evaluation,0.95
FOODS_2_132_CA_3_evaluation,0.9
FOODS_2_132_WI_2_evaluation,0.9
FOODS_2_133_CA_2_evaluation,0.9
FOODS_2_133_WI_3_evaluation,0.99
FOODS_2_134_TX_3_evaluation,0.99
FOODS_2_135_CA_2_evaluation,0.9
FOODS_2_135_CA_3_evaluation,1.0
FOODS_2_135_TX_1_evaluation,0.999
FOODS_2_136_TX_2_evaluation,0.9
FOODS_2_136_TX_3_evaluation,0.9
FOODS_2_136_WI_1_evaluation,0.9
FOODS_2_137_TX_3_evaluation,0.9
FOODS_2_138_CA_3_evaluation,0.99
FOODS_2_139_WI_1_evaluation,0.9
FOODS_2_140_CA_3_evaluation,0.98
FOODS_2_140_TX_3_evaluation,0.9
FOODS_2_141_CA_1_evaluation,0.95
FOODS_2_141_CA_3_evaluation,0.9
FOODS_2_143_CA_1_evaluation,0.99
FOODS_2_143_CA_4_evaluation,0.9
FOODS_2_143_WI_3_evaluation,0.9
FOODS_2_144_CA_1_evaluation,0.98
FOODS_2_144_CA_4_evaluation,0.999
FOODS_2_145_CA_2_evaluation,0.9
FOODS_2_145_CA_3_evaluation,0.9
FOODS_2_146_CA_2_evaluation,0.9
FOODS_2_146_CA_3_evaluation,0.95
FOODS_2_149_CA_3_evaluation,0.9
FOODS_2_149_CA_4_evaluation,0.9
FOODS_2_149_TX_1_evaluation,1.0
FOODS_2_150_CA_4_evaluation,0.9
FOODS_2_150_WI_2_evaluation,0.98
FOODS_2_151_TX_2_evaluation,0.9
FOODS_2_152_TX_2_evaluation,0.999
FOODS_2_153_TX_3_evaluation,0.9
FOODS_2_155_CA_2_evaluation,0.9
FOODS_2_155_TX_1_evaluation,0.9
FOODS_2_155_WI_1_evaluation,0.9
FOODS_2_156_WI_3_evaluation,0.9
FOODS_2_157_WI_1_evaluation,0.98
FOODS_2_158_TX_1_evaluation,0.9
FOODS_2_158_WI_3_evaluation,0.9
FOODS_2_159_CA_2_evaluation,0.9
FOODS_2_159_TX_1_evaluation,0.9
FOODS_2_159_TX_3_evaluation,0.9
FOODS_2_159_WI_2_evaluation,0.9
FOODS_2_160_CA_3_evaluation,0.98
FOODS_2_160_CA_4_evaluation,0.9
FOODS_2_160_WI_2_evaluation,0.9
FOODS_2_160_WI_3_evaluation,0.99
FOODS_2_161_CA_4_evaluation,0.995
FOODS_2_162_CA_1_evaluation,0.9
FOODS_2_162_TX_1_evaluation,0.9
FOODS_2_163_CA_2_evaluation,0.9
FOODS_2_163_CA_4_evaluation,0.9
FOODS_2_163_TX_1_evaluation,0.95
FOODS_2_163_WI_3_evaluation,0.95
FOODS_2_164_CA_3_evaluation,0.9
FOODS_2_164_WI_3_evaluation,0.9
FOODS_2_165_WI_2_evaluation,0.9
FOODS_2_166_CA_1_evaluation,0.9
FOODS_2_166_CA_4_evaluation,0.9
FOODS_2_166_TX_2_evaluation,0.9
FOODS_2_166_WI_2_evaluation,0.9
FOODS_2_168_CA_4_evaluation,0.9
FOODS_2_169_CA_3_evaluation,0.9
FOODS_2_170_TX_1_evaluation,0.99
FOODS_2_170_TX_3_evaluation,0.98
FOODS_2_170_WI_1_evaluation,0.99
FOODS_2_170_WI_3_evaluation,0.99
FOODS_2_171_WI_2_evaluation,0.9
FOODS_2_172_CA_3_evaluation,0.9
FOODS_2_172_WI_2_evaluation,0.9
FOODS_2_173_CA_4_evaluation,0.95
FOODS_2_174_CA_2_evaluation,1.0
FOODS_2_174_WI_1_evaluation,0.99
FOODS_2_175_CA_4_evaluation,0.98
FOODS_2_177_CA_3_evaluation,0.95
FOODS_2_177_CA_4_evaluation,0.9
FOODS_2_177_WI_1_evaluation,0.9
FOODS_2_178_WI_2_evaluation,0.9
FOODS_2_178_WI_3_evaluation,0.9
FOODS_2_179_CA_2_evaluation,0.9
FOODS_2_181_CA_2_evaluation,0.98
FOODS_2_181_CA_4_evaluation,0.9
FOODS_2_181_TX_3_evaluation,0.99
FOODS_2_182_TX_2_evaluation,0.95
FOODS_2_182_TX_3_evaluation,0.98
FOODS_2_183_TX_3_evaluation,0.98
FOODS_2_183_WI_2_evaluation,0.99
FOODS_2_183_WI_3_evaluation,0.98
FOODS_2_185_CA_3_evaluation,0.9
FOODS_2_185_CA_4_evaluation,0.9
FOODS_2_186_CA_3_evaluation,1.0
FOODS_2_186_TX_2_evaluation,1.0
FOODS_2_187_TX_1_evaluation,0.9
FOODS_2_187_WI_2_evaluation,0.9
FOODS_2_189_TX_2_evaluation,0.98
FOODS_2_190_WI_3_evaluation,0.95
FOODS_2_192_WI_2_evaluation,0.997
FOODS_2_193_CA_2_evaluation,0.9
FOODS_2_193_TX_1_evaluation,0.9
FOODS_2_193_WI_2_evaluation,0.9
FOODS_2_194_CA_4_evaluation,0.997
FOODS_2_194_TX_2_evaluation,1.0
FOODS_2_195_CA_1_evaluation,0.9
FOODS_2_196_CA_2_evaluation,0.9
FOODS_2_196_TX_3_evaluation,0.9
FOODS_2_198_CA_1_evaluation,0.9
FOODS_2_198_TX_3_evaluation,0.995
FOODS_2_199_TX_2_evaluation,0.95
FOODS_2_199_TX_3_evaluation,0.9
FOODS_2_199_WI_1_evaluation,0.99
FOODS_2_200_WI_1_evaluation,0.995
FOODS_2_201_CA_4_evaluation,0.9
FOODS_2_201_WI_1_evaluation,0.9
FOODS_2_201_WI_3_evaluation,0.9
FOODS_2_203_CA_1_evaluation,0.997
FOODS_2_203_CA_3_evaluation,0.9
FOODS_2_203_TX_3_evaluation,0.9
FOODS_2_204_CA_3_evaluation,1.0
FOODS_2_204_WI_1_evaluation,0.99
FOODS_2_206_TX_2_evaluation,0.9
FOODS_2_206_WI_1_evaluation,0.9
FOODS_2_207_TX_3_evaluation,0.9
FOODS_2_208_CA_1_evaluation,0.99
FOODS_2_208_TX_2_evaluation,0.95
FOODS_2_208_WI_2_evaluation,0.9
FOODS_2_209_CA_4_evaluation,0.9
FOODS_2_211_CA_3_evaluation,0.9
FOODS_2_211_WI_3_evaluation,0.999
FOODS_2_212_CA_4_evaluation,0.997
FOODS_2_213_TX_2_evaluation,0.99
FOODS_2_213_WI_3_evaluation,0.995
FOODS_2_214_CA_4_evaluation,0.9
FOODS_2_214_TX_1_evaluation,0.9
FOODS_2_214_TX_3_evaluation,0.9
FOODS_2_214_WI_2_evaluation,0.9
FOODS_2_215_CA_4_evaluation,0.9
FOODS_2_215_TX_1_evaluation,0.9
FOODS_2_216_TX_3_evaluation,0.9
FOODS_2_217_WI_2_evaluation,0.95
FOODS_2_218_CA_3_evaluation,0.98
FOODS_2_218_CA_4_evaluation,0.9
FOODS_2_218_TX_1_evaluation,0.99
FOODS_2_219_CA_1_evaluation,0.999
FOODS_2_219_CA_2_evaluation,0.9
FOODS_2_219_TX_2_evaluation,0.9
FOODS_2_220_CA_1_evaluation,0.98
FOODS_2_220_CA_2_evaluation,0.9
FOODS_2_220_WI_2_evaluation,1.0
FOODS_2_221_WI_1_evaluation,0.9
FOODS_2_222_CA_3_evaluation,0.99
FOODS_2_222_WI_3_evaluation,0.995
FOODS_2_223_CA_2_evaluation,0.9
FOODS_2_223_TX_1_evaluation,0.9
FOODS_2_223_TX_3_evaluation,0.9
FOODS_2_224_WI_2_evaluation,0.995
FOODS_2_224_WI_3_evaluation,0.95
FOODS_2_225_CA_4_evaluation,0.995
FOODS_2_225_WI_1_evaluation,0.98
FOODS_2_226_CA_1_evaluation,0.9
FOODS_2_227_WI_2_evaluation,0.9
FOODS_2_229_WI_1_evaluation,1.0
FOODS_2_229_WI_3_evaluation,0.95
FOODS_2_230_CA_3_evaluation,0.9
FOODS_2_230_TX_2_evaluation,0.9
FOODS_2_230_TX_3_evaluation,0.9
FOODS_2_230_WI_1_evaluation,0.9
FOODS_2_232_CA_1_evaluation,0.95
FOODS_2_233_CA_4_evaluation,0.98
FOODS_2_234_CA_2_evaluation,0.997
FOODS_2_235_CA_1_evaluation,0.99
FOODS_2_235_CA_4_evaluation,0.9
FOODS_2_235_TX_3_evaluation,0.9
FOODS_2_235_WI_2_evaluation,0.995
FOODS_2_236_TX_1_evaluation,0.95
FOODS_2_236_TX_2_evaluation,0.98
FOODS_2_236_WI_1_evaluation,0.9
FOODS_2_236_WI_2_evaluation,0.995
FOODS_2_237_CA_2_evaluation,0.9
FOODS_2_237_WI_1_evaluation,0.999
FOODS_2_238_TX_1_evaluation,0.99
FOODS_2_239_CA_3_evaluation,0.9
FOODS_2_239_TX_1_evaluation,0.9
FOODS_2_239_TX_2_evaluation,0.9
FOODS_2_240_WI_1_evaluation,0.9
FOODS_2_240_WI_3_evaluation,0.9
FOODS_2_241_CA_1_evaluation,0.99
FOODS_2_242_CA_1_evaluation,0.995
FOODS_2_242_CA_3_evaluation,0.98
FOODS_2_243_CA_3_evaluation,0.9
FOODS_2_243_TX_2_evaluation,0.9
FOODS_2_244_CA_1_evaluation,0.99
FOODS_2_244_CA_2_evaluation,0.95
FOODS_2_244_TX_2_evaluation,0.95
FOODS_2_244_TX_3_evaluation,0.9
FOODS_2_244_WI_1_evaluation,0.995
FOODS_2_245_CA_2_evaluation,0.9
FOODS_2_245_CA_4_evaluation,1.0
FOODS_2_245_WI_1_evaluation,0.995
FOODS_2_246_WI_1_evaluation,0.9
FOODS_2_247_CA_3_evaluation,1.0
FOODS_2_247_TX_3_evaluation,1.0
FOODS_2_249_CA_3_evaluation,0.9
FOODS_2_249_TX_1_evaluation,0.9
FOODS_2_250_CA_2_evaluation,0.9
FOODS_2_250_CA_3_evaluation,0.9
FOODS_2_250_WI_2_evaluation,0.9
FOODS_2_251_TX_3_evaluation,0.9
FOODS_2_251_WI_2_evaluation,0.9
FOODS_2_252_CA_1_evaluation,0.9
FOODS_2_252_TX_2_evaluation,0.9
FOODS_2_253_WI_2_evaluation,0.9
FOODS_2_254_CA_2_evaluation,0.9
FOODS_2_254_WI_3_evaluation,0.9
FOODS_2_255_TX_1_evaluation,1.0
FOODS_2_256_TX_1_evaluation,0.9
FOODS_2_256_WI_1_evaluation,0.95
FOODS_2_258_CA_4_evaluation,0.995
FOODS_2_258_TX_1_evaluation,0.95
FOODS_2_258_WI_1_evaluation,0.995
FOODS_2_259_CA_1_evaluation,0.95
FOODS_2_259_WI_3_evaluation,0.98
FOODS_2_260_CA_2_evaluation,0.9
FOODS_2_263_CA_1_evaluation,0.99
FOODS_2_264_CA_2_evaluation,0.9
FOODS_2_264_TX_2_evaluation,0.9
FOODS_2_265_CA_3_evaluation,0.95
FOODS_2_265_WI_2_evaluation,0.98
FOODS_2_265_WI_3_evaluation,0.9
FOODS_2_268_WI_2_evaluation,0.95
FOODS_2_269_TX_2_evaluation,0.997
FOODS_2_269_WI_3_evaluation,1.0
FOODS_2_270_CA_1_evaluation,0.995
FOODS_2_270_CA_3_evaluation,0.995
FOODS_2_271_CA_3_evaluation,0.9
FOODS_2_272_CA_1_evaluation,0.9
FOODS_2_272_WI_3_evaluation,0.9
FOODS_2_273_CA_1_evaluation,0.99
FOODS_2_273_WI_3_evaluation,0.997
FOODS_2_274_CA_1_evaluation,0.98
FOODS_2_274_CA_3_evaluation,0.999
FOODS_2_274_TX_1_evaluation,0.99
FOODS_2_274_WI_2_evaluation,0.997
FOODS_2_274_WI_3_evaluation,1.0
FOODS_2_275_WI_3_evaluation,0.9
FOODS_2_277_CA_1_evaluation,0.9
FOODS_2_277_WI_1_evaluation,0.9
FOODS_2_278_WI_1_evaluation,0.9
FOODS_2_279_CA_4_evaluation,0.95
FOODS_2_279_WI_3_evaluation,0.997
FOODS_2_280_CA_3_evaluation,0.98
FOODS_2_280_CA_4_evaluation,0.9
FOODS_2_280_TX_3_evaluation,0.9
FOODS_2_280_WI_2_evaluation,0.9
FOODS_2_282_CA_1_evaluation,1.0
FOODS_2_282_CA_3_evaluation,0.95
FOODS_2_283_CA_2_evaluation,0.9
FOODS_2_284_TX_1_evaluation,0.995
FOODS_2_285_CA_4_evaluation,0.9
FOODS_2_285_TX_1_evaluation,0.9
FOODS_2_286_CA_2_evaluation,0.9
FOODS_2_286_CA_4_evaluation,0.9
FOODS_2_286_WI_1_evaluation,0.9
FOODS_2_286_WI_2_evaluation,0.9
FOODS_2_286_WI_3_evaluation,0.9
FOODS_2_287_CA_4_evaluation,0.9
FOODS_2_287_TX_1_evaluation,0.9
FOODS_2_287_WI_3_evaluation,0.9
FOODS_2_288_WI_1_evaluation,0.9
FOODS_2_290_TX_2_evaluation,0.9
FOODS_2_291_CA_1_evaluation,0.9
FOODS_2_291_CA_3_evaluation,0.9
FOODS_2_291_CA_4_evaluation,0.9
FOODS_2_291_TX_1_evaluation,0.9
FOODS_2_291_TX_2_evaluation,0.9
FOODS_2_291_WI_2_evaluation,1.0
FOODS_2_292_CA_4_evaluation,0.9
FOODS_2_292_TX_1_evaluation,0.9
FOODS_2_293_CA_1_evaluation,0.95
FOODS_2_293_CA_3_evaluation,1.0
FOODS_2_293_WI_1_evaluation,0.98
FOODS_2_294_CA_4_evaluation,0.98
FOODS_2_295_CA_2_evaluation,0.9
FOODS_2_295_CA_3_evaluation,0.995
FOODS_2_295_CA_4_evaluation,0.995
FOODS_2_295_TX_1_evaluation,0.999
FOODS_2_295_WI_2_evaluation,0.997
FOODS_2_298_WI_3_evaluation,0.995
FOODS_2_300_TX_3_evaluation,0.997
FOODS_2_301_TX_1_evaluation,0.9
FOODS_2_301_WI_1_evaluation,0.9
FOODS_2_301_WI_2_evaluation,0.9
FOODS_2_302_CA_2_evaluation,0.9
FOODS_2_302_TX_1_evaluation,0.9
FOODS_2_302_WI_3_evaluation,0.99
FOODS_2_303_TX_2_evaluation,0.9
FOODS_2_303_TX_3_evaluation,0.9
FOODS_2_303_WI_3_evaluation,0.9
FOODS_2_304_CA_3_evaluation,0.9
FOODS_2_304_WI_3_evaluation,0.9
FOODS_2_306_CA_2_evaluation,0.9
FOODS_2_306_WI_3_evaluation,0.995
FOODS_2_307_TX_2_evaluation,0.98
FOODS_2_307_TX_3_evaluation,0.99
FOODS_2_308_CA_2_evaluation,0.9
FOODS_2_309_CA_1_evaluation,0.98
FOODS_2_309_CA_2_evaluation,0.9
FOODS_2_309_CA_4_evaluation,0.9
FOODS_2_310_CA_3_evaluation,0.9
FOODS_2_310_WI_1_evaluation,0.9
FOODS_2_311_CA_4_evaluation,0.98
FOODS_2_312_WI_3_evaluation,0.9
FOODS_2_315_CA_4_evaluation,1.0
FOODS_2_315_TX_1_evaluation,0.997
FOODS_2_316_WI_1_evaluation,0.9
FOODS_2_317_CA_1_evaluation,0.997
FOODS_2_317_TX_3_evaluation,0.98
FOODS_2_318_CA_4_evaluation,0.98
FOODS_2_318_TX_1_evaluation,0.95
FOODS_2_318_WI_3_evaluation,0.95
FOODS_2_321_TX_1_evaluation,0.98
FOODS_2_322_TX_3_evaluation,0.995
FOODS_2_322_WI_2_evaluation,0.98
FOODS_2_323_WI_1_evaluation,0.995
FOODS_2_324_TX_2_evaluation,0.9
FOODS_2_324_TX_3_evaluation,0.9
FOODS_2_325_CA_2_evaluation,0.9
FOODS_2_325_TX_1_evaluation,0.9
FOODS_2_325_TX_2_evaluation,0.95
FOODS_2_326_WI_2_evaluation,0.995
FOODS_2_327_CA_1_evaluation,0.9
FOODS_2_328_CA_4_evaluation,0.9
FOODS_2_328_TX_1_evaluation,0.9
FOODS_2_329_TX_3_evaluation,0.9
FOODS_2_329_WI_2_evaluation,0.99
FOODS_2_330_WI_3_evaluation,0.9
FOODS_2_331_CA_1_evaluation,0.997
FOODS_2_331_CA_2_evaluation,0.997
FOODS_2_332_CA_1_evaluation,0.9
FOODS_2_332_WI_1_evaluation,0.9
FOODS_2_332_WI_2_evaluation,0.99
FOODS_2_333_CA_2_evaluation,0.999
FOODS_2_333_WI_3_evaluation,0.9
FOODS_2_334_CA_1_evaluation,0.99
FOODS_2_335_WI_2_evaluation,0.98
FOODS_2_336_TX_1_evaluation,0.9
FOODS_2_336_WI_3_evaluation,0.9
FOODS_2_337_CA_2_evaluation,0.9
FOODS_2_337_CA_3_evaluation,0.9
FOODS_2_337_WI_1_evaluation,0.9
FOODS_2_338_TX_2_evaluation,1.0
FOODS_2_340_TX_3_evaluation,0.999
FOODS_2_341_TX_1_evaluation,0.9
FOODS_2_341_TX_3_evaluation,0.9
FOODS_2_342_CA_1_evaluation,0.98
FOODS_2_343_CA_1_evaluation,0.9
FOODS_2_344_WI_1_evaluation,0.99
FOODS_2_346_WI_1_evaluation,0.9
FOODS_2_346_WI_3_evaluation,0.9
FOODS_2_347_TX_2_evaluation,0.9
FOODS_2_349_CA_2_evaluation,0.995
FOODS_2_351_CA_4_evaluation,0.99
FOODS_2_351_TX_1_evaluation,0.9
FOODS_2_351_WI_1_evaluation,0.98
FOODS_2_352_CA_2_evaluation,0.9
FOODS_2_352_CA_3_evaluation,0.9
FOODS_2_353_TX_1_evaluation,0.9
FOODS_2_353_TX_3_evaluation,0.9
FOODS_2_354_TX_2_evaluation,0.9
FOODS_2_355_CA_3_evaluation,0.9
FOODS_2_355_TX_2_evaluation,0.9
FOODS_2_355_WI_1_evaluation,0.9
FOODS_2_356_CA_3_evaluation,0.9
FOODS_2_356_TX_1_evaluation,0.99
FOODS_2_356_WI_3_evaluation,0.9
FOODS_2_357_TX_3_evaluation,0.98
FOODS_2_357_WI_1_evaluation,0.9
FOODS_2_359_TX_3_evaluation,0.98
FOODS_2_359_WI_1_evaluation,0.9
FOODS_2_359_WI_2_evaluation,0.9
FOODS_2_360_CA_1_evaluation,0.9
FOODS_2_361_CA_1_evaluation,0.997
FOODS_2_361_CA_3_evaluation,1.0
FOODS_2_361_TX_2_evaluation,0.9
FOODS_2_361_WI_1_evaluation,0.99
FOODS_2_362_CA_1_evaluation,0.9
FOODS_2_362_CA_4_evaluation,0.9
FOODS_2_363_CA_1_evaluation,0.9
FOODS_2_363_CA_2_evaluation,0.9
FOODS_2_366_CA_2_evaluation,0.9
FOODS_2_366_TX_1_evaluation,0.98
FOODS_2_367_TX_2_evaluation,0.95
FOODS_2_368_CA_1_evaluation,0.9
FOODS_2_370_WI_2_evaluation,0.98
FOODS_2_371_CA_2_evaluation,0.9
FOODS_2_371_TX_1_evaluation,0.9
FOODS_2_372_TX_1_evaluation,0.9
FOODS_2_373_TX_1_evaluation,1.0
FOODS_2_373_TX_3_evaluation,0.9
FOODS_2_373_WI_1_evaluation,0.995
FOODS_2_373_WI_3_evaluation,0.98
FOODS_2_375_CA_3_evaluation,0.95
FOODS_2_375_TX_2_evaluation,0.9
FOODS_2_375_WI_1_evaluation,0.995
FOODS_2_376_CA_1_evaluation,0.98
FOODS_2_376_TX_3_evaluation,0.98
FOODS_2_377_CA_2_evaluation,0.9
FOODS_2_377_CA_4_evaluation,0.9
FOODS_2_378_TX_2_evaluation,0.997
FOODS_2_380_TX_1_evaluation,1.0
FOODS_2_380_WI_1_evaluation,0.9
FOODS_2_381_TX_1_evaluation,0.95
FOODS_2_381_WI_2_evaluation,0.9
FOODS_2_382_CA_3_evaluation,0.9
FOODS_2_383_CA_3_evaluation,0.9
FOODS_2_385_WI_2_evaluation,0.99
FOODS_2_387_CA_3_evaluation,0.9
FOODS_2_388_TX_2_evaluation,0.95
FOODS_2_389_CA_1_evaluation,0.995
FOODS_2_390_CA_2_evaluation,0.9
FOODS_2_390_TX_1_evaluation,0.9
FOODS_2_391_TX_1_evaluation,0.98
FOODS_2_392_TX_3_evaluation,0.997
FOODS_2_394_TX_3_evaluation,0.9
FOODS_2_394_WI_3_evaluation,0.9
FOODS_2_395_TX_3_evaluation,0.9
FOODS_2_396_CA_2_evaluation,0.9
FOODS_2_396_TX_2_evaluation,1.0
FOODS_2_396_WI_1_evaluation,0.98
FOODS_2_398_CA_2_evaluation,0.9
FOODS_2_398_TX_3_evaluation,0.9
FOODS_2_399_CA_1_evaluation,0.98
FOODS_2_399_CA_3_evaluation,0.98
FOODS_2_399_WI_1_evaluation,0.99
FOODS_3_001_CA_1_evaluation,0.9
FOODS_3_001_TX_3_evaluation,0.9
FOODS_3_003_TX_2_evaluation,0.9
FOODS_3_003_WI_2_evaluation,0.9
FOODS_3_004_TX_3_evaluation,0.9
FOODS_3_005_CA_2_evaluation,0.9
FOODS_3_008_WI_3_evaluation,0.9
FOODS_3_009_CA_1_evaluation,0.9
FOODS_3_009_CA_3_evaluation,0.9
FOODS_3_009_TX_3_evaluation,0.9
FOODS_3_009_WI_2_evaluation,0.9
FOODS_3_010_CA_1_evaluation,0.9
FOODS_3_010_CA_3_evaluation,0.9
FOODS_3_010_WI_3_evaluation,0.9
FOODS_3_011_CA_2_evaluation,0.99
FOODS_3_011_TX_2_evaluation,0.9
FOODS_3_012_CA_2_evaluation,0.999
FOODS_3_013_CA_1_evaluation,0.9
FOODS_3_013_CA_3_evaluation,0.9
FOODS_3_014_TX_3_evaluation,0.9
FOODS_3_014_WI_2_evaluation,0.9
FOODS_3_015_TX_3_evaluation,0.9
FOODS_3_015_WI_3_evaluation,0.999
FOODS_3_016_CA_2_evaluation,0.9
FOODS_3_017_CA_1_evaluation,1.0
FOODS_3_018_CA_1_evaluation,0.9
FOODS_3_018_WI_2_evaluation,0.9
FOODS_3_019_WI_2_evaluation,0.95
FOODS_3_019_WI_3_evaluation,0.9
FOODS_3_022_CA_4_evaluation,0.9
FOODS_3_022_WI_1_evaluation,0.9
FOODS_3_023_CA_1_evaluation,0.995
FOODS_3_024_CA_2_evaluation,0.9
FOODS_3_024_WI_2_evaluation,0.9
FOODS_3_026_CA_4_evaluation,0.99
FOODS_3_027_CA_4_evaluation,0.995
FOODS_3_027_WI_1_evaluation,0.995
FOODS_3_029_WI_2_evaluation,0.99
FOODS_3_030_CA_3_evaluation,0.95
FOODS_3_032_TX_3_evaluation,0.9
FOODS_3_032_WI_1_evaluation,0.9
FOODS_3_033_TX_1_evaluation,0.9
FOODS_3_033_TX_2_evaluation,0.9
FOODS_3_034_WI_3_evaluation,0.9
FOODS_3_035_CA_3_evaluation,0.995
FOODS_3_036_CA_3_evaluation,0.9
FOODS_3_036_WI_2_evaluation,0.9
FOODS_3_038_TX_2_evaluation,0.9
FOODS_3_038_WI_1_evaluation,0.9
FOODS_3_039_CA_3_evaluation,0.99
FOODS_3_039_TX_2_evaluation,0.99
FOODS_3_039_WI_1_evaluation,0.98
FOODS_3_040_CA_3_evaluation,0.9
FOODS_3_040_TX_2_evaluation,0.997
FOODS_3_040_TX_3_evaluation,1.0
FOODS_3_040_WI_3_evaluation,1.0
FOODS_3_041_CA_4_evaluation,0.98
FOODS_3_041_WI_1_evaluation,0.98
FOODS_3_042_WI_3_evaluation,1.0
FOODS_3_044_TX_2_evaluation,0.9
FOODS_3_044_WI_3_evaluation,0.9
FOODS_3_045_CA_2_evaluation,0.9
FOODS_3_045_TX_2_evaluation,0.9
FOODS_3_046_CA_2_evaluation,0.9
FOODS_3_047_CA_2_evaluation,0.9
FOODS_3_047_TX_2_evaluation,0.9
FOODS_3_049_CA_2_evaluation,0.9
FOODS_3_049_TX_1_evaluation,0.9
FOODS_3_049_WI_3_evaluation,0.98
FOODS_3_051_CA_3_evaluation,0.9
FOODS_3_053_TX_3_evaluation,0.9
FOODS_3_053_WI_2_evaluation,0.9
FOODS_3_054_CA_3_evaluation,1.0
FOODS_3_055_CA_1_evaluation,0.95
FOODS_3_055_CA_2_evaluation,0.9
FOODS_3_056_CA_2_evaluation,1.0
FOODS_3_056_TX_2_evaluation,0.997
FOODS_3_057_CA_4_evaluation,0.95
FOODS_3_057_WI_2_evaluation,1.0
FOODS_3_058_CA_2_evaluation,0.9
FOODS_3_060_CA_4_evaluation,0.9
FOODS_3_060_TX_1_evaluation,0.9
FOODS_3_061_CA_1_evaluation,0.99
FOODS_3_061_CA_3_evaluation,0.98
FOODS_3_062_CA_4_evaluation,0.9
FOODS_3_063_CA_3_evaluation,0.9
FOODS_3_065_CA_1_evaluation,0.9
FOODS_3_065_WI_1_evaluation,0.99
FOODS_3_065_WI_2_evaluation,0.9
FOODS_3_066_CA_2_evaluation,0.9
FOODS_3_066_WI_2_evaluation,0.9
FOODS_3_067_CA_3_evaluation,0.99
FOODS_3_067_TX_1_evaluation,0.9
FOODS_3_068_CA_4_evaluation,0.9
FOODS_3_068_WI_2_evaluation,1.0
FOODS_3_072_TX_1_evaluation,0.9
FOODS_3_074_TX_2_evaluation,0.95
FOODS_3_074_WI_3_evaluation,0.9
FOODS_3_075_WI_1_evaluation,0.9
FOODS_3_076_CA_4_evaluation,0.9
FOODS_3_076_WI_1_evaluation,0.9
FOODS_3_078_CA_2_evaluation,0.9
FOODS_3_078_WI_1_evaluation,0.98
FOODS_3_079_CA_4_evaluation,0.9
FOODS_3_079_TX_1_evaluation,0.99
FOODS_3_080_CA_2_evaluation,0.999
FOODS_3_080_WI_1_evaluation,0.999
FOODS_3_081_TX_2_evaluation,0.9
FOODS_3_082_CA_1_evaluation,0.9
FOODS_3_082_CA_2_evaluation,0.9
FOODS_3_083_CA_1_evaluation,0.99
FOODS_3_084_WI_1_evaluation,0.9
FOODS_3_085_CA_2_evaluation,0.9
FOODS_3_086_CA_2_evaluation,0.98
FOODS_3_086_TX_1_evaluation,0.9
FOODS_3_087_CA_4_evaluation,0.9
FOODS_3_088_CA_3_evaluation,0.9
FOODS_3_088_TX_1_evaluation,0.9
FOODS_3_089_CA_1_evaluation,0.98
FOODS_3_089_CA_2_evaluation,0.9
FOODS_3_089_WI_2_evaluation,0.99
FOODS_3_090_CA_1_evaluation,0.995
FOODS_3_091_CA_2_evaluation,0.9
FOODS_3_091_TX_2_evaluation,0.9
FOODS_3_091_WI_2_evaluation,0.9
FOODS_3_092_TX_2_evaluation,0.999
FOODS_3_092_WI_3_evaluation,0.95
FOODS_3_093_TX_2_evaluation,0.95
FOODS_3_094_CA_4_evaluation,0.9
FOODS_3_094_TX_3_evaluation,0.95
FOODS_3_094_WI_3_evaluation,0.9
FOODS_3_095_TX_3_evaluation,0.99
FOODS_3_097_CA_1_evaluation,0.995
FOODS_3_099_CA_2_evaluation,0.9
FOODS_3_099_WI_2_evaluation,0.95
FOODS_3_099_WI_3_evaluation,0.95
FOODS_3_101_CA_4_evaluation,0.997
FOODS_3_101_WI_1_evaluation,0.98
FOODS_3_102_CA_1_evaluation,1.0
FOODS_3_102_CA_3_evaluation,1.0
FOODS_3_103_TX_3_evaluation,0.95
FOODS_3_104_CA_2_evaluation,0.9
FOODS_3_104_TX_1_evaluation,1.0
FOODS_3_104_WI_1_evaluation,0.995
FOODS_3_104_WI_3_evaluation,0.9
FOODS_3_105_CA_1_evaluation,0.9
FOODS_3_105_TX_3_evaluation,0.9
FOODS_3_106_CA_1_evaluation,0.9
FOODS_3_106_TX_3_evaluation,0.9
FOODS_3_106_WI_3_evaluation,0.9
FOODS_3_107_CA_1_evaluation,0.995
FOODS_3_107_TX_3_evaluation,0.99
FOODS_3_109_TX_3_evaluation,0.98
FOODS_3_110_CA_4_evaluation,0.9
FOODS_3_110_TX_2_evaluation,0.9
FOODS_3_110_TX_3_evaluation,0.9
FOODS_3_111_TX_3_evaluation,0.9
FOODS_3_112_CA_3_evaluation,0.9
FOODS_3_112_CA_4_evaluation,0.9
FOODS_3_113_CA_1_evaluation,0.9
FOODS_3_113_CA_4_evaluation,0.9
FOODS_3_113_WI_3_evaluation,0.95
FOODS_3_114_CA_1_evaluation,0.9
FOODS_3_114_CA_2_evaluation,0.9
FOODS_3_115_TX_1_evaluation,0.98
FOODS_3_115_TX_2_evaluation,0.995
FOODS_3_116_CA_4_evaluation,0.95
FOODS_3_116_WI_2_evaluation,0.997
FOODS_3_117_WI_1_evaluation,0.99
FOODS_3_118_TX_1_evaluation,0.9
FOODS_3_119_CA_4_evaluation,0.9
FOODS_3_119_TX_1_evaluation,0.9
FOODS_3_122_WI_1_evaluation,0.9
FOODS_3_122_WI_2_evaluation,0.9
FOODS_3_123_TX_3_evaluation,0.95
FOODS_3_123_WI_1_evaluation,0.9
FOODS_3_124_CA_2_evaluation,0.9
FOODS_3_124_CA_3_evaluation,1.0
FOODS_3_124_TX_3_evaluation,1.0
FOODS_3_124_WI_1_evaluation,0.9
FOODS_3_124_WI_2_evaluation,0.9
FOODS_3_126_TX_1_evaluation,0.9
FOODS_3_126_WI_2_evaluation,0.95
FOODS_3_127_CA_3_evaluation,0.95
FOODS_3_127_TX_1_evaluation,0.95
FOODS_3_127_TX_2_evaluation,0.98
FOODS_3_128_CA_1_evaluation,0.9
FOODS_3_129_CA_1_evaluation,0.9
FOODS_3_129_CA_2_evaluation,0.9
FOODS_3_130_CA_4_evaluation,0.999
FOODS_3_133_TX_1_evaluation,0.9
FOODS_3_133_TX_3_evaluation,0.997
FOODS_3_133_WI_1_evaluation,0.9
FOODS_3_134_WI_1_evaluation,0.98
FOODS_3_135_TX_2_evaluation,0.999
FOODS_3_136_TX_1_evaluation,0.9
FOODS_3_136_WI_1_evaluation,0.95
FOODS_3_138_CA_2_evaluation,0.95
FOODS_3_138_CA_3_evaluation,1.0
FOODS_3_138_TX_2_evaluation,0.9
FOODS_3_140_TX_2_evaluation,0.95
FOODS_3_140_WI_2_evaluation,0.9
FOODS_3_141_WI_1_evaluation,0.9
FOODS_3_142_CA_1_evaluation,0.995
FOODS_3_143_TX_1_evaluation,0.9
FOODS_3_145_WI_1_evaluation,0.99
FOODS_3_146_CA_4_evaluation,0.98
FOODS_3_146_TX_1_evaluation,0.995
FOODS_3_146_TX_2_evaluation,0.995
FOODS_3_147_WI_1_evaluation,0.98
FOODS_3_148_TX_3_evaluation,0.98
FOODS_3_148_WI_2_evaluation,0.95
FOODS_3_148_WI_3_evaluation,0.9
FOODS_3_150_CA_3_evaluation,0.995
FOODS_3_150_CA_4_evaluation,0.99
FOODS_3_150_WI_1_evaluation,0.99
FOODS_3_150_WI_2_evaluation,0.995
FOODS_3_150_WI_3_evaluation,0.9
FOODS_3_151_TX_1_evaluation,0.98
FOODS_3_152_WI_2_evaluation,0.9
FOODS_3_153_CA_4_evaluation,0.99
FOODS_3_153_TX_1_evaluation,1.0
FOODS_3_154_CA_2_evaluation,1.0
FOODS_3_154_WI_1_evaluation,0.9
FOODS_3_155_CA_3_evaluation,1.0
FOODS_3_155_CA_4_evaluation,0.999
FOODS_3_155_WI_2_evaluation,0.9
FOODS_3_156_CA_4_evaluation,0.9
FOODS_3_157_CA_3_evaluation,0.9
FOODS_3_157_CA_4_evaluation,0.9
FOODS_3_157_TX_3_evaluation,0.9
FOODS_3_158_WI_1_evaluation,0.98
FOODS_3_159_WI_1_evaluation,0.99
FOODS_3_160_TX_2_evaluation,0.9
FOODS_3_161_CA_4_evaluation,0.99
FOODS_3_161_TX_3_evaluation,0.95
FOODS_3_162_CA_3_evaluation,0.9
FOODS_3_162_CA_4_evaluation,0.9
FOODS_3_162_TX_2_evaluation,1.0
FOODS_3_163_CA_2_evaluation,0.9
FOODS_3_163_WI_1_evaluation,0.95
FOODS_3_163_WI_2_evaluation,0.9
FOODS_3_164_CA_3_evaluation,0.9
FOODS_3_164_TX_1_evaluation,0.9
FOODS_3_165_CA_3_evaluation,0.9
FOODS_3_166_CA_4_evaluation,0.9
FOODS_3_166_TX_3_evaluation,0.9
FOODS_3_167_TX_3_evaluation,0.9
FOODS_3_167_WI_2_evaluation,0.9
FOODS_3_168_TX_1_evaluation,0.997
FOODS_3_169_CA_4_evaluation,0.9
FOODS_3_169_TX_3_evaluation,0.999
FOODS_3_169_WI_1_evaluation,0.9
FOODS_3_169_WI_3_evaluation,0.9
FOODS_3_170_CA_2_evaluation,0.9
FOODS_3_170_TX_2_evaluation,0.9
FOODS_3_171_WI_1_evaluation,0.9
FOODS_3_171_WI_3_evaluation,0.9
FOODS_3_172_CA_1_evaluation,0.9
FOODS_3_172_CA_2_evaluation,0.9
FOODS_3_172_CA_3_evaluation,0.9
FOODS_3_172_TX_3_evaluation,0.9
FOODS_3_173_WI_3_evaluation,0.9
FOODS_3_175_TX_1_evaluation,0.9
FOODS_3_175_WI_3_evaluation,0.98
FOODS_3_176_CA_3_evaluation,0.95
FOODS_3_176_TX_3_evaluation,0.99
FOODS_3_176_WI_2_evaluation,0.9
FOODS_3_177_CA_2_evaluation,0.9
FOODS_3_177_CA_3_evaluation,0.98
FOODS_3_177_TX_3_evaluation,0.95
FOODS_3_177_WI_3_evaluation,0.98
FOODS_3_178_CA_2_evaluation,0.9
FOODS_3_178_CA_3_evaluation,0.9
FOODS_3_178_WI_2_evaluation,0.99
FOODS_3_180_CA_2_evaluation,0.9
FOODS_3_180_WI_1_evaluation,0.9
FOODS_3_181_CA_1_evaluation,0.9
FOODS_3_181_TX_3_evaluation,0.98
FOODS_3_182_CA_4_evaluation,1.0
FOODS_3_182_TX_1_evaluation,0.995
FOODS_3_182_WI_2_evaluation,1.0
FOODS_3_182_WI_3_evaluation,0.9
FOODS_3_183_TX_1_evaluation,0.995
FOODS_3_183_WI_1_evaluation,0.9
FOODS_3_184_CA_3_evaluation,0.997
FOODS_3_184_WI_3_evaluation,0.98
FOODS_3_185_CA_3_evaluation,0.995
FOODS_3_186_CA_2_evaluation,0.9
FOODS_3_186_TX_3_evaluation,0.9
FOODS_3_187_CA_1_evaluation,0.9
FOODS_3_187_CA_3_evaluation,0.9
FOODS_3_187_TX_1_evaluation,0.9
FOODS_3_188_CA_2_evaluation,0.95
FOODS_3_188_TX_1_evaluation,0.995
FOODS_3_189_CA_2_evaluation,0.9
FOODS_3_189_CA_4_evaluation,0.9
FOODS_3_189_WI_3_evaluation,0.9
FOODS_3_190_CA_2_evaluation,0.9
FOODS_3_190_CA_4_evaluation,0.9
FOODS_3_190_TX_1_evaluation,0.9
FOODS_3_191_CA_3_evaluation,0.98
FOODS_3_192_TX_1_evaluation,0.9
FOODS_3_193_CA_3_evaluation,0.9
FOODS_3_193_CA_4_evaluation,1.0
FOODS_3_194_WI_1_evaluation,0.95
FOODS_3_195_TX_2_evaluation,0.9
FOODS_3_195_WI_1_evaluation,0.95
FOODS_3_196_CA_1_evaluation,0.95
FOODS_3_196_CA_2_evaluation,0.99
FOODS_3_198_CA_2_evaluation,0.9
FOODS_3_198_CA_3_evaluation,0.9
FOODS_3_198_WI_2_evaluation,0.9
FOODS_3_199_CA_1_evaluation,0.9
FOODS_3_199_CA_2_evaluation,0.9
FOODS_3_199_WI_2_evaluation,0.9
FOODS_3_199_WI_3_evaluation,0.9
FOODS_3_200_CA_2_evaluation,0.9
FOODS_3_200_CA_4_evaluation,0.9
FOODS_3_200_WI_2_evaluation,0.9
FOODS_3_201_CA_2_evaluation,0.9
FOODS_3_201_CA_3_evaluation,0.997
FOODS_3_201_CA_4_evaluation,0.995
FOODS_3_201_TX_1_evaluation,0.95
FOODS_3_201_TX_2_evaluation,0.9
FOODS_3_202_WI_1_evaluation,0.95
FOODS_3_204_TX_1_evaluation,0.997
FOODS_3_204_TX_2_evaluation,0.98
FOODS_3_205_TX_3_evaluation,0.9
FOODS_3_205_WI_3_evaluation,0.9
FOODS_3_206_CA_2_evaluation,0.9
FOODS_3_206_TX_2_evaluation,0.9
FOODS_3_206_WI_1_evaluation,0.9
FOODS_3_207_CA_3_evaluation,0.999
FOODS_3_207_TX_2_evaluation,0.995
FOODS_3_208_TX_1_evaluation,0.95
FOODS_3_209_CA_2_evaluation,0.9
FOODS_3_209_CA_3_evaluation,0.9
FOODS_3_209_CA_4_evaluation,0.9
FOODS_3_210_WI_2_evaluation,0.98
FOODS_3_211_WI_1_evaluation,0.9
FOODS_3_211_WI_2_evaluation,0.99
FOODS_3_212_WI_1_evaluation,1.0
FOODS_3_213_WI_1_evaluation,0.98
FOODS_3_214_TX_3_evaluation,0.997
FOODS_3_215_CA_1_evaluation,0.9
FOODS_3_215_CA_2_evaluation,0.9
FOODS_3_215_CA_4_evaluation,0.9
FOODS_3_215_WI_3_evaluation,0.95
FOODS_3_218_CA_1_evaluation,0.9
FOODS_3_219_CA_2_evaluation,0.99
FOODS_3_220_CA_3_evaluation,0.9
FOODS_3_221_WI_2_evaluation,0.9
FOODS_3_222_TX_3_evaluation,1.0
FOODS_3_223_CA_3_evaluation,0.99
FOODS_3_223_TX_2_evaluation,0.99
FOODS_3_223_WI_3_evaluation,0.9
FOODS_3_224_TX_3_evaluation,0.95
FOODS_3_225_CA_3_evaluation,0.95
FOODS_3_226_TX_3_evaluation,0.997
FOODS_3_226_WI_1_evaluation,0.99
FOODS_3_227_TX_3_evaluation,1.0
FOODS_3_228_CA_4_evaluation,0.95
FOODS_3_230_CA_1_evaluation,0.98
FOODS_3_231_CA_1_evaluation,0.9
FOODS_3_231_CA_3_evaluation,1.0
FOODS_3_234_TX_2_evaluation,0.99
FOODS_3_235_WI_2_evaluation,0.99
FOODS_3_236_CA_2_evaluation,0.9
FOODS_3_237_CA_4_evaluation,0.98
FOODS_3_237_TX_2_evaluation,0.9
FOODS_3_240_TX_1_evaluation,0.95
FOODS_3_240_TX_2_evaluation,0.95
FOODS_3_240_WI_3_evaluation,0.9
FOODS_3_242_TX_1_evaluation,0.9
FOODS_3_242_TX_2_evaluation,1.0
FOODS_3_243_CA_3_evaluation,0.9
FOODS_3_243_WI_3_evaluation,0.95
FOODS_3_245_CA_1_evaluation,0.95
FOODS_3_245_WI_1_evaluation,0.98
FOODS_3_246_CA_4_evaluation,0.95
FOODS_3_247_CA_1_evaluation,0.9
FOODS_3_247_CA_2_evaluation,0.9
FOODS_3_247_TX_3_evaluation,0.9
FOODS_3_248_WI_3_evaluation,0.9
FOODS_3_249_CA_2_evaluation,1.0
FOODS_3_249_TX_3_evaluation,0.999
FOODS_3_251_CA_1_evaluation,0.997
FOODS_3_253_CA_1_evaluation,0.98
FOODS_3_254_CA_3_evaluation,0.9
FOODS_3_254_TX_2_evaluation,0.9
FOODS_3_254_TX_3_evaluation,0.9
FOODS_3_254_WI_1_evaluation,0.9
FOODS_3_254_WI_2_evaluation,0.9
FOODS_3_255_CA_2_evaluation,0.9
FOODS_3_255_CA_3_evaluation,0.9
FOODS_3_255_WI_3_evaluation,0.9
FOODS_3_256_CA_4_evaluation,0.9
FOODS_3_256_TX_1_evaluation,0.9
FOODS_3_256_TX_2_evaluation,0.9
FOODS_3_257_CA_1_evaluation,0.997
FOODS_3_257_TX_2_evaluation,0.9
FOODS_3_257_WI_2_evaluation,0.98
FOODS_3_258_CA_1_evaluation,0.9
FOODS_3_258_CA_4_evaluation,0.995
FOODS_3_258_TX_1_evaluation,0.98
FOODS_3_261_CA_4_evaluation,0.9
FOODS_3_261_WI_3_evaluation,0.9
FOODS_3_262_CA_3_evaluation,0.9
FOODS_3_262_CA_4_evaluation,0.9
FOODS_3_262_WI_2_evaluation,0.9
FOODS_3_263_CA_1_evaluation,0.95
FOODS_3_263_TX_1_evaluation,1.0
FOODS_3_263_WI_3_evaluation,0.9
FOODS_3_264_CA_1_evaluation,0.9
FOODS_3_264_CA_4_evaluation,0.9
FOODS_3_264_TX_1_evaluation,0.95
FOODS_3_265_CA_4_evaluation,0.95
FOODS_3_265_WI_2_evaluation,0.99
FOODS_3_266_CA_1_evaluation,1.0
FOODS_3_267_TX_1_evaluation,0.99
FOODS_3_267_TX_2_evaluation,0.99
FOODS_3_267_TX_3_evaluation,0.99
FOODS_3_267_WI_3_evaluation,0.95
FOODS_3_268_TX_2_evaluation,0.98
FOODS_3_268_TX_3_evaluation,0.995
FOODS_3_269_CA_2_evaluation,0.98
FOODS_3_271_CA_2_evaluation,0.999
FOODS_3_271_WI_3_evaluation,0.9
FOODS_3_272_TX_2_evaluation,0.98
FOODS_3_273_CA_1_evaluation,1.0
FOODS_3_274_CA_2_evaluation,0.99
FOODS_3_275_WI_1_evaluation,0.9
FOODS_3_276_CA_4_evaluation,0.9
FOODS_3_276_TX_1_evaluation,0.9
FOODS_3_276_WI_2_evaluation,0.9
FOODS_3_278_CA_1_evaluation,0.9
FOODS_3_278_CA_4_evaluation,0.9
FOODS_3_279_CA_2_evaluation,0.9
FOODS_3_279_CA_3_evaluation,0.99
FOODS_3_279_TX_3_evaluation,0.98
FOODS_3_280_CA_1_evaluation,0.9
FOODS_3_280_TX_1_evaluation,0.98
FOODS_3_281_CA_1_evaluation,0.995
FOODS_3_281_WI_2_evaluation,0.99
FOODS_3_282_CA_1_evaluation,0.9
FOODS_3_282_CA_4_evaluation,0.9
FOODS_3_283_CA_2_evaluation,0.98
FOODS_3_283_CA_3_evaluation,1.0
FOODS_3_283_TX_1_evaluation,1.0
FOODS_3_283_TX_3_evaluation,0.9
FOODS_3_283_WI_3_evaluation,0.9
FOODS_3_284_CA_1_evaluation,0.9
FOODS_3_285_WI_3_evaluation,0.995
FOODS_3_286_WI_2_evaluation,1.0
FOODS_3_287_CA_4_evaluation,0.9
FOODS_3_287_TX_1_evaluation,0.9
FOODS_3_287_TX_3_evaluation,0.9
FOODS_3_287_WI_2_evaluation,0.9
FOODS_3_288_CA_1_evaluation,0.98
FOODS_3_288_CA_3_evaluation,0.98
FOODS_3_288_TX_3_evaluation,0.98
FOODS_3_289_CA_1_evaluation,0.9
FOODS_3_289_CA_2_evaluation,0.9
FOODS_3_289_CA_3_evaluation,0.9
FOODS_3_289_TX_3_evaluation,0.99
FOODS_3_291_CA_3_evaluation,0.95
FOODS_3_292_CA_1_evaluation,0.98
FOODS_3_292_CA_3_evaluation,0.95
FOODS_3_293_CA_3_evaluation,1.0
FOODS_3_294_CA_1_evaluation,0.995
FOODS_3_294_TX_3_evaluation,0.99
FOODS_3_295_TX_2_evaluation,0.995
FOODS_3_296_TX_2_evaluation,0.9
FOODS_3_296_TX_3_evaluation,0.9
FOODS_3_296_WI_1_evaluation,0.9
FOODS_3_297_CA_3_evaluation,0.95
FOODS_3_298_TX_2_evaluation,0.9
FOODS_3_298_WI_2_evaluation,0.99
FOODS_3_299_TX_1_evaluation,0.95
FOODS_3_299_TX_2_evaluation,0.95
FOODS_3_299_TX_3_evaluation,0.95
FOODS_3_299_WI_1_evaluation,0.98
FOODS_3_300_CA_1_evaluation,0.9
FOODS_3_300_TX_2_evaluation,0.9
FOODS_3_300_WI_1_evaluation,0.99
FOODS_3_300_WI_2_evaluation,0.9
FOODS_3_300_WI_3_evaluation,0.9
FOODS_3_301_CA_3_evaluation,0.95
FOODS_3_301_WI_3_evaluation,0.95
FOODS_3_302_CA_3_evaluation,0.999
FOODS_3_302_TX_3_evaluation,0.9
FOODS_3_304_CA_4_evaluation,0.95
FOODS_3_304_TX_2_evaluation,0.95
FOODS_3_304_TX_3_evaluation,0.9
FOODS_3_304_WI_1_evaluation,0.98
FOODS_3_304_WI_3_evaluation,0.9
FOODS_3_305_CA_1_evaluation,0.9
FOODS_3_306_TX_1_evaluation,0.9
FOODS_3_306_WI_1_evaluation,0.9
FOODS_3_308_TX_2_evaluation,0.98
FOODS_3_309_CA_1_evaluation,0.9
FOODS_3_309_WI_3_evaluation,0.95
FOODS_3_311_CA_3_evaluation,0.9
FOODS_3_311_CA_4_evaluation,0.9
FOODS_3_313_CA_1_evaluation,0.98
FOODS_3_314_TX_1_evaluation,1.0
FOODS_3_314_WI_2_evaluation,0.995
FOODS_3_314_WI_3_evaluation,0.95
FOODS_3_315_CA_4_evaluation,0.99
FOODS_3_315_TX_2_evaluation,0.9
FOODS_3_316_CA_2_evaluation,0.997
FOODS_3_317_CA_3_evaluation,0.9
FOODS_3_317_WI_3_evaluation,0.98
FOODS_3_318_WI_1_evaluation,0.99
FOODS_3_319_CA_1_evaluation,0.9
FOODS_3_319_WI_1_evaluation,0.999
FOODS_3_320_TX_1_evaluation,0.9
FOODS_3_321_TX_3_evaluation,0.9
FOODS_3_321_WI_2_evaluation,0.9
FOODS_3_322_CA_1_evaluation,0.99
FOODS_3_322_WI_1_evaluation,0.99
FOODS_3_323_CA_3_evaluation,0.999
FOODS_3_323_WI_1_evaluation,0.99
FOODS_3_324_CA_3_evaluation,0.9
FOODS_3_324_CA_4_evaluation,0.98
FOODS_3_325_TX_2_evaluation,0.997
FOODS_3_325_WI_2_evaluation,0.995
FOODS_3_326_WI_1_evaluation,0.98
FOODS_3_327_TX_1_evaluation,1.0
FOODS_3_328_CA_1_evaluation,0.997
FOODS_3_328_CA_2_evaluation,1.0
FOODS_3_328_TX_3_evaluation,0.999
FOODS_3_328_WI_1_evaluation,0.9
FOODS_3_329_CA_3_evaluation,0.9
FOODS_3_329_TX_3_evaluation,0.95
FOODS_3_330_TX_2_evaluation,1.0
FOODS_3_331_CA_1_evaluation,0.9
FOODS_3_331_WI_2_evaluation,0.99
FOODS_3_332_CA_1_evaluation,0.99
FOODS_3_332_TX_1_evaluation,0.99
FOODS_3_333_TX_3_evaluation,0.9
FOODS_3_333_WI_1_evaluation,0.9
FOODS_3_333_WI_3_evaluation,0.9
FOODS_3_334_TX_1_evaluation,0.98
FOODS_3_335_CA_1_evaluation,0.9
FOODS_3_335_WI_2_evaluation,0.995
FOODS_3_336_CA_1_evaluation,0.99
FOODS_3_336_CA_3_evaluation,0.995
FOODS_3_336_TX_1_evaluation,0.99
FOODS_3_336_TX_2_evaluation,1.0
FOODS_3_336_TX_3_evaluation,0.9
FOODS_3_337_CA_2_evaluation,0.9
FOODS_3_338_WI_3_evaluation,0.9
FOODS_3_339_TX_1_evaluation,0.999
FOODS_3_339_WI_1_evaluation,0.9
FOODS_3_342_CA_4_evaluation,0.9
FOODS_3_342_TX_1_evaluation,0.995
FOODS_3_342_TX_3_evaluation,0.9
FOODS_3_343_CA_1_evaluation,0.99
FOODS_3_343_TX_1_evaluation,0.95
FOODS_3_343_WI_1_evaluation,0.98
FOODS_3_344_CA_4_evaluation,0.9
FOODS_3_345_CA_2_evaluation,0.99
FOODS_3_345_CA_3_evaluation,0.99
FOODS_3_346_WI_3_evaluation,0.99
FOODS_3_348_TX_3_evaluation,0.995
FOODS_3_349_CA_4_evaluation,0.9
FOODS_3_349_TX_2_evaluation,0.95
FOODS_3_349_WI_1_evaluation,1.0
FOODS_3_350_TX_3_evaluation,0.9
FOODS_3_352_CA_2_evaluation,0.9
FOODS_3_354_CA_4_evaluation,0.9
FOODS_3_354_WI_1_evaluation,0.9
FOODS_3_355_CA_1_evaluation,0.9
FOODS_3_355_CA_2_evaluation,0.9
FOODS_3_355_CA_3_evaluation,0.9
FOODS_3_355_TX_1_evaluation,0.9
FOODS_3_355_WI_2_evaluation,1.0
FOODS_3_356_CA_1_evaluation,0.9
FOODS_3_356_TX_1_evaluation,0.995
FOODS_3_356_WI_1_evaluation,0.98
FOODS_3_356_WI_2_evaluation,0.9
FOODS_3_357_CA_3_evaluation,1.0
FOODS_3_357_TX_2_evaluation,1.0
FOODS_3_358_WI_1_evaluation,0.95
FOODS_3_360_CA_3_evaluation,0.95
FOODS_3_362_CA_4_evaluation,0.995
FOODS_3_362_TX_3_evaluation,0.9
FOODS_3_363_CA_3_evaluation,0.95
FOODS_3_363_TX_2_evaluation,0.9
FOODS_3_365_TX_3_evaluation,0.99
FOODS_3_365_WI_1_evaluation,0.995
FOODS_3_365_WI_3_evaluation,0.99
FOODS_3_366_CA_2_evaluation,0.9
FOODS_3_366_CA_4_evaluation,0.9
FOODS_3_366_TX_1_evaluation,0.9
FOODS_3_367_CA_3_evaluation,1.0
FOODS_3_368_CA_3_evaluation,0.9
FOODS_3_368_TX_2_evaluation,0.95
FOODS_3_368_TX_3_evaluation,0.9
FOODS_3_369_CA_1_evaluation,0.95
FOODS_3_369_CA_3_evaluation,1.0
FOODS_3_370_CA_3_evaluation,0.9
FOODS_3_370_CA_4_evaluation,0.9
FOODS_3_370_TX_3_evaluation,0.9
FOODS_3_370_WI_2_evaluation,0.9
FOODS_3_370_WI_3_evaluation,0.9
FOODS_3_371_CA_1_evaluation,0.9
FOODS_3_371_WI_3_evaluation,0.9
FOODS_3_372_CA_1_evaluation,0.9
FOODS_3_372_TX_1_evaluation,0.9
FOODS_3_372_TX_3_evaluation,0.9
FOODS_3_373_TX_1_evaluation,0.98
FOODS_3_374_CA_2_evaluation,0.9
FOODS_3_374_WI_1_evaluation,0.9
FOODS_3_374_WI_2_evaluation,0.9
FOODS_3_375_TX_3_evaluation,0.9
FOODS_3_376_CA_3_evaluation,0.98
FOODS_3_376_CA_4_evaluation,1.0
FOODS_3_376_TX_1_evaluation,0.98
FOODS_3_376_WI_2_evaluation,0.98
FOODS_3_377_CA_2_evaluation,0.9
FOODS_3_377_TX_1_evaluation,0.95
FOODS_3_377_WI_3_evaluation,0.95
FOODS_3_378_CA_3_evaluation,0.9
FOODS_3_378_TX_1_evaluation,1.0
FOODS_3_379_CA_3_evaluation,0.9
FOODS_3_380_CA_3_evaluation,1.0
FOODS_3_380_CA_4_evaluation,1.0
FOODS_3_381_TX_1_evaluation,0.95
FOODS_3_383_TX_3_evaluation,1.0
FOODS_3_383_WI_1_evaluation,0.9
FOODS_3_383_WI_2_evaluation,0.98
FOODS_3_384_TX_1_evaluation,0.99
FOODS_3_384_TX_2_evaluation,0.999
FOODS_3_384_WI_2_evaluation,1.0
FOODS_3_385_CA_4_evaluation,0.99
FOODS_3_386_CA_4_evaluation,0.995
FOODS_3_388_CA_1_evaluation,0.997
FOODS_3_388_TX_3_evaluation,1.0
FOODS_3_389_CA_1_evaluation,0.995
FOODS_3_391_CA_4_evaluation,0.9
FOODS_3_392_CA_4_evaluation,0.99
FOODS_3_392_WI_1_evaluation,0.95
FOODS_3_393_CA_4_evaluation,0.98
FOODS_3_395_TX_3_evaluation,0.9
FOODS_3_395_WI_3_evaluation,0.9
FOODS_3_396_CA_2_evaluation,0.9
FOODS_3_397_WI_2_evaluation,0.9
FOODS_3_398_CA_2_evaluation,0.9
FOODS_3_398_CA_3_evaluation,0.9
FOODS_3_398_TX_3_evaluation,0.9
FOODS_3_399_CA_1_evaluation,0.95
FOODS_3_400_CA_1_evaluation,0.995
FOODS_3_400_CA_4_evaluation,0.9
FOODS_3_400_TX_1_evaluation,0.95
FOODS_3_400_WI_1_evaluation,0.95
FOODS_3_401_TX_1_evaluation,0.99
FOODS_3_402_CA_1_evaluation,0.9
FOODS_3_402_TX_1_evaluation,0.9
FOODS_3_403_TX_2_evaluation,0.98
FOODS_3_404_CA_1_evaluation,0.95
FOODS_3_404_CA_4_evaluation,0.995
FOODS_3_404_TX_2_evaluation,0.999
FOODS_3_404_WI_1_evaluation,0.95
FOODS_3_405_CA_2_evaluation,0.9
FOODS_3_406_CA_1_evaluation,0.99
FOODS_3_406_CA_3_evaluation,1.0
FOODS_3_407_CA_1_evaluation,0.95
FOODS_3_407_CA_3_evaluation,0.9
FOODS_3_409_CA_2_evaluation,0.9
FOODS_3_409_TX_1_evaluation,0.9
FOODS_3_410_CA_1_evaluation,0.9
FOODS_3_410_CA_3_evaluation,0.95
FOODS_3_411_WI_2_evaluation,0.99
FOODS_3_412_CA_1_evaluation,0.98
FOODS_3_412_CA_2_evaluation,0.995
FOODS_3_412_CA_3_evaluation,0.99
FOODS_3_412_WI_1_evaluation,0.9
FOODS_3_413_CA_4_evaluation,0.999
FOODS_3_413_WI_2_evaluation,0.995
FOODS_3_414_CA_3_evaluation,0.95
FOODS_3_414_WI_1_evaluation,0.997
FOODS_3_414_WI_3_evaluation,0.95
FOODS_3_415_TX_3_evaluation,0.99
FOODS_3_415_WI_2_evaluation,0.95
FOODS_3_415_WI_3_evaluation,0.9
FOODS_3_416_CA_2_evaluation,0.9
FOODS_3_416_TX_3_evaluation,0.9
FOODS_3_417_CA_1_evaluation,0.9
FOODS_3_417_TX_2_evaluation,0.9
FOODS_3_418_CA_2_evaluation,0.9
FOODS_3_418_TX_2_evaluation,0.997
FOODS_3_418_TX_3_evaluation,0.999
FOODS_3_418_WI_2_evaluation,0.99
FOODS_3_419_CA_2_evaluation,0.9
FOODS_3_420_CA_3_evaluation,0.95
FOODS_3_421_TX_3_evaluation,0.9
FOODS_3_421_WI_3_evaluation,0.997
FOODS_3_422_CA_2_evaluation,0.9
FOODS_3_423_WI_3_evaluation,0.95
FOODS_3_424_CA_1_evaluation,0.99
FOODS_3_424_TX_3_evaluation,0.9
FOODS_3_425_CA_1_evaluation,0.995
FOODS_3_425_TX_3_evaluation,0.98
FOODS_3_426_WI_2_evaluation,0.99
FOODS_3_427_WI_1_evaluation,0.95
FOODS_3_430_CA_1_evaluation,0.9
FOODS_3_430_CA_3_evaluation,0.95
FOODS_3_430_TX_3_evaluation,0.9
FOODS_3_431_WI_1_evaluation,0.9
FOODS_3_432_CA_3_evaluation,0.9
FOODS_3_432_TX_1_evaluation,1.0
FOODS_3_432_WI_2_evaluation,0.95
FOODS_3_432_WI_3_evaluation,0.95
FOODS_3_433_CA_1_evaluation,0.995
FOODS_3_433_TX_3_evaluation,0.95
FOODS_3_433_WI_1_evaluation,0.99
FOODS_3_434_CA_4_evaluation,0.9
FOODS_3_435_CA_3_evaluation,0.995
FOODS_3_435_TX_3_evaluation,0.997
FOODS_3_436_CA_4_evaluation,0.9
FOODS_3_437_CA_4_evaluation,0.9
FOODS_3_438_WI_1_evaluation,0.9
FOODS_3_440_CA_1_evaluation,0.9
FOODS_3_440_TX_1_evaluation,0.9
FOODS_3_440_TX_2_evaluation,0.9
FOODS_3_441_TX_2_evaluation,0.997
FOODS_3_441_WI_2_evaluation,0.9
FOODS_3_442_TX_1_evaluation,0.995
FOODS_3_443_TX_1_evaluation,0.9
FOODS_3_443_WI_3_evaluation,0.9
FOODS_3_444_CA_2_evaluation,0.9
FOODS_3_445_CA_3_evaluation,0.99
FOODS_3_445_WI_3_evaluation,0.95
FOODS_3_447_CA_1_evaluation,0.95
FOODS_3_447_CA_4_evaluation,0.9
FOODS_3_448_CA_4_evaluation,0.95
FOODS_3_448_TX_2_evaluation,1.0
FOODS_3_448_WI_3_evaluation,0.95
FOODS_3_450_CA_2_evaluation,0.99
FOODS_3_450_TX_3_evaluation,0.999
FOODS_3_450_WI_3_evaluation,0.95
FOODS_3_451_CA_1_evaluation,0.995
FOODS_3_452_CA_3_evaluation,1.0
FOODS_3_453_CA_1_evaluation,0.99
FOODS_3_453_CA_2_evaluation,0.9
FOODS_3_453_TX_2_evaluation,1.0
FOODS_3_455_WI_2_evaluation,0.95
FOODS_3_456_CA_2_evaluation,0.98
FOODS_3_456_WI_2_evaluation,1.0
FOODS_3_457_CA_1_evaluation,0.9
FOODS_3_457_TX_1_evaluation,1.0
FOODS_3_458_TX_2_evaluation,0.95
FOODS_3_458_TX_3_evaluation,0.9
FOODS_3_459_CA_1_evaluation,0.999
FOODS_3_460_TX_1_evaluation,0.9
FOODS_3_460_TX_3_evaluation,0.9
FOODS_3_460_WI_3_evaluation,0.9
FOODS_3_462_CA_2_evaluation,0.9
FOODS_3_462_TX_2_evaluation,0.95
FOODS_3_462_TX_3_evaluation,0.95
FOODS_3_462_WI_2_evaluation,0.95
FOODS_3_463_CA_2_evaluation,0.9
FOODS_3_463_TX_3_evaluation,0.997
FOODS_3_464_CA_4_evaluation,0.99
FOODS_3_464_TX_3_evaluation,0.9
FOODS_3_467_WI_2_evaluation,0.95
FOODS_3_468_CA_2_evaluation,0.9
FOODS_3_468_CA_4_evaluation,1.0
FOODS_3_468_WI_1_evaluation,0.9
FOODS_3_468_WI_3_evaluation,0.9
FOODS_3_469_WI_3_evaluation,0.98
FOODS_3_470_CA_3_evaluation,0.9
FOODS_3_470_CA_4_evaluation,0.99
FOODS_3_470_WI_1_evaluation,0.98
FOODS_3_471_TX_2_evaluation,0.9
FOODS_3_471_WI_3_evaluation,0.9
FOODS_3_472_CA_3_evaluation,0.9
FOODS_3_472_TX_2_evaluation,0.9
FOODS_3_473_CA_2_evaluation,0.95
FOODS_3_473_TX_1_evaluation,0.95
FOODS_3_473_TX_2_evaluation,0.995
FOODS_3_474_TX_1_evaluation,0.99
FOODS_3_474_TX_2_evaluation,0.997
FOODS_3_475_CA_1_evaluation,0.98
FOODS_3_475_TX_3_evaluation,0.9
FOODS_3_475_WI_2_evaluation,0.99
FOODS_3_476_TX_2_evaluation,0.9
FOODS_3_476_TX_3_evaluation,1.0
FOODS_3_477_CA_4_evaluation,1.0
FOODS_3_477_TX_2_evaluation,0.98
FOODS_3_479_CA_1_evaluation,0.995
FOODS_3_479_CA_4_evaluation,0.98
FOODS_3_480_CA_2_evaluation,0.95
FOODS_3_480_CA_4_evaluation,0.9
FOODS_3_480_WI_2_evaluation,0.95
FOODS_3_480_WI_3_evaluation,0.9
FOODS_3_484_TX_2_evaluation,0.95
FOODS_3_484_WI_2_evaluation,1.0
FOODS_3_485_WI_1_evaluation,0.9
FOODS_3_485_WI_2_evaluation,0.95
FOODS_3_486_CA_4_evaluation,0.9
FOODS_3_486_TX_3_evaluation,0.9
FOODS_3_488_TX_2_evaluation,0.999
FOODS_3_489_TX_1_evaluation,0.9
FOODS_3_490_CA_3_evaluation,0.997
FOODS_3_490_CA_4_evaluation,0.9
FOODS_3_490_WI_2_evaluation,0.997
FOODS_3_490_WI_3_evaluation,0.9
FOODS_3_491_TX_2_evaluation,0.95
FOODS_3_492_TX_3_evaluation,0.995
FOODS_3_493_WI_3_evaluation,0.9
FOODS_3_494_CA_2_evaluation,0.997
FOODS_3_494_CA_4_evaluation,0.99
FOODS_3_494_WI_1_evaluation,0.9
FOODS_3_495_WI_2_evaluation,0.99
FOODS_3_496_WI_1_evaluation,0.95
FOODS_3_497_CA_4_evaluation,0.9
FOODS_3_497_WI_3_evaluation,0.98
FOODS_3_498_TX_3_evaluation,0.997
FOODS_3_498_WI_3_evaluation,0.9
FOODS_3_499_CA_2_evaluation,0.9
FOODS_3_499_WI_2_evaluation,0.9
FOODS_3_500_TX_2_evaluation,0.9
FOODS_3_501_TX_2_evaluation,0.995
FOODS_3_501_WI_1_evaluation,0.9
FOODS_3_502_TX_3_evaluation,0.9
FOODS_3_502_WI_1_evaluation,0.9
FOODS_3_502_WI_3_evaluation,0.9
FOODS_3_503_CA_3_evaluation,0.95
FOODS_3_504_CA_1_evaluation,0.999
FOODS_3_504_TX_1_evaluation,0.9
FOODS_3_504_TX_2_evaluation,0.9
FOODS_3_505_CA_1_evaluation,0.9
FOODS_3_506_CA_2_evaluation,0.9
FOODS_3_507_WI_1_evaluation,0.9
FOODS_3_509_WI_1_evaluation,0.95
FOODS_3_511_TX_2_evaluation,1.0
FOODS_3_512_CA_2_evaluation,0.9
FOODS_3_513_CA_4_evaluation,1.0
FOODS_3_513_WI_2_evaluation,0.95
FOODS_3_514_CA_4_evaluation,0.9
FOODS_3_514_TX_1_evaluation,0.9
FOODS_3_515_CA_1_evaluation,0.95
FOODS_3_515_CA_4_evaluation,0.95
FOODS_3_516_TX_2_evaluation,0.997
FOODS_3_516_WI_3_evaluation,0.95
FOODS_3_517_WI_2_evaluation,0.9
FOODS_3_518_CA_4_evaluation,0.98
FOODS_3_518_WI_3_evaluation,0.95
FOODS_3_519_CA_1_evaluation,0.9
FOODS_3_519_WI_1_evaluation,0.95
FOODS_3_520_CA_4_evaluation,0.997
FOODS_3_520_WI_1_evaluation,0.995
FOODS_3_521_CA_4_evaluation,0.9
FOODS_3_521_WI_2_evaluation,0.9
FOODS_3_522_CA_3_evaluation,0.997
FOODS_3_522_WI_3_evaluation,0.9
FOODS_3_523_CA_2_evaluation,0.9
FOODS_3_524_CA_1_evaluation,0.9
FOODS_3_525_WI_1_evaluation,0.9
FOODS_3_526_TX_1_evaluation,0.995
FOODS_3_527_TX_2_evaluation,0.9
FOODS_3_528_CA_1_evaluation,0.99
FOODS_3_528_CA_2_evaluation,0.9
FOODS_3_529_CA_4_evaluation,0.9
FOODS_3_529_TX_1_evaluation,0.9
FOODS_3_530_CA_3_evaluation,0.95
FOODS_3_530_WI_3_evaluation,0.9
FOODS_3_531_TX_3_evaluation,0.9
FOODS_3_532_WI_2_evaluation,0.9
FOODS_3_533_TX_2_evaluation,0.9
FOODS_3_533_WI_1_evaluation,0.98
FOODS_3_534_CA_3_evaluation,0.99
FOODS_3_534_WI_1_evaluation,0.99
FOODS_3_535_CA_3_evaluation,0.98
FOODS_3_536_WI_3_evaluation,0.99
FOODS_3_537_TX_2_evaluation,1.0
FOODS_3_538_CA_3_evaluation,0.99
FOODS_3_538_TX_1_evaluation,0.995
FOODS_3_538_TX_3_evaluation,0.98
FOODS_3_538_WI_1_evaluation,0.999
FOODS_3_539_WI_3_evaluation,0.95
FOODS_3_540_CA_3_evaluation,1.0
FOODS_3_540_CA_4_evaluation,0.9
FOODS_3_540_TX_3_evaluation,1.0
FOODS_3_540_WI_2_evaluation,1.0
FOODS_3_541_CA_3_evaluation,0.95
FOODS_3_541_CA_4_evaluation,0.9
FOODS_3_542_CA_1_evaluation,0.995
FOODS_3_542_TX_1_evaluation,1.0
FOODS_3_543_CA_3_evaluation,0.95
FOODS_3_544_CA_2_evaluation,0.99
FOODS_3_544_CA_4_evaluation,0.99
FOODS_3_546_TX_3_evaluation,0.997
FOODS_3_546_WI_3_evaluation,0.9
FOODS_3_547_WI_1_evaluation,0.9
FOODS_3_547_WI_2_evaluation,0.98
FOODS_3_548_TX_2_evaluation,0.999
FOODS_3_548_WI_3_evaluation,0.995
FOODS_3_549_TX_1_evaluation,0.9
FOODS_3_550_TX_3_evaluation,0.99
FOODS_3_551_CA_3_evaluation,1.0
FOODS_3_552_CA_2_evaluation,0.9
FOODS_3_553_TX_3_evaluation,0.9
FOODS_3_553_WI_3_evaluation,0.9
FOODS_3_557_WI_1_evaluation,0.9
FOODS_3_558_CA_2_evaluation,0.9
FOODS_3_559_CA_3_evaluation,0.9
FOODS_3_560_TX_1_evaluation,0.99
FOODS_3_561_WI_2_evaluation,0.9
FOODS_3_562_CA_1_evaluation,0.95
FOODS_3_562_TX_3_evaluation,0.98
FOODS_3_563_CA_4_evaluation,0.9
FOODS_3_563_TX_3_evaluation,0.9
FOODS_3_564_CA_3_evaluation,1.0
FOODS_3_564_CA_4_evaluation,1.0
FOODS_3_564_TX_1_evaluation,0.9
FOODS_3_564_WI_1_evaluation,0.99
FOODS_3_565_CA_3_evaluation,0.95
FOODS_3_566_CA_2_evaluation,0.9
FOODS_3_566_TX_1_evaluation,0.9
FOODS_3_567_CA_4_evaluation,0.997
FOODS_3_568_CA_1_evaluation,0.9
FOODS_3_569_CA_1_evaluation,0.999
FOODS_3_569_TX_3_evaluation,1.0
FOODS_3_569_WI_3_evaluation,0.999
FOODS_3_570_TX_2_evaluation,0.997
FOODS_3_571_CA_3_evaluation,0.9
FOODS_3_571_CA_4_evaluation,0.95
FOODS_3_572_TX_2_evaluation,0.9
FOODS_3_573_CA_1_evaluation,0.9
FOODS_3_573_TX_1_evaluation,0.9
FOODS_3_573_TX_3_evaluation,0.9
FOODS_3_573_WI_1_evaluation,0.9
FOODS_3_574_CA_2_evaluation,0.995
FOODS_3_574_CA_4_evaluation,0.99
FOODS_3_574_TX_3_evaluation,1.0
FOODS_3_574_WI_2_evaluation,0.9
FOODS_3_575_WI_3_evaluation,0.9
FOODS_3_576_CA_2_evaluation,0.9
FOODS_3_576_TX_1_evaluation,0.9
FOODS_3_577_TX_1_evaluation,0.9
FOODS_3_578_TX_1_evaluation,0.9
FOODS_3_580_TX_1_evaluation,0.99
FOODS_3_580_TX_3_evaluation,0.98
FOODS_3_581_TX_1_evaluation,0.9
FOODS_3_581_WI_1_evaluation,0.997
FOODS_3_582_WI_2_evaluation,0.9
FOODS_3_583_TX_1_evaluation,0.9
FOODS_3_583_TX_2_evaluation,0.9
FOODS_3_583_TX_3_evaluation,0.9
FOODS_3_584_CA_1_evaluation,0.995
FOODS_3_585_CA_4_evaluation,0.9
FOODS_3_586_CA_1_evaluation,0.999
FOODS_3_586_TX_2_evaluation,0.99
FOODS_3_586_TX_3_evaluation,0.99
FOODS_3_586_WI_2_evaluation,0.95
FOODS_3_587_CA_2_evaluation,0.9
FOODS_3_588_CA_4_evaluation,0.9
FOODS_3_590_CA_2_evaluation,1.0
FOODS_3_590_TX_1_evaluation,0.999
FOODS_3_591_TX_3_evaluation,1.0
FOODS_3_591_WI_1_evaluation,0.995
FOODS_3_592_CA_4_evaluation,0.99
FOODS_3_592_TX_1_evaluation,0.9
FOODS_3_592_WI_2_evaluation,0.9
FOODS_3_593_CA_4_evaluation,0.9
FOODS_3_593_WI_3_evaluation,0.9
FOODS_3_594_WI_1_evaluation,0.95
FOODS_3_595_CA_1_evaluation,0.9
FOODS_3_595_WI_1_evaluation,0.9
FOODS_3_596_CA_3_evaluation,0.99
FOODS_3_596_WI_1_evaluation,0.9
FOODS_3_596_WI_2_evaluation,0.95
FOODS_3_597_CA_3_evaluation,0.9
FOODS_3_597_CA_4_evaluation,0.9
FOODS_3_597_WI_2_evaluation,0.9
FOODS_3_598_WI_2_evaluation,0.95
FOODS_3_600_TX_2_evaluation,0.95
FOODS_3_601_CA_1_evaluation,0.9
FOODS_3_602_CA_2_evaluation,0.9
FOODS_3_602_CA_3_evaluation,0.9
FOODS_3_602_WI_1_evaluation,0.9
FOODS_3_603_TX_2_evaluation,0.9
FOODS_3_603_WI_1_evaluation,0.9
FOODS_3_603_WI_3_evaluation,0.9
FOODS_3_604_CA_4_evaluation,0.9
FOODS_3_605_CA_3_evaluation,1.0
FOODS_3_606_TX_1_evaluation,0.95
FOODS_3_606_TX_2_evaluation,0.98
FOODS_3_607_CA_1_evaluation,0.99
FOODS_3_607_WI_1_evaluation,0.9
FOODS_3_608_TX_2_evaluation,0.99
FOODS_3_609_CA_1_evaluation,0.99
FOODS_3_609_TX_3_evaluation,0.98
FOODS_3_609_WI_1_evaluation,0.9
FOODS_3_610_TX_1_evaluation,0.9
FOODS_3_610_WI_2_evaluation,0.99
FOODS_3_610_WI_3_evaluation,0.995
FOODS_3_611_CA_3_evaluation,0.95
FOODS_3_611_TX_3_evaluation,0.9
FOODS_3_612_CA_2_evaluation,0.9
FOODS_3_612_CA_3_evaluation,0.9
FOODS_3_613_CA_3_evaluation,0.9
FOODS_3_613_CA_4_evaluation,0.9
FOODS_3_613_WI_3_evaluation,0.9
FOODS_3_614_TX_2_evaluation,0.9
FOODS_3_615_CA_1_evaluation,0.95
FOODS_3_616_CA_3_evaluation,0.9
FOODS_3_616_TX_2_evaluation,0.995
FOODS_3_617_CA_4_evaluation,0.98
FOODS_3_617_WI_2_evaluation,0.99
FOODS_3_618_CA_2_evaluation,0.997
FOODS_3_618_WI_3_evaluation,1.0
FOODS_3_620_CA_3_evaluation,0.95
FOODS_3_620_WI_1_evaluation,0.9
FOODS_3_620_WI_3_evaluation,0.9
FOODS_3_621_TX_2_evaluation,0.9
FOODS_3_622_CA_4_evaluation,0.999
FOODS_3_622_TX_1_evaluation,0.95
FOODS_3_622_WI_1_evaluation,0.95
FOODS_3_623_CA_4_evaluation,0.9
FOODS_3_623_WI_3_evaluation,0.98
FOODS_3_624_CA_1_evaluation,0.995
FOODS_3_624_WI_3_evaluation,0.997
FOODS_3_628_CA_4_evaluation,0.995
FOODS_3_629_WI_2_evaluation,0.9
FOODS_3_630_CA_3_evaluation,1.0
FOODS_3_630_CA_4_evaluation,0.9
FOODS_3_630_WI_1_evaluation,0.997
FOODS_3_630_WI_2_evaluation,0.995
FOODS_3_631_CA_4_evaluation,0.9
FOODS_3_632_CA_2_evaluation,1.0
FOODS_3_632_TX_3_evaluation,0.99
FOODS_3_632_WI_2_evaluation,0.99
FOODS_3_632_WI_3_evaluation,0.9
FOODS_3_633_CA_2_evaluation,0.9
FOODS_3_633_CA_3_evaluation,0.9
FOODS_3_633_TX_1_evaluation,0.9
FOODS_3_633_TX_2_evaluation,0.9
FOODS_3_633_WI_2_evaluation,0.9
FOODS_3_634_TX_1_evaluation,0.995
FOODS_3_635_CA_4_evaluation,0.95
FOODS_3_635_TX_2_evaluation,0.95
FOODS_3_636_CA_2_evaluation,0.9
FOODS_3_636_TX_2_evaluation,0.9
FOODS_3_636_WI_3_evaluation,0.9
FOODS_3_637_CA_3_evaluation,0.98
FOODS_3_637_TX_3_evaluation,0.9
FOODS_3_638_TX_1_evaluation,0.95
FOODS_3_639_CA_4_evaluation,0.9
FOODS_3_641_CA_4_evaluation,0.9
FOODS_3_641_TX_2_evaluation,0.9
FOODS_3_642_CA_2_evaluation,0.997
FOODS_3_642_TX_2_evaluation,0.9
FOODS_3_642_WI_3_evaluation,0.9
FOODS_3_643_CA_1_evaluation,0.98
FOODS_3_643_CA_2_evaluation,0.995
FOODS_3_643_CA_3_evaluation,0.98
FOODS_3_644_WI_2_evaluation,0.9
FOODS_3_644_WI_3_evaluation,0.99
FOODS_3_645_CA_4_evaluation,0.9
FOODS_3_645_WI_1_evaluation,0.9
FOODS_3_646_CA_2_evaluation,1.0
FOODS_3_646_CA_3_evaluation,0.997
FOODS_3_646_CA_4_evaluation,1.0
FOODS_3_646_WI_1_evaluation,0.999
FOODS_3_647_WI_2_evaluation,0.9
FOODS_3_648_TX_2_evaluation,0.999
FOODS_3_648_WI_2_evaluation,0.98
FOODS_3_650_CA_3_evaluation,0.9
FOODS_3_650_CA_4_evaluation,0.9
FOODS_3_652_TX_1_evaluation,0.95
FOODS_3_653_CA_2_evaluation,0.9
FOODS_3_653_CA_4_evaluation,0.9
FOODS_3_653_WI_3_evaluation,0.98
FOODS_3_654_TX_3_evaluation,0.9
FOODS_3_654_WI_3_evaluation,0.9
FOODS_3_655_TX_2_evaluation,0.995
FOODS_3_655_WI_1_evaluation,1.0
FOODS_3_656_CA_1_evaluation,0.995
FOODS_3_657_TX_1_evaluation,0.997
FOODS_3_658_WI_1_evaluation,0.9
FOODS_3_660_TX_3_evaluation,0.95
FOODS_3_660_WI_1_evaluation,0.9
FOODS_3_660_WI_3_evaluation,0.98
FOODS_3_661_TX_1_evaluation,0.9
FOODS_3_661_TX_2_evaluation,0.9
FOODS_3_662_CA_2_evaluation,0.9
FOODS_3_662_CA_3_evaluation,0.9
FOODS_3_663_CA_2_evaluation,0.95
FOODS_3_664_CA_3_evaluation,0.99
FOODS_3_664_WI_1_evaluation,0.99
FOODS_3_665_WI_3_evaluation,0.98
FOODS_3_667_CA_4_evaluation,0.9
FOODS_3_667_TX_1_evaluation,0.999
FOODS_3_668_CA_4_evaluation,0.9
FOODS_3_669_TX_3_evaluation,0.9
FOODS_3_671_TX_3_evaluation,0.9
FOODS_3_672_CA_4_evaluation,0.98
FOODS_3_674_CA_3_evaluation,1.0
FOODS_3_674_WI_2_evaluation,0.997
FOODS_3_675_TX_2_evaluation,1.0
FOODS_3_675_TX_3_evaluation,1.0
FOODS_3_675_WI_3_evaluation,0.9
FOODS_3_676_TX_2_evaluation,0.997
FOODS_3_678_WI_1_evaluation,0.9
FOODS_3_679_CA_2_evaluation,1.0
FOODS_3_680_CA_3_evaluation,0.95
FOODS_3_680_WI_2_evaluation,0.997
FOODS_3_680_WI_3_evaluation,0.99
FOODS_3_682_CA_4_evaluation,0.95
FOODS_3_683_CA_2_evaluation,0.9
FOODS_3_684_CA_3_evaluation,0.95
FOODS_3_684_TX_1_evaluation,0.95
FOODS_3_684_TX_3_evaluation,0.98
FOODS_3_684_WI_2_evaluation,0.9
FOODS_3_684_WI_3_evaluation,0.9
FOODS_3_685_TX_1_evaluation,0.9
FOODS_3_686_TX_1_evaluation,0.995
FOODS_3_686_WI_1_evaluation,0.9
FOODS_3_687_CA_2_evaluation,0.9
FOODS_3_687_TX_3_evaluation,0.9
FOODS_3_687_WI_1_evaluation,0.9
FOODS_3_687_WI_3_evaluation,0.999
FOODS_3_688_TX_2_evaluation,0.997
FOODS_3_688_WI_2_evaluation,0.98
FOODS_3_689_CA_2_evaluation,0.95
FOODS_3_690_CA_3_evaluation,0.9
FOODS_3_690_TX_1_evaluation,0.9
FOODS_3_691_CA_3_evaluation,0.9
FOODS_3_692_CA_1_evaluation,0.99
FOODS_3_692_CA_3_evaluation,0.997
FOODS_3_692_TX_3_evaluation,0.9
FOODS_3_692_WI_3_evaluation,0.9
FOODS_3_693_CA_2_evaluation,0.9
FOODS_3_693_TX_3_evaluation,0.9
FOODS_3_694_TX_2_evaluation,0.99
FOODS_3_695_TX_1_evaluation,1.0
FOODS_3_696_WI_1_evaluation,0.9
FOODS_3_697_TX_1_evaluation,0.99
FOODS_3_697_TX_2_evaluation,0.95
FOODS_3_697_TX_3_evaluation,0.95
FOODS_3_698_WI_1_evaluation,0.9
FOODS_3_701_CA_2_evaluation,0.9
FOODS_3_701_CA_3_evaluation,0.9
FOODS_3_701_TX_3_evaluation,0.9
FOODS_3_702_CA_1_evaluation,0.98
FOODS_3_702_CA_3_evaluation,0.9
FOODS_3_702_CA_4_evaluation,0.9
FOODS_3_702_TX_1_evaluation,0.95
FOODS_3_702_WI_1_evaluation,0.9
FOODS_3_703_CA_2_evaluation,0.9
FOODS_3_703_TX_2_evaluation,0.9
FOODS_3_704_CA_3_evaluation,0.99
FOODS_3_705_CA_1_evaluation,0.98
FOODS_3_707_CA_2_evaluation,0.9
FOODS_3_707_TX_2_evaluation,0.9
FOODS_3_707_WI_3_evaluation,0.9
FOODS_3_708_CA_4_evaluation,0.995
FOODS_3_709_CA_1_evaluation,0.9
FOODS_3_710_CA_4_evaluation,0.9
FOODS_3_712_CA_1_evaluation,0.9
FOODS_3_713_TX_1_evaluation,0.9
FOODS_3_713_WI_2_evaluation,0.9
FOODS_3_714_CA_2_evaluation,0.95
FOODS_3_714_CA_3_evaluation,0.98
FOODS_3_716_CA_3_evaluation,0.9
FOODS_3_717_CA_1_evaluation,0.9
FOODS_3_717_TX_1_evaluation,0.9
FOODS_3_717_WI_1_evaluation,1.0
FOODS_3_719_TX_1_evaluation,0.9
FOODS_3_719_TX_3_evaluation,0.95
FOODS_3_720_CA_1_evaluation,0.9
FOODS_3_720_TX_3_evaluation,0.9
FOODS_3_720_WI_1_evaluation,0.9
FOODS_3_721_CA_1_evaluation,1.0
FOODS_3_722_CA_4_evaluation,0.9
FOODS_3_722_WI_2_evaluation,0.9
FOODS_3_724_TX_3_evaluation,0.997
FOODS_3_725_WI_3_evaluation,0.98
FOODS_3_726_CA_1_evaluation,0.9
FOODS_3_726_CA_4_evaluation,0.98
FOODS_3_726_WI_1_evaluation,0.9
FOODS_3_726_WI_3_evaluation,1.0
FOODS_3_727_CA_1_evaluation,0.98
FOODS_3_727_CA_3_evaluation,0.98
FOODS_3_727_TX_3_evaluation,0.9
FOODS_3_729_TX_1_evaluation,0.9
FOODS_3_729_WI_1_evaluation,0.9
FOODS_3_730_TX_3_evaluation,0.98
FOODS_3_731_TX_3_evaluation,0.997
FOODS_3_733_TX_1_evaluation,0.9
FOODS_3_733_TX_3_evaluation,0.9
FOODS_3_734_WI_1_evaluation,0.95
FOODS_3_736_CA_1_evaluation,0.95
FOODS_3_736_CA_2_evaluation,0.9
FOODS_3_736_CA_4_evaluation,0.9
FOODS_3_737_CA_1_evaluation,0.9
FOODS_3_737_WI_2_evaluation,0.9
FOODS_3_738_WI_1_evaluation,0.995
FOODS_3_738_WI_2_evaluation,0.98
FOODS_3_739_CA_1_evaluation,0.95
FOODS_3_739_CA_2_evaluation,0.95
FOODS_3_741_CA_1_evaluation,0.9
FOODS_3_741_CA_3_evaluation,0.9
FOODS_3_742_CA_1_evaluation,0.9
FOODS_3_742_CA_4_evaluation,0.9
FOODS_3_743_CA_3_evaluation,0.9
FOODS_3_744_CA_2_evaluation,0.95
FOODS_3_744_TX_2_evaluation,0.95
FOODS_3_745_CA_2_evaluation,0.99
FOODS_3_745_CA_4_evaluation,0.99
FOODS_3_746_CA_2_evaluation,0.995
FOODS_3_746_WI_3_evaluation,0.98
FOODS_3_747_CA_4_evaluation,0.9
FOODS_3_748_CA_2_evaluation,0.9
FOODS_3_748_CA_4_evaluation,0.997
FOODS_3_749_CA_1_evaluation,0.9
FOODS_3_750_TX_1_evaluation,0.99
FOODS_3_750_TX_2_evaluation,1.0
FOODS_3_750_TX_3_evaluation,0.997
FOODS_3_752_CA_3_evaluation,1.0
FOODS_3_752_TX_1_evaluation,0.95
FOODS_3_752_TX_2_evaluation,0.95
FOODS_3_752_WI_3_evaluation,0.95
FOODS_3_753_TX_1_evaluation,0.9
FOODS_3_753_TX_3_evaluation,1.0
FOODS_3_754_CA_1_evaluation,0.95
FOODS_3_754_CA_2_evaluation,0.95
FOODS_3_754_WI_1_evaluation,0.98
FOODS_3_754_WI_3_evaluation,0.95
FOODS_3_755_CA_3_evaluation,1.0
FOODS_3_755_WI_2_evaluation,0.98
FOODS_3_755_WI_3_evaluation,0.9
FOODS_3_756_CA_1_evaluation,1.0
FOODS_3_759_CA_4_evaluation,0.9
FOODS_3_759_TX_3_evaluation,0.9
FOODS_3_760_CA_4_evaluation,0.9
FOODS_3_761_CA_2_evaluation,0.9
FOODS_3_761_TX_1_evaluation,0.95
FOODS_3_761_TX_3_evaluation,0.95
FOODS_3_762_WI_2_evaluation,0.95
FOODS_3_763_CA_3_evaluation,0.99
FOODS_3_764_CA_1_evaluation,0.995
FOODS_3_764_CA_4_evaluation,0.997
FOODS_3_764_WI_1_evaluation,0.995
FOODS_3_765_CA_2_evaluation,0.9
FOODS_3_765_TX_3_evaluation,0.9
FOODS_3_766_TX_3_evaluation,0.98
FOODS_3_766_WI_1_evaluation,0.9
FOODS_3_767_TX_1_evaluation,0.9
FOODS_3_767_WI_1_evaluation,0.9
FOODS_3_768_TX_1_evaluation,0.9
FOODS_3_768_WI_1_evaluation,0.9
FOODS_3_770_CA_1_evaluation,0.995
FOODS_3_770_TX_1_evaluation,0.98
FOODS_3_770_WI_2_evaluation,0.98
FOODS_3_772_CA_4_evaluation,0.98
FOODS_3_773_TX_1_evaluation,0.9
FOODS_3_773_TX_2_evaluation,0.9
FOODS_3_774_CA_4_evaluation,0.9
FOODS_3_774_WI_2_evaluation,0.9
FOODS_3_775_WI_2_evaluation,0.9
FOODS_3_776_WI_2_evaluation,0.9
FOODS_3_777_CA_2_evaluation,0.9
FOODS_3_777_CA_3_evaluation,0.9
FOODS_3_777_TX_2_evaluation,0.9
FOODS_3_777_WI_3_evaluation,0.9
FOODS_3_778_TX_1_evaluation,0.98
FOODS_3_778_WI_3_evaluation,0.999
FOODS_3_779_CA_4_evaluation,0.995
FOODS_3_780_TX_1_evaluation,0.9
FOODS_3_780_WI_1_evaluation,0.9
FOODS_3_781_CA_4_evaluation,0.9
FOODS_3_782_CA_1_evaluation,0.997
FOODS_3_784_CA_1_evaluation,0.999
FOODS_3_784_CA_2_evaluation,0.99
FOODS_3_785_CA_3_evaluation,0.95
FOODS_3_787_CA_3_evaluation,0.997
FOODS_3_787_WI_2_evaluation,0.9
FOODS_3_788_CA_2_evaluation,0.95
FOODS_3_789_CA_1_evaluation,0.9
FOODS_3_789_CA_4_evaluation,0.95
FOODS_3_789_TX_1_evaluation,0.95
FOODS_3_790_WI_2_evaluation,0.9
FOODS_3_792_TX_1_evaluation,0.995
FOODS_3_792_WI_2_evaluation,0.9
FOODS_3_794_CA_1_evaluation,0.9
FOODS_3_794_WI_1_evaluation,1.0
FOODS_3_794_WI_2_evaluation,0.9
FOODS_3_795_TX_1_evaluation,0.9
FOODS_3_796_CA_2_evaluation,0.9
FOODS_3_797_CA_2_evaluation,0.9
FOODS_3_797_TX_2_evaluation,0.9
FOODS_3_797_TX_3_evaluation,0.9
FOODS_3_797_WI_2_evaluation,0.999
FOODS_3_798_CA_1_evaluation,0.95
FOODS_3_798_TX_2_evaluation,0.98
FOODS_3_798_WI_2_evaluation,0.9
FOODS_3_799_CA_4_evaluation,0.995
FOODS_3_799_TX_3_evaluation,0.9
FOODS_3_799_WI_1_evaluation,0.99
FOODS_3_800_CA_3_evaluation,0.995
FOODS_3_800_TX_3_evaluation,0.9
FOODS_3_801_TX_2_evaluation,0.995
FOODS_3_801_WI_3_evaluation,0.999
FOODS_3_802_CA_1_evaluation,0.95
FOODS_3_802_CA_2_evaluation,0.95
FOODS_3_802_CA_3_evaluation,0.98
FOODS_3_803_CA_1_evaluation,0.9
FOODS_3_803_CA_3_evaluation,0.9
FOODS_3_803_TX_1_evaluation,0.9
FOODS_3_804_CA_3_evaluation,0.95
FOODS_3_806_CA_1_evaluation,0.9
FOODS_3_806_CA_2_evaluation,0.9
FOODS_3_806_TX_3_evaluation,0.9
FOODS_3_807_CA_1_evaluation,0.9
FOODS_3_808_TX_3_evaluation,1.0
FOODS_3_810_CA_4_evaluation,0.98
FOODS_3_811_TX_2_evaluation,0.95
FOODS_3_812_WI_2_evaluation,1.0
FOODS_3_813_CA_1_evaluation,0.9
FOODS_3_814_WI_1_evaluation,0.9
FOODS_3_814_WI_3_evaluation,0.95
FOODS_3_815_CA_4_evaluation,0.995
FOODS_3_815_TX_3_evaluation,0.98
FOODS_3_816_CA_3_evaluation,0.95
FOODS_3_816_CA_4_evaluation,0.999
FOODS_3_818_CA_1_evaluation,0.995
FOODS_3_818_CA_3_evaluation,0.98
FOODS_3_818_TX_3_evaluation,0.95
FOODS_3_819_CA_2_evaluation,1.0
FOODS_3_819_CA_4_evaluation,1.0
FOODS_3_819_WI_2_evaluation,1.0
FOODS_3_820_TX_1_evaluation,0.9
FOODS_3_820_WI_3_evaluation,0.9
FOODS_3_822_CA_1_evaluation,0.997
FOODS_3_822_WI_2_evaluation,0.9
FOODS_3_823_CA_3_evaluation,0.9
FOODS_3_824_TX_2_evaluation,1.0
FOODS_3_825_CA_2_evaluation,1.0
FOODS_3_825_TX_1_evaluation,1.0
FOODS_3_826_TX_2_evaluation,0.95
FOODS_3_826_TX_3_evaluation,0.9
FOODS_3_826_WI_1_evaluation,0.9
FOODS_3_826_WI_2_evaluation,0.9
FOODS_3_827_WI_1_evaluation,0.9
HOBBIES_1_002_CA_4_evaluation,0.995
HOBBIES_1_002_WI_1_evaluation,0.95
HOBBIES_1_003_CA_1_evaluation,0.9
HOBBIES_1_003_WI_2_evaluation,0.9
HOBBIES_1_004_TX_1_evaluation,0.98
HOBBIES_1_004_WI_3_evaluation,0.98
HOBBIES_1_005_CA_1_evaluation,0.99
HOBBIES_1_005_CA_4_evaluation,0.9
HOBBIES_1_006_CA_2_evaluation,0.95
HOBBIES_1_006_TX_2_evaluation,0.999
HOBBIES_1_006_WI_1_evaluation,0.995
HOBBIES_1_007_CA_4_evaluation,0.9
HOBBIES_1_007_WI_1_evaluation,0.9
HOBBIES_1_008_TX_1_evaluation,1.0
HOBBIES_1_009_CA_2_evaluation,0.997
HOBBIES_1_010_CA_1_evaluation,1.0
HOBBIES_1_010_CA_3_evaluation,1.0
HOBBIES_1_011_TX_1_evaluation,0.9
HOBBIES_1_011_TX_3_evaluation,0.995
HOBBIES_1_011_WI_2_evaluation,0.9
HOBBIES_1_012_TX_1_evaluation,0.9
HOBBIES_1_012_WI_2_evaluation,0.99
HOBBIES_1_013_CA_1_evaluation,0.9
HOBBIES_1_013_TX_2_evaluation,0.995
HOBBIES_1_013_TX_3_evaluation,0.997
HOBBIES_1_014_CA_3_evaluation,0.9
HOBBIES_1_014_WI_1_evaluation,0.95
HOBBIES_1_015_WI_3_evaluation,0.9
HOBBIES_1_016_CA_1_evaluation,0.9
HOBBIES_1_016_WI_2_evaluation,1.0
HOBBIES_1_017_CA_1_evaluation,0.997
HOBBIES_1_017_TX_1_evaluation,0.9
HOBBIES_1_017_WI_2_evaluation,0.9
HOBBIES_1_018_TX_1_evaluation,0.9
HOBBIES_1_018_TX_2_evaluation,0.9
HOBBIES_1_018_WI_1_evaluation,0.9
HOBBIES_1_019_TX_2_evaluation,0.95
HOBBIES_1_021_CA_2_evaluation,0.9
HOBBIES_1_021_CA_4_evaluation,0.997
HOBBIES_1_022_CA_4_evaluation,0.98
HOBBIES_1_022_TX_2_evaluation,0.9
HOBBIES_1_023_WI_1_evaluation,0.999
HOBBIES_1_024_WI_1_evaluation,0.99
HOBBIES_1_025_CA_2_evaluation,0.9
HOBBIES_1_025_TX_1_evaluation,1.0
HOBBIES_1_026_CA_4_evaluation,0.9
HOBBIES_1_026_WI_2_evaluation,0.9
HOBBIES_1_027_CA_3_evaluation,0.9
HOBBIES_1_027_WI_2_evaluation,0.9
HOBBIES_1_027_WI_3_evaluation,0.9
HOBBIES_1_029_CA_2_evaluation,0.9
HOBBIES_1_032_TX_2_evaluation,0.98
HOBBIES_1_032_WI_3_evaluation,0.9
HOBBIES_1_033_WI_1_evaluation,0.9
HOBBIES_1_033_WI_3_evaluation,0.9
HOBBIES_1_034_CA_1_evaluation,1.0
HOBBIES_1_034_WI_1_evaluation,0.98
HOBBIES_1_034_WI_3_evaluation,1.0
HOBBIES_1_035_CA_1_evaluation,0.995
HOBBIES_1_035_TX_2_evaluation,0.98
HOBBIES_1_035_WI_3_evaluation,0.95
HOBBIES_1_036_CA_4_evaluation,1.0
HOBBIES_1_037_CA_2_evaluation,0.99
HOBBIES_1_037_CA_3_evaluation,0.99
HOBBIES_1_037_TX_3_evaluation,0.997
HOBBIES_1_037_WI_2_evaluation,0.99
HOBBIES_1_038_CA_4_evaluation,1.0
HOBBIES_1_038_TX_1_evaluation,0.995
HOBBIES_1_038_WI_1_evaluation,0.98
HOBBIES_1_039_WI_1_evaluation,0.99
HOBBIES_1_040_CA_3_evaluation,0.997
HOBBIES_1_040_CA_4_evaluation,0.997
HOBBIES_1_041_CA_2_evaluation,1.0
HOBBIES_1_041_WI_2_evaluation,1.0
HOBBIES_1_042_CA_3_evaluation,0.9
HOBBIES_1_043_TX_1_evaluation,0.9
HOBBIES_1_043_TX_3_evaluation,0.995
HOBBIES_1_044_WI_2_evaluation,0.99
HOBBIES_1_045_CA_1_evaluation,0.9
HOBBIES_1_045_CA_2_evaluation,0.9
HOBBIES_1_045_CA_3_evaluation,0.9
HOBBIES_1_045_WI_1_evaluation,0.9
HOBBIES_1_046_TX_2_evaluation,0.9
HOBBIES_1_047_TX_2_evaluation,0.9
HOBBIES_1_049_TX_3_evaluation,0.995
HOBBIES_1_049_WI_1_evaluation,1.0
HOBBIES_1_049_WI_2_evaluation,0.9
HOBBIES_1_050_CA_1_evaluation,1.0
HOBBIES_1_050_CA_2_evaluation,1.0
HOBBIES_1_050_TX_1_evaluation,0.95
HOBBIES_1_050_TX_2_evaluation,0.9
HOBBIES_1_050_WI_1_evaluation,0.9
HOBBIES_1_050_WI_2_evaluation,0.98
HOBBIES_1_051_WI_1_evaluation,0.95
HOBBIES_1_052_WI_2_evaluation,0.9
HOBBIES_1_053_WI_3_evaluation,0.9
HOBBIES_1_054_CA_1_evaluation,0.9
HOBBIES_1_054_CA_3_evaluation,0.9
HOBBIES_1_054_CA_4_evaluation,0.9
HOBBIES_1_054_WI_2_evaluation,0.9
HOBBIES_1_054_WI_3_evaluation,0.9
HOBBIES_1_055_TX_2_evaluation,0.9
HOBBIES_1_056_CA_1_evaluation,0.98
HOBBIES_1_056_CA_4_evaluation,0.9
HOBBIES_1_058_CA_3_evaluation,0.995
HOBBIES_1_060_WI_1_evaluation,0.98
HOBBIES_1_060_WI_3_evaluation,0.9
HOBBIES_1_061_TX_3_evaluation,0.95
HOBBIES_1_061_WI_1_evaluation,0.999
HOBBIES_1_061_WI_2_evaluation,0.997
HOBBIES_1_061_WI_3_evaluation,0.9
HOBBIES_1_062_CA_3_evaluation,0.9
HOBBIES_1_062_TX_1_evaluation,0.9
HOBBIES_1_062_WI_2_evaluation,0.9
HOBBIES_1_063_CA_3_evaluation,0.99
HOBBIES_1_063_TX_2_evaluation,1.0
HOBBIES_1_064_CA_4_evaluation,0.99
HOBBIES_1_064_WI_1_evaluation,0.98
HOBBIES_1_065_CA_4_evaluation,0.9
HOBBIES_1_065_WI_3_evaluation,0.9
HOBBIES_1_066_WI_1_evaluation,0.9
HOBBIES_1_067_CA_3_evaluation,0.995
HOBBIES_1_068_TX_2_evaluation,0.997
HOBBIES_1_068_WI_1_evaluation,0.99
HOBBIES_1_069_CA_1_evaluation,0.9
HOBBIES_1_070_TX_1_evaluation,0.9
HOBBIES_1_070_WI_3_evaluation,0.995
HOBBIES_1_072_CA_3_evaluation,0.9
HOBBIES_1_072_TX_1_evaluation,0.99
HOBBIES_1_072_TX_2_evaluation,0.98
HOBBIES_1_073_TX_3_evaluation,0.9
HOBBIES_1_074_CA_4_evaluation,0.98
HOBBIES_1_075_CA_4_evaluation,0.98
HOBBIES_1_076_CA_1_evaluation,0.98
HOBBIES_1_076_TX_2_evaluation,1.0
HOBBIES_1_077_CA_1_evaluation,0.997
HOBBIES_1_078_CA_1_evaluation,0.99
HOBBIES_1_078_TX_3_evaluation,0.99
HOBBIES_1_078_WI_2_evaluation,0.9
HOBBIES_1_079_CA_1_evaluation,0.98
HOBBIES_1_079_WI_2_evaluation,0.999
HOBBIES_1_080_CA_1_evaluation,0.9
HOBBIES_1_080_WI_1_evaluation,0.9
HOBBIES_1_081_CA_2_evaluation,0.9
HOBBIES_1_081_WI_3_evaluation,0.9
HOBBIES_1_082_CA_3_evaluation,0.95
HOBBIES_1_083_CA_2_evaluation,0.98
HOBBIES_1_083_CA_3_evaluation,0.9
HOBBIES_1_083_CA_4_evaluation,0.9
HOBBIES_1_084_CA_3_evaluation,0.9
HOBBIES_1_086_CA_2_evaluation,1.0
HOBBIES_1_086_CA_3_evaluation,0.98
HOBBIES_1_087_CA_4_evaluation,0.99
HOBBIES_1_087_WI_2_evaluation,0.98
HOBBIES_1_088_CA_3_evaluation,0.95
HOBBIES_1_088_TX_1_evaluation,0.98
HOBBIES_1_088_TX_2_evaluation,0.95
HOBBIES_1_088_WI_1_evaluation,0.9
HOBBIES_1_089_CA_3_evaluation,0.995
HOBBIES_1_089_TX_3_evaluation,0.995
HOBBIES_1_089_WI_2_evaluation,0.98
HOBBIES_1_090_CA_1_evaluation,0.9
HOBBIES_1_090_TX_2_evaluation,0.9
HOBBIES_1_091_CA_1_evaluation,0.9
HOBBIES_1_092_TX_1_evaluation,0.997
HOBBIES_1_092_WI_1_evaluation,0.997
HOBBIES_1_093_CA_1_evaluation,0.995
HOBBIES_1_093_CA_2_evaluation,0.95
HOBBIES_1_093_WI_2_evaluation,0.9
HOBBIES_1_094_TX_2_evaluation,1.0
HOBBIES_1_095_TX_3_evaluation,0.95
HOBBIES_1_097_CA_4_evaluation,0.995
HOBBIES_1_098_TX_2_evaluation,0.999
HOBBIES_1_100_TX_3_evaluation,1.0
HOBBIES_1_100_WI_1_evaluation,0.98
HOBBIES_1_102_TX_3_evaluation,0.9
HOBBIES_1_103_WI_2_evaluation,0.95
HOBBIES_1_104_TX_2_evaluation,0.9
HOBBIES_1_104_WI_2_evaluation,0.9
HOBBIES_1_105_CA_2_evaluation,0.99
HOBBIES_1_106_CA_2_evaluation,0.9
HOBBIES_1_106_TX_1_evaluation,0.9
HOBBIES_1_107_WI_2_evaluation,0.9
HOBBIES_1_108_CA_2_evaluation,0.9
HOBBIES_1_108_TX_2_evaluation,0.99
HOBBIES_1_109_CA_2_evaluation,0.9
HOBBIES_1_109_WI_1_evaluation,1.0
HOBBIES_1_110_CA_1_evaluation,0.999
HOBBIES_1_110_CA_4_evaluation,0.9
HOBBIES_1_110_WI_2_evaluation,0.9
HOBBIES_1_111_TX_1_evaluation,1.0
HOBBIES_1_112_WI_3_evaluation,0.9
HOBBIES_1_113_CA_4_evaluation,0.9
HOBBIES_1_113_TX_3_evaluation,0.9
HOBBIES_1_113_WI_2_evaluation,0.9
HOBBIES_1_114_WI_2_evaluation,0.98
HOBBIES_1_115_CA_4_evaluation,0.95
HOBBIES_1_115_WI_3_evaluation,0.95
HOBBIES_1_116_CA_2_evaluation,0.999
HOBBIES_1_116_WI_2_evaluation,0.9
HOBBIES_1_117_WI_2_evaluation,1.0
HOBBIES_1_118_TX_2_evaluation,1.0
HOBBIES_1_118_WI_1_evaluation,1.0
HOBBIES_1_119_CA_3_evaluation,0.9
HOBBIES_1_119_TX_3_evaluation,0.9
HOBBIES_1_119_WI_1_evaluation,0.9
HOBBIES_1_120_CA_4_evaluation,0.995
HOBBIES_1_122_CA_1_evaluation,0.9
HOBBIES_1_123_CA_2_evaluation,0.9
HOBBIES_1_123_TX_1_evaluation,0.9
HOBBIES_1_124_CA_2_evaluation,0.98
HOBBIES_1_124_WI_3_evaluation,0.98
HOBBIES_1_125_TX_1_evaluation,0.9
HOBBIES_1_126_CA_2_evaluation,0.9
HOBBIES_1_126_TX_2_evaluation,0.9
HOBBIES_1_126_WI_1_evaluation,0.9
HOBBIES_1_127_WI_1_evaluation,0.95
HOBBIES_1_128_CA_1_evaluation,1.0
HOBBIES_1_128_CA_3_evaluation,1.0
HOBBIES_1_128_TX_2_evaluation,0.995
HOBBIES_1_130_CA_4_evaluation,0.995
HOBBIES_1_130_TX_1_evaluation,0.98
HOBBIES_1_130_WI_3_evaluation,0.98
HOBBIES_1_132_TX_2_evaluation,0.999
HOBBIES_1_133_CA_4_evaluation,0.99
HOBBIES_1_133_TX_1_evaluation,0.995
HOBBIES_1_134_CA_3_evaluation,0.98
HOBBIES_1_134_WI_3_evaluation,0.9
HOBBIES_1_135_TX_2_evaluation,0.9
HOBBIES_1_136_CA_1_evaluation,0.9
HOBBIES_1_136_TX_1_evaluation,0.995
HOBBIES_1_136_TX_3_evaluation,0.9
HOBBIES_1_137_CA_4_evaluation,0.95
HOBBIES_1_137_TX_2_evaluation,0.9
HOBBIES_1_137_TX_3_evaluation,0.99
HOBBIES_1_137_WI_2_evaluation,0.9
HOBBIES_1_138_CA_4_evaluation,0.9
HOBBIES_1_138_WI_2_evaluation,0.99
HOBBIES_1_139_WI_2_evaluation,0.9
HOBBIES_1_140_CA_3_evaluation,0.95
HOBBIES_1_142_CA_4_evaluation,0.9
HOBBIES_1_142_WI_1_evaluation,0.95
HOBBIES_1_145_CA_4_evaluation,0.95
HOBBIES_1_146_WI_3_evaluation,1.0
HOBBIES_1_148_CA_1_evaluation,0.9
HOBBIES_1_149_CA_1_evaluation,0.98
HOBBIES_1_149_WI_3_evaluation,0.99
HOBBIES_1_150_TX_1_evaluation,0.9
HOBBIES_1_150_TX_2_evaluation,0.98
HOBBIES_1_151_CA_4_evaluation,0.9
HOBBIES_1_152_CA_4_evaluation,0.9
HOBBIES_1_154_TX_2_evaluation,0.995
HOBBIES_1_154_TX_3_evaluation,0.999
HOBBIES_1_154_WI_1_evaluation,0.999
HOBBIES_1_155_CA_1_evaluation,0.9
HOBBIES_1_155_WI_3_evaluation,0.9
HOBBIES_1_156_CA_2_evaluation,0.9
HOBBIES_1_156_CA_4_evaluation,0.9
HOBBIES_1_158_CA_4_evaluation,0.9
HOBBIES_1_158_TX_3_evaluation,0.9
HOBBIES_1_159_CA_4_evaluation,1.0
HOBBIES_1_159_TX_1_evaluation,0.9
HOBBIES_1_160_TX_1_evaluation,0.99
HOBBIES_1_161_TX_1_evaluation,0.9
HOBBIES_1_162_TX_2_evaluation,0.997
HOBBIES_1_162_WI_1_evaluation,0.995
HOBBIES_1_165_TX_3_evaluation,0.95
HOBBIES_1_166_TX_3_evaluation,0.9
HOBBIES_1_166_WI_3_evaluation,1.0
HOBBIES_1_167_CA_3_evaluation,0.98
HOBBIES_1_167_WI_2_evaluation,0.98
HOBBIES_1_168_CA_2_evaluation,0.9
HOBBIES_1_168_WI_2_evaluation,0.9
HOBBIES_1_168_WI_3_evaluation,0.9
HOBBIES_1_169_CA_1_evaluation,0.99
HOBBIES_1_169_CA_2_evaluation,0.9
HOBBIES_1_169_CA_4_evaluation,0.997
HOBBIES_1_169_WI_1_evaluation,0.999
HOBBIES_1_170_CA_4_evaluation,0.9
HOBBIES_1_171_TX_1_evaluation,0.9
HOBBIES_1_171_WI_2_evaluation,0.9
HOBBIES_1_171_WI_3_evaluation,0.9
HOBBIES_1_172_TX_1_evaluation,0.995
HOBBIES_1_173_CA_2_evaluation,0.995
HOBBIES_1_174_CA_3_evaluation,0.95
HOBBIES_1_174_TX_2_evaluation,0.995
HOBBIES_1_175_CA_1_evaluation,0.98
HOBBIES_1_175_TX_2_evaluation,0.9
HOBBIES_1_175_TX_3_evaluation,0.95
HOBBIES_1_176_CA_4_evaluation,0.9
HOBBIES_1_176_TX_2_evaluation,0.95
HOBBIES_1_176_WI_3_evaluation,0.95
HOBBIES_1_177_TX_2_evaluation,0.98
HOBBIES_1_179_CA_3_evaluation,0.98
HOBBIES_1_179_CA_4_evaluation,0.995
HOBBIES_1_180_CA_3_evaluation,0.9
HOBBIES_1_180_WI_3_evaluation,0.9
HOBBIES_1_183_CA_3_evaluation,0.9
HOBBIES_1_184_WI_2_evaluation,1.0
HOBBIES_1_185_TX_3_evaluation,0.999
HOBBIES_1_186_CA_2_evaluation,0.9
HOBBIES_1_187_CA_1_evaluation,0.9
HOBBIES_1_187_TX_1_evaluation,0.999
HOBBIES_1_187_WI_2_evaluation,0.99
HOBBIES_1_188_CA_2_evaluation,0.9
HOBBIES_1_188_WI_1_evaluation,0.9
HOBBIES_1_188_WI_3_evaluation,1.0
HOBBIES_1_190_CA_1_evaluation,0.9
HOBBIES_1_190_TX_3_evaluation,0.9
HOBBIES_1_190_WI_3_evaluation,0.9
HOBBIES_1_192_CA_1_evaluation,0.95
HOBBIES_1_192_CA_3_evaluation,0.999
HOBBIES_1_192_TX_2_evaluation,0.9
HOBBIES_1_193_CA_1_evaluation,0.95
HOBBIES_1_193_TX_3_evaluation,0.9
HOBBIES_1_194_WI_1_evaluation,0.9
HOBBIES_1_194_WI_3_evaluation,0.9
HOBBIES_1_195_TX_3_evaluation,0.999
HOBBIES_1_197_TX_3_evaluation,0.99
HOBBIES_1_199_TX_1_evaluation,0.99
HOBBIES_1_199_WI_1_evaluation,0.98
HOBBIES_1_199_WI_2_evaluation,0.995
HOBBIES_1_200_CA_3_evaluation,0.98
HOBBIES_1_200_WI_1_evaluation,0.99
HOBBIES_1_201_WI_3_evaluation,1.0
HOBBIES_1_202_WI_1_evaluation,0.95
HOBBIES_1_203_CA_1_evaluation,0.9
HOBBIES_1_203_TX_1_evaluation,0.9
HOBBIES_1_204_CA_4_evaluation,0.9
HOBBIES_1_204_WI_1_evaluation,0.9
HOBBIES_1_205_CA_3_evaluation,0.9
HOBBIES_1_205_WI_2_evaluation,0.99
HOBBIES_1_206_CA_2_evaluation,0.9
HOBBIES_1_207_CA_1_evaluation,0.99
HOBBIES_1_207_CA_2_evaluation,0.9
HOBBIES_1_207_WI_2_evaluation,0.99
HOBBIES_1_207_WI_3_evaluation,0.98
HOBBIES_1_208_TX_3_evaluation,0.95
HOBBIES_1_209_CA_3_evaluation,0.9
HOBBIES_1_209_WI_3_evaluation,0.98
HOBBIES_1_210_CA_4_evaluation,1.0
HOBBIES_1_210_WI_3_evaluation,0.99
HOBBIES_1_211_WI_2_evaluation,0.9
HOBBIES_1_212_WI_2_evaluation,0.9
HOBBIES_1_214_CA_3_evaluation,0.99
HOBBIES_1_214_CA_4_evaluation,0.997
HOBBIES_1_214_WI_3_evaluation,0.9
HOBBIES_1_215_CA_1_evaluation,0.98
HOBBIES_1_215_TX_3_evaluation,0.999
HOBBIES_1_215_WI_3_evaluation,1.0
HOBBIES_1_216_CA_3_evaluation,0.9
HOBBIES_1_216_TX_3_evaluation,0.9
HOBBIES_1_216_WI_2_evaluation,0.995
HOBBIES_1_217_WI_1_evaluation,0.999
HOBBIES_1_217_WI_3_evaluation,0.9
HOBBIES_1_220_WI_3_evaluation,0.95
HOBBIES_1_221_CA_2_evaluation,0.98
HOBBIES_1_223_CA_3_evaluation,0.99
HOBBIES_1_223_CA_4_evaluation,0.98
HOBBIES_1_224_CA_4_evaluation,0.9
HOBBIES_1_225_CA_1_evaluation,0.99
HOBBIES_1_226_WI_3_evaluation,0.99
HOBBIES_1_227_CA_2_evaluation,0.999
HOBBIES_1_227_CA_3_evaluation,0.999
HOBBIES_1_227_CA_4_evaluation,0.98
HOBBIES_1_227_TX_2_evaluation,0.999
HOBBIES_1_228_CA_2_evaluation,0.98
HOBBIES_1_228_TX_3_evaluation,0.99
HOBBIES_1_228_WI_3_evaluation,0.99
HOBBIES_1_231_CA_1_evaluation,0.95
HOBBIES_1_232_TX_2_evaluation,0.9
HOBBIES_1_232_WI_1_evaluation,0.9
HOBBIES_1_233_CA_4_evaluation,0.95
HOBBIES_1_233_TX_1_evaluation,0.95
HOBBIES_1_233_TX_3_evaluation,0.9
HOBBIES_1_234_CA_4_evaluation,0.9
HOBBIES_1_234_TX_2_evaluation,0.999
HOBBIES_1_234_WI_1_evaluation,1.0
HOBBIES_1_235_CA_1_evaluation,0.9
HOBBIES_1_236_TX_1_evaluation,0.9
HOBBIES_1_237_CA_3_evaluation,0.9
HOBBIES_1_238_CA_1_evaluation,0.99
HOBBIES_1_238_CA_4_evaluation,0.9
HOBBIES_1_238_TX_1_evaluation,0.99
HOBBIES_1_239_CA_3_evaluation,0.99
HOBBIES_1_240_CA_3_evaluation,0.99
HOBBIES_1_240_TX_3_evaluation,0.99
HOBBIES_1_241_CA_3_evaluation,0.9
HOBBIES_1_242_CA_1_evaluation,0.95
HOBBIES_1_243_CA_4_evaluation,0.9
HOBBIES_1_243_WI_1_evaluation,0.9
HOBBIES_1_244_CA_4_evaluation,0.9
HOBBIES_1_244_WI_1_evaluation,0.95
HOBBIES_1_244_WI_2_evaluation,0.995
HOBBIES_1_246_CA_1_evaluation,0.9
HOBBIES_1_246_TX_1_evaluation,0.9
HOBBIES_1_246_WI_2_evaluation,0.9
HOBBIES_1_249_WI_2_evaluation,0.95
HOBBIES_1_250_CA_2_evaluation,0.9
HOBBIES_1_251_CA_4_evaluation,0.9
HOBBIES_1_252_CA_3_evaluation,0.9
HOBBIES_1_252_WI_1_evaluation,0.9
HOBBIES_1_252_WI_2_evaluation,0.9
HOBBIES_1_253_CA_2_evaluation,0.9
HOBBIES_1_253_TX_2_evaluation,0.9
HOBBIES_1_255_WI_1_evaluation,0.98
HOBBIES_1_256_TX_3_evaluation,1.0
HOBBIES_1_257_CA_3_evaluation,1.0
HOBBIES_1_257_TX_3_evaluation,0.999
HOBBIES_1_258_TX_1_evaluation,0.9
HOBBIES_1_259_TX_1_evaluation,0.98
HOBBIES_1_259_WI_1_evaluation,0.995
HOBBIES_1_259_WI_2_evaluation,0.997
HOBBIES_1_260_CA_1_evaluation,0.99
HOBBIES_1_260_CA_3_evaluation,0.98
HOBBIES_1_260_TX_2_evaluation,0.9
HOBBIES_1_261_CA_1_evaluation,0.95
HOBBIES_1_261_TX_2_evaluation,0.9
HOBBIES_1_261_WI_2_evaluation,0.9
HOBBIES_1_263_WI_2_evaluation,0.9
HOBBIES_1_265_WI_2_evaluation,0.99
HOBBIES_1_266_CA_3_evaluation,0.95
HOBBIES_1_266_WI_3_evaluation,0.995
HOBBIES_1_267_TX_2_evaluation,0.997
HOBBIES_1_268_CA_3_evaluation,0.95
HOBBIES_1_268_WI_1_evaluation,0.95
HOBBIES_1_269_WI_2_evaluation,0.9
HOBBIES_1_270_TX_3_evaluation,0.95
HOBBIES_1_270_WI_3_evaluation,0.9
HOBBIES_1_271_CA_4_evaluation,0.9
HOBBIES_1_271_TX_2_evaluation,0.9
HOBBIES_1_272_TX_2_evaluation,0.9
HOBBIES_1_272_WI_1_evaluation,0.995
HOBBIES_1_273_CA_2_evaluation,1.0
HOBBIES_1_274_CA_2_evaluation,0.98
HOBBIES_1_274_TX_3_evaluation,0.997
HOBBIES_1_276_CA_1_evaluation,1.0
HOBBIES_1_278_TX_2_evaluation,0.999
HOBBIES_1_279_CA_1_evaluation,0.9
HOBBIES_1_279_CA_2_evaluation,0.9
HOBBIES_1_279_TX_3_evaluation,0.99
HOBBIES_1_280_TX_3_evaluation,0.98
HOBBIES_1_283_CA_4_evaluation,0.9
HOBBIES_1_283_WI_3_evaluation,0.9
HOBBIES_1_284_CA_1_evaluation,0.98
HOBBIES_1_284_WI_1_evaluation,0.9
HOBBIES_1_286_CA_4_evaluation,0.9
HOBBIES_1_287_TX_2_evaluation,0.95
HOBBIES_1_287_WI_2_evaluation,0.9
HOBBIES_1_287_WI_3_evaluation,0.99
HOBBIES_1_288_CA_3_evaluation,0.9
HOBBIES_1_288_WI_2_evaluation,0.9
HOBBIES_1_289_CA_1_evaluation,0.99
HOBBIES_1_289_CA_4_evaluation,0.9
HOBBIES_1_289_TX_2_evaluation,0.9
HOBBIES_1_290_CA_2_evaluation,1.0
HOBBIES_1_293_WI_2_evaluation,0.999
HOBBIES_1_293_WI_3_evaluation,1.0
HOBBIES_1_294_TX_2_evaluation,0.95
HOBBIES_1_294_WI_3_evaluation,0.9
HOBBIES_1_295_TX_1_evaluation,0.98
HOBBIES_1_295_WI_1_evaluation,0.95
HOBBIES_1_295_WI_2_evaluation,0.995
HOBBIES_1_296_TX_2_evaluation,0.99
HOBBIES_1_296_WI_2_evaluation,0.9
HOBBIES_1_297_CA_1_evaluation,0.9
HOBBIES_1_297_CA_4_evaluation,0.95
HOBBIES_1_298_TX_3_evaluation,0.99
HOBBIES_1_300_CA_4_evaluation,0.9
HOBBIES_1_301_CA_1_evaluation,1.0
HOBBIES_1_301_CA_3_evaluation,0.95
HOBBIES_1_301_TX_1_evaluation,0.95
HOBBIES_1_302_TX_3_evaluation,0.9
HOBBIES_1_302_WI_1_evaluation,0.98
HOBBIES_1_303_CA_1_evaluation,0.9
HOBBIES_1_304_WI_3_evaluation,0.9
HOBBIES_1_305_CA_3_evaluation,0.997
HOBBIES_1_305_WI_2_evaluation,0.9
HOBBIES_1_306_WI_1_evaluation,0.9
HOBBIES_1_306_WI_2_evaluation,0.95
HOBBIES_1_306_WI_3_evaluation,0.9
HOBBIES_1_308_CA_1_evaluation,0.997
HOBBIES_1_308_TX_3_evaluation,0.999
HOBBIES_1_309_WI_2_evaluation,0.99
HOBBIES_1_310_CA_3_evaluation,0.98
HOBBIES_1_310_CA_4_evaluation,0.9
HOBBIES_1_310_TX_2_evaluation,0.997
HOBBIES_1_310_TX_3_evaluation,0.99
HOBBIES_1_311_TX_1_evaluation,0.9
HOBBIES_1_311_WI_1_evaluation,0.9
HOBBIES_1_312_CA_2_evaluation,1.0
HOBBIES_1_312_CA_4_evaluation,0.95
HOBBIES_1_312_TX_1_evaluation,1.0
HOBBIES_1_312_TX_2_evaluation,0.999
HOBBIES_1_315_CA_1_evaluation,0.995
HOBBIES_1_315_WI_3_evaluation,0.9
HOBBIES_1_316_CA_2_evaluation,0.997
HOBBIES_1_316_CA_4_evaluation,0.99
HOBBIES_1_317_CA_2_evaluation,0.997
HOBBIES_1_317_TX_2_evaluation,0.98
HOBBIES_1_317_TX_3_evaluation,0.995
HOBBIES_1_318_WI_3_evaluation,0.9
HOBBIES_1_320_CA_2_evaluation,0.9
HOBBIES_1_320_TX_2_evaluation,0.98
HOBBIES_1_320_TX_3_evaluation,0.95
HOBBIES_1_320_WI_1_evaluation,0.9
HOBBIES_1_321_WI_2_evaluation,0.999
HOBBIES_1_322_CA_3_evaluation,0.997
HOBBIES_1_323_CA_1_evaluation,0.9
HOBBIES_1_323_CA_3_evaluation,0.95
HOBBIES_1_325_TX_2_evaluation,0.9
HOBBIES_1_327_CA_2_evaluation,0.99
HOBBIES_1_327_TX_2_evaluation,0.997
HOBBIES_1_327_WI_3_evaluation,0.99
HOBBIES_1_328_CA_2_evaluation,0.98
HOBBIES_1_328_TX_2_evaluation,1.0
HOBBIES_1_329_CA_1_evaluation,0.9
HOBBIES_1_329_CA_2_evaluation,0.9
HOBBIES_1_329_CA_4_evaluation,0.9
HOBBIES_1_329_TX_3_evaluation,0.9
HOBBIES_1_330_CA_3_evaluation,0.98
HOBBIES_1_330_TX_2_evaluation,0.98
HOBBIES_1_330_TX_3_evaluation,0.95
HOBBIES_1_331_CA_3_evaluation,0.99
HOBBIES_1_331_CA_4_evaluation,0.9
HOBBIES_1_331_TX_2_evaluation,0.995
HOBBIES_1_332_TX_1_evaluation,0.98
HOBBIES_1_332_WI_2_evaluation,0.98
HOBBIES_1_333_CA_4_evaluation,0.995
HOBBIES_1_333_TX_1_evaluation,0.9
HOBBIES_1_333_TX_3_evaluation,0.9
HOBBIES_1_333_WI_1_evaluation,0.995
HOBBIES_1_334_TX_3_evaluation,0.9
HOBBIES_1_335_TX_1_evaluation,1.0
HOBBIES_1_335_TX_3_evaluation,1.0
HOBBIES_1_336_CA_4_evaluation,0.9
HOBBIES_1_336_WI_2_evaluation,0.95
HOBBIES_1_337_TX_1_evaluation,0.9
HOBBIES_1_338_CA_2_evaluation,0.98
HOBBIES_1_338_WI_3_evaluation,0.9
HOBBIES_1_339_CA_2_evaluation,0.9
HOBBIES_1_339_TX_1_evaluation,0.9
HOBBIES_1_339_TX_2_evaluation,0.9
HOBBIES_1_340_TX_3_evaluation,0.9
HOBBIES_1_340_WI_1_evaluation,0.9
HOBBIES_1_341_TX_1_evaluation,0.9
HOBBIES_1_341_WI_3_evaluation,0.997
HOBBIES_1_342_CA_2_evaluation,0.99
HOBBIES_1_343_CA_4_evaluation,0.95
HOBBIES_1_344_WI_2_evaluation,0.9
HOBBIES_1_345_CA_3_evaluation,0.9
HOBBIES_1_346_TX_2_evaluation,0.9
HOBBIES_1_348_CA_2_evaluation,1.0
HOBBIES_1_348_TX_1_evaluation,0.9
HOBBIES_1_348_TX_2_evaluation,0.95
HOBBIES_1_348_TX_3_evaluation,1.0
HOBBIES_1_349_WI_3_evaluation,0.9
HOBBIES_1_350_CA_1_evaluation,0.95
HOBBIES_1_351_TX_1_evaluation,0.98
HOBBIES_1_351_TX_3_evaluation,0.997
HOBBIES_1_351_WI_3_evaluation,0.999
HOBBIES_1_352_CA_1_evaluation,0.9
HOBBIES_1_352_CA_3_evaluation,0.9
HOBBIES_1_352_WI_1_evaluation,0.9
HOBBIES_1_353_TX_1_evaluation,0.9
HOBBIES_1_354_WI_2_evaluation,0.9
HOBBIES_1_356_CA_1_evaluation,0.95
HOBBIES_1_356_CA_2_evaluation,0.9
HOBBIES_1_356_CA_3_evaluation,0.9
HOBBIES_1_356_TX_1_evaluation,0.99
HOBBIES_1_357_TX_3_evaluation,0.98
HOBBIES_1_359_CA_1_evaluation,0.9
HOBBIES_1_359_TX_1_evaluation,0.9
HOBBIES_1_359_WI_1_evaluation,0.9
HOBBIES_1_359_WI_3_evaluation,0.9
HOBBIES_1_361_CA_2_evaluation,0.997
HOBBIES_1_361_TX_2_evaluation,1.0
HOBBIES_1_362_CA_1_evaluation,0.9
HOBBIES_1_362_CA_3_evaluation,0.9
HOBBIES_1_362_CA_4_evaluation,0.9
HOBBIES_1_362_WI_3_evaluation,0.9
HOBBIES_1_363_CA_1_evaluation,0.997
HOBBIES_1_365_TX_1_evaluation,0.95
HOBBIES_1_366_TX_2_evaluation,0.95
HOBBIES_1_367_CA_3_evaluation,0.95
HOBBIES_1_367_TX_1_evaluation,0.99
HOBBIES_1_368_WI_2_evaluation,0.999
HOBBIES_1_370_CA_4_evaluation,1.0
HOBBIES_1_371_TX_3_evaluation,1.0
HOBBIES_1_371_WI_1_evaluation,1.0
HOBBIES_1_373_CA_4_evaluation,0.9
HOBBIES_1_373_TX_2_evaluation,0.9
HOBBIES_1_373_WI_1_evaluation,0.9
HOBBIES_1_374_CA_3_evaluation,0.99
HOBBIES_1_374_TX_2_evaluation,0.95
HOBBIES_1_374_TX_3_evaluation,0.98
HOBBIES_1_375_CA_4_evaluation,0.9
HOBBIES_1_375_TX_2_evaluation,0.9
HOBBIES_1_376_CA_4_evaluation,0.9
HOBBIES_1_376_TX_1_evaluation,0.9
HOBBIES_1_376_WI_3_evaluation,0.9
HOBBIES_1_378_CA_4_evaluation,0.95
HOBBIES_1_378_TX_2_evaluation,0.9
HOBBIES_1_378_TX_3_evaluation,1.0
HOBBIES_1_379_TX_3_evaluation,1.0
HOBBIES_1_379_WI_1_evaluation,0.995
HOBBIES_1_380_TX_1_evaluation,0.9
HOBBIES_1_380_TX_2_evaluation,0.997
HOBBIES_1_380_WI_1_evaluation,0.9
HOBBIES_1_380_WI_3_evaluation,0.98
HOBBIES_1_381_CA_1_evaluation,0.9
HOBBIES_1_381_TX_3_evaluation,0.9
HOBBIES_1_382_TX_2_evaluation,0.9
HOBBIES_1_383_CA_1_evaluation,0.95
HOBBIES_1_383_TX_3_evaluation,0.999
HOBBIES_1_384_CA_2_evaluation,0.997
HOBBIES_1_384_CA_4_evaluation,0.995
HOBBIES_1_384_WI_2_evaluation,1.0
HOBBIES_1_385_CA_1_evaluation,0.9
HOBBIES_1_385_CA_3_evaluation,0.9
HOBBIES_1_385_CA_4_evaluation,0.9
HOBBIES_1_385_TX_3_evaluation,0.9
HOBBIES_1_387_CA_1_evaluation,0.9
HOBBIES_1_387_TX_1_evaluation,0.9
HOBBIES_1_387_WI_2_evaluation,0.9
HOBBIES_1_388_CA_1_evaluation,1.0
HOBBIES_1_388_CA_4_evaluation,0.9
HOBBIES_1_388_TX_3_evaluation,0.95
HOBBIES_1_389_CA_2_evaluation,0.9
HOBBIES_1_389_CA_4_evaluation,0.9
HOBBIES_1_389_WI_1_evaluation,0.9
HOBBIES_1_390_CA_4_evaluation,0.9
HOBBIES_1_391_CA_3_evaluation,1.0
HOBBIES_1_393_CA_2_evaluation,0.9
HOBBIES_1_393_CA_3_evaluation,0.9
HOBBIES_1_393_TX_1_evaluation,0.9
HOBBIES_1_393_WI_1_evaluation,0.9
HOBBIES_1_394_WI_1_evaluation,0.9
HOBBIES_1_395_CA_2_evaluation,0.9
HOBBIES_1_396_CA_3_evaluation,0.995
HOBBIES_1_396_CA_4_evaluation,0.99
HOBBIES_1_397_CA_1_evaluation,0.99
HOBBIES_1_397_CA_2_evaluation,0.997
HOBBIES_1_398_CA_2_evaluation,0.95
HOBBIES_1_398_CA_3_evaluation,0.995
HOBBIES_1_398_TX_2_evaluation,0.999
HOBBIES_1_399_WI_3_evaluation,0.98
HOBBIES_1_400_CA_4_evaluation,0.9
HOBBIES_1_400_TX_1_evaluation,0.9
HOBBIES_1_400_TX_3_evaluation,0.9
HOBBIES_1_400_WI_1_evaluation,0.9
HOBBIES_1_402_WI_2_evaluation,0.9
HOBBIES_1_403_CA_1_evaluation,1.0
HOBBIES_1_403_CA_3_evaluation,1.0
HOBBIES_1_403_TX_1_evaluation,0.9
HOBBIES_1_405_TX_1_evaluation,0.9
HOBBIES_1_406_TX_2_evaluation,0.995
HOBBIES_1_406_TX_3_evaluation,0.9
HOBBIES_1_408_TX_3_evaluation,0.98
HOBBIES_1_409_WI_3_evaluation,0.99
HOBBIES_1_410_CA_2_evaluation,0.9
HOBBIES_1_411_CA_1_evaluation,1.0
HOBBIES_1_411_TX_1_evaluation,0.9
HOBBIES_1_411_TX_3_evaluation,0.99
HOBBIES_1_412_CA_2_evaluation,0.95
HOBBIES_1_412_CA_3_evaluation,0.95
HOBBIES_1_412_TX_1_evaluation,0.98
HOBBIES_1_412_TX_2_evaluation,0.9
HOBBIES_1_412_WI_3_evaluation,0.98
HOBBIES_1_413_TX_3_evaluation,1.0
HOBBIES_1_414_WI_2_evaluation,1.0
HOBBIES_1_415_CA_3_evaluation,1.0
HOBBIES_1_416_CA_4_evaluation,0.98
HOBBIES_1_416_TX_2_evaluation,0.9
HOBBIES_1_416_WI_2_evaluation,1.0
HOBBIES_1_417_CA_2_evaluation,0.9
HOBBIES_1_417_TX_2_evaluation,0.99
HOBBIES_1_417_WI_1_evaluation,0.98
HOBBIES_1_418_TX_2_evaluation,0.9
HOBBIES_1_418_WI_2_evaluation,0.9
HOBBIES_1_419_CA_3_evaluation,0.995
HOBBIES_1_419_TX_1_evaluation,0.98
HOBBIES_1_419_TX_3_evaluation,0.9
HOBBIES_1_419_WI_2_evaluation,0.999
HOBBIES_1_419_WI_3_evaluation,0.999
HOBBIES_1_420_CA_1_evaluation,0.995
HOBBIES_1_420_TX_3_evaluation,0.99
HOBBIES_1_421_CA_4_evaluation,0.9
HOBBIES_1_421_WI_1_evaluation,0.9
HOBBIES_1_422_CA_1_evaluation,0.9
HOBBIES_1_423_CA_4_evaluation,0.98
HOBBIES_1_424_CA_2_evaluation,0.99
HOBBIES_1_424_TX_3_evaluation,0.997
HOBBIES_2_001_TX_2_evaluation,0.999
HOBBIES_2_002_CA_2_evaluation,0.9
HOBBIES_2_002_TX_1_evaluation,0.999
HOBBIES_2_003_CA_2_evaluation,0.95
HOBBIES_2_003_WI_1_evaluation,1.0
HOBBIES_2_004_WI_3_evaluation,0.9
HOBBIES_2_005_CA_3_evaluation,0.9
HOBBIES_2_005_TX_2_evaluation,0.95
HOBBIES_2_006_TX_2_evaluation,1.0
HOBBIES_2_006_WI_1_evaluation,0.9
HOBBIES_2_007_CA_2_evaluation,1.0
HOBBIES_2_007_WI_2_evaluation,1.0
HOBBIES_2_008_CA_1_evaluation,0.995
HOBBIES_2_008_TX_2_evaluation,1.0
HOBBIES_2_008_TX_3_evaluation,0.95
HOBBIES_2_009_CA_1_evaluation,0.99
HOBBIES_2_010_TX_1_evaluation,0.9
HOBBIES_2_011_CA_3_evaluation,1.0
HOBBIES_2_012_WI_2_evaluation,0.9
HOBBIES_2_013_CA_2_evaluation,0.95
HOBBIES_2_014_WI_1_evaluation,0.9
HOBBIES_2_015_CA_1_evaluation,0.9
HOBBIES_2_015_CA_3_evaluation,0.9
HOBBIES_2_016_CA_1_evaluation,0.95
HOBBIES_2_016_TX_3_evaluation,1.0
HOBBIES_2_017_CA_2_evaluation,0.99
HOBBIES_2_017_WI_3_evaluation,0.997
HOBBIES_2_019_CA_2_evaluation,0.999
HOBBIES_2_020_WI_2_evaluation,0.95
HOBBIES_2_021_CA_3_evaluation,0.9
HOBBIES_2_021_TX_3_evaluation,0.9
HOBBIES_2_022_CA_1_evaluation,0.9
HOBBIES_2_022_CA_2_evaluation,0.99
HOBBIES_2_022_WI_1_evaluation,0.995
HOBBIES_2_023_CA_3_evaluation,0.9
HOBBIES_2_024_CA_2_evaluation,0.9
HOBBIES_2_024_TX_3_evaluation,0.9
HOBBIES_2_024_WI_1_evaluation,0.9
HOBBIES_2_025_CA_3_evaluation,0.9
HOBBIES_2_026_WI_3_evaluation,0.9
HOBBIES_2_027_CA_2_evaluation,0.9
HOBBIES_2_028_TX_2_evaluation,0.98
HOBBIES_2_028_TX_3_evaluation,0.99
HOBBIES_2_029_CA_1_evaluation,0.95
HOBBIES_2_029_CA_3_evaluation,1.0
HOBBIES_2_029_CA_4_evaluation,0.9
HOBBIES_2_031_TX_2_evaluation,0.9
HOBBIES_2_031_WI_2_evaluation,0.9
HOBBIES_2_032_CA_4_evaluation,0.95
HOBBIES_2_032_WI_2_evaluation,0.995
HOBBIES_2_032_WI_3_evaluation,0.99
HOBBIES_2_034_CA_4_evaluation,0.9
HOBBIES_2_034_TX_1_evaluation,0.98
HOBBIES_2_034_TX_3_evaluation,0.9
HOBBIES_2_034_WI_1_evaluation,0.9
HOBBIES_2_035_CA_1_evaluation,0.9
HOBBIES_2_035_WI_1_evaluation,0.9
HOBBIES_2_036_CA_2_evaluation,0.95
HOBBIES_2_036_CA_3_evaluation,0.95
HOBBIES_2_037_CA_4_evaluation,0.9
HOBBIES_2_037_TX_2_evaluation,0.9
HOBBIES_2_037_WI_3_evaluation,0.9
HOBBIES_2_038_WI_1_evaluation,0.9
HOBBIES_2_039_WI_2_evaluation,0.9
HOBBIES_2_040_CA_2_evaluation,0.9
HOBBIES_2_040_CA_3_evaluation,0.9
HOBBIES_2_040_WI_1_evaluation,0.9
HOBBIES_2_040_WI_3_evaluation,0.9
HOBBIES_2_041_WI_1_evaluation,0.9
HOBBIES_2_043_CA_1_evaluation,0.9
HOBBIES_2_043_TX_2_evaluation,0.9
HOBBIES_2_044_CA_3_evaluation,0.9
HOBBIES_2_045_CA_1_evaluation,0.9
HOBBIES_2_045_WI_1_evaluation,0.9
HOBBIES_2_045_WI_2_evaluation,0.9
HOBBIES_2_046_WI_2_evaluation,0.995
HOBBIES_2_047_CA_2_evaluation,0.9
HOBBIES_2_048_CA_3_evaluation,0.9
HOBBIES_2_048_TX_1_evaluation,0.995
HOBBIES_2_049_TX_3_evaluation,0.99
HOBBIES_2_050_CA_3_evaluation,0.99
HOBBIES_2_050_TX_1_evaluation,0.9
HOBBIES_2_050_TX_3_evaluation,0.98
HOBBIES_2_051_CA_1_evaluation,0.9
HOBBIES_2_053_TX_3_evaluation,1.0
HOBBIES_2_054_WI_1_evaluation,0.9
HOBBIES_2_054_WI_3_evaluation,0.9
HOBBIES_2_055_WI_2_evaluation,0.9
HOBBIES_2_056_CA_2_evaluation,0.9
HOBBIES_2_056_TX_3_evaluation,0.9
HOBBIES_2_056_WI_1_evaluation,0.9
HOBBIES_2_057_TX_2_evaluation,0.98
HOBBIES_2_058_WI_2_evaluation,0.9
HOBBIES_2_059_TX_2_evaluation,0.95
HOBBIES_2_060_CA_1_evaluation,0.99
HOBBIES_2_060_CA_2_evaluation,0.98
HOBBIES_2_060_TX_2_evaluation,0.995
HOBBIES_2_060_TX_3_evaluation,0.99
HOBBIES_2_061_TX_3_evaluation,0.9
HOBBIES_2_061_WI_1_evaluation,0.9
HOBBIES_2_061_WI_3_evaluation,0.9
HOBBIES_2_062_CA_3_evaluation,0.98
HOBBIES_2_063_TX_1_evaluation,0.995
HOBBIES_2_063_TX_2_evaluation,0.997
HOBBIES_2_063_WI_3_evaluation,1.0
HOBBIES_2_066_CA_1_evaluation,0.9
HOBBIES_2_066_CA_2_evaluation,0.9
HOBBIES_2_067_WI_1_evaluation,0.9
HOBBIES_2_068_CA_3_evaluation,0.9
HOBBIES_2_068_TX_2_evaluation,0.995
HOBBIES_2_069_TX_1_evaluation,0.9
HOBBIES_2_069_TX_3_evaluation,0.98
HOBBIES_2_069_WI_1_evaluation,0.95
HOBBIES_2_070_CA_3_evaluation,0.9
HOBBIES_2_070_WI_3_evaluation,0.9
HOBBIES_2_071_CA_3_evaluation,0.9
HOBBIES_2_071_TX_1_evaluation,0.9
HOBBIES_2_071_TX_2_evaluation,0.9
HOBBIES_2_071_WI_2_evaluation,0.98
HOBBIES_2_072_TX_2_evaluation,0.95
HOBBIES_2_072_TX_3_evaluation,0.95
HOBBIES_2_073_CA_4_evaluation,0.9
HOBBIES_2_074_CA_1_evaluation,0.995
HOBBIES_2_074_TX_2_evaluation,0.95
HOBBIES_2_075_WI_1_evaluation,0.999
HOBBIES_2_076_CA_3_evaluation,1.0
HOBBIES_2_076_TX_1_evaluation,0.99
HOBBIES_2_076_TX_3_evaluation,1.0
HOBBIES_2_077_TX_2_evaluation,0.9
HOBBIES_2_077_TX_3_evaluation,0.9
HOBBIES_2_078_WI_3_evaluation,0.9
HOBBIES_2_079_WI_3_evaluation,0.9
HOBBIES_2_080_TX_3_evaluation,0.9
HOBBIES_2_081_WI_2_evaluation,0.9
HOBBIES_2_081_WI_3_evaluation,0.95
HOBBIES_2_082_WI_3_evaluation,0.9
HOBBIES_2_085_WI_3_evaluation,0.9
HOBBIES_2_086_TX_1_evaluation,0.9
HOBBIES_2_086_WI_1_evaluation,0.95
HOBBIES_2_086_WI_2_evaluation,0.95
HOBBIES_2_087_CA_3_evaluation,0.9
HOBBIES_2_087_TX_2_evaluation,0.9
HOBBIES_2_088_CA_2_evaluation,0.9
HOBBIES_2_088_TX_2_evaluation,0.9
HOBBIES_2_088_TX_3_evaluation,0.995
HOBBIES_2_089_TX_1_evaluation,1.0
HOBBIES_2_089_TX_2_evaluation,0.98
HOBBIES_2_091_TX_2_evaluation,0.9
HOBBIES_2_093_CA_4_evaluation,0.9
HOBBIES_2_093_TX_2_evaluation,0.95
HOBBIES_2_093_WI_1_evaluation,0.9
HOBBIES_2_093_WI_2_evaluation,0.95
HOBBIES_2_094_CA_2_evaluation,0.9
HOBBIES_2_094_CA_3_evaluation,0.9
HOBBIES_2_094_TX_3_evaluation,0.9
HOBBIES_2_095_WI_1_evaluation,0.9
HOBBIES_2_096_CA_2_evaluation,1.0
HOBBIES_2_097_WI_2_evaluation,0.9
HOBBIES_2_099_CA_2_evaluation,0.9
HOBBIES_2_099_TX_3_evaluation,0.95
HOBBIES_2_100_CA_4_evaluation,0.9
HOBBIES_2_100_TX_3_evaluation,0.99
HOBBIES_2_100_WI_3_evaluation,0.98
HOBBIES_2_101_CA_4_evaluation,0.9
HOBBIES_2_101_TX_1_evaluation,0.99
HOBBIES_2_101_WI_1_evaluation,0.98
HOBBIES_2_102_CA_4_evaluation,0.98
HOBBIES_2_102_WI_2_evaluation,0.999
HOBBIES_2_103_CA_4_evaluation,0.999
HOBBIES_2_103_TX_2_evaluation,1.0
HOBBIES_2_103_WI_1_evaluation,0.995
HOBBIES_2_103_WI_3_evaluation,0.9
HOBBIES_2_104_CA_1_evaluation,0.95
HOBBIES_2_104_CA_2_evaluation,0.9
HOBBIES_2_104_TX_3_evaluation,0.9
HOBBIES_2_104_WI_1_evaluation,0.9
HOBBIES_2_105_CA_1_evaluation,0.99
HOBBIES_2_105_TX_2_evaluation,1.0
HOBBIES_2_105_WI_3_evaluation,0.95
HOBBIES_2_106_WI_2_evaluation,0.98
HOBBIES_2_107_CA_2_evaluation,0.999
HOBBIES_2_107_CA_3_evaluation,1.0
HOBBIES_2_107_CA_4_evaluation,0.99
HOBBIES_2_107_TX_3_evaluation,0.999
HOBBIES_2_110_TX_3_evaluation,0.95
HOBBIES_2_111_WI_2_evaluation,0.9
HOBBIES_2_112_CA_1_evaluation,0.9
HOBBIES_2_114_CA_2_evaluation,0.95
HOBBIES_2_115_TX_1_evaluation,0.9
HOBBIES_2_117_CA_4_evaluation,0.997
HOBBIES_2_119_TX_2_evaluation,0.9
HOBBIES_2_120_TX_3_evaluation,0.9
HOBBIES_2_121_WI_3_evaluation,0.9
HOBBIES_2_122_CA_2_evaluation,0.9
HOBBIES_2_122_TX_3_evaluation,0.99
HOBBIES_2_122_WI_3_evaluation,0.9
HOBBIES_2_123_CA_2_evaluation,0.995
HOBBIES_2_123_TX_3_evaluation,0.9
HOBBIES_2_124_TX_3_evaluation,0.999
HOBBIES_2_124_WI_1_evaluation,0.995
HOBBIES_2_124_WI_3_evaluation,0.9
HOBBIES_2_126_CA_3_evaluation,0.9
HOBBIES_2_128_TX_2_evaluation,0.9
HOBBIES_2_129_CA_4_evaluation,0.9
HOBBIES_2_129_WI_3_evaluation,0.9
HOBBIES_2_130_CA_4_evaluation,0.9
HOBBIES_2_130_TX_1_evaluation,0.9
HOBBIES_2_130_WI_1_evaluation,1.0
HOBBIES_2_130_WI_3_evaluation,0.995
HOBBIES_2_131_CA_1_evaluation,0.999
HOBBIES_2_131_WI_2_evaluation,0.98
HOBBIES_2_132_WI_2_evaluation,0.9
HOBBIES_2_133_CA_4_evaluation,0.9
HOBBIES_2_134_TX_1_evaluation,0.98
HOBBIES_2_134_TX_2_evaluation,0.9
HOBBIES_2_134_WI_1_evaluation,0.9
HOBBIES_2_135_CA_1_evaluation,0.9
HOBBIES_2_135_TX_3_evaluation,0.9
HOBBIES_2_135_WI_3_evaluation,0.9
HOBBIES_2_136_WI_1_evaluation,0.98
HOBBIES_2_137_CA_3_evaluation,0.95
HOBBIES_2_137_WI_2_evaluation,0.99
HOBBIES_2_138_WI_2_evaluation,0.9
HOBBIES_2_138_WI_3_evaluation,0.9
HOBBIES_2_141_CA_3_evaluation,0.9
HOBBIES_2_143_CA_1_evaluation,0.95
HOBBIES_2_143_CA_2_evaluation,0.9
HOBBIES_2_143_TX_1_evaluation,0.9
HOBBIES_2_143_TX_2_evaluation,0.9
HOBBIES_2_144_CA_1_evaluation,0.98
HOBBIES_2_145_CA_2_evaluation,1.0
HOBBIES_2_145_TX_3_evaluation,0.9
HOBBIES_2_146_CA_3_evaluation,0.98
HOBBIES_2_147_CA_1_evaluation,0.9
HOBBIES_2_147_CA_2_evaluation,0.9
HOBBIES_2_147_WI_1_evaluation,0.9
HOBBIES_2_147_WI_2_evaluation,0.98
HOBBIES_2_147_WI_3_evaluation,0.9
HOBBIES_2_148_WI_1_evaluation,0.9
HOBBIES_2_149_WI_3_evaluation,0.9
HOUSEHOLD_1_001_CA_3_evaluation,1.0
HOUSEHOLD_1_002_CA_1_evaluation,0.9
HOUSEHOLD_1_002_CA_2_evaluation,0.95
HOUSEHOLD_1_002_TX_3_evaluation,0.9
HOUSEHOLD_1_003_CA_4_evaluation,0.9
HOUSEHOLD_1_003_WI_3_evaluation,0.95
HOUSEHOLD_1_004_CA_3_evaluation,0.98
HOUSEHOLD_1_005_CA_4_evaluation,0.99
HOUSEHOLD_1_006_TX_2_evaluation,0.99
HOUSEHOLD_1_006_TX_3_evaluation,0.98
HOUSEHOLD_1_007_WI_3_evaluation,0.99
HOUSEHOLD_1_009_TX_2_evaluation,0.9
HOUSEHOLD_1_010_TX_2_evaluation,0.9
HOUSEHOLD_1_011_CA_4_evaluation,0.98
HOUSEHOLD_1_012_CA_4_evaluation,1.0
HOUSEHOLD_1_012_TX_2_evaluation,0.9
HOUSEHOLD_1_013_CA_1_evaluation,0.9
HOUSEHOLD_1_013_TX_3_evaluation,0.995
HOUSEHOLD_1_013_WI_1_evaluation,0.997
HOUSEHOLD_1_013_WI_3_evaluation,0.98
HOUSEHOLD_1_014_CA_3_evaluation,0.95
HOUSEHOLD_1_014_TX_2_evaluation,0.9
HOUSEHOLD_1_015_CA_4_evaluation,0.9
HOUSEHOLD_1_015_TX_1_evaluation,1.0
HOUSEHOLD_1_015_WI_3_evaluation,0.9
HOUSEHOLD_1_016_CA_4_evaluation,0.9
HOUSEHOLD_1_016_TX_1_evaluation,0.95
HOUSEHOLD_1_017_CA_3_evaluation,0.997
HOUSEHOLD_1_017_TX_3_evaluation,0.995
HOUSEHOLD_1_017_WI_1_evaluation,0.999
HOUSEHOLD_1_018_CA_1_evaluation,0.9
HOUSEHOLD_1_019_CA_2_evaluation,0.99
HOUSEHOLD_1_019_CA_3_evaluation,0.95
HOUSEHOLD_1_019_WI_1_evaluation,0.9
HOUSEHOLD_1_020_WI_1_evaluation,0.9
HOUSEHOLD_1_021_WI_3_evaluation,0.95
HOUSEHOLD_1_022_CA_3_evaluation,0.9
HOUSEHOLD_1_023_TX_2_evaluation,0.9
HOUSEHOLD_1_024_CA_2_evaluation,0.9
HOUSEHOLD_1_024_TX_1_evaluation,0.9
HOUSEHOLD_1_025_TX_1_evaluation,0.95
HOUSEHOLD_1_025_WI_1_evaluation,0.95
HOUSEHOLD_1_026_CA_1_evaluation,0.9
HOUSEHOLD_1_027_WI_3_evaluation,0.98
HOUSEHOLD_1_028_CA_2_evaluation,0.9
HOUSEHOLD_1_028_TX_2_evaluation,0.995
HOUSEHOLD_1_028_TX_3_evaluation,0.95
HOUSEHOLD_1_029_CA_2_evaluation,0.9
HOUSEHOLD_1_029_TX_3_evaluation,0.9
HOUSEHOLD_1_029_WI_1_evaluation,0.9
HOUSEHOLD_1_029_WI_2_evaluation,0.9
HOUSEHOLD_1_032_CA_3_evaluation,0.9
HOUSEHOLD_1_033_WI_1_evaluation,0.997
HOUSEHOLD_1_034_TX_2_evaluation,0.99
HOUSEHOLD_1_034_WI_3_evaluation,0.995
HOUSEHOLD_1_035_TX_1_evaluation,0.98
HOUSEHOLD_1_035_WI_3_evaluation,0.99
HOUSEHOLD_1_037_CA_3_evaluation,0.99
HOUSEHOLD_1_039_CA_1_evaluation,0.999
HOUSEHOLD_1_040_CA_3_evaluation,0.999
HOUSEHOLD_1_040_TX_2_evaluation,0.98
HOUSEHOLD_1_040_WI_2_evaluation,0.95
HOUSEHOLD_1_042_WI_3_evaluation,1.0
HOUSEHOLD_1_043_CA_3_evaluation,0.9
HOUSEHOLD_1_046_WI_1_evaluation,0.95
HOUSEHOLD_1_047_CA_3_evaluation,0.995
HOUSEHOLD_1_047_TX_1_evaluation,0.995
HOUSEHOLD_1_048_CA_2_evaluation,0.95
HOUSEHOLD_1_049_CA_1_evaluation,0.9
HOUSEHOLD_1_049_CA_2_evaluation,0.9
HOUSEHOLD_1_049_WI_3_evaluation,0.9
HOUSEHOLD_1_050_CA_4_evaluation,0.9
HOUSEHOLD_1_050_TX_3_evaluation,0.9
HOUSEHOLD_1_050_WI_3_evaluation,0.9
HOUSEHOLD_1_052_CA_3_evaluation,0.997
HOUSEHOLD_1_052_WI_2_evaluation,1.0
HOUSEHOLD_1_054_WI_1_evaluation,0.9
HOUSEHOLD_1_054_WI_2_evaluation,0.9
HOUSEHOLD_1_056_CA_1_evaluation,0.99
HOUSEHOLD_1_056_CA_3_evaluation,0.99
HOUSEHOLD_1_056_CA_4_evaluation,0.9
HOUSEHOLD_1_057_CA_1_evaluation,0.995
HOUSEHOLD_1_057_CA_3_evaluation,0.9
HOUSEHOLD_1_058_CA_3_evaluation,0.9
HOUSEHOLD_1_058_TX_3_evaluation,0.9
HOUSEHOLD_1_059_CA_1_evaluation,1.0
HOUSEHOLD_1_059_TX_3_evaluation,0.999
HOUSEHOLD_1_060_WI_1_evaluation,0.9
HOUSEHOLD_1_060_WI_3_evaluation,0.9
HOUSEHOLD_1_062_CA_2_evaluation,0.9
HOUSEHOLD_1_062_WI_3_evaluation,0.995
HOUSEHOLD_1_063_TX_2_evaluation,0.9
HOUSEHOLD_1_064_TX_2_evaluation,0.9
HOUSEHOLD_1_064_TX_3_evaluation,0.9
HOUSEHOLD_1_065_TX_1_evaluation,0.98
HOUSEHOLD_1_066_CA_4_evaluation,0.95
HOUSEHOLD_1_067_TX_3_evaluation,1.0
HOUSEHOLD_1_067_WI_2_evaluation,0.95
HOUSEHOLD_1_068_CA_3_evaluation,0.98
HOUSEHOLD_1_068_WI_3_evaluation,0.9
HOUSEHOLD_1_069_CA_2_evaluation,0.9
HOUSEHOLD_1_069_WI_3_evaluation,0.95
HOUSEHOLD_1_071_CA_1_evaluation,0.9
HOUSEHOLD_1_071_WI_1_evaluation,0.95
HOUSEHOLD_1_073_CA_3_evaluation,0.9
HOUSEHOLD_1_074_TX_1_evaluation,0.9
HOUSEHOLD_1_074_WI_2_evaluation,0.995
HOUSEHOLD_1_075_CA_1_evaluation,0.95
HOUSEHOLD_1_075_TX_1_evaluation,0.9
HOUSEHOLD_1_075_WI_1_evaluation,0.9
HOUSEHOLD_1_075_WI_3_evaluation,0.98
HOUSEHOLD_1_076_CA_4_evaluation,0.9
HOUSEHOLD_1_077_CA_3_evaluation,0.9
HOUSEHOLD_1_077_TX_3_evaluation,0.9
HOUSEHOLD_1_078_CA_2_evaluation,0.999
HOUSEHOLD_1_078_WI_2_evaluation,0.99
HOUSEHOLD_1_079_CA_3_evaluation,0.9
HOUSEHOLD_1_079_TX_1_evaluation,0.99
HOUSEHOLD_1_081_CA_1_evaluation,0.95
HOUSEHOLD_1_081_CA_3_evaluation,0.9
HOUSEHOLD_1_081_TX_3_evaluation,0.95
HOUSEHOLD_1_081_WI_3_evaluation,0.999
HOUSEHOLD_1_082_WI_1_evaluation,0.995
HOUSEHOLD_1_083_CA_1_evaluation,0.98
HOUSEHOLD_1_083_TX_1_evaluation,0.99
HOUSEHOLD_1_083_TX_3_evaluation,0.99
HOUSEHOLD_1_083_WI_3_evaluation,0.9
HOUSEHOLD_1_085_CA_1_evaluation,0.999
HOUSEHOLD_1_085_WI_2_evaluation,0.995
HOUSEHOLD_1_088_CA_1_evaluation,0.997
HOUSEHOLD_1_088_TX_1_evaluation,0.9
HOUSEHOLD_1_089_TX_3_evaluation,0.9
HOUSEHOLD_1_090_CA_1_evaluation,0.99
HOUSEHOLD_1_091_CA_1_evaluation,0.9
HOUSEHOLD_1_091_TX_1_evaluation,0.9
HOUSEHOLD_1_091_TX_3_evaluation,0.98
HOUSEHOLD_1_091_WI_1_evaluation,0.99
HOUSEHOLD_1_092_CA_2_evaluation,1.0
HOUSEHOLD_1_092_CA_3_evaluation,0.999
HOUSEHOLD_1_092_TX_1_evaluation,0.9
HOUSEHOLD_1_092_WI_2_evaluation,0.997
HOUSEHOLD_1_093_CA_2_evaluation,0.9
HOUSEHOLD_1_094_CA_4_evaluation,0.995
HOUSEHOLD_1_094_WI_3_evaluation,1.0
HOUSEHOLD_1_095_TX_3_evaluation,0.9
HOUSEHOLD_1_095_WI_1_evaluation,0.98
HOUSEHOLD_1_095_WI_2_evaluation,0.9
HOUSEHOLD_1_096_CA_3_evaluation,0.98
HOUSEHOLD_1_097_CA_3_evaluation,0.9
HOUSEHOLD_1_097_TX_1_evaluation,0.99
HOUSEHOLD_1_098_TX_1_evaluation,0.9
HOUSEHOLD_1_099_CA_2_evaluation,0.95
HOUSEHOLD_1_099_TX_3_evaluation,0.9
HOUSEHOLD_1_100_WI_1_evaluation,0.99
HOUSEHOLD_1_100_WI_3_evaluation,0.95
HOUSEHOLD_1_102_CA_4_evaluation,0.9
HOUSEHOLD_1_103_CA_1_evaluation,1.0
HOUSEHOLD_1_103_TX_1_evaluation,0.997
HOUSEHOLD_1_103_WI_3_evaluation,1.0
HOUSEHOLD_1_104_CA_1_evaluation,0.9
HOUSEHOLD_1_104_CA_2_evaluation,0.9
HOUSEHOLD_1_104_CA_4_evaluation,0.9
HOUSEHOLD_1_104_WI_1_evaluation,0.9
HOUSEHOLD_1_105_CA_1_evaluation,0.95
HOUSEHOLD_1_105_TX_1_evaluation,0.9
HOUSEHOLD_1_106_WI_2_evaluation,0.9
HOUSEHOLD_1_107_WI_2_evaluation,0.9
HOUSEHOLD_1_107_WI_3_evaluation,0.9
HOUSEHOLD_1_108_CA_2_evaluation,0.995
HOUSEHOLD_1_108_CA_4_evaluation,0.98
HOUSEHOLD_1_108_TX_1_evaluation,0.9
HOUSEHOLD_1_108_WI_3_evaluation,0.9
HOUSEHOLD_1_109_TX_1_evaluation,0.999
HOUSEHOLD_1_109_WI_3_evaluation,0.9
HOUSEHOLD_1_110_CA_1_evaluation,0.9
HOUSEHOLD_1_110_TX_2_evaluation,0.98
HOUSEHOLD_1_115_CA_3_evaluation,0.9
HOUSEHOLD_1_115_TX_1_evaluation,1.0
HOUSEHOLD_1_115_TX_2_evaluation,1.0
HOUSEHOLD_1_115_WI_3_evaluation,0.9
HOUSEHOLD_1_116_CA_3_evaluation,0.9
HOUSEHOLD_1_116_TX_3_evaluation,0.9
HOUSEHOLD_1_117_CA_1_evaluation,0.999
HOUSEHOLD_1_117_CA_4_evaluation,0.95
HOUSEHOLD_1_117_WI_3_evaluation,0.98
HOUSEHOLD_1_118_CA_2_evaluation,0.95
HOUSEHOLD_1_119_TX_1_evaluation,0.999
HOUSEHOLD_1_119_WI_1_evaluation,0.9
HOUSEHOLD_1_119_WI_2_evaluation,1.0
HOUSEHOLD_1_120_CA_3_evaluation,0.9
HOUSEHOLD_1_120_CA_4_evaluation,0.99
HOUSEHOLD_1_120_TX_1_evaluation,0.99
HOUSEHOLD_1_120_WI_3_evaluation,0.98
HOUSEHOLD_1_122_CA_2_evaluation,0.99
HOUSEHOLD_1_122_CA_3_evaluation,0.99
HOUSEHOLD_1_122_WI_1_evaluation,0.9
HOUSEHOLD_1_123_CA_1_evaluation,0.99
HOUSEHOLD_1_124_CA_1_evaluation,0.9
HOUSEHOLD_1_124_WI_2_evaluation,0.99
HOUSEHOLD_1_125_CA_2_evaluation,0.999
HOUSEHOLD_1_125_CA_3_evaluation,0.9
HOUSEHOLD_1_125_TX_1_evaluation,0.95
HOUSEHOLD_1_126_CA_3_evaluation,0.9
HOUSEHOLD_1_126_TX_1_evaluation,0.999
HOUSEHOLD_1_127_CA_4_evaluation,0.9
HOUSEHOLD_1_128_WI_1_evaluation,1.0
HOUSEHOLD_1_129_CA_4_evaluation,0.99
HOUSEHOLD_1_130_TX_1_evaluation,0.99
HOUSEHOLD_1_131_TX_1_evaluation,0.9
HOUSEHOLD_1_132_CA_4_evaluation,0.98
HOUSEHOLD_1_132_TX_2_evaluation,0.98
HOUSEHOLD_1_132_WI_1_evaluation,0.999
HOUSEHOLD_1_132_WI_3_evaluation,0.9
HOUSEHOLD_1_133_CA_4_evaluation,0.997
HOUSEHOLD_1_134_TX_1_evaluation,0.995
HOUSEHOLD_1_134_TX_3_evaluation,0.995
HOUSEHOLD_1_135_WI_3_evaluation,0.9
HOUSEHOLD_1_136_CA_4_evaluation,0.995
HOUSEHOLD_1_136_TX_3_evaluation,0.9
HOUSEHOLD_1_137_WI_2_evaluation,0.9
HOUSEHOLD_1_138_TX_3_evaluation,0.95
HOUSEHOLD_1_138_WI_3_evaluation,0.9
HOUSEHOLD_1_139_TX_2_evaluation,0.9
HOUSEHOLD_1_139_WI_3_evaluation,0.9
HOUSEHOLD_1_140_TX_1_evaluation,0.95
HOUSEHOLD_1_142_CA_4_evaluation,0.995
HOUSEHOLD_1_142_WI_3_evaluation,0.9
HOUSEHOLD_1_144_CA_3_evaluation,0.9
HOUSEHOLD_1_144_TX_2_evaluation,0.9
HOUSEHOLD_1_144_WI_3_evaluation,0.9
HOUSEHOLD_1_145_CA_2_evaluation,0.9
HOUSEHOLD_1_145_WI_3_evaluation,0.9
HOUSEHOLD_1_146_WI_2_evaluation,0.9
HOUSEHOLD_1_147_WI_3_evaluation,0.997
HOUSEHOLD_1_148_CA_1_evaluation,0.9
HOUSEHOLD_1_148_CA_4_evaluation,0.9
HOUSEHOLD_1_148_TX_2_evaluation,0.9
HOUSEHOLD_1_149_CA_1_evaluation,0.999
HOUSEHOLD_1_150_WI_1_evaluation,0.95
HOUSEHOLD_1_150_WI_2_evaluation,0.9
HOUSEHOLD_1_150_WI_3_evaluation,0.999
HOUSEHOLD_1_151_CA_3_evaluation,0.9
HOUSEHOLD_1_151_TX_3_evaluation,0.9
HOUSEHOLD_1_151_WI_1_evaluation,0.9
HOUSEHOLD_1_152_CA_3_evaluation,0.98
HOUSEHOLD_1_152_TX_1_evaluation,0.98
HOUSEHOLD_1_152_WI_1_evaluation,0.9
HOUSEHOLD_1_154_TX_1_evaluation,0.98
HOUSEHOLD_1_154_WI_3_evaluation,0.9
HOUSEHOLD_1_155_TX_1_evaluation,0.98
HOUSEHOLD_1_156_CA_2_evaluation,0.9
HOUSEHOLD_1_156_WI_2_evaluation,0.9
HOUSEHOLD_1_156_WI_3_evaluation,0.9
HOUSEHOLD_1_157_CA_1_evaluation,0.9
HOUSEHOLD_1_157_WI_2_evaluation,1.0
HOUSEHOLD_1_158_CA_1_evaluation,0.98
HOUSEHOLD_1_158_TX_2_evaluation,0.997
HOUSEHOLD_1_159_CA_4_evaluation,0.9
HOUSEHOLD_1_159_TX_1_evaluation,0.9
HOUSEHOLD_1_159_WI_2_evaluation,0.9
HOUSEHOLD_1_160_TX_1_evaluation,1.0
HOUSEHOLD_1_161_CA_4_evaluation,0.9
HOUSEHOLD_1_161_TX_2_evaluation,0.9
HOUSEHOLD_1_161_WI_3_evaluation,0.9
HOUSEHOLD_1_162_CA_1_evaluation,0.95
HOUSEHOLD_1_162_CA_4_evaluation,0.9
HOUSEHOLD_1_163_CA_1_evaluation,0.9
HOUSEHOLD_1_163_CA_4_evaluation,0.98
HOUSEHOLD_1_164_WI_2_evaluation,0.9
HOUSEHOLD_1_165_TX_1_evaluation,0.95
HOUSEHOLD_1_165_WI_1_evaluation,0.9
HOUSEHOLD_1_166_CA_4_evaluation,0.95
HOUSEHOLD_1_167_CA_1_evaluation,1.0
HOUSEHOLD_1_167_WI_2_evaluation,1.0
HOUSEHOLD_1_168_WI_1_evaluation,0.95
HOUSEHOLD_1_169_CA_2_evaluation,0.9
HOUSEHOLD_1_169_TX_2_evaluation,0.9
HOUSEHOLD_1_169_WI_2_evaluation,0.99
HOUSEHOLD_1_170_TX_3_evaluation,0.995
HOUSEHOLD_1_171_TX_2_evaluation,0.997
HOUSEHOLD_1_171_WI_2_evaluation,0.99
HOUSEHOLD_1_172_CA_1_evaluation,0.9
HOUSEHOLD_1_172_TX_3_evaluation,0.9
HOUSEHOLD_1_172_WI_3_evaluation,0.9
HOUSEHOLD_1_173_TX_3_evaluation,0.9
HOUSEHOLD_1_174_CA_2_evaluation,1.0
HOUSEHOLD_1_174_WI_1_evaluation,1.0
HOUSEHOLD_1_175_TX_2_evaluation,0.9
HOUSEHOLD_1_176_WI_1_evaluation,0.995
HOUSEHOLD_1_177_TX_2_evaluation,0.9
HOUSEHOLD_1_177_WI_1_evaluation,0.95
HOUSEHOLD_1_178_CA_4_evaluation,0.98
HOUSEHOLD_1_178_TX_3_evaluation,0.99
HOUSEHOLD_1_179_CA_2_evaluation,0.98
HOUSEHOLD_1_179_CA_3_evaluation,0.9
HOUSEHOLD_1_179_TX_2_evaluation,0.98
HOUSEHOLD_1_180_CA_1_evaluation,0.9
HOUSEHOLD_1_180_TX_1_evaluation,0.997
HOUSEHOLD_1_181_CA_1_evaluation,0.98
HOUSEHOLD_1_181_WI_2_evaluation,0.9
HOUSEHOLD_1_182_TX_1_evaluation,1.0
HOUSEHOLD_1_183_CA_2_evaluation,0.95
HOUSEHOLD_1_185_TX_3_evaluation,0.9
HOUSEHOLD_1_187_WI_2_evaluation,0.9
HOUSEHOLD_1_188_CA_2_evaluation,1.0
HOUSEHOLD_1_188_CA_3_evaluation,0.95
HOUSEHOLD_1_188_TX_1_evaluation,1.0
HOUSEHOLD_1_189_CA_1_evaluation,0.9
HOUSEHOLD_1_190_TX_2_evaluation,0.9
HOUSEHOLD_1_191_CA_3_evaluation,0.99
HOUSEHOLD_1_191_CA_4_evaluation,0.995
HOUSEHOLD_1_191_TX_1_evaluation,0.9
HOUSEHOLD_1_192_CA_1_evaluation,0.95
HOUSEHOLD_1_192_TX_2_evaluation,0.9
HOUSEHOLD_1_192_TX_3_evaluation,1.0
HOUSEHOLD_1_194_WI_1_evaluation,0.99
HOUSEHOLD_1_195_CA_2_evaluation,0.995
HOUSEHOLD_1_196_CA_1_evaluation,0.9
HOUSEHOLD_1_196_TX_3_evaluation,0.98
HOUSEHOLD_1_197_TX_2_evaluation,0.9
HOUSEHOLD_1_197_WI_3_evaluation,0.99
HOUSEHOLD_1_198_CA_2_evaluation,0.999
HOUSEHOLD_1_198_TX_1_evaluation,0.99
HOUSEHOLD_1_198_WI_2_evaluation,0.95
HOUSEHOLD_1_199_CA_1_evaluation,0.98
HOUSEHOLD_1_199_WI_3_evaluation,0.9
HOUSEHOLD_1_200_CA_1_evaluation,1.0
HOUSEHOLD_1_200_TX_2_evaluation,0.995
HOUSEHOLD_1_200_WI_1_evaluation,0.98
HOUSEHOLD_1_202_CA_4_evaluation,0.9
HOUSEHOLD_1_202_WI_2_evaluation,0.9
HOUSEHOLD_1_203_CA_3_evaluation,0.9
HOUSEHOLD_1_203_WI_3_evaluation,0.997
HOUSEHOLD_1_205_CA_1_evaluation,0.9
HOUSEHOLD_1_205_CA_4_evaluation,0.999
HOUSEHOLD_1_205_WI_3_evaluation,0.9
HOUSEHOLD_1_206_CA_2_evaluation,0.98
HOUSEHOLD_1_206_WI_1_evaluation,0.98
HOUSEHOLD_1_207_TX_2_evaluation,0.9
HOUSEHOLD_1_207_TX_3_evaluation,0.95
HOUSEHOLD_1_207_WI_1_evaluation,0.98
HOUSEHOLD_1_208_CA_3_evaluation,0.9
HOUSEHOLD_1_209_CA_4_evaluation,0.9
HOUSEHOLD_1_209_TX_1_evaluation,0.9
HOUSEHOLD_1_209_WI_3_evaluation,0.9
HOUSEHOLD_1_210_CA_3_evaluation,0.99
HOUSEHOLD_1_210_TX_1_evaluation,0.999
HOUSEHOLD_1_210_WI_3_evaluation,0.98
HOUSEHOLD_1_211_TX_1_evaluation,1.0
HOUSEHOLD_1_211_TX_3_evaluation,0.99
HOUSEHOLD_1_211_WI_3_evaluation,0.9
HOUSEHOLD_1_212_TX_2_evaluation,0.9
HOUSEHOLD_1_212_WI_1_evaluation,0.9
HOUSEHOLD_1_212_WI_2_evaluation,0.95
HOUSEHOLD_1_214_CA_4_evaluation,0.9
HOUSEHOLD_1_214_WI_1_evaluation,0.9
HOUSEHOLD_1_215_TX_2_evaluation,0.98
HOUSEHOLD_1_216_WI_2_evaluation,0.9
HOUSEHOLD_1_217_TX_3_evaluation,0.9
HOUSEHOLD_1_218_WI_2_evaluation,0.995
HOUSEHOLD_1_219_CA_2_evaluation,0.995
HOUSEHOLD_1_219_CA_4_evaluation,0.9
HOUSEHOLD_1_220_CA_2_evaluation,0.98
HOUSEHOLD_1_220_TX_1_evaluation,0.95
HOUSEHOLD_1_221_TX_2_evaluation,0.9
HOUSEHOLD_1_221_WI_2_evaluation,0.9
HOUSEHOLD_1_221_WI_3_evaluation,0.9
HOUSEHOLD_1_222_TX_1_evaluation,1.0
HOUSEHOLD_1_222_TX_2_evaluation,1.0
HOUSEHOLD_1_222_WI_3_evaluation,1.0
HOUSEHOLD_1_223_CA_4_evaluation,1.0
HOUSEHOLD_1_223_WI_2_evaluation,1.0
HOUSEHOLD_1_224_WI_3_evaluation,0.95
HOUSEHOLD_1_225_CA_4_evaluation,0.9
HOUSEHOLD_1_225_TX_3_evaluation,0.99
HOUSEHOLD_1_225_WI_3_evaluation,0.95
HOUSEHOLD_1_226_CA_3_evaluation,0.9
HOUSEHOLD_1_227_CA_2_evaluation,0.9
HOUSEHOLD_1_227_TX_3_evaluation,0.9
HOUSEHOLD_1_228_CA_2_evaluation,0.98
HOUSEHOLD_1_228_TX_1_evaluation,0.995
HOUSEHOLD_1_228_WI_3_evaluation,0.9
HOUSEHOLD_1_229_CA_3_evaluation,0.9
HOUSEHOLD_1_229_TX_3_evaluation,0.95
HOUSEHOLD_1_229_WI_1_evaluation,0.95
HOUSEHOLD_1_230_CA_3_evaluation,0.9
HOUSEHOLD_1_231_CA_2_evaluation,0.9
HOUSEHOLD_1_231_TX_2_evaluation,0.9
HOUSEHOLD_1_232_CA_2_evaluation,0.995
HOUSEHOLD_1_232_CA_4_evaluation,0.99
HOUSEHOLD_1_232_TX_2_evaluation,0.995
HOUSEHOLD_1_232_WI_2_evaluation,0.997
HOUSEHOLD_1_233_TX_3_evaluation,0.9
HOUSEHOLD_1_234_CA_1_evaluation,0.99
HOUSEHOLD_1_234_TX_3_evaluation,0.9
HOUSEHOLD_1_234_WI_3_evaluation,0.9
HOUSEHOLD_1_235_CA_2_evaluation,0.9
HOUSEHOLD_1_236_WI_2_evaluation,0.99
HOUSEHOLD_1_237_CA_2_evaluation,0.9
HOUSEHOLD_1_237_TX_2_evaluation,0.9
HOUSEHOLD_1_237_WI_3_evaluation,0.9
HOUSEHOLD_1_239_TX_2_evaluation,0.9
HOUSEHOLD_1_241_CA_2_evaluation,0.95
HOUSEHOLD_1_241_WI_2_evaluation,0.997
HOUSEHOLD_1_242_TX_1_evaluation,0.9
HOUSEHOLD_1_242_WI_1_evaluation,0.9
HOUSEHOLD_1_243_WI_2_evaluation,0.95
HOUSEHOLD_1_245_TX_1_evaluation,0.9
HOUSEHOLD_1_246_CA_2_evaluation,0.9
HOUSEHOLD_1_246_TX_3_evaluation,0.9
HOUSEHOLD_1_246_WI_1_evaluation,0.9
HOUSEHOLD_1_247_CA_4_evaluation,0.9
HOUSEHOLD_1_247_TX_2_evaluation,0.9
HOUSEHOLD_1_247_TX_3_evaluation,0.9
HOUSEHOLD_1_248_CA_2_evaluation,0.98
HOUSEHOLD_1_248_TX_2_evaluation,0.95
HOUSEHOLD_1_249_TX_3_evaluation,0.98
HOUSEHOLD_1_249_WI_3_evaluation,0.99
HOUSEHOLD_1_250_WI_2_evaluation,0.9
HOUSEHOLD_1_251_CA_3_evaluation,0.9
HOUSEHOLD_1_252_CA_1_evaluation,0.98
HOUSEHOLD_1_252_CA_2_evaluation,1.0
HOUSEHOLD_1_252_CA_3_evaluation,0.9
HOUSEHOLD_1_252_WI_2_evaluation,0.995
HOUSEHOLD_1_253_CA_4_evaluation,0.9
HOUSEHOLD_1_253_WI_1_evaluation,0.9
HOUSEHOLD_1_254_TX_2_evaluation,0.9
HOUSEHOLD_1_254_TX_3_evaluation,0.9
HOUSEHOLD_1_256_TX_1_evaluation,0.9
HOUSEHOLD_1_256_WI_1_evaluation,0.9
HOUSEHOLD_1_257_CA_3_evaluation,0.98
HOUSEHOLD_1_257_CA_4_evaluation,0.9
HOUSEHOLD_1_258_TX_2_evaluation,0.9
HOUSEHOLD_1_258_WI_3_evaluation,0.9
HOUSEHOLD_1_260_CA_4_evaluation,0.9
HOUSEHOLD_1_260_TX_1_evaluation,0.9
HOUSEHOLD_1_260_TX_3_evaluation,0.9
HOUSEHOLD_1_262_CA_2_evaluation,0.9
HOUSEHOLD_1_262_WI_1_evaluation,0.9
HOUSEHOLD_1_262_WI_3_evaluation,0.9
HOUSEHOLD_1_263_WI_1_evaluation,0.99
HOUSEHOLD_1_264_CA_3_evaluation,0.9
HOUSEHOLD_1_264_TX_2_evaluation,0.9
HOUSEHOLD_1_265_TX_2_evaluation,0.9
HOUSEHOLD_1_265_WI_1_evaluation,0.99
HOUSEHOLD_1_265_WI_3_evaluation,1.0
HOUSEHOLD_1_266_CA_1_evaluation,0.9
HOUSEHOLD_1_266_TX_1_evaluation,0.9
HOUSEHOLD_1_266_TX_2_evaluation,0.9
HOUSEHOLD_1_266_TX_3_evaluation,0.9
HOUSEHOLD_1_266_WI_3_evaluation,0.9
HOUSEHOLD_1_267_CA_1_evaluation,0.9
HOUSEHOLD_1_268_CA_4_evaluation,0.99
HOUSEHOLD_1_270_TX_2_evaluation,0.9
HOUSEHOLD_1_270_WI_2_evaluation,1.0
HOUSEHOLD_1_271_WI_1_evaluation,0.9
HOUSEHOLD_1_272_TX_1_evaluation,0.98
HOUSEHOLD_1_274_WI_2_evaluation,0.9
HOUSEHOLD_1_275_CA_1_evaluation,0.9
HOUSEHOLD_1_275_CA_3_evaluation,0.9
HOUSEHOLD_1_275_CA_4_evaluation,0.9
HOUSEHOLD_1_276_WI_2_evaluation,1.0
HOUSEHOLD_1_277_CA_3_evaluation,0.99
HOUSEHOLD_1_277_CA_4_evaluation,0.9
HOUSEHOLD_1_278_CA_1_evaluation,0.9
HOUSEHOLD_1_278_WI_3_evaluation,1.0
HOUSEHOLD_1_279_CA_1_evaluation,0.9
HOUSEHOLD_1_279_CA_2_evaluation,0.9
HOUSEHOLD_1_279_CA_3_evaluation,0.98
HOUSEHOLD_1_281_TX_1_evaluation,0.9
HOUSEHOLD_1_282_CA_3_evaluation,0.98
HOUSEHOLD_1_283_CA_4_evaluation,0.9
HOUSEHOLD_1_283_TX_3_evaluation,0.9
HOUSEHOLD_1_284_CA_1_evaluation,0.9
HOUSEHOLD_1_284_CA_4_evaluation,0.9
HOUSEHOLD_1_284_TX_1_evaluation,0.9
HOUSEHOLD_1_285_CA_4_evaluation,0.95
HOUSEHOLD_1_285_WI_2_evaluation,0.98
HOUSEHOLD_1_286_CA_3_evaluation,0.9
HOUSEHOLD_1_286_TX_3_evaluation,0.9
HOUSEHOLD_1_286_WI_2_evaluation,0.9
HOUSEHOLD_1_287_CA_3_evaluation,0.95
HOUSEHOLD_1_287_TX_2_evaluation,0.9
HOUSEHOLD_1_288_CA_2_evaluation,0.9
HOUSEHOLD_1_288_TX_2_evaluation,0.95
HOUSEHOLD_1_289_TX_2_evaluation,0.98
HOUSEHOLD_1_289_TX_3_evaluation,0.99
HOUSEHOLD_1_289_WI_1_evaluation,0.95
HOUSEHOLD_1_289_WI_2_evaluation,0.9
HOUSEHOLD_1_290_CA_3_evaluation,0.9
HOUSEHOLD_1_290_TX_2_evaluation,0.98
HOUSEHOLD_1_290_WI_3_evaluation,0.9
HOUSEHOLD_1_291_WI_1_evaluation,0.99
HOUSEHOLD_1_292_TX_3_evaluation,0.995
HOUSEHOLD_1_293_CA_1_evaluation,0.9
HOUSEHOLD_1_293_WI_1_evaluation,0.9
HOUSEHOLD_1_294_TX_1_evaluation,0.95
HOUSEHOLD_1_296_CA_4_evaluation,0.9
HOUSEHOLD_1_296_WI_3_evaluation,0.9
HOUSEHOLD_1_297_CA_1_evaluation,0.9
HOUSEHOLD_1_297_WI_2_evaluation,0.9
HOUSEHOLD_1_299_TX_1_evaluation,0.9
HOUSEHOLD_1_300_CA_1_evaluation,0.9
HOUSEHOLD_1_300_TX_1_evaluation,0.9
HOUSEHOLD_1_300_TX_2_evaluation,0.9
HOUSEHOLD_1_301_CA_2_evaluation,0.999
HOUSEHOLD_1_301_TX_2_evaluation,0.999
HOUSEHOLD_1_302_CA_3_evaluation,0.9
HOUSEHOLD_1_302_TX_3_evaluation,0.9
HOUSEHOLD_1_302_WI_3_evaluation,1.0
HOUSEHOLD_1_303_CA_2_evaluation,0.95
HOUSEHOLD_1_303_TX_1_evaluation,0.995
HOUSEHOLD_1_303_TX_3_evaluation,0.9
HOUSEHOLD_1_304_CA_2_evaluation,0.98
HOUSEHOLD_1_304_TX_2_evaluation,0.995
HOUSEHOLD_1_304_TX_3_evaluation,0.98
HOUSEHOLD_1_304_WI_1_evaluation,0.995
HOUSEHOLD_1_305_CA_2_evaluation,0.9
HOUSEHOLD_1_307_TX_3_evaluation,0.9
HOUSEHOLD_1_308_CA_1_evaluation,0.9
HOUSEHOLD_1_308_CA_2_evaluation,0.9
HOUSEHOLD_1_308_TX_2_evaluation,0.9
HOUSEHOLD_1_309_TX_2_evaluation,0.99
HOUSEHOLD_1_310_CA_1_evaluation,0.98
HOUSEHOLD_1_310_CA_4_evaluation,0.995
HOUSEHOLD_1_310_TX_1_evaluation,0.9
HOUSEHOLD_1_310_WI_1_evaluation,0.98
HOUSEHOLD_1_310_WI_2_evaluation,0.98
HOUSEHOLD_1_311_CA_1_evaluation,0.9
HOUSEHOLD_1_311_CA_2_evaluation,0.9
HOUSEHOLD_1_311_TX_2_evaluation,0.9
HOUSEHOLD_1_311_WI_3_evaluation,0.9
HOUSEHOLD_1_312_CA_1_evaluation,0.98
HOUSEHOLD_1_313_TX_3_evaluation,1.0
HOUSEHOLD_1_313_WI_1_evaluation,1.0
HOUSEHOLD_1_314_CA_2_evaluation,0.9
HOUSEHOLD_1_314_CA_3_evaluation,0.9
HOUSEHOLD_1_314_WI_2_evaluation,0.9
HOUSEHOLD_1_315_CA_2_evaluation,0.95
HOUSEHOLD_1_315_WI_2_evaluation,0.98
HOUSEHOLD_1_316_TX_1_evaluation,0.98
HOUSEHOLD_1_316_WI_3_evaluation,1.0
HOUSEHOLD_1_317_CA_4_evaluation,0.9
HOUSEHOLD_1_317_TX_3_evaluation,0.9
HOUSEHOLD_1_318_CA_4_evaluation,0.9
HOUSEHOLD_1_319_WI_1_evaluation,0.95
HOUSEHOLD_1_321_TX_2_evaluation,0.95
HOUSEHOLD_1_322_CA_3_evaluation,0.9
HOUSEHOLD_1_322_WI_1_evaluation,0.9
HOUSEHOLD_1_323_TX_2_evaluation,0.999
HOUSEHOLD_1_323_WI_1_evaluation,0.997
HOUSEHOLD_1_324_TX_1_evaluation,0.95
HOUSEHOLD_1_324_TX_3_evaluation,0.95
HOUSEHOLD_1_325_CA_1_evaluation,0.9
HOUSEHOLD_1_326_CA_2_evaluation,0.995
HOUSEHOLD_1_327_CA_4_evaluation,0.99
HOUSEHOLD_1_327_TX_2_evaluation,0.99
HOUSEHOLD_1_327_WI_1_evaluation,0.9
HOUSEHOLD_1_329_CA_4_evaluation,1.0
HOUSEHOLD_1_329_WI_2_evaluation,0.9
HOUSEHOLD_1_330_CA_1_evaluation,0.9
HOUSEHOLD_1_330_WI_2_evaluation,0.9
HOUSEHOLD_1_331_WI_3_evaluation,0.9
HOUSEHOLD_1_333_WI_3_evaluation,0.95
HOUSEHOLD_1_334_CA_1_evaluation,0.9
HOUSEHOLD_1_335_CA_4_evaluation,0.9
HOUSEHOLD_1_336_CA_1_evaluation,0.9
HOUSEHOLD_1_336_CA_2_evaluation,0.95
HOUSEHOLD_1_336_WI_3_evaluation,0.9
HOUSEHOLD_1_337_CA_1_evaluation,0.9
HOUSEHOLD_1_337_TX_1_evaluation,0.99
HOUSEHOLD_1_337_TX_2_evaluation,0.997
HOUSEHOLD_1_338_TX_2_evaluation,0.9
HOUSEHOLD_1_339_CA_2_evaluation,0.995
HOUSEHOLD_1_339_CA_4_evaluation,0.99
HOUSEHOLD_1_340_CA_2_evaluation,0.995
HOUSEHOLD_1_340_TX_1_evaluation,0.99
HOUSEHOLD_1_341_CA_2_evaluation,1.0
HOUSEHOLD_1_341_WI_1_evaluation,0.9
HOUSEHOLD_1_342_TX_2_evaluation,0.9
HOUSEHOLD_1_343_CA_2_evaluation,0.999
HOUSEHOLD_1_343_CA_3_evaluation,0.9
HOUSEHOLD_1_344_WI_1_evaluation,0.9
HOUSEHOLD_1_345_CA_1_evaluation,0.9
HOUSEHOLD_1_345_TX_3_evaluation,0.995
HOUSEHOLD_1_346_WI_3_evaluation,0.99
HOUSEHOLD_1_347_WI_3_evaluation,0.9
HOUSEHOLD_1_348_TX_3_evaluation,0.9
HOUSEHOLD_1_351_CA_3_evaluation,0.997
HOUSEHOLD_1_351_CA_4_evaluation,0.9
HOUSEHOLD_1_351_WI_2_evaluation,0.995
HOUSEHOLD_1_354_CA_2_evaluation,0.95
HOUSEHOLD_1_355_CA_2_evaluation,0.98
HOUSEHOLD_1_355_CA_3_evaluation,0.9
HOUSEHOLD_1_356_TX_3_evaluation,0.9
HOUSEHOLD_1_357_TX_1_evaluation,0.9
HOUSEHOLD_1_357_TX_3_evaluation,0.995
HOUSEHOLD_1_358_TX_1_evaluation,0.995
HOUSEHOLD_1_359_WI_2_evaluation,0.99
HOUSEHOLD_1_359_WI_3_evaluation,0.997
HOUSEHOLD_1_360_CA_1_evaluation,0.997
HOUSEHOLD_1_360_TX_2_evaluation,0.98
HOUSEHOLD_1_360_WI_1_evaluation,0.997
HOUSEHOLD_1_361_CA_1_evaluation,0.98
HOUSEHOLD_1_361_TX_2_evaluation,0.98
HOUSEHOLD_1_361_WI_3_evaluation,0.995
HOUSEHOLD_1_362_CA_4_evaluation,0.995
HOUSEHOLD_1_362_WI_3_evaluation,0.997
HOUSEHOLD_1_363_TX_1_evaluation,0.9
HOUSEHOLD_1_363_WI_3_evaluation,0.9
HOUSEHOLD_1_364_CA_3_evaluation,0.95
HOUSEHOLD_1_364_TX_1_evaluation,0.95
HOUSEHOLD_1_365_CA_4_evaluation,0.95
HOUSEHOLD_1_365_TX_2_evaluation,0.997
HOUSEHOLD_1_366_CA_3_evaluation,0.99
HOUSEHOLD_1_366_CA_4_evaluation,0.99
HOUSEHOLD_1_367_CA_4_evaluation,0.9
HOUSEHOLD_1_367_TX_3_evaluation,0.99
HOUSEHOLD_1_367_WI_2_evaluation,0.9
HOUSEHOLD_1_368_CA_1_evaluation,0.997
HOUSEHOLD_1_368_CA_3_evaluation,1.0
HOUSEHOLD_1_368_CA_4_evaluation,0.95
HOUSEHOLD_1_368_WI_1_evaluation,1.0
HOUSEHOLD_1_368_WI_3_evaluation,0.99
HOUSEHOLD_1_369_CA_2_evaluation,0.99
HOUSEHOLD_1_369_TX_2_evaluation,0.9
HOUSEHOLD_1_369_WI_2_evaluation,0.98
HOUSEHOLD_1_370_TX_2_evaluation,0.9
HOUSEHOLD_1_370_WI_1_evaluation,0.9
HOUSEHOLD_1_371_WI_2_evaluation,0.9
HOUSEHOLD_1_372_CA_2_evaluation,0.9
HOUSEHOLD_1_372_TX_1_evaluation,0.95
HOUSEHOLD_1_373_CA_3_evaluation,0.995
HOUSEHOLD_1_373_CA_4_evaluation,0.98
HOUSEHOLD_1_374_TX_1_evaluation,0.99
HOUSEHOLD_1_374_WI_1_evaluation,0.997
HOUSEHOLD_1_375_TX_2_evaluation,0.9
HOUSEHOLD_1_376_CA_1_evaluation,0.98
HOUSEHOLD_1_376_CA_3_evaluation,0.9
HOUSEHOLD_1_376_WI_3_evaluation,0.9
HOUSEHOLD_1_377_TX_2_evaluation,0.95
HOUSEHOLD_1_378_WI_3_evaluation,0.9
HOUSEHOLD_1_379_CA_2_evaluation,0.995
HOUSEHOLD_1_379_TX_1_evaluation,0.95
HOUSEHOLD_1_379_WI_2_evaluation,1.0
HOUSEHOLD_1_380_CA_4_evaluation,0.9
HOUSEHOLD_1_381_CA_2_evaluation,0.99
HOUSEHOLD_1_381_WI_1_evaluation,0.9
HOUSEHOLD_1_382_WI_1_evaluation,0.9
HOUSEHOLD_1_384_WI_3_evaluation,0.9
HOUSEHOLD_1_385_CA_2_evaluation,0.9
HOUSEHOLD_1_386_WI_3_evaluation,0.98
HOUSEHOLD_1_387_TX_3_evaluation,0.95
HOUSEHOLD_1_388_TX_2_evaluation,0.9
HOUSEHOLD_1_388_WI_3_evaluation,0.9
HOUSEHOLD_1_389_CA_1_evaluation,0.997
HOUSEHOLD_1_389_TX_1_evaluation,0.95
HOUSEHOLD_1_389_TX_2_evaluation,0.98
HOUSEHOLD_1_389_WI_2_evaluation,0.99
HOUSEHOLD_1_393_CA_1_evaluation,0.95
HOUSEHOLD_1_394_CA_3_evaluation,0.9
HOUSEHOLD_1_395_CA_3_evaluation,0.995
HOUSEHOLD_1_397_CA_1_evaluation,0.9
HOUSEHOLD_1_397_CA_3_evaluation,0.995
HOUSEHOLD_1_397_WI_1_evaluation,0.98
HOUSEHOLD_1_398_WI_1_evaluation,0.999
HOUSEHOLD_1_399_CA_2_evaluation,0.9
HOUSEHOLD_1_399_WI_2_evaluation,0.98
HOUSEHOLD_1_399_WI_3_evaluation,0.9
HOUSEHOLD_1_400_CA_1_evaluation,0.99
HOUSEHOLD_1_400_TX_2_evaluation,0.995
HOUSEHOLD_1_401_WI_1_evaluation,0.9
HOUSEHOLD_1_402_TX_2_evaluation,0.9
HOUSEHOLD_1_403_CA_2_evaluation,0.98
HOUSEHOLD_1_403_TX_1_evaluation,1.0
HOUSEHOLD_1_403_WI_1_evaluation,0.95
HOUSEHOLD_1_405_CA_1_evaluation,0.9
HOUSEHOLD_1_406_CA_4_evaluation,0.995
HOUSEHOLD_1_407_WI_1_evaluation,0.9
HOUSEHOLD_1_408_CA_2_evaluation,0.9
HOUSEHOLD_1_408_WI_3_evaluation,1.0
HOUSEHOLD_1_409_CA_2_evaluation,0.98
HOUSEHOLD_1_409_TX_3_evaluation,0.95
HOUSEHOLD_1_409_WI_1_evaluation,0.9
HOUSEHOLD_1_412_TX_2_evaluation,0.995
HOUSEHOLD_1_413_WI_2_evaluation,0.999
HOUSEHOLD_1_414_WI_3_evaluation,1.0
HOUSEHOLD_1_415_CA_3_evaluation,1.0
HOUSEHOLD_1_416_CA_1_evaluation,0.9
HOUSEHOLD_1_416_TX_3_evaluation,0.99
HOUSEHOLD_1_417_CA_1_evaluation,0.997
HOUSEHOLD_1_417_CA_2_evaluation,0.98
HOUSEHOLD_1_417_TX_3_evaluation,0.99
HOUSEHOLD_1_418_TX_3_evaluation,1.0
HOUSEHOLD_1_418_WI_2_evaluation,0.95
HOUSEHOLD_1_419_CA_2_evaluation,0.9
HOUSEHOLD_1_419_TX_2_evaluation,0.99
HOUSEHOLD_1_419_TX_3_evaluation,0.9
HOUSEHOLD_1_421_CA_3_evaluation,0.9
HOUSEHOLD_1_421_TX_2_evaluation,1.0
HOUSEHOLD_1_421_WI_1_evaluation,0.98
HOUSEHOLD_1_423_CA_2_evaluation,0.9
HOUSEHOLD_1_424_CA_3_evaluation,0.9
HOUSEHOLD_1_425_CA_1_evaluation,0.9
HOUSEHOLD_1_426_TX_2_evaluation,0.997
HOUSEHOLD_1_426_TX_3_evaluation,0.9
HOUSEHOLD_1_428_CA_3_evaluation,0.9
HOUSEHOLD_1_428_CA_4_evaluation,1.0
HOUSEHOLD_1_428_TX_2_evaluation,0.95
HOUSEHOLD_1_428_WI_2_evaluation,0.95
HOUSEHOLD_1_429_CA_3_evaluation,0.9
HOUSEHOLD_1_430_TX_3_evaluation,0.9
HOUSEHOLD_1_431_TX_1_evaluation,0.95
HOUSEHOLD_1_431_TX_2_evaluation,0.9
HOUSEHOLD_1_431_WI_1_evaluation,0.9
HOUSEHOLD_1_431_WI_3_evaluation,0.95
HOUSEHOLD_1_433_CA_2_evaluation,0.9
HOUSEHOLD_1_434_TX_1_evaluation,0.9
HOUSEHOLD_1_434_TX_3_evaluation,0.95
HOUSEHOLD_1_434_WI_3_evaluation,0.9
HOUSEHOLD_1_435_CA_1_evaluation,0.9
HOUSEHOLD_1_435_CA_4_evaluation,0.9
HOUSEHOLD_1_435_WI_1_evaluation,0.9
HOUSEHOLD_1_436_CA_1_evaluation,0.9
HOUSEHOLD_1_436_WI_2_evaluation,0.9
HOUSEHOLD_1_436_WI_3_evaluation,0.9
HOUSEHOLD_1_437_TX_3_evaluation,0.99
HOUSEHOLD_1_437_WI_3_evaluation,0.995
HOUSEHOLD_1_438_CA_4_evaluation,1.0
HOUSEHOLD_1_438_TX_1_evaluation,0.995
HOUSEHOLD_1_439_CA_3_evaluation,0.99
HOUSEHOLD_1_439_TX_2_evaluation,0.997
HOUSEHOLD_1_440_CA_3_evaluation,0.95
HOUSEHOLD_1_440_WI_1_evaluation,0.95
HOUSEHOLD_1_441_CA_1_evaluation,0.9
HOUSEHOLD_1_442_CA_3_evaluation,0.9
HOUSEHOLD_1_443_CA_2_evaluation,0.9
HOUSEHOLD_1_443_TX_3_evaluation,0.9
HOUSEHOLD_1_444_WI_2_evaluation,0.9
HOUSEHOLD_1_447_WI_2_evaluation,0.9
HOUSEHOLD_1_448_CA_2_evaluation,0.9
HOUSEHOLD_1_448_CA_3_evaluation,0.9
HOUSEHOLD_1_449_CA_2_evaluation,0.9
HOUSEHOLD_1_449_WI_1_evaluation,0.9
HOUSEHOLD_1_450_WI_1_evaluation,0.95
HOUSEHOLD_1_451_CA_4_evaluation,0.995
HOUSEHOLD_1_451_WI_2_evaluation,0.9
HOUSEHOLD_1_452_CA_3_evaluation,0.95
HOUSEHOLD_1_452_WI_2_evaluation,0.995
HOUSEHOLD_1_453_TX_1_evaluation,0.95
HOUSEHOLD_1_454_CA_4_evaluation,0.99
HOUSEHOLD_1_455_CA_1_evaluation,0.9
HOUSEHOLD_1_455_CA_3_evaluation,0.9
HOUSEHOLD_1_455_CA_4_evaluation,0.9
HOUSEHOLD_1_455_WI_2_evaluation,0.9
HOUSEHOLD_1_456_WI_2_evaluation,0.9
HOUSEHOLD_1_457_CA_4_evaluation,0.9
HOUSEHOLD_1_457_TX_1_evaluation,0.9
HOUSEHOLD_1_458_CA_2_evaluation,0.99
HOUSEHOLD_1_458_TX_2_evaluation,0.95
HOUSEHOLD_1_458_WI_1_evaluation,0.99
HOUSEHOLD_1_458_WI_2_evaluation,0.995
HOUSEHOLD_1_458_WI_3_evaluation,0.9
HOUSEHOLD_1_459_CA_4_evaluation,0.9
HOUSEHOLD_1_459_TX_1_evaluation,0.997
HOUSEHOLD_1_459_WI_3_evaluation,0.9
HOUSEHOLD_1_460_WI_2_evaluation,1.0
HOUSEHOLD_1_462_CA_2_evaluation,0.9
HOUSEHOLD_1_462_CA_4_evaluation,0.95
HOUSEHOLD_1_462_TX_1_evaluation,0.997
HOUSEHOLD_1_463_WI_2_evaluation,0.9
HOUSEHOLD_1_464_WI_2_evaluation,0.997
HOUSEHOLD_1_464_WI_3_evaluation,0.9
HOUSEHOLD_1_465_CA_3_evaluation,0.997
HOUSEHOLD_1_465_WI_3_evaluation,0.9
HOUSEHOLD_1_466_TX_2_evaluation,0.9
HOUSEHOLD_1_467_CA_2_evaluation,0.9
HOUSEHOLD_1_468_TX_1_evaluation,0.99
HOUSEHOLD_1_468_WI_1_evaluation,0.98
HOUSEHOLD_1_469_CA_4_evaluation,0.9
HOUSEHOLD_1_470_CA_1_evaluation,0.9
HOUSEHOLD_1_471_TX_1_evaluation,0.9
HOUSEHOLD_1_471_WI_1_evaluation,0.9
HOUSEHOLD_1_472_CA_2_evaluation,0.95
HOUSEHOLD_1_472_WI_3_evaluation,0.95
HOUSEHOLD_1_473_CA_3_evaluation,0.98
HOUSEHOLD_1_473_TX_1_evaluation,0.99
HOUSEHOLD_1_473_TX_3_evaluation,0.9
HOUSEHOLD_1_474_CA_4_evaluation,0.997
HOUSEHOLD_1_474_WI_1_evaluation,0.99
HOUSEHOLD_1_475_WI_3_evaluation,0.9
HOUSEHOLD_1_476_CA_4_evaluation,0.9
HOUSEHOLD_1_476_WI_3_evaluation,0.9
HOUSEHOLD_1_477_CA_3_evaluation,0.995
HOUSEHOLD_1_477_WI_3_evaluation,1.0
HOUSEHOLD_1_479_CA_3_evaluation,0.99
HOUSEHOLD_1_479_TX_1_evaluation,0.999
HOUSEHOLD_1_479_WI_1_evaluation,0.997
HOUSEHOLD_1_479_WI_3_evaluation,0.95
HOUSEHOLD_1_480_CA_1_evaluation,0.9
HOUSEHOLD_1_480_CA_2_evaluation,0.9
HOUSEHOLD_1_481_CA_2_evaluation,1.0
HOUSEHOLD_1_481_WI_1_evaluation,1.0
HOUSEHOLD_1_481_WI_2_evaluation,0.995
HOUSEHOLD_1_482_WI_1_evaluation,0.98
HOUSEHOLD_1_482_WI_2_evaluation,0.95
HOUSEHOLD_1_483_WI_2_evaluation,0.995
HOUSEHOLD_1_483_WI_3_evaluation,1.0
HOUSEHOLD_1_484_TX_2_evaluation,0.9
HOUSEHOLD_1_484_WI_3_evaluation,0.9
HOUSEHOLD_1_485_WI_2_evaluation,0.9
HOUSEHOLD_1_486_CA_2_evaluation,0.99
HOUSEHOLD_1_486_WI_1_evaluation,0.999
HOUSEHOLD_1_487_TX_1_evaluation,0.98
HOUSEHOLD_1_487_WI_2_evaluation,1.0
HOUSEHOLD_1_489_TX_1_evaluation,0.9
HOUSEHOLD_1_489_TX_3_evaluation,0.9
HOUSEHOLD_1_492_CA_4_evaluation,1.0
HOUSEHOLD_1_494_TX_1_evaluation,0.95
HOUSEHOLD_1_494_TX_2_evaluation,1.0
HOUSEHOLD_1_494_WI_2_evaluation,0.9
HOUSEHOLD_1_495_TX_2_evaluation,0.9
HOUSEHOLD_1_496_TX_1_evaluation,0.9
HOUSEHOLD_1_497_CA_1_evaluation,0.9
HOUSEHOLD_1_497_WI_3_evaluation,0.9
HOUSEHOLD_1_498_CA_4_evaluation,0.95
HOUSEHOLD_1_499_CA_1_evaluation,0.995
HOUSEHOLD_1_499_TX_2_evaluation,0.995
HOUSEHOLD_1_499_WI_3_evaluation,0.995
HOUSEHOLD_1_500_CA_1_evaluation,0.9
HOUSEHOLD_1_500_CA_4_evaluation,0.98
HOUSEHOLD_1_500_TX_2_evaluation,0.98
HOUSEHOLD_1_501_WI_2_evaluation,0.9
HOUSEHOLD_1_502_CA_4_evaluation,0.9
HOUSEHOLD_1_502_WI_1_evaluation,0.9
HOUSEHOLD_1_503_CA_2_evaluation,0.95
HOUSEHOLD_1_503_WI_1_evaluation,0.995
HOUSEHOLD_1_503_WI_3_evaluation,0.9
HOUSEHOLD_1_504_TX_1_evaluation,0.997
HOUSEHOLD_1_504_WI_1_evaluation,0.98
HOUSEHOLD_1_505_TX_2_evaluation,0.995
HOUSEHOLD_1_505_WI_1_evaluation,0.95
HOUSEHOLD_1_506_CA_3_evaluation,0.997
HOUSEHOLD_1_506_TX_2_evaluation,0.9
HOUSEHOLD_1_506_WI_3_evaluation,0.99
HOUSEHOLD_1_507_CA_4_evaluation,0.999
HOUSEHOLD_1_507_WI_1_evaluation,0.997
HOUSEHOLD_1_508_TX_1_evaluation,0.99
HOUSEHOLD_1_508_TX_2_evaluation,0.99
HOUSEHOLD_1_508_WI_3_evaluation,0.98
HOUSEHOLD_1_509_CA_4_evaluation,0.9
HOUSEHOLD_1_509_WI_2_evaluation,0.9
HOUSEHOLD_1_511_CA_1_evaluation,0.9
HOUSEHOLD_1_511_TX_3_evaluation,0.995
HOUSEHOLD_1_512_CA_1_evaluation,0.9
HOUSEHOLD_1_512_TX_2_evaluation,0.9
HOUSEHOLD_1_512_WI_1_evaluation,0.9
HOUSEHOLD_1_512_WI_3_evaluation,0.9
HOUSEHOLD_1_513_WI_3_evaluation,1.0
HOUSEHOLD_1_515_CA_3_evaluation,0.99
HOUSEHOLD_1_516_CA_4_evaluation,0.9
HOUSEHOLD_1_516_WI_1_evaluation,0.98
HOUSEHOLD_1_517_TX_1_evaluation,0.9
HOUSEHOLD_1_517_WI_1_evaluation,0.95
HOUSEHOLD_1_518_CA_3_evaluation,0.9
HOUSEHOLD_1_518_TX_2_evaluation,0.9
HOUSEHOLD_1_519_CA_1_evaluation,1.0
HOUSEHOLD_1_520_WI_1_evaluation,0.997
HOUSEHOLD_1_520_WI_3_evaluation,0.99
HOUSEHOLD_1_521_CA_2_evaluation,0.98
HOUSEHOLD_1_521_TX_3_evaluation,0.9
HOUSEHOLD_1_522_TX_1_evaluation,1.0
HOUSEHOLD_1_522_WI_1_evaluation,0.9
HOUSEHOLD_1_522_WI_2_evaluation,0.9
HOUSEHOLD_1_523_CA_4_evaluation,0.9
HOUSEHOLD_1_523_WI_2_evaluation,0.9
HOUSEHOLD_1_525_TX_3_evaluation,0.9
HOUSEHOLD_1_526_CA_2_evaluation,0.9
HOUSEHOLD_1_526_TX_2_evaluation,0.9
HOUSEHOLD_1_526_WI_3_evaluation,0.9
HOUSEHOLD_1_527_TX_1_evaluation,0.9
HOUSEHOLD_1_527_WI_1_evaluation,0.9
HOUSEHOLD_1_527_WI_2_evaluation,0.9
HOUSEHOLD_1_528_CA_4_evaluation,0.9
HOUSEHOLD_1_529_CA_3_evaluation,0.95
HOUSEHOLD_1_530_TX_1_evaluation,0.9
HOUSEHOLD_1_530_TX_3_evaluation,0.99
HOUSEHOLD_1_531_CA_3_evaluation,0.9
HOUSEHOLD_1_531_TX_3_evaluation,0.999
HOUSEHOLD_1_532_CA_3_evaluation,0.9
HOUSEHOLD_1_532_CA_4_evaluation,0.95
HOUSEHOLD_1_533_TX_3_evaluation,0.9
HOUSEHOLD_1_534_CA_1_evaluation,0.9
HOUSEHOLD_1_534_TX_1_evaluation,0.9
HOUSEHOLD_1_534_WI_1_evaluation,0.9
HOUSEHOLD_1_534_WI_2_evaluation,0.9
HOUSEHOLD_1_534_WI_3_evaluation,0.9
HOUSEHOLD_1_535_WI_2_evaluation,0.995
HOUSEHOLD_1_536_CA_1_evaluation,0.9
HOUSEHOLD_1_537_TX_3_evaluation,0.98
HOUSEHOLD_1_538_CA_3_evaluation,0.9
HOUSEHOLD_1_538_WI_2_evaluation,0.995
HOUSEHOLD_1_539_CA_3_evaluation,0.9
HOUSEHOLD_1_539_TX_1_evaluation,0.9
HOUSEHOLD_1_539_TX_3_evaluation,0.9
HOUSEHOLD_1_539_WI_3_evaluation,0.9
HOUSEHOLD_1_540_TX_1_evaluation,0.995
HOUSEHOLD_1_541_CA_2_evaluation,0.9
HOUSEHOLD_2_001_CA_1_evaluation,1.0
HOUSEHOLD_2_001_TX_1_evaluation,0.99
HOUSEHOLD_2_001_TX_3_evaluation,0.99
HOUSEHOLD_2_001_WI_1_evaluation,0.9
HOUSEHOLD_2_003_TX_3_evaluation,0.99
HOUSEHOLD_2_004_TX_1_evaluation,0.997
HOUSEHOLD_2_004_WI_1_evaluation,0.9
HOUSEHOLD_2_005_CA_3_evaluation,0.9
HOUSEHOLD_2_005_CA_4_evaluation,0.9
HOUSEHOLD_2_006_TX_1_evaluation,0.98
HOUSEHOLD_2_006_WI_2_evaluation,0.9
HOUSEHOLD_2_008_CA_3_evaluation,0.995
HOUSEHOLD_2_008_CA_4_evaluation,0.9
HOUSEHOLD_2_008_TX_2_evaluation,0.98
HOUSEHOLD_2_008_WI_1_evaluation,0.9
HOUSEHOLD_2_008_WI_3_evaluation,0.9
HOUSEHOLD_2_009_TX_1_evaluation,0.995
HOUSEHOLD_2_009_WI_1_evaluation,0.999
HOUSEHOLD_2_010_CA_1_evaluation,0.98
HOUSEHOLD_2_010_CA_4_evaluation,0.9
HOUSEHOLD_2_010_TX_1_evaluation,0.9
HOUSEHOLD_2_010_TX_2_evaluation,0.95
HOUSEHOLD_2_012_TX_2_evaluation,1.0
HOUSEHOLD_2_015_CA_3_evaluation,0.9
HOUSEHOLD_2_015_TX_3_evaluation,0.9
HOUSEHOLD_2_016_TX_1_evaluation,0.98
HOUSEHOLD_2_016_WI_1_evaluation,0.995
HOUSEHOLD_2_017_CA_4_evaluation,0.9
HOUSEHOLD_2_017_WI_1_evaluation,0.9
HOUSEHOLD_2_018_CA_1_evaluation,0.9
HOUSEHOLD_2_018_CA_2_evaluation,0.9
HOUSEHOLD_2_018_TX_1_evaluation,0.9
HOUSEHOLD_2_019_TX_2_evaluation,0.95
HOUSEHOLD_2_020_CA_1_evaluation,0.9
HOUSEHOLD_2_020_CA_2_evaluation,0.9
HOUSEHOLD_2_022_TX_3_evaluation,1.0
HOUSEHOLD_2_023_CA_3_evaluation,0.98
HOUSEHOLD_2_023_WI_1_evaluation,0.9
HOUSEHOLD_2_025_CA_4_evaluation,1.0
HOUSEHOLD_2_025_TX_3_evaluation,0.99
HOUSEHOLD_2_026_CA_1_evaluation,0.9
HOUSEHOLD_2_026_TX_2_evaluation,0.9
HOUSEHOLD_2_026_WI_3_evaluation,0.9
HOUSEHOLD_2_027_CA_3_evaluation,0.9
HOUSEHOLD_2_027_TX_3_evaluation,0.9
HOUSEHOLD_2_027_WI_3_evaluation,0.9
HOUSEHOLD_2_029_CA_2_evaluation,0.9
HOUSEHOLD_2_029_CA_4_evaluation,1.0
HOUSEHOLD_2_030_WI_1_evaluation,0.9
HOUSEHOLD_2_031_TX_2_evaluation,0.99
HOUSEHOLD_2_031_TX_3_evaluation,0.995
HOUSEHOLD_2_032_TX_1_evaluation,0.98
HOUSEHOLD_2_032_TX_3_evaluation,0.9
HOUSEHOLD_2_033_TX_1_evaluation,0.999
HOUSEHOLD_2_033_WI_3_evaluation,0.99
HOUSEHOLD_2_034_TX_2_evaluation,0.9
HOUSEHOLD_2_035_CA_4_evaluation,0.9
HOUSEHOLD_2_035_TX_3_evaluation,0.9
HOUSEHOLD_2_036_CA_3_evaluation,0.997
HOUSEHOLD_2_036_WI_2_evaluation,0.9
HOUSEHOLD_2_037_CA_3_evaluation,0.997
HOUSEHOLD_2_037_TX_1_evaluation,0.95
HOUSEHOLD_2_037_TX_3_evaluation,0.95
HOUSEHOLD_2_038_CA_1_evaluation,1.0
HOUSEHOLD_2_038_WI_1_evaluation,0.99
HOUSEHOLD_2_039_WI_1_evaluation,0.9
HOUSEHOLD_2_041_TX_2_evaluation,0.997
HOUSEHOLD_2_041_WI_1_evaluation,0.98
HOUSEHOLD_2_041_WI_3_evaluation,0.9
HOUSEHOLD_2_042_CA_2_evaluation,0.9
HOUSEHOLD_2_043_WI_3_evaluation,0.995
HOUSEHOLD_2_044_CA_3_evaluation,0.9
HOUSEHOLD_2_045_CA_2_evaluation,0.98
HOUSEHOLD_2_045_WI_1_evaluation,0.95
HOUSEHOLD_2_047_CA_1_evaluation,0.98
HOUSEHOLD_2_048_CA_2_evaluation,0.98
HOUSEHOLD_2_048_TX_2_evaluation,0.9
HOUSEHOLD_2_048_WI_3_evaluation,0.9
HOUSEHOLD_2_049_TX_2_evaluation,0.98
HOUSEHOLD_2_050_CA_2_evaluation,0.99
HOUSEHOLD_2_050_TX_2_evaluation,0.997
HOUSEHOLD_2_050_WI_2_evaluation,0.99
HOUSEHOLD_2_051_CA_2_evaluation,1.0
HOUSEHOLD_2_051_CA_3_evaluation,1.0
HOUSEHOLD_2_052_TX_3_evaluation,0.9
HOUSEHOLD_2_053_CA_2_evaluation,0.997
HOUSEHOLD_2_053_CA_4_evaluation,0.95
HOUSEHOLD_2_055_TX_3_evaluation,0.99
HOUSEHOLD_2_056_WI_2_evaluation,0.95
HOUSEHOLD_2_057_CA_4_evaluation,0.9
HOUSEHOLD_2_057_WI_3_evaluation,0.9
HOUSEHOLD_2_058_CA_1_evaluation,0.9
HOUSEHOLD_2_058_CA_2_evaluation,0.9
HOUSEHOLD_2_059_CA_3_evaluation,0.99
HOUSEHOLD_2_059_CA_4_evaluation,0.995
HOUSEHOLD_2_059_WI_1_evaluation,0.9
HOUSEHOLD_2_060_CA_2_evaluation,0.9
HOUSEHOLD_2_060_TX_2_evaluation,0.9
HOUSEHOLD_2_061_CA_2_evaluation,0.98
HOUSEHOLD_2_061_TX_3_evaluation,0.9
HOUSEHOLD_2_062_TX_1_evaluation,0.9
HOUSEHOLD_2_063_TX_2_evaluation,0.95
HOUSEHOLD_2_063_WI_3_evaluation,0.98
HOUSEHOLD_2_064_CA_3_evaluation,0.98
HOUSEHOLD_2_065_CA_3_evaluation,0.9
HOUSEHOLD_2_065_WI_2_evaluation,0.9
HOUSEHOLD_2_067_WI_1_evaluation,0.9
HOUSEHOLD_2_067_WI_3_evaluation,0.9
HOUSEHOLD_2_068_CA_1_evaluation,0.98
HOUSEHOLD_2_068_CA_2_evaluation,0.995
HOUSEHOLD_2_068_TX_1_evaluation,0.9
HOUSEHOLD_2_070_WI_1_evaluation,0.99
HOUSEHOLD_2_071_TX_2_evaluation,1.0
HOUSEHOLD_2_071_WI_1_evaluation,0.9
HOUSEHOLD_2_071_WI_2_evaluation,0.9
HOUSEHOLD_2_071_WI_3_evaluation,0.95
HOUSEHOLD_2_072_CA_3_evaluation,0.9
HOUSEHOLD_2_073_CA_2_evaluation,0.9
HOUSEHOLD_2_073_CA_4_evaluation,0.95
HOUSEHOLD_2_074_CA_3_evaluation,0.995
HOUSEHOLD_2_074_WI_3_evaluation,0.9
HOUSEHOLD_2_075_CA_3_evaluation,0.9
HOUSEHOLD_2_075_CA_4_evaluation,0.995
HOUSEHOLD_2_075_TX_1_evaluation,0.95
HOUSEHOLD_2_075_WI_1_evaluation,0.95
HOUSEHOLD_2_075_WI_2_evaluation,1.0
HOUSEHOLD_2_076_CA_1_evaluation,0.9
HOUSEHOLD_2_076_TX_1_evaluation,0.98
HOUSEHOLD_2_077_WI_2_evaluation,0.9
HOUSEHOLD_2_079_CA_3_evaluation,0.95
HOUSEHOLD_2_079_TX_2_evaluation,0.9
HOUSEHOLD_2_079_WI_2_evaluation,0.995
HOUSEHOLD_2_080_WI_2_evaluation,0.95
HOUSEHOLD_2_081_CA_1_evaluation,0.9
HOUSEHOLD_2_081_CA_4_evaluation,0.9
HOUSEHOLD_2_082_CA_1_evaluation,0.9
HOUSEHOLD_2_082_CA_4_evaluation,0.98
HOUSEHOLD_2_083_TX_2_evaluation,0.9
HOUSEHOLD_2_084_WI_1_evaluation,0.95
HOUSEHOLD_2_086_CA_2_evaluation,0.995
HOUSEHOLD_2_086_CA_3_evaluation,0.9
HOUSEHOLD_2_086_WI_2_evaluation,0.9
HOUSEHOLD_2_088_CA_1_evaluation,0.995
HOUSEHOLD_2_088_TX_3_evaluation,1.0
HOUSEHOLD_2_090_CA_4_evaluation,0.98
HOUSEHOLD_2_090_TX_1_evaluation,0.98
HOUSEHOLD_2_091_CA_2_evaluation,0.995
HOUSEHOLD_2_092_CA_1_evaluation,0.9
HOUSEHOLD_2_092_CA_3_evaluation,0.9
HOUSEHOLD_2_092_TX_2_evaluation,0.9
HOUSEHOLD_2_092_WI_1_evaluation,0.98
HOUSEHOLD_2_093_CA_1_evaluation,0.9
HOUSEHOLD_2_094_WI_1_evaluation,0.9
HOUSEHOLD_2_094_WI_3_evaluation,0.99
HOUSEHOLD_2_095_TX_2_evaluation,0.95
HOUSEHOLD_2_095_WI_1_evaluation,0.98
HOUSEHOLD_2_096_CA_4_evaluation,0.995
HOUSEHOLD_2_097_TX_3_evaluation,0.9
HOUSEHOLD_2_098_TX_3_evaluation,0.995
HOUSEHOLD_2_100_TX_1_evaluation,0.995
HOUSEHOLD_2_101_CA_3_evaluation,0.9
HOUSEHOLD_2_101_TX_1_evaluation,0.9
HOUSEHOLD_2_101_WI_1_evaluation,0.9
HOUSEHOLD_2_101_WI_3_evaluation,0.9
HOUSEHOLD_2_102_CA_4_evaluation,0.9
HOUSEHOLD_2_102_TX_3_evaluation,0.9
HOUSEHOLD_2_103_TX_1_evaluation,0.95
HOUSEHOLD_2_103_TX_2_evaluation,0.9
HOUSEHOLD_2_103_TX_3_evaluation,0.9
HOUSEHOLD_2_103_WI_2_evaluation,0.9
HOUSEHOLD_2_104_WI_3_evaluation,0.9
HOUSEHOLD_2_106_CA_3_evaluation,0.9
HOUSEHOLD_2_106_TX_2_evaluation,0.9
HOUSEHOLD_2_107_CA_4_evaluation,0.9
HOUSEHOLD_2_107_TX_2_evaluation,0.997
HOUSEHOLD_2_107_WI_3_evaluation,1.0
HOUSEHOLD_2_108_TX_3_evaluation,0.9
HOUSEHOLD_2_108_WI_1_evaluation,1.0
HOUSEHOLD_2_109_TX_2_evaluation,0.9
HOUSEHOLD_2_109_WI_1_evaluation,0.9
HOUSEHOLD_2_109_WI_3_evaluation,0.9
HOUSEHOLD_2_110_TX_3_evaluation,0.9
HOUSEHOLD_2_111_CA_2_evaluation,0.98
HOUSEHOLD_2_111_WI_1_evaluation,0.99
HOUSEHOLD_2_112_CA_2_evaluation,0.997
HOUSEHOLD_2_112_TX_2_evaluation,0.9
HOUSEHOLD_2_113_CA_1_evaluation,0.9
HOUSEHOLD_2_113_CA_4_evaluation,0.9
HOUSEHOLD_2_114_WI_1_evaluation,0.9
HOUSEHOLD_2_114_WI_2_evaluation,0.9
HOUSEHOLD_2_115_CA_4_evaluation,0.995
HOUSEHOLD_2_116_TX_3_evaluation,0.9
HOUSEHOLD_2_116_WI_1_evaluation,0.9
HOUSEHOLD_2_116_WI_3_evaluation,0.9
HOUSEHOLD_2_117_CA_1_evaluation,0.95
HOUSEHOLD_2_117_CA_4_evaluation,0.98
HOUSEHOLD_2_117_TX_2_evaluation,0.9
HOUSEHOLD_2_118_CA_1_evaluation,0.99
HOUSEHOLD_2_118_WI_3_evaluation,0.99
HOUSEHOLD_2_119_CA_4_evaluation,0.98
HOUSEHOLD_2_119_TX_1_evaluation,0.98
HOUSEHOLD_2_120_TX_3_evaluation,0.9
HOUSEHOLD_2_121_WI_2_evaluation,0.9
HOUSEHOLD_2_122_TX_2_evaluation,0.997
HOUSEHOLD_2_122_WI_2_evaluation,0.98
HOUSEHOLD_2_123_TX_1_evaluation,0.9
HOUSEHOLD_2_123_TX_2_evaluation,0.9
HOUSEHOLD_2_123_TX_3_evaluation,0.9
HOUSEHOLD_2_123_WI_1_evaluation,0.9
HOUSEHOLD_2_124_CA_4_evaluation,0.997
HOUSEHOLD_2_124_WI_3_evaluation,0.95
HOUSEHOLD_2_125_WI_2_evaluation,0.98
HOUSEHOLD_2_126_CA_2_evaluation,0.9
HOUSEHOLD_2_127_CA_1_evaluation,0.997
HOUSEHOLD_2_127_CA_4_evaluation,0.95
HOUSEHOLD_2_128_WI_1_evaluation,0.9
HOUSEHOLD_2_130_CA_3_evaluation,0.9
HOUSEHOLD_2_131_CA_3_evaluation,0.95
HOUSEHOLD_2_131_TX_2_evaluation,0.9
HOUSEHOLD_2_131_TX_3_evaluation,0.95
HOUSEHOLD_2_132_CA_3_evaluation,0.9
HOUSEHOLD_2_132_TX_3_evaluation,0.9
HOUSEHOLD_2_132_WI_1_evaluation,0.9
HOUSEHOLD_2_132_WI_2_evaluation,0.9
HOUSEHOLD_2_133_TX_1_evaluation,0.99
HOUSEHOLD_2_135_CA_2_evaluation,0.98
HOUSEHOLD_2_137_TX_3_evaluation,0.9
HOUSEHOLD_2_137_WI_1_evaluation,0.9
HOUSEHOLD_2_138_CA_2_evaluation,1.0
HOUSEHOLD_2_138_CA_3_evaluation,0.9
HOUSEHOLD_2_138_WI_3_evaluation,0.9
HOUSEHOLD_2_139_CA_2_evaluation,1.0
HOUSEHOLD_2_140_CA_1_evaluation,0.95
HOUSEHOLD_2_140_CA_2_evaluation,0.9
HOUSEHOLD_2_140_WI_3_evaluation,0.95
HOUSEHOLD_2_141_WI_2_evaluation,0.995
HOUSEHOLD_2_142_CA_4_evaluation,1.0
HOUSEHOLD_2_142_TX_1_evaluation,0.9
HOUSEHOLD_2_142_WI_1_evaluation,0.98
HOUSEHOLD_2_143_CA_2_evaluation,0.9
HOUSEHOLD_2_143_CA_3_evaluation,0.999
HOUSEHOLD_2_143_WI_1_evaluation,1.0
HOUSEHOLD_2_144_TX_1_evaluation,0.9
HOUSEHOLD_2_144_TX_2_evaluation,0.995
HOUSEHOLD_2_147_TX_1_evaluation,0.9
HOUSEHOLD_2_148_TX_3_evaluation,0.95
HOUSEHOLD_2_148_WI_2_evaluation,0.99
HOUSEHOLD_2_150_TX_2_evaluation,0.999
HOUSEHOLD_2_151_TX_3_evaluation,0.9
HOUSEHOLD_2_153_WI_2_evaluation,0.9
HOUSEHOLD_2_154_CA_3_evaluation,0.95
HOUSEHOLD_2_155_WI_1_evaluation,0.997
HOUSEHOLD_2_156_CA_3_evaluation,0.9
HOUSEHOLD_2_156_TX_1_evaluation,0.997
HOUSEHOLD_2_156_WI_3_evaluation,0.9
HOUSEHOLD_2_158_TX_3_evaluation,0.9
HOUSEHOLD_2_159_CA_2_evaluation,0.995
HOUSEHOLD_2_159_TX_1_evaluation,0.9
HOUSEHOLD_2_159_WI_2_evaluation,0.997
HOUSEHOLD_2_160_WI_3_evaluation,0.95
HOUSEHOLD_2_161_TX_3_evaluation,0.9
HOUSEHOLD_2_161_WI_2_evaluation,0.9
HOUSEHOLD_2_162_CA_2_evaluation,0.98
HOUSEHOLD_2_162_TX_2_evaluation,0.9
HOUSEHOLD_2_164_WI_1_evaluation,0.9
HOUSEHOLD_2_164_WI_3_evaluation,0.9
HOUSEHOLD_2_165_TX_2_evaluation,0.99
HOUSEHOLD_2_166_CA_1_evaluation,0.99
HOUSEHOLD_2_166_TX_3_evaluation,0.9
HOUSEHOLD_2_167_WI_1_evaluation,0.9
HOUSEHOLD_2_167_WI_2_evaluation,0.9
HOUSEHOLD_2_169_CA_4_evaluation,0.95
HOUSEHOLD_2_169_WI_2_evaluation,0.9
HOUSEHOLD_2_170_CA_2_evaluation,0.95
HOUSEHOLD_2_171_CA_2_evaluation,0.9
HOUSEHOLD_2_171_CA_4_evaluation,0.9
HOUSEHOLD_2_172_CA_4_evaluation,0.99
HOUSEHOLD_2_172_WI_1_evaluation,0.99
HOUSEHOLD_2_173_TX_3_evaluation,0.9
HOUSEHOLD_2_174_WI_3_evaluation,0.99
HOUSEHOLD_2_175_WI_1_evaluation,0.9
HOUSEHOLD_2_176_WI_2_evaluation,1.0
HOUSEHOLD_2_178_CA_3_evaluation,0.99
HOUSEHOLD_2_180_CA_1_evaluation,0.9
HOUSEHOLD_2_180_CA_4_evaluation,0.9
HOUSEHOLD_2_182_CA_2_evaluation,1.0
HOUSEHOLD_2_182_CA_4_evaluation,0.98
HOUSEHOLD_2_182_WI_1_evaluation,0.9
HOUSEHOLD_2_183_TX_2_evaluation,0.95
HOUSEHOLD_2_183_WI_1_evaluation,1.0
HOUSEHOLD_2_184_CA_4_evaluation,1.0
HOUSEHOLD_2_184_TX_3_evaluation,0.98
HOUSEHOLD_2_185_TX_3_evaluation,0.995
HOUSEHOLD_2_185_WI_1_evaluation,0.99
HOUSEHOLD_2_185_WI_3_evaluation,0.9
HOUSEHOLD_2_186_WI_3_evaluation,0.9
HOUSEHOLD_2_187_CA_2_evaluation,0.99
HOUSEHOLD_2_187_WI_2_evaluation,0.9
HOUSEHOLD_2_187_WI_3_evaluation,0.9
HOUSEHOLD_2_188_WI_3_evaluation,0.9
HOUSEHOLD_2_189_CA_1_evaluation,0.9
HOUSEHOLD_2_189_CA_3_evaluation,0.95
HOUSEHOLD_2_189_TX_3_evaluation,0.9
HOUSEHOLD_2_190_CA_2_evaluation,0.9
HOUSEHOLD_2_191_CA_2_evaluation,0.995
HOUSEHOLD_2_191_CA_4_evaluation,1.0
HOUSEHOLD_2_191_WI_3_evaluation,0.9
HOUSEHOLD_2_192_CA_1_evaluation,0.997
HOUSEHOLD_2_192_CA_2_evaluation,0.999
HOUSEHOLD_2_192_CA_4_evaluation,0.95
HOUSEHOLD_2_193_CA_3_evaluation,0.999
HOUSEHOLD_2_193_CA_4_evaluation,0.995
HOUSEHOLD_2_193_TX_2_evaluation,0.995
HOUSEHOLD_2_193_WI_3_evaluation,0.95
HOUSEHOLD_2_194_CA_1_evaluation,0.9
HOUSEHOLD_2_194_CA_4_evaluation,0.9
HOUSEHOLD_2_194_WI_1_evaluation,0.9
HOUSEHOLD_2_196_CA_4_evaluation,0.9
HOUSEHOLD_2_197_CA_1_evaluation,0.9
HOUSEHOLD_2_197_CA_3_evaluation,0.99
HOUSEHOLD_2_198_WI_1_evaluation,0.997
HOUSEHOLD_2_199_WI_2_evaluation,0.95
HOUSEHOLD_2_199_WI_3_evaluation,0.9
HOUSEHOLD_2_200_CA_1_evaluation,0.95
HOUSEHOLD_2_201_CA_3_evaluation,0.9
HOUSEHOLD_2_202_TX_2_evaluation,0.9
HOUSEHOLD_2_202_WI_2_evaluation,0.9
HOUSEHOLD_2_202_WI_3_evaluation,0.9
HOUSEHOLD_2_203_CA_3_evaluation,0.9
HOUSEHOLD_2_203_TX_2_evaluation,0.9
HOUSEHOLD_2_203_WI_2_evaluation,0.95
HOUSEHOLD_2_204_CA_1_evaluation,0.9
HOUSEHOLD_2_204_TX_1_evaluation,0.99
HOUSEHOLD_2_204_TX_2_evaluation,0.995
HOUSEHOLD_2_206_TX_2_evaluation,1.0
HOUSEHOLD_2_207_CA_2_evaluation,0.9
HOUSEHOLD_2_207_CA_3_evaluation,0.9
HOUSEHOLD_2_207_TX_1_evaluation,0.99
HOUSEHOLD_2_208_CA_1_evaluation,0.95
HOUSEHOLD_2_209_TX_3_evaluation,0.9
HOUSEHOLD_2_209_WI_1_evaluation,0.95
HOUSEHOLD_2_211_WI_3_evaluation,0.9
HOUSEHOLD_2_212_CA_3_evaluation,0.997
HOUSEHOLD_2_212_TX_3_evaluation,1.0
HOUSEHOLD_2_215_CA_1_evaluation,0.995
HOUSEHOLD_2_216_CA_2_evaluation,0.9
HOUSEHOLD_2_217_CA_2_evaluation,0.997
HOUSEHOLD_2_217_TX_1_evaluation,0.99
HOUSEHOLD_2_217_WI_2_evaluation,0.95
HOUSEHOLD_2_217_WI_3_evaluation,0.9
HOUSEHOLD_2_219_CA_2_evaluation,0.995
HOUSEHOLD_2_219_TX_3_evaluation,0.997
HOUSEHOLD_2_220_CA_1_evaluation,1.0
HOUSEHOLD_2_220_CA_2_evaluation,0.99
HOUSEHOLD_2_222_CA_2_evaluation,0.95
HOUSEHOLD_2_224_CA_4_evaluation,0.95
HOUSEHOLD_2_225_CA_2_evaluation,0.9
HOUSEHOLD_2_225_WI_1_evaluation,0.9
HOUSEHOLD_2_225_WI_3_evaluation,0.9
HOUSEHOLD_2_227_CA_1_evaluation,0.995
HOUSEHOLD_2_228_WI_2_evaluation,0.95
HOUSEHOLD_2_229_CA_1_evaluation,0.995
HOUSEHOLD_2_229_WI_2_evaluation,0.9
HOUSEHOLD_2_232_CA_2_evaluation,0.9
HOUSEHOLD_2_232_TX_2_evaluation,1.0
HOUSEHOLD_2_234_TX_2_evaluation,0.95
HOUSEHOLD_2_235_CA_1_evaluation,0.95
HOUSEHOLD_2_235_CA_3_evaluation,0.98
HOUSEHOLD_2_236_CA_4_evaluation,0.9
HOUSEHOLD_2_237_CA_1_evaluation,0.999
HOUSEHOLD_2_237_TX_1_evaluation,0.997
HOUSEHOLD_2_237_TX_3_evaluation,0.9
HOUSEHOLD_2_237_WI_2_evaluation,0.98
HOUSEHOLD_2_237_WI_3_evaluation,0.9
HOUSEHOLD_2_238_CA_2_evaluation,0.98
HOUSEHOLD_2_238_TX_2_evaluation,0.995
HOUSEHOLD_2_238_TX_3_evaluation,0.999
HOUSEHOLD_2_239_CA_4_evaluation,0.999
HOUSEHOLD_2_239_WI_2_evaluation,0.99
HOUSEHOLD_2_239_WI_3_evaluation,0.99
HOUSEHOLD_2_240_TX_2_evaluation,0.9
HOUSEHOLD_2_241_WI_1_evaluation,1.0
HOUSEHOLD_2_241_WI_2_evaluation,0.9
HOUSEHOLD_2_242_TX_1_evaluation,0.9
HOUSEHOLD_2_243_TX_3_evaluation,0.9
HOUSEHOLD_2_243_WI_2_evaluation,0.9
HOUSEHOLD_2_243_WI_3_evaluation,0.98
HOUSEHOLD_2_244_CA_1_evaluation,0.95
HOUSEHOLD_2_244_CA_4_evaluation,0.95
HOUSEHOLD_2_244_TX_1_evaluation,0.9
HOUSEHOLD_2_245_CA_1_evaluation,0.9
HOUSEHOLD_2_246_CA_1_evaluation,0.997
HOUSEHOLD_2_246_CA_3_evaluation,0.995
HOUSEHOLD_2_246_CA_4_evaluation,0.95
HOUSEHOLD_2_246_WI_1_evaluation,0.98
HOUSEHOLD_2_246_WI_2_evaluation,0.98
HOUSEHOLD_2_247_WI_2_evaluation,0.9
HOUSEHOLD_2_247_WI_3_evaluation,0.9
HOUSEHOLD_2_248_WI_3_evaluation,0.9
HOUSEHOLD_2_249_CA_1_evaluation,0.995
HOUSEHOLD_2_250_CA_1_evaluation,0.98
HOUSEHOLD_2_250_TX_2_evaluation,0.95
HOUSEHOLD_2_251_CA_2_evaluation,0.9
HOUSEHOLD_2_251_TX_1_evaluation,0.9
HOUSEHOLD_2_251_WI_2_evaluation,0.9
HOUSEHOLD_2_252_TX_1_evaluation,0.999
HOUSEHOLD_2_253_TX_3_evaluation,0.9
HOUSEHOLD_2_254_CA_3_evaluation,0.99
HOUSEHOLD_2_254_CA_4_evaluation,0.9
HOUSEHOLD_2_254_TX_3_evaluation,0.9
HOUSEHOLD_2_256_CA_3_evaluation,0.95
HOUSEHOLD_2_256_TX_1_evaluation,0.995
HOUSEHOLD_2_256_WI_1_evaluation,0.9
HOUSEHOLD_2_257_CA_2_evaluation,0.99
HOUSEHOLD_2_257_TX_3_evaluation,0.95
HOUSEHOLD_2_257_WI_1_evaluation,1.0
HOUSEHOLD_2_258_TX_1_evaluation,0.9
HOUSEHOLD_2_258_WI_2_evaluation,0.995
HOUSEHOLD_2_259_CA_1_evaluation,0.995
HOUSEHOLD_2_260_WI_3_evaluation,1.0
HOUSEHOLD_2_261_CA_3_evaluation,0.9
HOUSEHOLD_2_261_TX_1_evaluation,0.98
HOUSEHOLD_2_262_CA_2_evaluation,0.99
HOUSEHOLD_2_262_TX_1_evaluation,0.98
HOUSEHOLD_2_262_TX_2_evaluation,0.95
HOUSEHOLD_2_262_WI_2_evaluation,0.997
HOUSEHOLD_2_264_CA_3_evaluation,0.9
HOUSEHOLD_2_264_TX_2_evaluation,0.9
HOUSEHOLD_2_267_WI_1_evaluation,0.95
HOUSEHOLD_2_267_WI_3_evaluation,0.95
HOUSEHOLD_2_268_CA_4_evaluation,0.9
HOUSEHOLD_2_270_TX_3_evaluation,0.995
HOUSEHOLD_2_270_WI_1_evaluation,0.997
HOUSEHOLD_2_271_CA_2_evaluation,0.995
HOUSEHOLD_2_272_WI_2_evaluation,0.9
HOUSEHOLD_2_272_WI_3_evaluation,0.9
HOUSEHOLD_2_273_TX_1_evaluation,0.9
HOUSEHOLD_2_274_WI_2_evaluation,0.9
HOUSEHOLD_2_275_CA_4_evaluation,0.99
HOUSEHOLD_2_277_WI_2_evaluation,0.95
HOUSEHOLD_2_277_WI_3_evaluation,0.9
HOUSEHOLD_2_278_CA_4_evaluation,0.9
HOUSEHOLD_2_278_TX_3_evaluation,0.995
HOUSEHOLD_2_279_CA_4_evaluation,0.9
HOUSEHOLD_2_279_TX_2_evaluation,1.0
HOUSEHOLD_2_280_CA_3_evaluation,0.9
HOUSEHOLD_2_280_WI_2_evaluation,0.9
HOUSEHOLD_2_281_TX_1_evaluation,1.0
HOUSEHOLD_2_281_WI_1_evaluation,0.995
HOUSEHOLD_2_283_WI_2_evaluation,0.997
HOUSEHOLD_2_283_WI_3_evaluation,0.95
HOUSEHOLD_2_284_TX_1_evaluation,0.98
HOUSEHOLD_2_284_WI_1_evaluation,0.997
HOUSEHOLD_2_284_WI_2_evaluation,0.995
HOUSEHOLD_2_285_WI_3_evaluation,0.997
HOUSEHOLD_2_286_TX_2_evaluation,0.9
HOUSEHOLD_2_286_WI_3_evaluation,0.9
HOUSEHOLD_2_287_CA_2_evaluation,1.0
HOUSEHOLD_2_287_TX_1_evaluation,1.0
HOUSEHOLD_2_287_WI_1_evaluation,0.95
HOUSEHOLD_2_288_CA_3_evaluation,0.95
HOUSEHOLD_2_288_CA_4_evaluation,0.9
HOUSEHOLD_2_288_TX_2_evaluation,1.0
HOUSEHOLD_2_288_TX_3_evaluation,0.997
HOUSEHOLD_2_288_WI_1_evaluation,0.999
HOUSEHOLD_2_289_TX_1_evaluation,0.9
HOUSEHOLD_2_289_TX_3_evaluation,0.9
HOUSEHOLD_2_290_TX_1_evaluation,0.95
HOUSEHOLD_2_290_WI_3_evaluation,0.999
HOUSEHOLD_2_291_TX_2_evaluation,0.99
HOUSEHOLD_2_291_TX_3_evaluation,0.9
HOUSEHOLD_2_291_WI_2_evaluation,0.9
HOUSEHOLD_2_292_CA_1_evaluation,0.9
HOUSEHOLD_2_292_WI_3_evaluation,0.9
HOUSEHOLD_2_293_CA_1_evaluation,0.99
HOUSEHOLD_2_293_CA_3_evaluation,0.95
HOUSEHOLD_2_294_TX_3_evaluation,0.9
HOUSEHOLD_2_295_TX_3_evaluation,0.999
HOUSEHOLD_2_298_CA_3_evaluation,0.98
HOUSEHOLD_2_298_TX_1_evaluation,0.9
HOUSEHOLD_2_298_TX_3_evaluation,0.995
HOUSEHOLD_2_299_CA_3_evaluation,0.98
HOUSEHOLD_2_299_CA_4_evaluation,0.99
HOUSEHOLD_2_299_TX_1_evaluation,0.997
HOUSEHOLD_2_299_TX_3_evaluation,0.99
HOUSEHOLD_2_299_WI_3_evaluation,0.98
HOUSEHOLD_2_300_CA_4_evaluation,0.98
HOUSEHOLD_2_301_CA_2_evaluation,0.9
HOUSEHOLD_2_301_CA_3_evaluation,0.95
HOUSEHOLD_2_302_CA_2_evaluation,0.99
HOUSEHOLD_2_302_TX_3_evaluation,0.99
HOUSEHOLD_2_303_CA_3_evaluation,0.9
HOUSEHOLD_2_303_CA_4_evaluation,0.9
HOUSEHOLD_2_303_TX_1_evaluation,0.98
HOUSEHOLD_2_304_CA_1_evaluation,1.0
HOUSEHOLD_2_304_CA_2_evaluation,0.9
HOUSEHOLD_2_305_CA_1_evaluation,0.95
HOUSEHOLD_2_305_WI_2_evaluation,0.999
HOUSEHOLD_2_305_WI_3_evaluation,0.98
HOUSEHOLD_2_307_CA_2_evaluation,0.9
HOUSEHOLD_2_307_CA_3_evaluation,0.9
HOUSEHOLD_2_308_TX_1_evaluation,0.95
HOUSEHOLD_2_308_WI_3_evaluation,0.99
HOUSEHOLD_2_309_CA_2_evaluation,0.99
HOUSEHOLD_2_311_CA_2_evaluation,0.9
HOUSEHOLD_2_312_TX_2_evaluation,0.9
HOUSEHOLD_2_312_TX_3_evaluation,0.9
HOUSEHOLD_2_312_WI_3_evaluation,0.9
HOUSEHOLD_2_313_WI_1_evaluation,0.9
HOUSEHOLD_2_315_CA_3_evaluation,0.95
HOUSEHOLD_2_316_TX_2_evaluation,0.9
HOUSEHOLD_2_316_WI_1_evaluation,0.95
HOUSEHOLD_2_317_CA_1_evaluation,0.95
HOUSEHOLD_2_317_TX_2_evaluation,0.95
HOUSEHOLD_2_317_TX_3_evaluation,0.9
HOUSEHOLD_2_317_WI_2_evaluation,0.9
HOUSEHOLD_2_318_CA_4_evaluation,0.9
HOUSEHOLD_2_318_WI_3_evaluation,0.9
HOUSEHOLD_2_320_CA_2_evaluation,0.98
HOUSEHOLD_2_320_TX_2_evaluation,0.995
HOUSEHOLD_2_321_TX_2_evaluation,0.995
HOUSEHOLD_2_321_WI_2_evaluation,0.995
HOUSEHOLD_2_323_CA_2_evaluation,0.9
HOUSEHOLD_2_325_CA_4_evaluation,1.0
HOUSEHOLD_2_325_TX_3_evaluation,0.95
HOUSEHOLD_2_325_WI_3_evaluation,0.95
HOUSEHOLD_2_326_CA_1_evaluation,1.0
HOUSEHOLD_2_326_CA_4_evaluation,0.9
HOUSEHOLD_2_326_TX_3_evaluation,1.0
HOUSEHOLD_2_326_WI_1_evaluation,0.95
HOUSEHOLD_2_327_CA_3_evaluation,0.9
HOUSEHOLD_2_327_WI_1_evaluation,0.98
HOUSEHOLD_2_328_CA_1_evaluation,0.9
HOUSEHOLD_2_328_TX_3_evaluation,0.99
HOUSEHOLD_2_329_CA_1_evaluation,0.9
HOUSEHOLD_2_329_TX_2_evaluation,0.9
HOUSEHOLD_2_329_WI_1_evaluation,0.9
HOUSEHOLD_2_330_CA_2_evaluation,0.9
HOUSEHOLD_2_330_TX_3_evaluation,0.9
HOUSEHOLD_2_332_CA_4_evaluation,1.0
HOUSEHOLD_2_332_TX_2_evaluation,0.98
HOUSEHOLD_2_333_CA_4_evaluation,0.98
HOUSEHOLD_2_333_TX_2_evaluation,0.95
HOUSEHOLD_2_333_WI_1_evaluation,0.9
HOUSEHOLD_2_334_CA_3_evaluation,0.99
HOUSEHOLD_2_334_TX_2_evaluation,0.9
HOUSEHOLD_2_335_WI_2_evaluation,0.9
HOUSEHOLD_2_337_WI_3_evaluation,0.9
HOUSEHOLD_2_339_CA_4_evaluation,0.99
HOUSEHOLD_2_339_TX_3_evaluation,0.98
HOUSEHOLD_2_339_WI_1_evaluation,0.98
HOUSEHOLD_2_339_WI_3_evaluation,0.995
HOUSEHOLD_2_340_TX_1_evaluation,0.9
HOUSEHOLD_2_340_WI_3_evaluation,0.9
HOUSEHOLD_2_341_WI_1_evaluation,0.99
HOUSEHOLD_2_341_WI_2_evaluation,0.997
HOUSEHOLD_2_342_TX_1_evaluation,0.98
HOUSEHOLD_2_342_WI_1_evaluation,0.9
HOUSEHOLD_2_344_CA_1_evaluation,0.9
HOUSEHOLD_2_344_WI_2_evaluation,0.9
HOUSEHOLD_2_345_CA_1_evaluation,0.995
HOUSEHOLD_2_345_TX_1_evaluation,0.9
HOUSEHOLD_2_346_CA_4_evaluation,0.95
HOUSEHOLD_2_347_CA_4_evaluation,0.99
HOUSEHOLD_2_348_TX_2_evaluation,0.9
HOUSEHOLD_2_349_CA_2_evaluation,0.999
HOUSEHOLD_2_349_CA_4_evaluation,0.997
HOUSEHOLD_2_350_TX_1_evaluation,0.95
HOUSEHOLD_2_350_TX_3_evaluation,0.95
HOUSEHOLD_2_351_WI_3_evaluation,0.9
HOUSEHOLD_2_352_TX_3_evaluation,0.9
HOUSEHOLD_2_353_WI_1_evaluation,0.9
HOUSEHOLD_2_354_CA_4_evaluation,0.9
HOUSEHOLD_2_354_TX_1_evaluation,0.999
HOUSEHOLD_2_354_WI_2_evaluation,0.95
HOUSEHOLD_2_356_CA_3_evaluation,0.98
HOUSEHOLD_2_356_WI_3_evaluation,0.99
HOUSEHOLD_2_358_CA_3_evaluation,0.9
HOUSEHOLD_2_358_TX_3_evaluation,0.9
HOUSEHOLD_2_358_WI_3_evaluation,0.9
HOUSEHOLD_2_359_CA_3_evaluation,0.9
HOUSEHOLD_2_359_CA_4_evaluation,0.9
HOUSEHOLD_2_359_TX_3_evaluation,0.9
HOUSEHOLD_2_360_TX_3_evaluation,0.9
HOUSEHOLD_2_360_WI_1_evaluation,0.9
HOUSEHOLD_2_361_WI_1_evaluation,0.995
HOUSEHOLD_2_362_TX_2_evaluation,0.99
HOUSEHOLD_2_362_WI_2_evaluation,0.995
HOUSEHOLD_2_363_TX_3_evaluation,0.997
HOUSEHOLD_2_363_WI_2_evaluation,0.9
HOUSEHOLD_2_365_CA_2_evaluation,0.9
HOUSEHOLD_2_365_TX_1_evaluation,0.9
HOUSEHOLD_2_366_WI_1_evaluation,0.9
HOUSEHOLD_2_366_WI_2_evaluation,0.999
HOUSEHOLD_2_366_WI_3_evaluation,0.9
HOUSEHOLD_2_367_CA_3_evaluation,0.98
HOUSEHOLD_2_369_CA_4_evaluation,0.995
HOUSEHOLD_2_369_TX_1_evaluation,1.0
HOUSEHOLD_2_370_TX_2_evaluation,0.995
HOUSEHOLD_2_371_TX_3_evaluation,1.0
HOUSEHOLD_2_372_TX_3_evaluation,0.9
HOUSEHOLD_2_375_CA_4_evaluation,0.9
HOUSEHOLD_2_375_WI_3_evaluation,0.9
HOUSEHOLD_2_376_CA_4_evaluation,0.995
HOUSEHOLD_2_377_CA_2_evaluation,0.9
HOUSEHOLD_2_378_CA_1_evaluation,0.99
HOUSEHOLD_2_380_CA_2_evaluation,0.9
HOUSEHOLD_2_381_CA_1_evaluation,0.9
HOUSEHOLD_2_381_CA_3_evaluation,0.9
HOUSEHOLD_2_381_WI_3_evaluation,0.9
HOUSEHOLD_2_382_CA_3_evaluation,0.9
HOUSEHOLD_2_382_TX_1_evaluation,0.9
HOUSEHOLD_2_382_TX_3_evaluation,0.9
HOUSEHOLD_2_383_TX_1_evaluation,0.95
HOUSEHOLD_2_385_CA_3_evaluation,0.997
HOUSEHOLD_2_388_WI_1_evaluation,1.0
HOUSEHOLD_2_389_CA_1_evaluation,0.9
HOUSEHOLD_2_389_TX_2_evaluation,0.9
HOUSEHOLD_2_389_WI_1_evaluation,0.9
HOUSEHOLD_2_390_WI_3_evaluation,0.98
HOUSEHOLD_2_391_TX_1_evaluation,0.98
HOUSEHOLD_2_393_CA_1_evaluation,0.9
HOUSEHOLD_2_394_CA_3_evaluation,0.9
HOUSEHOLD_2_394_TX_3_evaluation,0.99
HOUSEHOLD_2_397_WI_3_evaluation,0.95
HOUSEHOLD_2_398_CA_2_evaluation,0.9
HOUSEHOLD_2_398_CA_4_evaluation,0.999
HOUSEHOLD_2_399_TX_2_evaluation,0.9
HOUSEHOLD_2_400_CA_1_evaluation,0.9
HOUSEHOLD_2_400_TX_1_evaluation,0.9
HOUSEHOLD_2_401_CA_2_evaluation,0.99
HOUSEHOLD_2_402_CA_4_evaluation,0.9
HOUSEHOLD_2_402_TX_3_evaluation,0.9
HOUSEHOLD_2_403_CA_3_evaluation,0.98
HOUSEHOLD_2_403_TX_3_evaluation,0.99
HOUSEHOLD_2_405_WI_1_evaluation,1.0
HOUSEHOLD_2_405_WI_3_evaluation,1.0
HOUSEHOLD_2_407_TX_1_evaluation,0.9
HOUSEHOLD_2_407_WI_3_evaluation,1.0
HOUSEHOLD_2_408_CA_3_evaluation,0.99
HOUSEHOLD_2_409_WI_3_evaluation,0.9
HOUSEHOLD_2_410_CA_3_evaluation,0.95
HOUSEHOLD_2_412_WI_1_evaluation,0.9
HOUSEHOLD_2_413_CA_1_evaluation,0.9
HOUSEHOLD_2_413_TX_1_evaluation,0.9
HOUSEHOLD_2_413_TX_2_evaluation,0.9
HOUSEHOLD_2_413_WI_1_evaluation,0.9
HOUSEHOLD_2_414_CA_3_evaluation,0.9
HOUSEHOLD_2_414_WI_1_evaluation,0.9
HOUSEHOLD_2_414_WI_2_evaluation,0.9
HOUSEHOLD_2_415_TX_1_evaluation,0.99
HOUSEHOLD_2_415_WI_2_evaluation,0.9
HOUSEHOLD_2_416_WI_1_evaluation,0.999
HOUSEHOLD_2_417_CA_3_evaluation,0.995
HOUSEHOLD_2_417_TX_3_evaluation,0.9
HOUSEHOLD_2_418_TX_2_evaluation,0.9
HOUSEHOLD_2_418_WI_2_evaluation,0.9
HOUSEHOLD_2_420_WI_2_evaluation,0.9
HOUSEHOLD_2_420_WI_3_evaluation,0.995
HOUSEHOLD_2_421_CA_1_evaluation,0.995
HOUSEHOLD_2_421_CA_3_evaluation,0.9
HOUSEHOLD_2_422_TX_3_evaluation,0.9
HOUSEHOLD_2_423_TX_1_evaluation,1.0
HOUSEHOLD_2_423_TX_3_evaluation,0.98
HOUSEHOLD_2_424_TX_3_evaluation,0.9
HOUSEHOLD_2_425_CA_2_evaluation,0.995
HOUSEHOLD_2_425_CA_3_evaluation,0.9
HOUSEHOLD_2_425_WI_2_evaluation,0.9
HOUSEHOLD_2_426_CA_4_evaluation,0.9
HOUSEHOLD_2_426_TX_2_evaluation,0.95
HOUSEHOLD_2_426_WI_1_evaluation,1.0
HOUSEHOLD_2_428_CA_3_evaluation,0.995
HOUSEHOLD_2_428_CA_4_evaluation,0.9
HOUSEHOLD_2_429_TX_2_evaluation,1.0
HOUSEHOLD_2_429_WI_3_evaluation,0.9
HOUSEHOLD_2_430_CA_2_evaluation,0.9
HOUSEHOLD_2_430_WI_1_evaluation,0.9
HOUSEHOLD_2_432_WI_3_evaluation,0.9
HOUSEHOLD_2_433_WI_1_evaluation,0.9
HOUSEHOLD_2_433_WI_3_evaluation,0.98
HOUSEHOLD_2_434_CA_2_evaluation,0.9
HOUSEHOLD_2_434_TX_2_evaluation,0.9
HOUSEHOLD_2_434_TX_3_evaluation,0.9
HOUSEHOLD_2_434_WI_2_evaluation,0.98
HOUSEHOLD_2_436_CA_4_evaluation,0.9
HOUSEHOLD_2_436_TX_2_evaluation,0.98
HOUSEHOLD_2_437_WI_3_evaluation,0.9
HOUSEHOLD_2_439_CA_3_evaluation,0.99
HOUSEHOLD_2_439_TX_2_evaluation,0.99
HOUSEHOLD_2_439_WI_2_evaluation,0.99
HOUSEHOLD_2_440_CA_2_evaluation,0.9
HOUSEHOLD_2_443_CA_2_evaluation,0.995
HOUSEHOLD_2_443_TX_1_evaluation,0.99
HOUSEHOLD_2_443_WI_2_evaluation,0.9
HOUSEHOLD_2_444_CA_4_evaluation,0.995
HOUSEHOLD_2_444_TX_3_evaluation,0.9
HOUSEHOLD_2_444_WI_3_evaluation,0.9
HOUSEHOLD_2_445_WI_1_evaluation,0.995
HOUSEHOLD_2_446_TX_2_evaluation,0.997
HOUSEHOLD_2_446_WI_1_evaluation,0.9
HOUSEHOLD_2_447_WI_2_evaluation,1.0
HOUSEHOLD_2_447_WI_3_evaluation,0.9
HOUSEHOLD_2_448_TX_3_evaluation,0.9
HOUSEHOLD_2_448_WI_3_evaluation,0.9
HOUSEHOLD_2_449_CA_2_evaluation,1.0
HOUSEHOLD_2_451_CA_4_evaluation,0.99
HOUSEHOLD_2_451_TX_2_evaluation,0.9
HOUSEHOLD_2_451_WI_3_evaluation,0.9
HOUSEHOLD_2_452_CA_3_evaluation,0.99
HOUSEHOLD_2_455_CA_1_evaluation,0.95
HOUSEHOLD_2_455_CA_2_evaluation,0.98
HOUSEHOLD_2_456_WI_2_evaluation,0.9
HOUSEHOLD_2_457_WI_3_evaluation,0.9
HOUSEHOLD_2_458_TX_1_evaluation,0.9
HOUSEHOLD_2_458_TX_3_evaluation,0.9
HOUSEHOLD_2_458_WI_3_evaluation,0.99
HOUSEHOLD_2_459_CA_1_evaluation,0.9
HOUSEHOLD_2_459_CA_2_evaluation,0.9
HOUSEHOLD_2_459_TX_1_evaluation,0.9
HOUSEHOLD_2_460_CA_2_evaluation,0.995
HOUSEHOLD_2_460_TX_1_evaluation,0.997
HOUSEHOLD_2_461_CA_2_evaluation,0.99
HOUSEHOLD_2_461_CA_4_evaluation,0.9
HOUSEHOLD_2_461_TX_1_evaluation,0.9
HOUSEHOLD_2_462_WI_2_evaluation,0.98
HOUSEHOLD_2_462_WI_3_evaluation,0.98
HOUSEHOLD_2_463_CA_2_evaluation,0.9
HOUSEHOLD_2_464_CA_1_evaluation,0.9
HOUSEHOLD_2_464_CA_4_evaluation,0.9
HOUSEHOLD_2_464_TX_1_evaluation,0.9
HOUSEHOLD_2_464_WI_1_evaluation,0.95
HOUSEHOLD_2_465_TX_1_evaluation,0.98
HOUSEHOLD_2_466_TX_3_evaluation,1.0
HOUSEHOLD_2_467_CA_2_evaluation,0.9
HOUSEHOLD_2_469_CA_1_evaluation,0.9
HOUSEHOLD_2_469_WI_1_evaluation,0.9
HOUSEHOLD_2_469_WI_3_evaluation,0.9
HOUSEHOLD_2_470_WI_2_evaluation,1.0
HOUSEHOLD_2_471_CA_2_evaluation,0.9
HOUSEHOLD_2_471_WI_3_evaluation,0.999
HOUSEHOLD_2_472_TX_1_evaluation,0.9
HOUSEHOLD_2_473_CA_3_evaluation,0.997
HOUSEHOLD_2_473_TX_2_evaluation,0.95
HOUSEHOLD_2_473_TX_3_evaluation,0.9
HOUSEHOLD_2_474_CA_2_evaluation,0.995
HOUSEHOLD_2_474_CA_3_evaluation,0.9
HOUSEHOLD_2_474_CA_4_evaluation,0.95
HOUSEHOLD_2_475_WI_1_evaluation,0.95
HOUSEHOLD_2_475_WI_2_evaluation,0.999
HOUSEHOLD_2_476_CA_3_evaluation,0.9
HOUSEHOLD_2_477_TX_2_evaluation,0.9
HOUSEHOLD_2_477_WI_1_evaluation,0.9
HOUSEHOLD_2_478_CA_4_evaluation,0.98
HOUSEHOLD_2_478_TX_3_evaluation,0.99
HOUSEHOLD_2_479_WI_2_evaluation,0.9
HOUSEHOLD_2_479_WI_3_evaluation,0.98
HOUSEHOLD_2_480_TX_3_evaluation,0.9
HOUSEHOLD_2_481_CA_2_evaluation,0.9
HOUSEHOLD_2_481_TX_1_evaluation,0.995
HOUSEHOLD_2_481_WI_3_evaluation,0.999
HOUSEHOLD_2_482_CA_4_evaluation,0.98
HOUSEHOLD_2_483_CA_4_evaluation,0.997
HOUSEHOLD_2_483_WI_3_evaluation,0.98
HOUSEHOLD_2_484_CA_4_evaluation,0.999
HOUSEHOLD_2_484_TX_1_evaluation,1.0
HOUSEHOLD_2_485_CA_2_evaluation,1.0
HOUSEHOLD_2_485_TX_3_evaluation,0.9
HOUSEHOLD_2_485_WI_1_evaluation,0.997
HOUSEHOLD_2_486_TX_1_evaluation,1.0
HOUSEHOLD_2_486_TX_2_evaluation,1.0
HOUSEHOLD_2_486_WI_2_evaluation,1.0
HOUSEHOLD_2_487_TX_1_evaluation,0.9
HOUSEHOLD_2_487_TX_3_evaluation,0.9
HOUSEHOLD_2_488_WI_1_evaluation,0.95
HOUSEHOLD_2_489_WI_3_evaluation,0.9
HOUSEHOLD_2_490_CA_2_evaluation,0.9
HOUSEHOLD_2_490_TX_3_evaluation,0.9
HOUSEHOLD_2_491_CA_2_evaluation,0.995
HOUSEHOLD_2_492_TX_1_evaluation,0.99
HOUSEHOLD_2_492_WI_2_evaluation,0.9
HOUSEHOLD_2_493_CA_4_evaluation,0.9
HOUSEHOLD_2_494_CA_2_evaluation,0.98
HOUSEHOLD_2_495_TX_1_evaluation,0.997
HOUSEHOLD_2_495_TX_2_evaluation,0.995
HOUSEHOLD_2_495_WI_1_evaluation,0.997
HOUSEHOLD_2_496_CA_2_evaluation,0.9
HOUSEHOLD_2_496_CA_3_evaluation,0.9
HOUSEHOLD_2_496_WI_1_evaluation,0.9
HOUSEHOLD_2_497_CA_4_evaluation,0.997
HOUSEHOLD_2_497_WI_2_evaluation,0.95
HOUSEHOLD_2_500_CA_4_evaluation,0.99
HOUSEHOLD_2_500_WI_3_evaluation,0.9
HOUSEHOLD_2_501_TX_2_evaluation,0.9
HOUSEHOLD_2_502_TX_1_evaluation,0.9
HOUSEHOLD_2_503_TX_2_evaluation,0.95
HOUSEHOLD_2_504_CA_1_evaluation,0.999
HOUSEHOLD_2_506_TX_3_evaluation,0.9
HOUSEHOLD_2_507_WI_1_evaluation,0.99
HOUSEHOLD_2_510_CA_4_evaluation,0.98
HOUSEHOLD_2_511_CA_4_evaluation,0.99
HOUSEHOLD_2_511_WI_1_evaluation,0.9
HOUSEHOLD_2_511_WI_2_evaluation,0.9
HOUSEHOLD_2_512_CA_3_evaluation,0.9
HOUSEHOLD_2_512_TX_1_evaluation,0.9
HOUSEHOLD_2_513_TX_2_evaluation,0.95
HOUSEHOLD_2_515_CA_1_evaluation,0.9
HOUSEHOLD_2_515_CA_2_evaluation,0.9
HOUSEHOLD_2_516_WI_3_evaluation,0.98
