separation,discount,T,occ_mean,items,balance,rep,n_items,pin_global,pin_true,delta_oracle,m_items,median_n_pos,median_n_obs,lambda_size,lambda_occ,lev_size,het_size,z_size,sigma2_global,tau2_global,lev_occ,het_occ,z_occ,phi_global,R1
0.0,1.0,30,0.1,20,balanced,0,80,0.20937986766164554,0.20953035073006088,-0.07187083939632341,71,2.0,30.0,0.20283799444983103,0.3491838004531966,0.7971620055501689,0.1294397120953697,1.2274954966607563,1.0378884142585196,0.13204543301434626,0.6508161995468034,0.001589685888420065,2.4145533140206443,55.91463854011492,0.0829280296788097
0.0,1.0,30,0.1,20,balanced,1,80,0.18362687271369166,0.18354572100812117,0.04419380691464642,75,3.0,30.0,0.3403359197680879,0.07037141757083228,0.659664080231912,0.02698008764211901,0.2784999791625955,1.1994537792600006,0.20627529344948228,0.9296285824291677,0.0,-0.863867069018539,396.30944544784154,0.011740565870282008
0.0,1.0,30,0.1,20,balanced,2,80,0.21040938798486336,0.21131458618730434,-0.4302080867732459,73,2.0,30.0,0.5134144178839051,0.17302608886235568,0.48658558211609493,0.4741639653327044,3.509467993497893,0.6556275446217674,0.3458884177237366,0.8269739111376443,0.000555373886544773,1.149545344384601,143.38425781481635,0.11264549429581693
0.0,1.0,30,0.1,20,balanced,3,80,0.3054047386156746,0.3084334610663108,-0.9917077463711587,70,2.0,30.0,0.06583040234996886,0.13618293838951753,0.9341695976500312,0.0,-1.2703189303790652,1.1198117306732127,0.03945624914998008,0.8638170616104824,0.0005676277543366147,1.2104423377625928,190.291912884068,0.0004235524300100711
0.0,1.0,30,0.1,20,balanced,4,80,0.16380276980439404,0.163974596469317,-0.10489851003627812,73,2.5,30.0,0.13895569559802623,0.08617920193188958,0.8610443044019738,0.0,-0.38720080657141964,1.2106419223870335,0.07858848657496958,0.9138207980681105,0.00014122128457571496,0.3471158359211754,318.11183356873096,0.00011792943935630767
0.0,1.0,30,0.1,20,skewed,0,44,0.15927464467186764,0.1612395704847542,-1.233671446534786,43,2.0,30.0,0.15881199552077802,0.3085332746754415,0.8411880044792219,0.048068362936019016,0.39365203142177324,0.9784561389013567,0.09236375882742293,0.6914667253245586,0.0017132565969775267,1.8026543415195981,67.23424493373754,0.034832194773921216
0.0,1.0,30,0.1,20,skewed,1,44,0.12207288440897944,0.12452862616462823,-2.011701261535974,37,2.0,30.0,2.376601017964703e-06,0.211358233827077,0.999997623398982,0.10339186790811278,0.8150620624557555,0.8415359716166155,1e-06,0.788641766172923,0.00064303891629473,1.0570792350563478,111.93911188974326,0.10379131827260787
0.0,1.0,30,0.1,20,skewed,2,44,0.13461359871052625,0.13375171138055245,0.6402676536619534,41,2.0,30.0,0.3107852166447519,0.03875276345868989,0.6892147833552481,0.3275173341069403,1.4635470926503664,1.1485774331039587,0.2589620064754874,0.9612472365413101,0.00010304596351107947,0.206080411011015,744.1383406625889,0.155671521342119
0.0,1.0,30,0.1,20,skewed,3,44,0.12560563754405102,0.12863989890113955,-2.415704753717279,37,2.0,30.0,0.4255893393554934,0.28019536781773957,0.5744106606445065,0.29888228006778034,1.7478813424117814,0.8524242470594094,0.31578685513040844,0.7198046321822604,0.0009307219481638086,1.3560748950247374,77.06815117484129,0.0990977175553816
0.0,1.0,30,0.1,20,skewed,4,44,0.424342087925168,0.4257394891804325,-0.3293100767112514,37,2.5,30.0,0.2018678685323386,0.15432484181849318,0.7981321314676615,0.0,-0.33237445404407623,0.9019360883858119,0.0919967066002093,0.8456751581815068,0.0003834077206170223,0.645187169127517,164.39514498439627,0.00027420034733802894
0.0,1.0,30,0.1,60,balanced,0,240,0.2197038361343654,0.21981023052749452,-0.04842627921346539,217,2.0,30.0,0.24663054475978818,0.13338166843905816,0.7533694552402118,0.20466390464266626,2.83034155892135,1.0554965151562918,0.17276893741467922,0.8666183315609418,0.00028821026395991524,1.2027317849967325,194.91846406694893,0.11637663254233828
0.0,1.0,30,0.1,60,balanced,1,240,0.15323425175050473,0.15311971518256245,0.07474606142806951,214,2.0,30.0,0.4776286549016632,0.11291744048877693,0.5223713450983368,0.5206692689998984,5.313571264993989,0.8759642418956599,0.4004676237742497,0.8870825595112231,0.0004675202748075833,1.9156952684614343,235.68083610593135,0.14244387112061457
0.0,1.0,30,0.1,60,balanced,2,240,0.13134627304242155,0.13578068657667686,-3.3761243707486854,217,2.0,30.0,0.17012214111891844,0.12682592607986584,0.8298778588810816,0.12177742595533503,1.8974109443826837,1.1102756380425485,0.11380136652316555,0.8731740739201341,0.0002972700036158898,1.180738555284,206.54469497907044,0.08409442811556965
0.0,1.0,30,0.1,60,balanced,3,240,0.19154050901896486,0.19511113796916654,-1.8641638619891898,214,2.0,30.0,0.2986678146557038,0.20228252873735827,0.7013321853442962,0.12235598012009818,2.009717924066346,0.99185271722113,0.21119413147090202,0.7977174712626417,0.0006870641562064148,2.4528272312931634,118.30742025650527,0.06062006403673098
0.0,1.0,30,0.1,60,balanced,4,240,0.2842981505508946,0.284266285529414,0.011208311210893699,217,2.0,30.0,0.2417937171228272,0.06408487013676487,0.7582062828771727,0.20926437667645592,3.0446110394260306,0.9571053698477093,0.1526115453538029,0.9359151298632351,0.00022114714086471452,0.9576552522147971,438.1292157724026,0.12049493938651372
0.0,1.0,30,0.1,60,skewed,0,132,0.14937084086528027,0.15940881503589313,-6.720169821944202,121,2.0,30.0,0.1410389372522871,0.03498181460195719,0.8589610627477129,0.0,-0.477333159009907,1.0980262052739063,0.09014637320788481,0.9650181853980428,0.00021226043299834652,0.6516399035542879,827.5884453495884,0.00019766967166717485
0.0,1.0,30,0.1,60,skewed,1,132,0.15825165868463703,0.1581424380992037,0.06901702411283286,121,2.0,30.0,0.262871789413236,0.02423961396789562,0.737128210586764,0.3800558919851593,3.1193204881030714,1.0678450033343738,0.19040536151712592,0.9757603860321044,2.3425518972593293e-05,0.08233608229063115,1207.6434723644434,0.20652871254925914
0.0,1.0,30,0.1,60,skewed,2,132,0.22498389986684322,0.22929883253199138,-1.9178850876449143,118,2.0,30.0,0.2398769529386202,0.14799482643399411,0.7601230470613798,0.22807532640775152,2.1363256254843144,1.110300151715905,0.17519230489757306,0.8520051735660059,0.0005164344890807998,1.4887838170980994,172.70978873291926,0.1321538556784514
0.0,1.0,30,0.1,60,skewed,3,132,0.3053174106087837,0.30704746001849426,-0.5666396181799607,125,3.0,30.0,0.3390730751105163,0.03226356581605427,0.6609269248894837,0.22702757459531647,2.777881793356821,0.8540306543745078,0.14604680654412366,0.9677364341839457,0.0,-0.014735081958364172,899.8414245666571,0.09917118406601387
0.0,1.0,30,0.1,60,skewed,4,132,0.12748165161704064,0.12680389461476674,0.5316506286802043,120,2.0,30.0,0.3321454009089443,0.1968485383134655,0.6678545990910557,0.266881369604706,2.707834496149923,1.0086858705436832,0.2508258334365688,0.8031514616865345,0.0007331114366737777,1.8300609872434235,122.40143643956047,0.11950992990502098
0.0,1.0,30,0.25,20,balanced,0,80,0.4494201649182432,0.44765683850999144,0.3923558722765706,80,6.0,30.0,0.428343315177613,0.24134508316820855,0.571656684822387,0.168657165372863,2.8486029777403385,1.0166082571325195,0.12695771274921025,0.7586549168317914,0.0020039146741678386,1.753230425398636,94.30334028844133,0.05626907302507698
0.0,1.0,30,0.25,20,balanced,1,80,0.5475669839456127,0.54881759632242,-0.22839440899007254,78,6.0,30.0,0.47924049445086314,0.24054492489596302,0.5207595055491369,0.1436953171541468,2.5066837411514653,0.939738308056856,0.14413583961137794,0.759455075104037,0.0016249296765119539,1.5860867262535092,94.7168278980534,0.03990601349274925
0.0,1.0,30,0.25,20,balanced,2,80,0.36740003780499536,0.3681343200366691,-0.19985905174661434,80,6.0,30.0,0.4929095350623038,0.20795605474500667,0.5070904649376962,0.1921780367563256,3.1057586925225693,1.026478133993615,0.16629539656879536,0.7920439452549933,0.0016630157055789957,1.4892747726722733,114.26124806409537,0.05046006816039126
0.0,1.0,30,0.25,20,balanced,3,80,0.4225724926570545,0.4230932718737908,-0.123240207487658,80,6.0,30.0,0.6320597813269152,0.21687610810353436,0.3679402186730848,0.3069097232991148,3.739727896533235,0.9658811425083187,0.2765370535478319,0.7831238918964656,0.0016640412564463206,1.5702413045564612,108.32782348564794,0.04256996799050268
0.0,1.0,30,0.25,20,balanced,4,80,0.6407549394769242,0.6515654987998171,-1.6871597325052228,80,6.0,30.0,0.5164712932860731,0.049651628905086585,0.4835287067139269,0.20118577902164153,3.544607927441804,0.9026623703667582,0.16069338984796905,0.9503483710949134,0.00025377402719174887,0.2757796488004337,574.2097844835587,0.047266436255319816
0.0,1.0,30,0.25,20,skewed,0,44,0.3739535980291509,0.37778356504115607,-1.0241824205436862,44,6.0,30.0,0.36918537476759195,0.16380613533788785,0.630814625232408,0.2410707408632624,2.392253572735803,0.963596605193905,0.0939911028225937,0.8361938646621121,0.0010071646699553669,0.7873393920680752,153.14332328345392,0.09663280859618292
0.0,1.0,30,0.25,20,skewed,1,44,0.40749897521574474,0.41128182029537624,-0.9283078755299268,44,7.0,30.0,0.603695682280777,0.3182886204074667,0.39630431771922303,0.19209902153722233,2.422400321651111,0.996385698783891,0.21682967116350338,0.6817113795925334,0.0032322840811212904,1.7031960076740296,64.25407657237197,0.03167265827763031
0.0,1.0,30,0.25,20,skewed,2,44,0.38259481429642805,0.3796529043357566,0.7689361828077756,44,5.0,30.0,0.35035373211541426,0.1287110599999923,0.6496462678845858,0.11810634458724045,1.5753198590363087,1.0743449039295268,0.11587867591282958,0.8712889400000077,0.00104596351107979,0.8209211124110775,203.08020305327136,0.05063967131686957
0.0,1.0,30,0.25,20,skewed,3,44,0.2922345199418722,0.2928495380214715,-0.21045360408538538,44,5.0,30.0,0.42575033638976634,0.3705838362462668,0.5742496636102337,0.12457134311708914,1.7124618248189492,0.9108113864602724,0.13505563128593878,0.6294161637537332,0.0034333059274919723,1.9259587058253458,50.953341904701645,0.042439134116170625
0.0,1.0,30,0.25,20,skewed,4,44,0.44018666889994695,0.4426893598588379,-0.5685521929015516,44,6.5,30.0,0.559883518779211,0.094838022639787,0.440116481220789,0.15471103083383764,2.1353235640092856,0.9675433419376883,0.18998985265999405,0.905161977360213,0.000287056612638008,0.23346439640493924,286.32882218501913,0.030203106795377185
0.0,1.0,30,0.25,60,balanced,0,240,0.5928825177181015,0.5927712391600028,0.01876907393507942,240,6.0,30.0,0.5255988671058259,0.21771040117524804,0.47440113289417407,0.17863446016613468,4.982588531071704,0.9952845979526206,0.18378274588721272,0.782289598824752,0.0015930930058370776,2.5925608307462533,107.79773422883558,0.0411777710583246
0.0,1.0,30,0.25,60,balanced,1,240,0.4232889173795138,0.42383035735939467,-0.1279126283846051,240,6.0,30.0,0.5124156015614088,0.17090274275140704,0.48758439843859125,0.1766953374157216,5.016012633840235,1.0418943440916533,0.18249248020815342,0.829097257248593,0.0013616018389379612,2.287577046449923,145.5384350012312,0.04294326071564084
0.0,1.0,30,0.25,60,balanced,2,240,0.4457131107859689,0.44630261859293135,-0.13226171559613636,240,6.0,30.0,0.4947085424147952,0.235651705049477,0.5052914575852048,0.18622128511226696,5.0292985663561725,1.0373445962058292,0.16926971073399902,0.764348294950523,0.0018707539129087236,2.921704078468821,97.30652635719846,0.048638864825103656
0.0,1.0,30,0.25,60,balanced,3,240,0.4450403568620931,0.4453438725741203,-0.06819959299134828,240,6.0,30.0,0.5587130234541821,0.13084643213411742,0.44128697654581794,0.20720454504000807,5.68372226457097,0.9720856175016913,0.20512611342017278,0.8691535678658826,0.0006987434784854578,1.3023454217239596,199.27640831085128,0.04087766075305048
0.0,1.0,30,0.25,60,balanced,4,240,0.43524975243062314,0.43890357025615795,-0.8394761410271481,239,6.0,30.0,0.4859145673065396,0.27868616137818086,0.5140854326934604,0.1308820587508044,4.087756706290028,0.9929562988357942,0.1564240427818797,0.7213138386218192,0.002064976238442067,3.1571986735265614,77.64797165256296,0.03566440607288063
0.0,1.0,30,0.25,60,skewed,0,132,0.3909198165880001,0.3913497508300943,-0.10998016059833489,132,6.0,30.0,0.4682108721489598,0.019662759500452518,0.5317891278510403,0.13208423663740218,3.193956906478271,1.0007247070034866,0.14684711267055733,0.9803372404995475,0.0003645380865482644,0.5288548806769728,1495.726844154788,0.03770372276819493
0.0,1.0,30,0.25,60,skewed,1,132,0.46947056321103386,0.47231287387512316,-0.6054289420509712,132,6.0,30.0,0.4389790320843039,0.29498755150674116,0.5610209679156961,0.16518250098510906,3.480501983011492,0.9628583137823837,0.12556708655318047,0.7050124484932588,0.0024052569803205926,2.6769867970949743,71.69920678606815,0.05318580311789908
0.0,1.0,30,0.25,60,skewed,2,132,0.4861390092127911,0.4695853406299377,3.4051306867265994,132,5.5,30.0,0.48564148293415166,0.9375,0.5143585170658483,0.14530500388687145,3.1676432691718976,1.0014100023489154,0.17260337415237442,0.0625,0.0005100388961712119,0.7715050365687195,2.0,0.038444564787746834
0.0,1.0,30,0.25,60,skewed,3,132,0.5730505225060354,0.5729799693793881,0.012311851028202127,132,6.0,30.0,0.34237738430225556,0.005396650052229083,0.6576226156977445,0.08853432878958462,2.567324920865212,1.0517970830052046,0.09126600512716608,0.9946033499477709,0.0,-0.7228585160744742,5529.004143247813,0.038288220249897434
0.0,1.0,30,0.25,60,skewed,4,132,0.49996690763901364,0.5006208895625485,-0.13080504200230353,132,6.0,30.0,0.47931148303100085,0.09039384508311525,0.5206885169689992,0.15073760921271379,3.570872584249017,0.9516012629908139,0.14599688609529315,0.9096061549168848,0.0005990438738530338,0.8515569328896075,301.8810033184851,0.041363096738386146
0.0,1.0,30,0.5,20,balanced,0,80,1.0254589193938854,1.0226098613558765,0.2778324888619554,80,11.0,30.0,0.5875445932191952,0.2298122064762566,0.41245540678080483,0.13911294465007035,3.741665477199385,1.0573595962997,0.13692850265661333,0.7701877935237433,0.00284593295827473,1.705180803009437,100.5413687984389,0.025353996183075447
0.0,1.0,30,0.5,20,balanced,1,80,0.6414147782609291,0.6470453997080513,-0.8778440469345844,80,12.0,30.0,0.6858576794607019,0.24228464681297793,0.31414232053929814,0.1852598950914307,4.117481183384366,1.044473612609735,0.19003070725307206,0.7577153531870221,0.0028698370839193646,1.725547803887344,93.82130025414824,0.01993011329947687
0.0,1.0,30,0.5,20,balanced,2,80,0.9122400172808602,0.9084838425265599,0.4117529030897463,80,12.0,30.0,0.6849392722848189,0.04855182932533774,0.3150607277151811,0.1599563114397975,4.188037033492874,0.9293063291060744,0.16835865406108094,0.9514481706746623,0.0,-1.8228193478107462,587.896388598975,0.015877785274742852
0.0,1.0,30,0.5,20,balanced,3,80,0.8627447793126721,0.8642939535849273,-0.17956344789352358,80,12.5,30.0,0.6507468074327096,0.17120216781742123,0.3492531925672903,0.14983560607161606,4.060288116110169,0.9614377049239952,0.14346150542447905,0.8287978321825787,0.0019534282700421927,1.2614422346433116,145.23142599452092,0.019618437768944376
0.0,1.0,30,0.5,20,balanced,4,80,0.738796302618813,0.7428309872058801,-0.5461159690114002,80,12.0,30.0,0.6442189093197423,0.3117900787012571,0.35578109068025765,0.1404248502848469,3.883868196603056,0.9727987410742793,0.1467886106510612,0.6882099212987429,0.004041654946085326,2.173987445278849,66.21858439166252,0.019689264191257206
0.0,1.0,30,0.5,20,skewed,0,44,0.9645921867080339,0.9743000868572561,-1.0064253352863413,44,12.0,30.0,0.7493857741388634,0.42048606840426056,0.2506142258611366,0.24076120899857367,3.3760521145487052,0.9567138576855259,0.2383968668736245,0.5795139315957394,0.006294397463002117,2.1184954686170028,41.34600229170405,0.01723549504039195
0.0,1.0,30,0.5,20,skewed,1,44,0.9412386604959277,0.9475707746690731,-0.6727426782288213,44,13.0,30.0,0.72289105710538,0.036973298598216374,0.27710894289461996,0.2148194840205229,3.2269256625468263,1.1082282805503973,0.2223863806811145,0.9630267014017836,0.0,-0.6604897347626176,781.396362710446,0.016495852032258528
0.0,1.0,30,0.5,20,skewed,2,44,0.8629927924640556,0.8604252823791775,0.29751234393826514,44,12.0,30.0,0.5289490307519197,0.11563140744320818,0.4710509692480803,0.12903727815466753,2.6474891440409407,1.0676900002570888,0.09991020569759101,0.8843685925567918,0.001349718111346019,0.6954759964823397,229.44508212212463,0.029687579702065443
0.0,1.0,30,0.5,20,skewed,3,44,0.9263737686488971,0.9265098332452991,-0.01468787232614309,44,11.0,30.0,0.6688722652781566,0.16829934543134933,0.3311277347218434,0.1823412872436342,2.956577035408311,1.0923915861203368,0.20060109140576052,0.8317006545686507,0.0017085976039464407,0.857509078654818,148.25381271157255,0.021174796946399004
0.0,1.0,30,0.5,20,skewed,4,44,0.6832010125008924,0.6909751124414928,-1.1378935040132505,44,12.0,30.0,0.5013966800751101,0.9375,0.49860331992488993,0.11471482453334535,2.4208474895143692,1.1528504738802157,0.09660909737384579,0.0625,0.000974160206718349,0.5215309994686843,2.0,0.028522515312853935
0.0,1.0,30,0.5,60,balanced,0,240,0.9112417573605952,0.9116802976321409,-0.04812556799590601,240,12.0,30.0,0.6896829093324858,0.25573848314344066,0.31031709066751423,0.17224891353299915,7.228005305038642,0.9596891516588921,0.17774324663287056,0.7442615168565594,0.0029972435301410198,3.0903268527902568,87.30733533432807,0.018247250132074868
0.0,1.0,30,0.5,60,balanced,1,240,0.806926908869955,0.8074832337168563,-0.06894364790490908,240,12.0,30.0,0.5937950582126966,0.21632342537436441,0.4062049417873034,0.11481500423273318,6.147742861167571,0.9980496474671917,0.12158003829079837,0.7836765746256356,0.0024623631127640875,2.659859900471111,108.68123596916368,0.020457015316891265
0.0,1.0,30,0.5,60,balanced,2,240,0.7996340405917782,0.80082820829213,-0.14933927768607594,240,12.0,30.0,0.5553478595779375,0.3196433169559152,0.44465214042206247,0.10528986786264448,5.715701125963899,1.0228788034598173,0.10646029080355125,0.6803566830440848,0.003952305775091687,3.750119604378059,63.8546135914913,0.02264690551807437
0.0,1.0,30,0.5,60,balanced,3,240,0.9129988392065138,0.9118026083247543,0.13102216896563706,240,12.0,30.0,0.6396118742246759,0.2589297405042239,0.3603881257753241,0.14700490474838934,6.751171049202346,1.0137667162421045,0.14993493195871108,0.7410702594957761,0.0030823363810114158,3.136680099464762,85.86154584475247,0.02078571170773934
0.0,1.0,30,0.5,60,balanced,4,240,0.8752133202679737,0.8693535215689434,0.6695280525707888,240,12.0,30.0,0.6661972841228045,0.9375,0.33380271587719546,0.16394462988966518,7.107877806043295,0.9716403398768448,0.16159848436949542,0.0625,0.002183228730822875,2.4286973822685063,2.0,0.018275936176866795
0.0,1.0,30,0.5,60,skewed,0,132,0.8828599478440844,0.8832986866292173,-0.04969517375935823,132,12.0,30.0,0.5829811675564155,0.28570202415291623,0.4170188324435845,0.1275477633021691,4.6330169090340645,1.0515617231413115,0.12250459560030617,0.7142979758470838,0.0035055559839274877,2.5504572597886943,75.00450631719397,0.023969766733205347
0.0,1.0,30,0.5,60,skewed,1,132,0.9161156740857253,0.9175542927729461,-0.15703461123035212,132,12.0,30.0,0.6400342294513649,0.2831956434999581,0.3599657705486351,0.14031353986969564,4.88428959564409,0.9837942376756782,0.14576894952395011,0.7168043565000419,0.0034027874161461948,2.510212401779395,75.93383298286662,0.01992955792431954
0.0,1.0,30,0.5,60,skewed,2,132,0.8192521746344829,0.8212043853808073,-0.23829179912710685,132,12.0,30.0,0.5545733888871116,0.316476588049779,0.4454266111128884,0.10891402275247128,4.341354242279467,1.0275269849847655,0.10660924231944505,0.6835234119502209,0.003978722766254572,2.780235668236449,64.79374188425356,0.023467948282076042
0.0,1.0,30,0.5,60,skewed,3,132,0.825804495143247,0.8261130462809957,-0.03736370285743161,132,12.0,30.0,0.6037841859693001,0.029529107420833936,0.39621581403069994,0.12071608024526148,4.666465014244769,0.969416727258803,0.12310599190428982,0.9704708925791661,0.00019560747423342812,0.2015687144925942,985.9467258002466,0.019135077632953808
0.0,1.0,30,0.5,60,skewed,4,132,0.9023597137890808,0.9060964605759649,-0.41410833504448935,132,12.0,30.0,0.6565941562661232,0.267917611727927,0.34340584373387684,0.15284476375276768,5.029005961407407,1.0263063755144375,0.16352535952175476,0.7320823882720731,0.0032426855493013244,2.4144351552529106,81.97472165609366,0.01976251199809632
0.0,1.0,60,0.1,20,balanced,0,80,0.16564632866020806,0.16574606234665362,-0.060208811901978514,79,4.0,60.0,0.41746856406882177,0.16982119786900518,0.5825314359311782,0.15251558181637537,2.0024918677974246,1.0417165654601848,0.18663538648957406,0.8301788021309948,0.0002341537740271917,1.099232068669517,293.31278281455855,0.05191645388212968
0.0,1.0,60,0.1,20,balanced,1,80,0.2094049898453693,0.2091206959272103,0.1357627238820408,78,5.0,60.0,0.2867526862531794,0.24143425784761674,0.7132473137468206,0.11016791955358529,1.648597511727784,1.039768086593936,0.0836053038447125,0.7585657421523833,0.0003466801453352083,1.4452832742668342,188.51485673532505,0.0562443020657189
0.0,1.0,60,0.1,20,balanced,2,80,0.18818284007702743,0.18693870020125797,0.6611335418575934,79,5.0,60.0,0.4601156142012664,0.17752553160256554,0.5398843857987337,0.14854023166141528,2.0829405792432953,1.0522795775285034,0.1793607212439268,0.8224744683974344,0.00024780019338959216,1.0931348543426378,277.97955403014777,0.043463414281154404
0.0,1.0,60,0.1,20,balanced,3,80,0.22264821333268353,0.22230386440384448,0.15466053990944242,79,4.0,60.0,0.46646409136224615,0.35246297392689985,0.5335359086377538,0.13215109250106377,2.043323565754698,0.9821396096255508,0.21466824124573802,0.6475370260731002,0.0007798457278481012,2.4649824288966173,110.23064673012688,0.03794519735236695
0.0,1.0,60,0.1,20,balanced,4,80,0.2572021073709782,0.2575193904337688,-0.1233594335729804,77,5.0,60.0,0.3973446819837839,0.13475106942394185,0.6026553180162161,0.1706894569889652,2.38870426971753,1.0417689218624129,0.13737250085856592,0.8652489305760581,0.00023964779653070788,1.0524638092689502,385.2654829122975,0.062172703438625014
0.0,1.0,60,0.1,20,skewed,0,44,0.20379365722216217,0.20384531145213067,-0.025346338385885486,42,4.5,60.0,0.4485226371194583,0.20552483868546487,0.5514773628805417,0.10027841920626673,1.0180054140856898,1.1318706311537723,0.20571212631013916,0.7944751613145351,0.0002887939472241798,0.9707065081554155,231.93551681519122,0.030679687130731673
0.0,1.0,60,0.1,20,skewed,1,44,0.1799131758145592,0.1787242312266259,0.6608435333045224,44,5.0,60.0,0.38715416882099396,0.42724430633885885,0.612845831179006,0.05005364289373576,0.6527143429388731,1.0873479721931782,0.1373824472571738,0.5727556936611411,0.0010535343747553048,2.0686999726621043,80.4348732324882,0.0191447588256454
0.0,1.0,60,0.1,20,skewed,2,44,0.2399826926761678,0.2401477230697701,-0.0687676230989673,44,4.5,60.0,0.4799705465189548,0.10421074979643105,0.5200294534810452,0.1688633355612763,1.924498478257143,0.9118259136613608,0.18813741955325103,0.8957892502035689,9.883720930232553e-05,0.35025807737700315,515.7563410416499,0.04574512941002805
0.0,1.0,60,0.1,20,skewed,3,44,0.22315861843817467,0.22315861843817467,0.0,43,5.0,60.0,0.55085970888182,0.20112907505715616,0.44914029111818,0.2942278529972574,2.4605018460455637,0.860526693019107,0.21108303707128853,0.7988709249428438,0.00030241611854983966,0.9525258769986195,238.31589482002747,0.05954670280751339
0.0,1.0,60,0.1,20,skewed,4,44,0.1823578680199134,0.18248425319558378,-0.06930612703619268,44,4.5,60.0,0.3667623611741777,0.10473670333487296,0.6332376388258223,0.1612731734580985,1.7459315302774958,0.9724316639868897,0.12573067134602287,0.895263296665127,0.00022630862892490753,0.7426571420185769,512.8650806218616,0.06485030040762103
0.0,1.0,60,0.1,60,balanced,0,240,0.2034747309118764,0.2042321823661484,-0.37225824104912986,237,5.0,60.0,0.4276195557201777,0.1618169251034319,0.5723804442798224,0.11839489582588286,3.3051736596887222,1.026067764534989,0.15331293932003937,0.8381830748965681,0.00025988082093599874,1.8970359706914601,310.7893964840115,0.038971041032238224
0.0,1.0,60,0.1,60,balanced,1,240,0.13232485981598371,0.13211855255879265,0.15590967372114514,236,4.0,60.0,0.40471258776315316,0.24087051462674008,0.5952874122368468,0.13074244686646797,3.464676717096035,0.984598869913831,0.16734754857917264,0.75912948537326,0.00042420192158685926,2.8896628607843873,189.09649108766067,0.046575280212040826
0.0,1.0,60,0.1,60,balanced,2,240,0.1860517188433767,0.18620356792886633,-0.08161659910137968,238,4.5,60.0,0.39594704412403525,0.18152449606605794,0.6040529558759646,0.14441953629330312,3.603791665291211,1.0285243807158608,0.15055619990662672,0.8184755039339421,0.0002856509730616247,2.1250607773280397,270.53390203692186,0.05288715477710015
0.0,1.0,60,0.1,60,balanced,3,240,0.14092005827248752,0.1409969397684094,-0.054556815306751605,234,4.0,60.0,0.4424585744565951,0.219003098572082,0.5575414255434049,0.15083959696764465,3.954830020327509,0.9189795828804352,0.18232295286385805,0.780996901427918,0.0003380523109406477,2.4798487469495214,213.96872642992213,0.04709505403603374
0.0,1.0,60,0.1,60,balanced,4,240,0.22657226161654284,0.22602016047478682,0.24367552224482542,231,4.5,60.0,0.3894442601193592,0.34509204198915755,0.6105557398806408,0.08664059295287369,2.6455191893716363,0.9508613071391645,0.13543282878007298,0.6549079580108425,0.0006181947834340616,3.7575802737478945,113.86665787524926,0.032562880431795116
0.0,1.0,60,0.1,60,skewed,0,132,0.2660820867994992,0.2666473205616183,-0.21242834078680725,129,4.0,60.0,0.3868986089348062,0.259248762534498,0.6131013910651938,0.2363451668046913,3.46807558230381,1.0506974159475275,0.16576106928057333,0.740751237465502,0.0004020310719579166,2.1008807901465936,171.43794174144165,0.08906116783873061
0.0,1.0,60,0.1,60,skewed,1,132,0.2366011821837039,0.23725801933494003,-0.2776136387713148,132,4.0,60.0,0.29179115735061234,0.15265043505559997,0.7082088426493877,0.09754255654524463,2.2561548904549755,0.8864072145689131,0.09130279496913994,0.8473495649444001,0.00025595999220363094,1.4420217275703255,333.0548902670743,0.049107201322850354
0.0,1.0,60,0.1,60,skewed,2,132,0.1989712035131586,0.19859854346994338,0.18729345585457477,130,4.0,60.0,0.3774116092405314,0.3697742535185965,0.6225883907594686,0.16935839399422292,2.945709864289764,0.983131460813182,0.14899299128750032,0.6302257464814035,0.0007541538690552692,3.1852959387535047,102.26116185501952,0.06594561300467221
0.0,1.0,60,0.1,60,skewed,3,132,0.17819226568164376,0.17907160638905284,-0.4934786052836333,130,4.0,60.0,0.42899573541763664,0.17429872943337923,0.5710042645823634,0.15444291753900807,3.051894381993247,0.9042450910025763,0.16983992584370777,0.8257012705666208,0.0002662208385808896,1.487569462542065,284.2365884998221,0.050536980173156366
0.0,1.0,60,0.1,60,skewed,4,132,0.2067125151391344,0.20717125829188318,-0.22192326015674374,132,4.0,60.0,0.32965967196619544,0.2941846318240383,0.6703403280338045,0.15668998470132967,2.7320418057919125,1.0609558104708416,0.13043909556967942,0.7058153681759617,0.0005713244617506707,2.623500981195525,143.95354994576334,0.07069422886779583
0.0,1.0,60,0.25,20,balanced,0,80,0.49289394191079205,0.4946140674336281,-0.3489849187773931,80,12.0,60.0,0.5388932000558291,0.40093062497369364,0.4611067999441709,0.0901380609916848,3.0461799972685233,0.983725923745494,0.0958062953255932,0.5990693750263063,0.0017842892932489452,2.5816074556740842,89.65182568414873,0.019805460828184317
0.0,1.0,60,0.25,20,balanced,1,80,0.39365752078207383,0.394136001702934,-0.12154751163132307,80,11.0,60.0,0.6918889545919089,0.15170244676095276,0.3081110454080911,0.1947537763711056,4.243198339057498,0.9280676218899327,0.1894593601500634,0.8482975532390472,0.0003814609704641341,0.8536254958991085,335.5110895116005,0.018762949222808394
0.0,1.0,60,0.25,20,balanced,2,80,0.3916706347987448,0.39226416200672326,-0.1515373263260921,80,11.0,60.0,0.6411195734436718,0.30575646653761984,0.35888042655632824,0.16005703668229002,3.9563798235459195,0.9695436414813714,0.1574577136574229,0.6942435334623802,0.0011891643225504,1.9985365670419433,136.23460684066248,0.021187718123888557
0.0,1.0,60,0.25,20,balanced,3,80,0.4984962968526864,0.4950890237257512,0.6835102183200634,80,12.0,60.0,0.570688348669782,0.3676940049604646,0.429311651330218,0.12850527448499868,3.6653521981293395,1.00144658686914,0.11093609525281317,0.6323059950395353,0.0016551541256446325,2.4211023265341383,103.17916308276865,0.02434636222047291
0.0,1.0,60,0.25,20,balanced,4,80,0.44323664998614387,0.44560390331699845,-0.534083391102379,80,12.0,60.0,0.6710296864659857,0.32265692725408773,0.3289703135340143,0.16670054049565028,4.141852270044641,0.9268520156599153,0.15754846559134203,0.6773430727459122,0.0013760804910923578,2.1711268227388403,125.9560261439881,0.018671914048209788
0.0,1.0,60,0.25,20,skewed,0,44,0.3737563637675974,0.3776787396667044,-1.0494472547752878,44,11.0,60.0,0.5034628784518208,0.45608711315783806,0.4965371215481792,0.09978918222131415,2.2589743382484357,1.027804235715243,0.09474001522324164,0.5439128868421619,0.0023043614438963277,2.236536109026372,71.5538156396798,0.02528465949158766
0.0,1.0,60,0.25,20,skewed,1,44,0.5511063944586854,0.5500958279256501,0.183370496731004,44,12.0,60.0,0.6597310861871456,0.2669977118240755,0.3402689138128544,0.14593588274210068,2.8499408385434717,1.000070642690691,0.16158241922374564,0.7330022881759245,0.00110436976352674,1.3786499688655671,164.72102697095,0.017490254067508607
0.0,1.0,60,0.25,20,skewed,2,44,0.4594192927735777,0.4605160219383047,-0.23872074638091992,44,11.0,60.0,0.381649782792742,0.4842079507459151,0.618350217207258,0.07948999298951406,1.9911133038399491,1.0633915347423375,0.059666562140879266,0.5157920492540848,0.0025538524782710826,2.318777872088441,63.913702589085744,0.031072985129588802
0.0,1.0,60,0.25,20,skewed,3,44,0.388901194961496,0.38958665477643345,-0.17625551780711696,44,11.0,60.0,0.7140872933710979,0.24139114463745007,0.2859127066289021,0.21634171738949745,3.2507828512980863,0.941881176120763,0.21385592179943938,0.75860885536255,0.0009668071216036335,1.2879710573880505,188.55924226265688,0.018241471743290032
0.0,1.0,60,0.25,20,skewed,4,44,0.6479208076384629,0.6465985609975538,0.20407534768461918,44,13.0,60.0,0.6413919640213595,0.10204392794789414,0.35860803597864055,0.13278843357324221,2.8094948710151826,0.9918806950649379,0.13646446671898305,0.8979560720521058,0.0004919617688513033,0.7113149415289053,527.982070139806,0.017473236963402514
0.0,1.0,60,0.25,60,balanced,0,240,0.45162864726713337,0.45255463748103825,-0.20503354238225913,240,12.0,60.0,0.5899276167732455,0.3641402066530513,0.41007238322675454,0.12264330259158612,6.038599012404008,1.0214140761656614,0.12245000239341114,0.6358597933469488,0.0014969003435094785,4.01963574030259,104.771697559801,0.021228842478241035
0.0,1.0,60,0.25,60,balanced,1,240,0.4680433263064204,0.4679889997336914,0.011607167472666317,240,12.0,60.0,0.5592470043662469,0.23641230583549006,0.44075299563375314,0.11072239743353543,5.9195055182191805,1.0152473396221628,0.10734924833165363,0.7635876941645099,0.0010123101658143494,3.0521182875777426,193.7938953218096,0.022099531394879274
0.0,1.0,60,0.25,60,balanced,2,240,0.43780565732045224,0.43804591232610673,-0.05487709024249647,240,11.0,60.0,0.6315065848834397,0.3306798456501222,0.3684934151165603,0.15553509686152106,6.8654062813436445,0.9759654569056803,0.1520512214851328,0.6693201543498778,0.0013547470653184571,3.757456592615236,121.44438129284529,0.02172661836096856
0.0,1.0,60,0.25,60,balanced,3,240,0.4452094968468121,0.44596158739172376,-0.16892958264329974,240,11.0,60.0,0.6342772636152404,0.4087875314642775,0.3657227363847596,0.15362719512986678,6.4250165937781185,1.0404969556500947,0.16404965147134493,0.5912124685357225,0.0017875742548685374,4.549087775253143,86.77551388389936,0.021172931382944165
0.0,1.0,60,0.25,60,balanced,4,240,0.48008935915526624,0.48011950062411096,-0.006278303876128249,240,12.0,60.0,0.7050946270253909,0.2379944108488765,0.29490537297460906,0.18580091564301243,7.4018761876371,0.9517980225641867,0.18963926884810758,0.7620055891511235,0.0007210969381166383,2.3791477415716353,192.10676076800502,0.016577659845413387
0.0,1.0,60,0.25,60,skewed,0,132,0.5063579025274683,0.5064698823350733,-0.02211475461251405,132,12.0,60.0,0.5765349656421631,0.32545572150127894,0.4234650343578369,0.13068482947829385,4.750799781903081,1.0257684296463179,0.11637941710263638,0.674544278498721,0.0013858731505041943,2.770755547383495,124.3568757163921,0.02406533413843323
0.0,1.0,60,0.25,60,skewed,1,132,0.4931486894523475,0.4934270936051168,-0.05645440385909278,132,11.0,60.0,0.6701980003666972,0.38576952360989314,0.3298019996333028,0.1906336987109667,5.130930538849321,1.0473826982900631,0.19349179502003072,0.6142304763901069,0.001635316534728112,3.239345313271429,95.53328173397804,0.021352075920037843
0.0,1.0,60,0.25,60,skewed,2,132,0.3918573498019469,0.3908768389628322,0.25022137255056803,132,12.0,60.0,0.6608945479979328,0.19072129660737003,0.3391054520020672,0.15951250467597233,5.056134984785256,1.00716839446775,0.16357549372171645,0.80927870339263,0.0006344081185048101,1.6071437852020358,254.59517666513926,0.01875823709306953
0.0,1.0,60,0.25,60,skewed,3,132,0.36710624670783015,0.36721915310632863,-0.030755782422939616,132,12.0,60.0,0.6156942432579379,0.38610891924949364,0.38430575674206213,0.1295040505948652,4.5911562335346146,0.9943401828889283,0.13275226728207726,0.6138910807505064,0.0016564711470086792,3.2082891246351632,95.39656560285142,0.01975083314366107
0.0,1.0,60,0.25,60,skewed,4,132,0.4174322601788136,0.4178052998537152,-0.08936531995438042,132,12.0,60.0,0.6798497146662386,0.2776679824008729,0.32015028533376144,0.16221935013687616,5.1371633331844295,0.9615356386137888,0.17015439297815818,0.722332017599127,0.0009789562289562286,2.2357244118058834,156.08541064477936,0.01713765147002184
0.0,1.0,60,0.5,20,balanced,0,80,0.6626680329275761,0.6620238022336665,0.09721771111600137,80,23.0,60.0,0.7794084210446653,0.21087337540328932,0.22059157895533466,0.1602526407658712,4.889717472388768,1.0198211033646363,0.15666512267991603,0.7891266245967107,0.0012122025902484763,1.5002927372206747,224.53094130660978,0.008552860618207791
0.0,1.0,60,0.5,20,balanced,1,80,0.6169069485021053,0.6177279708997067,-0.13308691036709874,80,22.0,60.0,0.7101828286408077,0.2521121477266839,0.28981717135919227,0.114916489328667,4.499746593581274,1.0143360601988567,0.11298095420358448,0.7478878522733161,0.001479184980075013,1.7429994722616957,177.98932554827272,0.010479656543351508
0.0,1.0,60,0.5,20,balanced,2,80,0.7881568298386402,0.7869945414548403,0.1474691761584942,80,22.0,60.0,0.7219565845607745,0.15053479521100235,0.2780434154392255,0.11462769405438206,4.518361631312204,0.9642876862824505,0.11381051987915157,0.8494652047889977,0.000637039234646039,0.8972985721409908,338.57894592342524,0.009321335783281889
0.0,1.0,60,0.5,20,balanced,3,80,0.6729192641398806,0.6737189498568794,-0.11883828560339921,80,23.5,60.0,0.7744763115427152,0.37530097209078644,0.22552368845728477,0.14747992638198462,4.8224816144215445,0.997730452519505,0.1458524205792454,0.6246990279092135,0.0025003083977965324,2.4720105359509605,99.87168822330099,0.008476709350776272
0.0,1.0,60,0.5,20,balanced,4,80,0.7380597744582479,0.7372603798067168,0.10831028585969056,80,22.0,60.0,0.7895702111366486,0.39430469111242905,0.2104297888633514,0.1800571490277739,4.941717961086057,1.058183285722496,0.1804769538230735,0.605695308887571,0.002675268840834506,2.5896984638804628,92.16658932138358,0.008954523224182434
0.0,1.0,60,0.5,20,skewed,0,44,0.741134204919358,0.7434758099363603,-0.31594885264499434,44,25.0,60.0,0.8287013956921385,0.3620023067923623,0.17129860430786148,0.20357584038581494,3.8090987977410458,1.0364637210225924,0.20056647528826843,0.6379976932076377,0.002415959498081593,1.7680778815220821,105.74480016895271,0.006956963716156258
0.0,1.0,60,0.5,20,skewed,1,44,0.6295744140640077,0.6354483791447926,-0.9330056859946764,44,23.0,60.0,0.7466752373069774,0.0026466902794123615,0.2533247626930226,0.13096185656967052,3.4165541083998447,1.0621154123463505,0.13611249005124232,0.9973533097205877,0.0,-0.2149305710401845,22609.822935731514,0.00840427224158345
0.0,1.0,60,0.5,20,skewed,2,44,0.8181083802830089,0.8160142142433131,0.25597660287642743,44,23.0,60.0,0.6611202878455976,0.29624853324587036,0.3388797121544024,0.08666427563716392,3.0261152337050428,1.0195105590453626,0.08647664002800262,0.7037514667541296,0.0018627995066948567,1.5105107336576973,142.53264832269474,0.010875060052632895
0.0,1.0,60,0.5,20,skewed,3,44,1.0968547737814325,1.0959549686122223,0.08203503241437131,44,23.0,60.0,0.7784645371732003,0.40138480393409004,0.2215354628267997,0.15788321275258121,3.6138219321163834,0.9969579292737644,0.15231566541953778,0.59861519606591,0.00284013585467074,1.9665403493645568,89.48249014891051,0.008766320920386568
0.0,1.0,60,0.5,20,skewed,4,44,0.9072625721144187,0.9080746893936387,-0.08951292648689871,44,24.0,60.0,0.7070800520616434,0.061943133776474466,0.29291994793835663,0.09842377838000518,3.239130837408672,0.9879719082053436,0.09936947409551396,0.9380568662235256,0.0001583935283063203,0.17976862963786283,908.6303604934426,0.00858434496503912
0.0,1.0,60,0.5,60,balanced,0,240,0.7786093614006574,0.779154825698494,-0.07005622137080296,240,23.0,60.0,0.816909069428069,0.43622845379659725,0.18309093057193104,0.19433532570667184,8.86589238426238,0.9916260671196124,0.19236541080644742,0.5637715462034028,0.0030721040601270743,4.8655567926437335,77.54260979036583,0.007490997428473116
0.0,1.0,60,0.5,60,balanced,1,240,0.8192275401823262,0.8194674952506944,-0.029290405485483836,240,23.0,60.0,0.8174571293408743,0.239293494263255,0.18254287065912567,0.19257239400848603,8.925931557507312,0.9777930321111805,0.19037907482106606,0.760706505736745,0.0012522263546670817,2.6675861413810233,190.73811632334616,0.00714150930362769
0.0,1.0,60,0.5,60,balanced,2,240,0.8063741013278903,0.8063003120607901,0.00915074863871616,240,23.0,60.0,0.790096288401331,0.31744358775266024,0.20990371159866905,0.16650504260367152,8.541684546543753,1.0135438518971227,0.16587258435885574,0.6825564122473398,0.0019288470478847053,3.662805157722536,129.0099605563609,0.008234757813534025
0.0,1.0,60,0.5,60,balanced,3,240,0.8878818129067308,0.8883120774801467,-0.048459667397318544,240,23.0,60.0,0.7578543644911984,0.30972254192605975,0.24214563550880164,0.13654176489042585,8.204072259804146,1.015271028551574,0.13815393772762455,0.6902774580739403,0.0018012361821375085,3.47453953394641,133.72177312920232,0.008864317678644066
0.0,1.0,60,0.5,60,balanced,4,240,0.8418219099948034,0.8413465133012027,0.05647235929077729,240,23.0,60.0,0.7848155090409812,0.331778055578221,0.21518449095901881,0.15870859791726566,8.497600466294855,1.0080322697958417,0.15984652850247863,0.668221944421779,0.00203223274704272,3.7755844155975056,120.84378695701355,0.00825633458879259
0.0,1.0,60,0.5,60,skewed,0,132,0.8525133884179494,0.8524786671404925,0.004072813157972286,132,23.0,60.0,0.7794056003897518,0.5433201954051732,0.22059439961024818,0.15567075578202244,6.216603972966603,1.0252178583349396,0.15749158948605885,0.4566798045948268,0.004794845721849541,4.510201659548576,50.43211812742551,0.008575229033029133
0.0,1.0,60,0.5,60,skewed,1,132,0.7902963876993458,0.7916499120117569,-0.17126793611588872,132,23.0,60.0,0.7499668050106209,0.3502961777211442,0.25003319498937915,0.1305944434960046,6.004412307282666,1.0133065091394986,0.1321470178995018,0.6497038222788558,0.0022446407994276964,2.976531613065463,111.28362744444055,0.009111817081270766
0.0,1.0,60,0.5,60,skewed,2,132,0.7638867374149232,0.764552702142463,-0.08718108260309211,132,24.0,60.0,0.7552091144605555,0.34330821971527636,0.2447908855394445,0.12332017840524281,6.058092334963886,0.9583090260278689,0.12318740771522839,0.6566917802847236,0.002148784280463673,2.872731133486619,114.77006536505641,0.00831631349632035
0.0,1.0,60,0.5,60,skewed,3,132,0.8585514644178964,0.8574712104590932,0.1258228543743267,132,23.0,60.0,0.807659659688488,0.3863255793892659,0.19234034031151204,0.17981428234649238,6.488226727680349,0.9759132146908045,0.17817278738169898,0.6136744206107341,0.0025518921723597324,3.2328453867335196,95.3094156872883,0.007613227719454117
0.0,1.0,60,0.5,60,skewed,4,132,0.7701449232018355,0.7692075033388702,0.12171993020066636,132,24.0,60.0,0.7233758704806398,0.3682486242761528,0.2766241295193602,0.11479322207265498,5.829831459701383,1.004741702857404,0.10947555219536736,0.6317513757238472,0.0023973853783809266,3.0950745076375865,102.93339891748104,0.009740901704387437
0.0,1.0,120,0.1,20,balanced,0,80,0.16480988152703713,0.16601332652540615,-0.7302019680000793,80,10.0,120.0,0.6310737182811529,0.3402128557817411,0.3689262817188471,0.16386458641876656,3.6281703470719426,1.0386212222703173,0.1776632864349172,0.6597871442182589,0.00035842911245897785,2.269449580185513,232.72035715482883,0.022459082967848185
0.0,1.0,120,0.1,20,balanced,1,80,0.1898077753305188,0.19079762527885907,-0.5215012644327255,80,10.0,120.0,0.6200550422651194,0.2370522777050796,0.3799449577348806,0.15153812031619607,3.5154576975850125,0.9993433910024972,0.16308886219719262,0.7629477222949204,0.00026318721064814824,1.8885332779510087,386.21745195502336,0.0220289643116974
0.0,1.0,120,0.1,20,balanced,2,80,0.16003792759710106,0.16008703850654535,-0.030687044116146346,80,8.5,120.0,0.4108005413375676,0.2829656938437902,0.5891994586624325,0.0693057885374053,2.0734523829716833,1.069440458987233,0.087846535931927,0.7170343061562098,0.00021343746337318338,1.7150089097760781,304.079676832646,0.02416965682263037
0.0,1.0,120,0.1,20,balanced,3,80,0.15280641598354802,0.15351724761433777,-0.46518441402766814,80,10.0,120.0,0.586031966086078,0.34868537323864124,0.413968033913922,0.13658849470893697,3.423272395399523,0.9984497649684863,0.14134508726930628,0.6513146267613588,0.00040451746000351625,2.450195856069778,224.14979580422974,0.023578707217729786
0.0,1.0,120,0.1,20,balanced,4,80,0.14905078260284224,0.14965253394716796,-0.4037223648326175,79,9.0,120.0,0.5320533161450005,0.4271600481641502,0.4679466838549995,0.10933609545594433,2.7690862080353775,1.0324382352028845,0.130430857879717,0.5728399518358498,0.0004171373212611347,2.6019969009731305,160.92514858479015,0.024078654764001183
0.0,1.0,120,0.1,20,skewed,0,44,0.2038188601552723,0.20404998388633938,-0.11339663605762203,44,8.5,120.0,0.6615183587074428,0.3240526495326999,0.3384816412925572,0.18769609476839885,2.648085324959915,0.9669947564589422,0.22284761237071168,0.6759473504673001,0.00031270982597290714,1.660961193583564,250.31019549769456,0.021647186699317558
0.0,1.0,120,0.1,20,skewed,1,44,0.24255188096061256,0.24272057486085985,-0.06954961535618218,44,10.5,120.0,0.5421469675596936,0.4021302867948169,0.4578530324403064,0.09021151978758066,2.0939073220403333,0.9207789891458301,0.10396605689017596,0.5978697132051831,0.00041535724248296935,1.798760426811567,178.4107488059681,0.019059455400521393
0.0,1.0,120,0.1,20,skewed,2,44,0.20611877720336705,0.20672692988841893,-0.29504962784241795,44,9.0,120.0,0.5683981528181756,0.3708984689894536,0.43160184718182437,0.14375545988767885,2.482585938136453,1.0472801070671098,0.15324619778546125,0.6291015310105463,0.0004266330945110014,1.8945481879747401,203.53867711277115,0.026947637317454313
0.0,1.0,120,0.1,20,skewed,3,44,0.1522397960927483,0.15366595226814414,-0.9367827677114061,44,10.0,120.0,0.5897639123799241,0.4666526128190706,0.4102360876200759,0.11179688809749964,2.4943722036093514,0.8622126111499533,0.12395347415804038,0.5333473871809293,0.0006220838471928587,2.236148229453587,137.15060133291507,0.018991663706624553
0.0,1.0,120,0.1,20,skewed,4,44,0.24134269695191302,0.24099533365165815,0.14392948477081008,44,9.0,120.0,0.41099793410322194,0.494575296671304,0.5890020658967781,0.07384223425216496,1.6614163938238629,1.0086402741930305,0.07820177606781133,0.505424703328696,0.0006328115823937046,2.387552393716285,122.63241776863815,0.02577925578642088
0.0,1.0,120,0.1,60,balanced,0,240,0.17162500899228797,0.17154775137727607,0.0450153596294182,240,9.0,120.0,0.552125301817538,0.3378158571473981,0.44787469818246195,0.1442384692493141,5.761554642560282,1.0160116197747662,0.13916732725438755,0.6621841428526019,0.0002686086332584326,3.425180109748027,235.22311182580393,0.029050827901232583
0.0,1.0,120,0.1,60,balanced,1,240,0.2059943593760188,0.20598883685757485,0.0026809076038115005,240,9.0,120.0,0.6273288579706089,0.31231931815493835,0.3726711420293911,0.171795362314552,6.42426217964856,0.991567525959337,0.1854595866638413,0.6876806818450616,0.00027609028544539995,3.387295557398788,264.22215029449205,0.023990153721333916
0.0,1.0,120,0.1,60,balanced,2,240,0.20238256218554793,0.2024315854011683,-0.02422304327554599,240,9.0,120.0,0.5487314706058959,0.42370024936194456,0.4512685293941041,0.14010076241222919,5.662471931567828,0.9841378508730695,0.13296527825032178,0.5762997506380554,0.0004380212268034249,4.649272834422333,163.21909222548132,0.028676055799914106
0.0,1.0,120,0.1,60,balanced,3,240,0.20706305840049102,0.20723632730206654,-0.08367929215088905,240,10.0,120.0,0.5961343113338596,0.34689252841322304,0.40386568866614037,0.1689229123632573,6.1965739228265635,1.0365052702701456,0.15299550638410372,0.653107471586777,0.00035818776957745747,4.047602163601618,225.92846536335426,0.027705377763390757
0.0,1.0,120,0.1,60,balanced,4,240,0.1995186706428077,0.19952827469576673,-0.004813611141293285,240,9.0,120.0,0.5811519928704392,0.3794064601118695,0.41884800712956083,0.1602040687963314,5.858000847537421,1.0142869007482462,0.15636933357914581,0.6205935398881305,0.00037866495194418615,4.269301304384334,196.28349175872634,0.02825102266098512
0.0,1.0,120,0.1,60,skewed,0,132,0.14585853626751114,0.1459709829873155,-0.07709299893023655,132,9.0,120.0,0.47677113124641396,0.2938141844295099,0.523228868753586,0.1109426973849574,3.790579812063481,1.0685736787696554,0.10818827988022764,0.7061858155704901,0.0002701468003829644,2.457401085070309,288.42139814658833,0.03050733198050254
0.0,1.0,120,0.1,60,skewed,1,132,0.16557328974292934,0.1662391367387024,-0.4021463829140832,132,10.0,120.0,0.5555111930864648,0.41818234294907436,0.4444888069135352,0.1298856131497321,3.7910387172863187,1.0601189265830087,0.13249105951822715,0.5818176570509257,0.0004139001537319764,3.313923406886561,166.95616164409276,0.025801649567310077
0.0,1.0,120,0.1,60,skewed,2,132,0.15434466503490496,0.1552276606798209,-0.5720934019431527,132,9.0,120.0,0.6098770152031622,0.29291668870795723,0.3901229847968378,0.19035863167172512,4.829464269740463,1.0269919050631444,0.17838783668690603,0.7070833112920427,0.00029151292130379276,2.6304813280882806,289.67279989854717,0.029117558291332293
0.0,1.0,120,0.1,60,skewed,3,132,0.16520437740669644,0.1651577941049593,0.02819737737485868,132,9.5,120.0,0.5800806520739606,0.40152583692385074,0.41991934792603935,0.15558209547339744,4.426055412807096,1.0244381440250698,0.14920504890815334,0.5984741630761492,0.0004371467604908283,3.4104054017729997,178.85997105276684,0.027590715751777687
0.0,1.0,120,0.1,60,skewed,4,132,0.14112234167978593,0.14232366088969595,-0.8512608249060019,132,9.0,120.0,0.6435067079760174,0.19841855615208057,0.3564932920239826,0.1861204611421282,4.833564845154403,1.0044394869759126,0.20145728844036898,0.8015814438479194,0.00017906187618337748,1.881015325017187,484.7821450128102,0.023768631142130812
0.0,1.0,120,0.25,20,balanced,0,80,0.398978437707212,0.39907262849621805,-0.02360798983207159,80,23.0,120.0,0.7778781972688837,0.4228043581046278,0.22212180273111626,0.14611967758695651,4.827007050975391,0.9429732247660332,0.14357933411441573,0.5771956418953722,0.0009650949183954531,2.721534319304955,163.81921259738914,0.007530792583695544
0.0,1.0,120,0.25,20,balanced,1,80,0.434027818124641,0.4349802606678104,-0.21944274154702592,80,23.0,120.0,0.7621148365877649,0.38733234525809507,0.2378851634122351,0.1311520021951375,4.716710735589095,0.967967931455774,0.13482989408436552,0.612667654741905,0.0008845125336966713,2.5500529463501165,189.81146157581856,0.0077538187715216105
0.0,1.0,120,0.25,20,balanced,2,80,0.5349242425467722,0.5348626187950636,0.011520089539259704,80,25.5,120.0,0.8210888578123068,0.4459025284167146,0.17891114218769316,0.18060715726398746,5.100412781663172,0.9908826825788006,0.17839059613714653,0.5540974715832854,0.0011560552369022504,2.8931674991858074,149.11711047275105,0.006136026752474199
0.0,1.0,120,0.25,20,balanced,3,80,0.5241867834573394,0.523559414703304,0.11968419918897273,80,23.0,120.0,0.784065134142821,0.4287457697616759,0.21593486585717903,0.1642762648969792,4.84002942232135,1.0491601686109904,0.16563165029736354,0.5712542302383241,0.0009965514020745434,2.764271760734747,159.88614340545828,0.007985057724481447
0.0,1.0,120,0.25,20,balanced,4,80,0.5049580765125261,0.5048320028845337,0.024967147542854035,80,25.0,120.0,0.7371841612143784,0.5568574902473146,0.26281583878562165,0.10699183104994188,4.511684935435614,0.9641756399475405,0.10817841324667528,0.44314250975268543,0.0017705053401898742,3.5789061698096605,95.49499127093532,0.007737840909322489
0.0,1.0,120,0.25,20,skewed,0,44,0.5187508206192359,0.5195127244228941,-0.14687279005142762,44,23.0,120.0,0.7002358725884315,0.3420584387881571,0.29976412741156855,0.09578337993517141,3.2426769485073095,0.9329632630745338,0.09475484003011385,0.6579415612118429,0.000656198919916217,1.5469594187268034,230.81724755902934,0.008891013965038951
0.0,1.0,120,0.25,20,skewed,1,44,0.44991697539803005,0.45157571433551597,-0.36867667329477205,44,23.5,120.0,0.7930641594153844,0.42836458803224536,0.20693584058461556,0.16226096789122477,3.606604681258412,1.0180809854192698,0.16608982585724366,0.5716354119677547,0.0009979745370370377,2.0192367544800947,160.1352010707452,0.007274516095277469
0.0,1.0,120,0.25,20,skewed,2,44,0.3490101678111663,0.34808318704501584,0.26560279660734415,44,23.5,120.0,0.807990357152835,0.463941865247217,0.19200964284716504,0.1818410577062532,3.6728215478524917,0.9836984890737446,0.17621228100833816,0.5360581347527831,0.0010730426845979182,2.1503227404246075,138.65309640908683,0.007012409846203461
0.0,1.0,120,0.25,20,skewed,3,44,0.5018407661012935,0.5030105389247973,-0.2330964127509168,44,22.5,120.0,0.6116655759049278,0.6469895072015259,0.38833442409507224,0.06926075574659847,2.8407509859896556,0.9371640817494061,0.06562547849110359,0.3530104927984741,0.002524908117022942,3.069724828870515,65.47441444459483,0.010759418012619256
0.0,1.0,120,0.25,20,skewed,4,44,0.5339803692334972,0.5347061765723395,-0.13592397411241378,44,22.0,120.0,0.7632826432870131,0.32898323495023324,0.23671735671298688,0.14713863229758675,3.465147450326513,1.0502679955559115,0.15393335497797694,0.6710167650497667,0.0006696219706757505,1.6241577865235328,244.76022864251107,0.008546435331603538
0.0,1.0,120,0.25,60,balanced,0,240,0.45257690975965503,0.45261139717910165,-0.0076202339763491,240,24.0,120.0,0.7834527270859375,0.492128658293989,0.2165472729140625,0.149331475853491,8.381462763933985,0.9938601845526285,0.1498214957585144,0.507871341706011,0.0012453389230299868,5.353156240840751,123.83867506515767,0.00732377367211652
0.0,1.0,120,0.25,60,balanced,1,240,0.44955911372296953,0.4495709747192919,-0.002638361888420573,240,23.0,120.0,0.7449345520049014,0.4393113162579131,0.25506544799509856,0.1283201277739464,8.002671319065929,1.0261189947080123,0.13029758843310538,0.5606886837420869,0.0010661653958591614,4.960981894310522,153.1548119956687,0.008683472323325624
0.0,1.0,120,0.25,60,balanced,2,240,0.5223144560891884,0.5223850532085269,-0.013516210113566096,240,24.0,120.0,0.7932492771338066,0.5005668214476947,0.20675072286619345,0.1530130843284589,8.469361231756274,0.978353322488946,0.15640373890173423,0.4994331785523053,0.0013182782596273053,5.501558110790804,119.72823379093865,0.006869498856022318
0.0,1.0,120,0.25,60,balanced,3,240,0.42926209417832034,0.4291508952897658,0.025904660593755808,240,24.0,120.0,0.8211820694336487,0.43508469400084504,0.1788179305663513,0.19496111673079528,8.866362656117433,1.0208839338905413,0.19534105137663366,0.564915305999155,0.0010454710785358229,4.847788540937218,155.80836939248184,0.006567688327823341
0.0,1.0,120,0.25,60,balanced,4,240,0.49022085068583404,0.4900259408973486,0.03975958758440806,240,23.0,120.0,0.7462037936076668,0.43585027527478293,0.25379620639233325,0.12595132495751166,8.037349830613143,0.9955933146702671,0.12727012248507386,0.5641497247252171,0.0010763557264224658,4.9788002503714965,155.32390549563308,0.008455407790348453
0.0,1.0,120,0.25,60,skewed,0,132,0.3967601132824382,0.39682545758202026,-0.016469472962251246,132,22.0,120.0,0.7776980626495223,0.5681564502484917,0.22230193735047765,0.16250230527592052,6.29503791357633,0.9753227227095557,0.15509344079694581,0.4318435497515083,0.001705487939723786,4.648336667321721,91.20942998625856,0.008348618003874245
0.0,1.0,120,0.25,60,skewed,1,132,0.4567172374244717,0.4565397454484743,0.038862552462062556,132,22.0,120.0,0.7612256222018434,0.5535316855997489,0.23877437779815658,0.1383546660283237,6.082055316404009,0.9767178358481738,0.1415376932904627,0.44646831440025114,0.0016396140087794834,4.552714098422185,96.78975769920126,0.008214873474759698
0.0,1.0,120,0.25,60,skewed,2,132,0.46021011104932236,0.46106341697587583,-0.18541659691219162,132,23.0,120.0,0.7884850433363866,0.47579038353821385,0.21151495666361342,0.16239658824639355,6.309940972347189,0.9948453397934214,0.1612427182318417,0.5242096164617862,0.0011870797604437077,3.8860424620006593,132.21190707475074,0.007591596690158414
0.0,1.0,120,0.25,60,skewed,3,132,0.4492000051477824,0.4492680530560227,-0.015148688214704983,132,24.0,120.0,0.8278984222719434,0.43791015640287795,0.17210157772805657,0.2037804693649945,6.62805724067515,1.0046469238455271,0.20136983784327017,0.562089843597122,0.0010540634825781142,3.616223629836714,154.02881217854156,0.006368790234811056
0.0,1.0,120,0.25,60,skewed,4,132,0.4835210918383994,0.48371693760869927,-0.04050408009198212,132,22.0,120.0,0.7355804603875968,0.38778258156659673,0.26441953961240316,0.13057359951821562,5.931496986618171,1.0619645168316754,0.13428390582209412,0.6122174184334033,0.0008781778838533776,3.264231780637482,189.45175390605192,0.00945855483541058
0.0,1.0,120,0.5,20,balanced,0,80,0.9241537059417035,0.9252419812416471,-0.1177591230708376,80,47.5,120.0,0.8824833093994122,0.5937560460013952,0.11751669060058784,0.15919763495866351,5.522640211029735,1.0003487818729082,0.15816385958389292,0.4062439539986048,0.002950703875849742,3.787084207030901,82.10320519366641,0.002685513717995445
0.0,1.0,120,0.5,20,balanced,1,80,0.9377983893368831,0.9395868161128813,-0.19070482486782855,80,45.0,120.0,0.8763260570681903,0.5045972234046865,0.12367394293180967,0.15922573441468046,5.50310713234302,1.003435322449457,0.15800265669901634,0.4954027765953135,0.0020614839721050165,3.244903910318287,117.81343700292246,0.0029413339434938095
0.0,1.0,120,0.5,20,balanced,2,80,0.6921982394182874,0.6920909797779066,0.015495508984676047,80,47.0,120.0,0.8852800737127032,0.4605039146407259,0.11471992628729677,0.1659396724345495,5.554297872060027,0.9911826688529513,0.16274125900648123,0.5394960853592741,0.0017351445294186592,2.9599569937635364,140.58410403225588,0.0026889001277079242
0.0,1.0,120,0.5,20,balanced,3,80,0.7782646091056892,0.7788414882889192,-0.07412378469745835,80,47.0,120.0,0.8631538422448067,0.6490173455290394,0.13684615775519327,0.1307175598908254,5.374624644700748,0.984862312847893,0.13217011286211244,0.35098265447096055,0.003670075707630098,4.119593869792582,64.89490431443446,0.0029000431768975215
0.0,1.0,120,0.5,20,balanced,4,80,0.8967512336325658,0.8966168972035476,0.01498034504775601,80,46.0,120.0,0.822854556155495,0.4892467734375832,0.17714544384450504,0.10473100992263573,5.150685776266624,1.043269227274077,0.10534930069063035,0.5107532265624168,0.0019524948356188464,3.1484871560814347,125.27499518667602,0.0037958574223979523
0.0,1.0,120,0.5,20,skewed,0,44,0.8679967283472416,0.8676056388545953,0.045056562988549494,44,47.0,120.0,0.90852160171631,0.9836065573770492,0.09147839828368998,0.19418153603996427,4.211687545733296,0.9227336383390865,0.19498230550551074,0.016393442622950838,0.0015800568671208198,2.06239574826554,2.0,0.0016253934662783943
0.0,1.0,120,0.5,20,skewed,1,44,0.925012064541854,0.9233991469057854,0.17436719994214236,44,43.5,120.0,0.9010697368650572,0.5779739916609764,0.0989302631349428,0.21669455437056423,4.1813922832359305,1.0329613956083117,0.21630959246591994,0.4220260083390236,0.0028221963457246892,2.760614450981833,87.621799131731,0.002623482250720549
0.0,1.0,120,0.5,20,skewed,2,44,0.7727969649212725,0.7728614350541522,-0.008342441262855915,44,47.0,120.0,0.8937042263495344,0.4221227099788305,0.10629577365046561,0.1855024512471066,4.1309117154943,1.038487046925794,0.18577233529583084,0.5778772900211695,0.001486609371329575,2.00362512888747,164.27752680261625,0.0025923950666191372
0.0,1.0,120,0.5,20,skewed,3,44,1.0438693798547292,1.0454698921228853,-0.15332495607629557,44,47.0,120.0,0.8509314760747227,0.3951812099926552,0.14906852392527725,0.11870562025624636,3.919562320894783,0.9780787973965885,0.11879129696217433,0.6048187900073447,0.0013038488078459007,1.8609209891164102,183.6581622952931,0.003114763432342711
0.0,1.0,120,0.5,20,skewed,4,44,0.835763760365987,0.8356672804815206,0.011543918155068418,44,46.0,120.0,0.8979209805362596,0.3687388639996611,0.10207901946374043,0.1946558860289363,4.155793742348364,1.0181496566544814,0.19469527729778846,0.6312611360003388,0.001206817753601911,1.7740025867348073,205.43355668663744,0.002509244457913225
0.0,1.0,120,0.5,60,balanced,0,240,0.7890197385674542,0.7889241569972328,0.012113964397762652,240,46.5,120.0,0.8600205159742003,0.5087978262398631,0.13997948402579974,0.12869036899593414,9.336148732060986,0.9855010064294452,0.130224209447431,0.49120217376013686,0.002035094243149181,5.5971112481773595,115.8500642324448,0.0030126187032686446
0.0,1.0,120,0.5,60,balanced,1,240,0.8000338654192944,0.8004413520862634,-0.050933677258203365,240,46.0,120.0,0.8824914447727832,0.5416136559709638,0.11750855522721682,0.1614098362262617,9.61592936337824,0.9879823833172126,0.16129926421430568,0.4583863440290362,0.0023457887905011876,5.988829841048348,101.56014472137548,0.0027216816180356943
0.0,1.0,120,0.5,60,balanced,2,240,0.8572361789960102,0.8571936732323948,0.00495846589970125,240,47.0,120.0,0.8859107735451408,0.5273810164118191,0.1140892264548592,0.1635736622317636,9.633621985042197,0.9913865394113731,0.1637911784660616,0.4726189835881809,0.0022243985759207606,5.838674952992755,107.53947575977006,0.002625993325274117
0.0,1.0,120,0.5,60,balanced,3,240,0.7774677443962194,0.7773306542407667,0.01763290585888752,240,46.5,120.0,0.8653817376624795,0.5723026179894244,0.13461826233752044,0.1409070218290956,9.417513669464398,1.0196161849234548,0.140971386031608,0.4276973820105756,0.002628257044527093,6.2886368033433655,89.67927845861695,0.003034301889495951
0.0,1.0,120,0.5,60,balanced,4,240,0.8346538448701865,0.8351898351688392,-0.06421707656975598,240,46.0,120.0,0.8811532953924273,0.5308265779876523,0.11884670460757274,0.16344969197610665,9.603400208892497,1.0113217485216235,0.1630030913524341,0.4691734220123477,0.002269770389014798,5.900296498028666,106.06253148611438,0.002808281836908761
0.0,1.0,120,0.5,60,skewed,0,132,0.8796444211570277,0.880043839209286,-0.045406762397574775,132,48.0,120.0,0.8693667172217677,0.4834180933987635,0.13063328277823227,0.13696960328339436,6.99309490837472,0.9877672987068388,0.13695017003463936,0.5165819066012365,0.001865477057738111,3.9513587446830916,128.23233064430215,0.0028352091160303945
0.0,1.0,120,0.5,60,skewed,1,132,0.9010572600089085,0.9008046426685039,0.028035658954915513,132,48.0,120.0,0.8878134711092249,0.5036577840236083,0.11218652889077507,0.164203024904695,7.152955730965161,0.9939840259761029,0.16387744608879284,0.4963422159763917,0.002019206390131168,4.108162233135144,118.25701459698905,0.0025640720581347996
0.0,1.0,120,0.5,60,skewed,2,132,0.7589481506202587,0.7587067182684486,0.03181144214038254,132,46.0,120.0,0.8681887600574048,0.5264906606620346,0.13181123994259525,0.14369886430928877,7.004479738460778,1.0012525806650996,0.14336644961096826,0.47350933933796535,0.0022114151347015537,4.312460659222271,107.92427096257745,0.0029924770434291673
0.0,1.0,120,0.5,60,skewed,3,132,0.704237069108592,0.7038261384452863,0.05835118333458523,132,46.0,120.0,0.8298978099160136,0.4545617170769082,0.17010219008398642,0.10560118990972409,6.69982622516089,0.9930094678295033,0.10531985944943381,0.5454382829230918,0.001655833776430547,3.71957324521959,143.99055505964876,0.0035481599495973066
0.0,1.0,120,0.5,60,skewed,4,132,0.8282720191698731,0.828397340506283,-0.015130456360877429,132,47.0,120.0,0.8948235661403033,0.5066088755736017,0.10517643385969666,0.18909796101840579,7.219338574401717,1.0453966414337166,0.18923532671163676,0.4933911244263983,0.002084341245630607,4.180418165437788,116.86912287932475,0.0025992183938241863
0.0,0.95,30,0.1,20,balanced,0,80,0.1623063750876933,0.1623063750876933,0.0,72,1.0120625136212273,15.707224721141241,8.420561756818757e-07,0.06585581901613415,0.9999991579438243,0.0,-5.8315456726695025,1.2018932827933164,1e-06,0.9341441809838659,0.0,-1.7334064632184796,222.8020665731193,0.0
0.0,0.95,30,0.1,20,balanced,1,80,0.11812731164649991,0.11810821308406243,0.016167778789915883,71,1.0396027887,15.707224721141241,7.0704821495069e-07,0.10288505209986905,0.999999292951785,0.0,-7.939288080140242,1.4703411048597286,1e-06,0.8971149479001309,0.0,-2.4281933918022363,136.96047967866275,0.0
0.0,0.95,30,0.1,20,balanced,2,80,0.19105466926034914,0.19424734581100975,-1.6710800960901737,74,0.9659023653158256,15.707224721141241,5.003272490944526e-07,0.0565055370790238,0.9999994996727508,0.0,-11.671987829868982,1.9305402289890023,1e-06,0.9434944629209762,0.0,-3.662084554390472,262.26951053534276,0.0
0.0,0.95,30,0.1,20,balanced,3,80,0.15974913858153605,0.16577677284405656,-3.7731873336168267,75,1.1154000975505207,15.707224721141241,6.5145164042817e-07,0.07875843118593993,0.9999993485483596,0.0,-13.353670165218958,1.7121752432575685,1e-06,0.92124156881406,0.0,-2.2831137140588273,183.7282450390197,0.0
0.0,0.95,30,0.1,20,balanced,4,80,0.2387469774001241,0.2387469774001241,0.0,78,1.0626523487503405,15.707224721141241,7.345555430588334e-07,0.0371703293117171,0.9999992654444569,0.0,-4.887119249064593,1.4466592461446934,1e-06,0.9628296706882828,0.0,-4.234707251945715,406.8670438417659,0.0
0.0,0.95,30,0.1,20,skewed,0,44,0.2511595700468601,0.24920709587235101,0.7773839452523462,37,1.0810621702324,15.707224721141241,8.330346107969819e-07,0.8870517525192904,0.9999991669653892,0.0,-3.3132101388520514,1.2977387201619703,1e-06,0.11294824748070964,0.0,-1.6416403698520805,2.0,0.0
0.0,0.95,30,0.1,20,skewed,1,44,0.14842456774439194,0.14850580496009286,-0.05473299800395263,37,0.8788212969335301,15.707224721141241,9.004178848178804e-07,0.23913226670738374,0.9999990995821152,0.0,-3.006630164746804,0.9760140486005167,1e-06,0.7608677332926163,0.0,-0.3708455826415675,49.97703001124719,0.0
0.0,0.95,30,0.1,20,skewed,2,44,0.33183939983857547,0.3347931668790003,-0.8901194499091118,40,0.8130150293114028,15.707224721141241,6.363469859649876e-07,0.23017879184521572,0.999999363653014,0.0,-6.493238703020416,1.2776276620099516,1e-06,0.7698212081547843,0.0,-1.2566893707447322,52.532010506505635,0.0
0.0,0.95,30,0.1,20,skewed,3,44,0.14972425052912658,0.12744491166082458,14.880247381146777,40,1.1814275542467625,15.707224721141241,7.76890769704872e-07,0.8870517525192904,0.9999992231092303,0.0,-6.92016746244128,1.520711382352809,1e-06,0.11294824748070964,0.0,-3.702382149645018,2.0,0.0
0.0,0.95,30,0.1,20,skewed,4,44,0.185507045751051,0.185507045751051,0.0,42,0.9126448304377143,15.707224721141241,6.17324746011818e-07,0.03178921375034044,0.999999382675254,0.0,-10.69874842073959,1.478386008204222,1e-06,0.9682107862496596,0.0,-5.515078766384914,478.39825534827474,0.0
0.0,0.95,30,0.1,60,balanced,0,240,0.21525321765612043,0.21525321765612043,0.0,222,0.9997164784925653,15.707224721141241,6.389600030191091e-07,0.047082945828179575,0.999999361039997,0.0,-16.808541249298543,1.5645984646770186,1e-06,0.9529170541718204,0.0,-7.862402617295204,317.9002937731736,0.0
0.0,0.95,30,0.1,60,balanced,1,240,0.25630870462672106,0.2563538231476234,-0.017603194931690262,219,1.0532924430612063,15.707224721141241,7.53064011563085e-07,0.14352426804813645,0.9999992469359884,0.0,-20.731324860802356,1.3986747921702807,1e-06,0.8564757319518636,0.0,-3.3753043502885776,93.73227937633453,0.0
0.0,0.95,30,0.1,60,balanced,2,240,0.1892536111787915,0.1892536111787915,0.0,213,0.9945291987252272,15.707224721141241,6.024866019289852e-07,0.05468192125962823,0.9999993975133981,0.0,-23.208488313531518,1.6507065822697067,1e-06,0.9453180787403718,0.0,-4.774044891533778,271.53990119025053,0.0
0.0,0.95,30,0.1,60,balanced,3,240,0.15824781775881824,0.15824781775881824,0.0,221,1.0827446532794993,15.707224721141241,5.969241638815862e-07,0.06428481041561213,0.9999994030758361,0.0,-26.708941919458628,1.8138719664321823,1e-06,0.9357151895843878,0.0,-4.906345170024731,228.6308174942964,0.0
0.0,0.95,30,0.1,60,balanced,4,240,0.19892935632196065,0.19892935632196065,0.0,225,0.9579314524641196,15.707224721141241,6.00928729973539e-07,0.02493605859413458,0.99999939907127,0.0,-15.510953387081639,1.5940840053591372,1e-06,0.9750639414058654,0.0,-7.459302280560545,614.1928319315919,0.0
0.0,0.95,30,0.1,60,skewed,0,132,0.18891637988379253,0.18922061275727958,-0.16104102443323853,116,1.0572850003303866,15.707224721141241,7.484489727360815e-07,0.14053004612156433,0.9999992515510273,0.0,-15.32484964502678,1.4126336562205644,1e-06,0.8594699538784356,0.0,-1.436738803358591,96.06406657662036,0.0
0.0,0.95,30,0.1,60,skewed,1,132,0.11638952169845011,0.11668984709762002,-0.2580347395429745,122,1.0868774914401744,15.707224721141241,8.113406136750393e-07,0.231734962930603,0.9999991886593864,0.0,-11.547437228930214,1.3396058217709312,1e-06,0.768265037069397,0.0,-0.5221047210334605,52.07376319066143,0.0
0.0,0.95,30,0.1,60,skewed,2,132,0.15616914221453354,0.15616914221453354,0.0,121,1.124358985368689,15.707224721141241,9.182020230383098e-07,0.10667317012586769,0.9999990817979769,0.0,-11.294281532654209,1.2245213195796452,1e-06,0.8933268298741324,0.0,-2.3211108777524463,131.53902944574716,0.0
0.0,0.95,30,0.1,60,skewed,3,132,0.11140550690589479,0.11140550690589479,0.0,119,0.9908178909296628,15.707224721141241,7.045148910089429e-07,0.07163958737438968,0.999999295485109,0.0,-10.034795459445641,1.4063821864784094,1e-06,0.9283604126256103,0.0,-4.437823460292633,203.54619781820173,0.0
0.0,0.95,30,0.1,60,skewed,4,132,0.1544173105432156,0.15829325281754336,-2.5100438938437653,117,1.0973032286168802,15.707224721141241,6.13851720440764e-07,0.052713437351319205,0.9999993861482795,0.0,-25.815368482845987,1.7875694056003508,1e-06,0.9472865626486808,0.0,-2.625953975573482,282.26660340274515,0.0
0.0,0.95,30,0.25,20,balanced,0,80,0.380935455104363,0.37819991557386845,0.7181110326800911,80,2.7384156341061985,15.707224721141241,0.002786142368582963,0.0714640337854181,0.997213857631417,0.0,-3.0537200077557975,1.195624016162606,0.001219861105625778,0.9285359662145819,0.0,-1.214877979010372,204.08480056957535,0.0
0.0,0.95,30,0.25,20,balanced,1,80,0.49205058186300715,0.49294588889312063,-0.18195426712507037,80,2.958045199140976,15.707224721141241,0.038364484837708726,0.034256731012090785,0.9616355151622913,0.0,-1.815076014585075,1.0554249370385251,0.01423447608560314,0.9657432689879092,0.0,-2.4676022751216147,442.807766554513,0.0
0.0,0.95,30,0.25,20,balanced,2,80,0.35176638594678583,0.3564269116897861,-1.3248922947701074,80,2.527898941155493,15.707224721141241,0.1676300563983801,0.044734171407317204,0.8323699436016199,0.0,-0.3887196603548946,1.0878922648122882,0.086669104127364,0.9552658285926828,0.0,-2.9049756223272314,335.4164068785713,0.0
0.0,0.95,30,0.25,20,balanced,3,80,0.42065004406113216,0.4300871872164058,-2.2434665795261832,80,2.965182881309617,15.707224721141241,2.663702783180913e-06,0.00659755587111091,0.9999973362972168,0.0,-0.8992300424284555,1.1131778671543606,1e-06,0.9934024441288891,0.0,-2.856418491198489,2365.056959470061,0.0
0.0,0.95,30,0.25,20,balanced,4,80,0.540935410211785,0.5048474529275233,6.671398581603801,80,2.8401715613340413,15.707224721141241,0.0827028551132935,0.8870517525192904,0.9172971448867064,0.044168387936230014,0.5215341471384601,1.2249115455875133,0.03888403712896417,0.11294824748070964,0.0,-2.723651113440528,2.0,0.03716478563225419
0.0,0.95,30,0.25,20,skewed,0,44,0.2593885976550463,0.2759699774397593,-6.392485997693754,44,2.8172201684177196,15.707224721141241,2.2756383703553552e-06,0.007017829767572494,0.9999977243616296,0.0,-1.7619662377497707,1.2379883351047178,1e-06,0.9929821702324275,0.0,-1.5772666158373179,2222.4811100429915,0.0
0.0,0.95,30,0.25,20,skewed,1,44,0.24977714063704753,0.25244690449121476,-1.0688583620414953,43,2.5361902107986456,15.707224721141241,0.11147100686120341,0.17070136189420365,0.8885289931387965,0.0,-1.4774102792723864,1.1657341534479462,0.057664454424174776,0.8292986381057963,0.0009329939898873423,0.45420633045127007,76.3085890183893,0.0006416537703039038
0.0,0.95,30,0.25,20,skewed,2,44,0.36555836881359066,0.3613416100260463,1.1535117637245513,43,2.4155635298703237,15.707224721141241,2.036814914026502e-06,0.03602720761431974,0.9999979631850859,0.0,-5.004234873552733,1.1859489996677506,1e-06,0.9639727923856802,0.0,-0.43358158491928267,420.2750720277772,0.0
0.0,0.95,30,0.25,20,skewed,3,44,0.22180231584947854,0.22489287889482548,-1.3933862834165738,44,2.8933376885076427,15.707224721141241,0.21304108355926507,0.029911973368277257,0.7869589164407349,0.0,-2.040187234625714,0.9970535453438765,0.09328905081475677,0.9700880266317228,0.0,-2.1855836849862684,509.40773602562547,0.0
0.0,0.95,30,0.25,20,skewed,4,44,0.33758246397886654,0.33860948109548367,-0.30422703374823923,44,2.6885697697906954,15.707224721141241,0.2015903528822638,0.003850251389880801,0.7984096471177362,0.0,-0.7449767912735047,1.0742737699713278,0.10088944476694946,0.9961497486101192,0.0,-0.6797665427984001,4063.8250267112817,0.0
0.0,0.95,30,0.25,60,balanced,0,240,0.4270300066414183,0.43314063673958125,-1.4309603548057197,239,2.8577213773516386,15.707224721141241,0.06481232312736657,0.04988000502499859,0.9351876768726334,0.0,-2.703002967096103,1.20022544972956,0.029107289895586856,0.9501199949750014,0.0,-2.5305293332369163,299.1929985901671,0.0
0.0,0.95,30,0.25,60,balanced,1,240,0.3638187928225598,0.36427918725805414,-0.126544984639889,240,2.8144399784882284,15.707224721141241,0.015348305829758019,0.059004962898449954,0.984651694170242,0.0,-5.235491686293719,1.1268563844726533,0.006241003643311033,0.9409950371015501,0.0,-5.265721442416358,250.49453102225348,0.0
0.0,0.95,30,0.25,60,balanced,2,240,0.501542266857715,0.5011844973765626,0.07133386452031587,240,2.927838585073145,15.707224721141241,2.484537684432615e-06,0.04278862994979074,0.9999975154623155,0.0,-3.358838248379516,1.1784209710324758,1e-06,0.9572113700502093,0.0,-4.543670632173039,351.38152618236967,0.0
0.0,0.95,30,0.25,60,balanced,3,240,0.5475391320686545,0.5375795214668726,1.8189769494928165,240,2.9365646768232407,15.707224721141241,2.3478280805012775e-06,0.8870517525192904,0.9999976521719195,0.0,-4.334277635902106,1.2507550303191233,1e-06,0.11294824748070964,0.0,-5.330959651576154,2.0,0.0
0.0,0.95,30,0.25,60,balanced,4,240,0.39811134957118227,0.3982714244064963,-0.0402085586071514,239,3.0601785948215814,15.707224721141241,0.09159143862052993,0.034493594087749525,0.90840856137947,0.0,-3.4697596144079488,1.1727023822195985,0.038638030423459355,0.9655064059122505,0.0,-3.315492644765912,439.6592030620307,0.0
0.0,0.95,30,0.25,60,skewed,0,132,0.37351310547594857,0.3831605324519737,-2.5828884809093613,132,2.494499440973622,15.707224721141241,2.115018625142524e-06,0.024042196221508272,0.9999978849813749,0.0,-5.033577510747166,1.1794194789954549,1e-06,0.9759578037784917,0.0,-3.4120707244771546,637.61182219228,0.0
0.0,0.95,30,0.25,60,skewed,1,132,0.5807001734441771,0.5814058204933618,-0.12151659005014338,132,2.9181416193989556,15.707224721141241,2.536660695959729e-06,0.006745378384036786,0.9999974633393041,0.0,-3.742383088053731,1.150384133640347,1e-06,0.9932546216159632,0.0,-5.833374957431789,2312.8833786337473,0.0
0.0,0.95,30,0.25,60,skewed,2,132,0.49265706910179374,0.49572363351502985,-0.6224541583919678,132,2.8011242969769343,15.707224721141241,0.020531259498282363,0.058442466789193466,0.9794687405017177,0.0,-0.155047190254935,1.076284282324074,0.008054149918798324,0.9415575332108065,0.0,-2.439824847615932,253.05666537607908,0.0
0.0,0.95,30,0.25,60,skewed,3,132,0.3495151944645999,0.3520693816443065,-0.7307800119016917,132,2.7705146406962795,15.707224721141241,2.1093751501863662e-06,0.059137834571332454,0.9999978906248499,0.0,-5.371055420481682,1.3134262989662584,1e-06,0.9408621654286675,0.0,-2.647886057263503,249.8964253786114,0.0
0.0,0.95,30,0.25,60,skewed,4,132,0.479557459666192,0.47970536232846905,-0.030841489230507523,132,2.8208418548101473,15.707224721141241,2.467859004256278e-06,0.013886293470087793,0.9999975321409957,0.0,-2.2934008362996416,1.1430291959549388,1e-06,0.9861137065299123,0.0,-4.148423007353843,1115.4243299284765,0.0
0.0,0.95,30,0.5,20,balanced,0,80,0.7696484653966615,0.7706374101249799,-0.12849304231493,80,5.466980209869117,15.707224721141241,0.12652589109617976,0.026885247159741787,0.8734741089038203,0.0,-0.16501311585948122,1.1174536160825619,0.02960839286967254,0.9731147528402582,0.0,-2.0755129829277315,568.5248869576155,0.0
0.0,0.95,30,0.5,20,balanced,1,80,0.9494517031485364,0.9539012359291567,-0.46864235072356375,80,6.121519929612111,15.707224721141241,0.25005035694080713,0.03470963280811716,0.7499496430591929,0.04596445196401305,1.1718256145578285,1.0736637794398696,0.05848015112040253,0.9652903671918829,0.0,-0.6796935849088195,436.8249241487242,0.02585153240253481
0.0,0.95,30,0.5,20,balanced,2,80,0.8339755496995993,0.8376980654290183,-0.4463578975138796,80,5.813842863562439,15.707224721141241,0.3285123215587221,0.04762422973310112,0.6714876784412779,0.08352650776893422,1.8087153697330498,1.1056110209352723,0.09304361301224041,0.9523757702668989,0.0,-2.552806039339268,314.1086024149346,0.03766174338101112
0.0,0.95,30,0.5,20,balanced,3,80,0.777999571453623,0.7830024912157632,-0.643049166825718,80,5.785022688134148,15.707224721141241,0.11172648700808524,0.014006942755249184,0.8882735129919148,0.001131723778342475,0.03475025901082755,1.115346954304607,0.024250208985122798,0.9859930572447508,0.0,-2.1428445702914183,1105.681289218124,0.0008929638248270012
0.0,0.95,30,0.5,20,balanced,4,80,0.848520799086993,0.8454561052177965,0.36118075979918296,80,6.0241437738495645,15.707224721141241,0.32254326301614933,0.03838798744738479,0.6774567369838507,0.07102796623001367,1.69781007476647,1.0855955004777542,0.08580003037876924,0.9616120125526152,0.0,-0.8987121121025102,393.4630852011964,0.03259811679941961
0.0,0.95,30,0.5,20,skewed,0,44,0.8617053297787908,0.8666449047436083,-0.5732324953920854,44,5.912273699870117,15.707224721141241,4.816704314064643e-06,0.040964842000734046,0.9999951832956859,0.0,-0.6959659707503683,1.2274461613915382,1e-06,0.959035157999266,0.0,-1.9655185085265725,367.7246147293755,0.0
0.0,0.95,30,0.5,20,skewed,1,44,1.1326959489780566,1.136249839403574,-0.31375502214198414,44,5.56213232509066,15.707224721141241,0.38763949636030204,0.03518617587132333,0.612360503639698,0.12239158527262214,1.6477513323214532,1.125571127446217,0.1281017023050492,0.9648138241286767,0.0,-0.6882441695515547,430.696066690319,0.04589505589774923
0.0,0.95,30,0.5,20,skewed,2,44,1.0859423692068269,1.0839826868954916,0.18045914469352614,44,5.432885255617521,15.707224721141241,0.20811592456469785,0.024085712824754982,0.7918840754353021,0.02732492251325014,0.617035167241306,0.9293062859330072,0.04495480483634674,0.975914287175245,0.0,-2.928214524012478,636.4314450132899,0.017134923037037
0.0,0.95,30,0.5,20,skewed,3,44,0.8347550061042301,0.8451137235270155,-1.2409290566736604,44,5.0312744763752315,15.707224721141241,0.11259249868763188,0.05964361846406601,0.8874075013123681,0.0732145211163952,1.1790572820900402,1.1125297300566113,0.028055867652122313,0.940356381535934,0.0,-0.6062532740721528,247.6440796703672,0.05765585503587365
0.0,0.95,30,0.5,20,skewed,4,44,0.9984415225173321,1.0015241644502777,-0.30874536599534247,44,5.57820188584097,15.707224721141241,0.39616603892550034,0.015067559762820591,0.6038339610744996,0.09136609459346778,1.4786178810825263,1.0286310129303666,0.1209832925511292,0.9849324402371794,0.0,-3.032314200454969,1026.7458976417136,0.033313489927641986
0.0,0.95,30,0.5,60,balanced,0,240,0.7668198548035867,0.7510605569220087,2.0551499524767296,240,5.586500638377604,15.707224721141241,0.2606813702453167,0.8870517525192904,0.7393186297546833,0.05560768893445239,2.257732609764042,1.0890732713188231,0.06873830103631333,0.11294824748070964,0.0,-2.7444314117350377,2.0,0.030394719928749574
0.0,0.95,30,0.5,60,balanced,1,240,0.7860296194053117,0.784909672033665,0.14248157372160977,240,5.57030284678201,15.707224721141241,0.25576814114781476,0.05882430854980512,0.7442318588521852,0.04579609406416099,2.0152797026660325,1.0528583193014664,0.06495750920438804,0.9411756914501949,0.0,-3.1613937409387245,251.31205877527782,0.025365589111778768
0.0,0.95,30,0.5,60,balanced,2,240,0.8942986353223242,0.8986404175466542,-0.4854957899790538,240,5.629030397513911,15.707224721141241,0.18038504312534928,0.045641621472257664,0.8196149568746507,0.03865782675630661,1.7376554180811772,1.0726634683673146,0.0419392416995292,0.9543583785277423,0.0,-3.2916973965255916,328.4353410877567,0.02596911715636982
0.0,0.95,30,0.5,60,balanced,3,240,0.821334017895406,0.82267469777962,-0.1632319927097755,240,5.855715275306842,15.707224721141241,0.286426893599508,0.03860532788623624,0.713573106400492,0.06435743410781425,2.766503210354305,1.0145261386629911,0.06954391483165008,0.9613946721137637,0.0,-1.881813558664689,391.1595364530659,0.03276994165367713
0.0,0.95,30,0.5,60,balanced,4,240,0.697280657216717,0.697702214633375,-0.06045735132547021,240,5.850058226000092,15.707224721141241,0.32593818678638026,0.031813256222127786,0.6740618132136198,0.04896207879849912,2.1485676457905263,1.0786163475082535,0.08915431507950952,0.9681867437778722,0.0,-4.69186338506119,478.0248412915181,0.02224637722197667
0.0,0.95,30,0.5,60,skewed,0,132,0.7947690662600435,0.8012836370796175,-0.8196809735222426,132,5.994638320708171,15.707224721141241,0.47308858997898895,0.03437691214222704,0.526911410021011,0.1499927750314547,3.48553071339489,1.028873128942081,0.15411830074409938,0.965623087857773,0.0,-1.6441550071500184,441.2048055437062,0.04164333919282672
0.0,0.95,30,0.5,60,skewed,1,132,0.6619440438294074,0.638892763019113,3.482360937480547,132,5.764254395929921,15.707224721141241,0.17365620457808778,0.8870517525192904,0.8263437954219122,0.013971309037084684,0.5308597274172787,1.085202075236281,0.039563713197871456,0.11294824748070964,0.0,-1.263092272068081,2.0,0.009540225501413478
0.0,0.95,30,0.5,60,skewed,2,132,0.9583493744698692,0.9626703085734768,-0.450872533411709,132,5.669432474363072,15.707224721141241,0.3429829521425327,0.021337637785045674,0.6570170478574673,0.07914613150095476,2.1353536106018973,1.1428819559407248,0.10523452267600159,0.9786623622149543,0.0,-3.209193326657312,720.4204047463312,0.034165121482624974
0.0,0.95,30,0.5,60,skewed,3,132,0.9162798026190595,0.9161777748182336,0.011135004889803062,132,5.692364418923564,15.707224721141241,0.2729866234666477,0.03298367654789671,0.7270133765333523,0.06974226834102118,2.0124539767175684,1.104103279528417,0.07283102134953835,0.9670163234521033,0.0,-1.7632836364446907,460.5048403084272,0.03686216780730866
0.0,0.95,30,0.5,60,skewed,4,132,0.83427439849547,0.8338181240999117,0.054691165925879075,132,5.787983404888816,15.707224721141241,0.4666814689715597,0.015051293786604157,0.5333185310284403,0.1421994834839508,3.3630439293371563,1.05752143742399,0.1598808919472876,0.9849487062133958,0.0,-1.2268557079052775,1027.8724797107043,0.04044560790558557
0.0,0.95,60,0.1,20,balanced,0,80,0.2062007676118675,0.2062007676118675,0.0,79,1.0696963561890036,19.078604020260943,5.803579318654403e-07,0.07207061755175175,0.9999994196420682,0.0,-45.13358690559947,1.8431655304547088,1e-06,0.9279293824482483,0.0,-4.323376732483213,245.6423692190924,0.0
0.0,0.95,60,0.1,20,balanced,1,80,0.21832344393318123,0.21724362304606196,0.49459685486170674,78,1.1448407877584041,19.078604020260943,5.922712923168982e-07,0.032441311711434336,0.9999994077287078,0.0,-27.188956152937013,1.9329657278562615,1e-06,0.9675586882885656,0.0,-3.1139463920106194,569.0173456739204,0.0
0.0,0.95,60,0.1,20,balanced,2,80,0.1612800036260204,0.14721542316003983,8.720597811117266,78,1.324746393278477,19.078604020260943,7.786213500184407e-07,0.9051170562302142,0.9999992213786499,0.0,-18.61618004473438,1.7013987116523122,1e-06,0.09488294376978579,0.0,-3.0723384042410293,2.0,0.0
0.0,0.95,60,0.1,20,balanced,3,80,0.12470325231008005,0.12470325231008005,0.0,80,1.2066545052759645,19.078604020260943,7.713001749048574e-07,0.04970659890315804,0.9999992286998252,0.0,-22.363836234946792,1.5644409446856404,1e-06,0.950293401096842,0.0,-5.104381191191328,364.7457662093588,0.0
0.0,0.95,60,0.1,20,balanced,4,80,0.13401524827617328,0.13401524827617328,0.0,80,1.1402341155003435,19.078604020260943,8.91911101200637e-07,0.0812090997497268,0.9999991080888988,0.0,-15.38005820484348,1.278415636859468,1e-06,0.9187909002502732,0.0,-2.767112677958275,215.85324572389445,0.0
0.0,0.95,60,0.1,20,skewed,0,44,0.1997062806732135,0.1887306329007359,5.495895139340876,44,0.9857121472545977,19.078604020260943,5.314596568341171e-07,0.9051170562302142,0.9999994685403432,0.0,-13.928729164723816,1.8547252094339333,1e-06,0.09488294376978579,0.0,-6.657061530886474,2.0,0.0
0.0,0.95,60,0.1,20,skewed,1,44,0.15859448965067383,0.15859448965067383,0.0,43,0.9379344669864785,19.078604020260943,4.5971903709460335e-07,0.00013987188191998004,0.9999995402809629,0.0,-22.965193951166516,2.040233186132419,1e-06,0.99986012811808,0.0,-5.338458741744289,136381.48853195144,0.0
0.0,0.95,60,0.1,20,skewed,2,44,0.1641032423923029,0.1635349023783478,0.34633076450520217,44,1.0609650835306244,19.078604020260943,7.209033054317064e-07,0.08535990854956657,0.9999992790966946,0.0,-22.261481601120032,1.471715152414747,1e-06,0.9146400914504335,0.0,-1.7608266502181447,204.42918018949402,0.0
0.0,0.95,60,0.1,20,skewed,3,44,0.13369296683297158,0.13412450020422834,-0.3227794112729151,44,1.3370499620805945,19.078604020260943,9.44296996038213e-07,0.04034943535813854,0.999999055703004,0.0,-10.492887440870234,1.4159196722784944,1e-06,0.9596505646418615,0.0,-2.522537574662161,453.75586939728987,0.0
0.0,0.95,60,0.1,20,skewed,4,44,0.12421265433887972,0.12421265433887972,0.0,43,1.2760565818851872,19.078604020260943,9.537320684501541e-07,0.02942926129265022,0.9999990462679316,0.0,-10.851575240251304,1.3379600068731723,1e-06,0.9705707387073498,0.0,-3.3306002366907763,629.2082772079032,0.0
0.0,0.95,60,0.1,60,balanced,0,240,0.1993388602675655,0.1993388602675655,0.0,238,1.0466839039069145,19.078604020260943,6.774202258248369e-07,0.045961901189543054,0.9999993225797742,0.0,-35.545598392892444,1.5451017771816493,1e-06,0.954038098810457,0.0,-11.325141168853289,396.0174543778103,0.0
0.0,0.95,60,0.1,60,balanced,1,240,0.15054554631006858,0.15054554631006858,0.0,234,1.0602720705845314,19.078604020260943,7.276656069229765e-07,0.07389116399925372,0.9999992723343931,0.0,-34.44835811257599,1.4570859044503919,1e-06,0.9261088360007463,0.0,-6.148060506320476,239.12011674225988,0.0
0.0,0.95,60,0.1,60,balanced,2,240,0.1667980858344247,0.1689424724654689,-1.285618249344212,238,1.1582485576321626,19.078604020260943,7.705115670073378e-07,0.038928307992580964,0.999999229488433,0.0,-30.90945209167415,1.5032190492124795,1e-06,0.961071692007419,0.0,-8.855214793556073,471.01729287556566,0.0
0.0,0.95,60,0.1,60,balanced,3,240,0.1795618167169287,0.1795618167169287,0.0,239,1.1497776434230205,19.078604020260943,9.017902821637036e-07,0.0742431807312408,0.9999990982097178,0.0,-34.43386655683819,1.2749933430116753,1e-06,0.9257568192687592,0.0,-6.2465985007099505,237.89589292815518,0.0
0.0,0.95,60,0.1,60,balanced,4,240,0.17492170203913157,0.1750231844378228,-0.05801589940425473,239,1.1405319003016445,19.078604020260943,8.00170689799831e-07,0.10529658830541856,0.9999991998293102,0.0,-32.72311900402705,1.425359616655872,1e-06,0.8947034116945815,0.0,-3.60575579270046,162.11059049497254,0.0
0.0,0.95,60,0.1,60,skewed,0,132,0.21597146877656334,0.21597146877656334,0.0,132,1.1607142684340366,19.078604020260943,6.536953691593554e-07,0.0035872131731169484,0.9999993463046308,0.0,-37.31481467820172,1.7756183754813404,1e-06,0.9964127868268831,0.0,-9.202656689015209,5299.424395254645,0.0
0.0,0.95,60,0.1,60,skewed,1,132,0.21400167125032263,0.2178097090865073,-1.779443036092141,131,1.2814446663765242,19.078604020260943,8.666267077459491e-07,0.06000857099660755,0.9999991333732923,0.0,-20.473976086897608,1.4786568938952327,1e-06,0.9399914290033925,0.0,-7.724884066741796,298.8527131800688,0.0
0.0,0.95,60,0.1,60,skewed,2,132,0.17162773182511806,0.17403049515953206,-1.399985485365687,130,1.3497499435424347,19.078604020260943,8.519699451620381e-07,0.02513242398742314,0.9999991480300549,0.0,-22.74464275063848,1.5842680851102862,1e-06,0.9748675760125769,0.0,-6.171647860455697,740.044512389375,0.0
0.0,0.95,60,0.1,60,skewed,3,132,0.2921444370970447,0.2921444370970447,0.0,129,1.3360858712882013,19.078604020260943,7.828998376929391e-07,0.07006235577066412,0.9999992171001624,0.0,-36.44160123775821,1.706584624079664,1e-06,0.9299376442293359,0.0,-6.790898189938236,253.2303100949188,0.0
0.0,0.95,60,0.1,60,skewed,4,132,0.17194405363687756,0.17194405363687756,0.0,131,1.289601581827017,19.078604020260943,8.669612270248285e-07,0.026746814009940893,0.999999133038773,0.0,-34.27638486557606,1.4874949693168178,1e-06,0.973253185990059,0.0,-6.8296813385079345,694.2251940758438,0.0
0.0,0.95,60,0.25,20,balanced,0,80,0.4740488452774296,0.47641019830170284,-0.4981244122409614,80,2.979560685338676,19.078604020260943,2.378737240617283e-06,0.057485457217064245,0.9999976212627594,0.0,-3.692971708151768,1.2525778577399946,1e-06,0.9425145427829358,0.0,-3.1035013541524044,312.8071448956851,0.0
0.0,0.95,60,0.25,20,balanced,1,80,0.35634569255961274,0.3668378982482333,-2.9443896496280364,80,3.195112433007978,19.078604020260943,2.764950376216484e-06,0.007449984446074479,0.9999972350496238,0.0,-3.728538733640561,1.1555735777720209,1e-06,0.9925500155539255,0.0,-3.2609221325831093,2541.813188218819,0.0
0.0,0.95,60,0.25,20,balanced,2,80,0.46073065076767955,0.4588401371479348,0.4103294661630874,80,3.1395070416355537,19.078604020260943,2.523635903569147e-06,0.03156008128335348,0.9999974763640964,0.0,-5.173174717988126,1.2440380619848583,1e-06,0.9684399187166465,0.0,-2.3603425405301555,585.4383441133309,0.0
0.0,0.95,60,0.25,20,balanced,3,80,0.44162359370281357,0.440641767678863,0.22232191349162683,80,3.3878300020476884,19.078604020260943,2.8319967651599484e-06,0.06518940018307469,0.9999971680032349,0.0,-3.864222474784544,1.1962656346268783,1e-06,0.9348105998169253,0.0,-2.952132435649733,273.5856016125802,0.0
0.0,0.95,60,0.25,20,balanced,4,80,0.5114913722190437,0.5107936022435029,0.13641871856286422,80,2.9817772329372185,19.078604020260943,2.2219607559709243e-06,0.0010241991720346354,0.999997778039244,0.0,-4.742248605922769,1.3419546650661018,1e-06,0.9989758008279653,0.0,-2.406042363161871,18608.747448953505,0.0
0.0,0.95,60,0.25,20,skewed,0,44,0.4738675269662736,0.4773329808850171,-0.7313128082292338,44,2.938413960187056,19.078604020260943,2.2986123371397474e-06,0.03654022443069823,0.9999977013876629,0.0,-2.29352895650777,1.2783396130343512,1e-06,0.9634597755693017,0.0,-5.3370491102670625,503.0474725845833,0.0
0.0,0.95,60,0.25,20,skewed,1,44,0.36460088912906186,0.3735139516762293,-2.4446080119163924,44,3.2200193229150953,19.078604020260943,2.7410843658608318e-06,0.04719255173647555,0.9999972589156341,0.0,-3.657178764971734,1.1747214095679777,1e-06,0.9528074482635245,6.125513212284356e-05,0.03802230768732298,385.19290320393765,5.560998370665829e-05
0.0,0.95,60,0.25,20,skewed,2,44,0.3523883970572412,0.35261844811857723,-0.06528338142151918,44,3.0760208663388156,19.078604020260943,2.37236773115254e-06,0.037947713388136156,0.9999976276322688,0.0,-2.2345250507289065,1.2966006612122027,1e-06,0.9620522866118638,0.0,-4.581577506393458,483.6817026448993,0.0
0.0,0.95,60,0.25,20,skewed,3,44,0.36618249985480167,0.36739265991437053,-0.330480036607079,44,3.4194012799014493,19.078604020260943,2.486137448405376e-06,0.05726055737872473,0.9999975138625516,0.0,-2.25871009743923,1.375383641245407,1e-06,0.9427394426212753,0.0,-1.755411672877068,314.1106783346753,0.0
0.0,0.95,60,0.25,20,skewed,4,44,0.42218926389886485,0.42403570048611094,-0.43734806759283307,44,3.0015304306897788,19.078604020260943,2.5652929451257005e-06,0.06849321114543248,0.9999974347070548,0.0,-4.209998981816634,1.1700506705269322,1e-06,0.9315067888545675,0.0,-1.2799171838806007,259.46876879528867,0.0
0.0,0.95,60,0.25,60,balanced,0,240,0.4246386041961032,0.4241789705965675,0.10824112433344599,240,3.2833116786926047,19.078604020260943,2.8147041575982696e-06,0.014606782295615028,0.9999971852958424,0.0,-5.68705294961391,1.1664822493945146,1e-06,0.9853932177043849,0.0,-4.35521072908225,1287.0683374583125,0.0
0.0,0.95,60,0.25,60,balanced,1,240,0.48045403422846406,0.480124226610609,0.06864498877289707,240,3.366439303727044,19.078604020260943,2.742065222466943e-06,0.00999869239399107,0.9999972579347776,0.0,-3.9408226360657337,1.2276987597285218,1e-06,0.9900013076060089,0.0,-7.860087326379659,1889.0313036039242,0.0
0.0,0.95,60,0.25,60,balanced,2,240,0.3509488397927089,0.35113107262866683,-0.05192575535099528,240,3.158090103726342,19.078604020260943,2.5381395168402017e-06,0.06072106302290332,0.9999974618604832,0.0,-3.6309763104203254,1.2442507856746747,1e-06,0.9392789369770966,0.0,-5.162498864713499,295.12215384632486,0.0
0.0,0.95,60,0.25,60,balanced,3,240,0.45258218274917583,0.45326025853746055,-0.14982379203834228,240,3.445652862439538,19.078604020260943,2.9475675825052915e-06,0.05251376824569816,0.9999970524324175,0.0,-5.912260106478643,1.1689783557756244,1e-06,0.9474862317543018,0.0,-7.604839811473895,344.2280992998503,0.0
0.0,0.95,60,0.25,60,balanced,4,240,0.4541034206042945,0.4537045762597043,0.0878311693973677,240,3.250471399907104,19.078604020260943,2.897059465956077e-06,0.029624051705196573,0.9999971029405341,0.0,-5.172179690282352,1.1219866286116333,1e-06,0.9703759482948034,0.0,-7.239302530581472,624.945522393015,0.0
0.0,0.95,60,0.25,60,skewed,0,132,0.5825463104342987,0.5828568559420453,-0.053308295355101495,132,2.8896654365640027,19.078604020260943,2.3039111047504485e-06,0.047917739066832034,0.9999976960888952,0.0,-3.9057452398515933,1.2542405707581838,1e-06,0.952082260933168,0.0,-6.146059492328847,379.07465595829416,0.0
0.0,0.95,60,0.25,60,skewed,1,132,0.4341832091628258,0.4350023216569948,-0.1886559583334356,132,3.0366801748923136,19.078604020260943,2.4318979928076322e-06,0.005561924518602184,0.9999975681020072,0.0,-2.6907949430128024,1.248684278268813,1e-06,0.9944380754813978,0.0,-4.14939185643402,3411.1376738978283,0.0
0.0,0.95,60,0.25,60,skewed,2,132,0.37343561210340404,0.37362033188691396,-0.04946496197014405,132,3.0689635165420706,19.078604020260943,2.47244307311012e-06,0.03792989845218766,0.9999975275569268,0.0,-5.445836583963787,1.2412645460175704,1e-06,0.9620701015478124,0.0,-3.471971479098546,483.9178393873158,0.0
0.0,0.95,60,0.25,60,skewed,3,132,0.4561821766749522,0.4568891858669407,-0.1549839577560455,132,3.281675420825068,19.078604020260943,2.8559042712563647e-06,0.044143639259448524,0.9999971440957287,0.0,-5.198210703981209,1.149081249561787,1e-06,0.9558563607405515,0.0,-6.227105463921122,413.1151240076644,0.0
0.0,0.95,60,0.25,60,skewed,4,132,0.4509104560458009,0.45236306909070423,-0.3221511112520758,132,3.308778172456591,19.078604020260943,2.9087905455616556e-06,0.0423830592391422,0.9999970912094545,0.0,-3.126584796858764,1.1375066356256096,1e-06,0.9576169407608578,0.0,-3.319150276624761,431.06832644579663,0.0
0.0,0.95,60,0.5,20,balanced,0,80,0.895090220036163,0.8931071194140412,0.22155315494807815,80,6.666063822882553,19.078604020260943,0.22447603577228792,0.030356112157797377,0.7755239642277121,0.018239296962401785,0.5798160323718204,1.0860095368346343,0.04715624152240881,0.9696438878422027,0.0,-5.926471390781359,609.4143967002001,0.010969795691109738
0.0,0.95,60,0.5,20,balanced,1,80,0.6974532747220703,0.6993858856949287,-0.277095404509855,80,6.238962879064774,19.078604020260943,0.24257358261607603,0.03371089924715823,0.7574264173839239,0.032733796331983644,0.975942973126433,1.1123407034831263,0.05709947856784441,0.9662891007528418,0.0,-8.732298935375347,546.8690404012755,0.018779208011625366
0.0,0.95,60,0.5,20,balanced,2,80,0.9203296186007661,0.9239795102293145,-0.39658526193012195,80,6.723196331500862,19.078604020260943,0.132244829721889,0.0628378226916234,0.867755170278111,0.009937164357397138,0.34473570457482733,1.0397251673314603,0.02356809972661958,0.9371621773083766,0.0,-2.957906496037215,284.5379632482962,0.0074826751771661665
0.0,0.95,60,0.5,20,balanced,3,80,0.8144497919794649,0.7971958234547506,2.1184815435681656,80,6.508531852736459,19.078604020260943,0.31065152612584157,0.9051170562302142,0.6893484738741584,0.07416451509808536,1.8795154167593497,1.0771323698062556,0.07457971554178262,0.09488294376978579,0.0,-6.248524220895143,2.0,0.035243075355526954
0.0,0.95,60,0.5,20,balanced,4,80,0.6948567905916656,0.7022734893666249,-1.0673708417879966,80,6.3480108979870975,19.078604020260943,0.17248233490605763,0.0005063369619031263,0.8275176650939424,0.017275513976022033,0.5347748052912584,1.122102759252784,0.036843622099735074,0.9994936630380968,0.0,-5.581471867606619,37660.580310375,0.01183002123470477
0.0,0.95,60,0.5,20,skewed,0,44,1.0853819008350052,1.087774009819356,-0.2203932995851996,44,6.414357592195991,19.078604020260943,0.2641295200239544,0.030107549895536045,0.7358704799760456,0.057250252324675094,1.1271302144075888,1.0696055032890714,0.059853030120855445,0.9698924501044639,0.0,-2.290773654847799,614.6031165600533,0.031001318684099916
0.0,0.95,60,0.5,20,skewed,1,44,0.6992172562533052,0.704534512397266,-0.7604583691845492,44,6.490425920526317,19.078604020260943,0.3471634182638791,0.03604039768821377,0.6528365817361209,0.07433540609267378,1.3656975738041617,1.0262739326919061,0.08409366315226456,0.9639596023117862,0.0,-0.9885770453672681,510.28858513537335,0.03168142318324829
0.0,0.95,60,0.5,20,skewed,2,44,0.7365888136987271,0.7357745186642403,0.11054947066028596,44,5.852090427109637,19.078604020260943,0.18075942211876445,0.292071349388533,0.8192405778812356,0.04139259099831452,0.7648903276598895,1.182215267775657,0.04457517563204305,0.707928650611467,0.005061215791424113,1.4710622704914935,46.243119798946324,0.030317343522555603
0.0,0.95,60,0.5,20,skewed,3,44,0.7932475518075025,0.7957011541120177,-0.30931104658619935,44,6.411678038720762,19.078604020260943,0.307577934448386,0.0074657703168459835,0.692422065551614,0.0571253716424662,1.1779658124632497,0.9987382465902179,0.0691939495494525,0.992534229683154,0.0,-3.721881367231964,2536.398354226287,0.027388663284140267
0.0,0.95,60,0.5,20,skewed,4,44,0.702751562284662,0.7159708780582107,-1.8810795283858817,44,6.88591882650922,19.078604020260943,0.3888325804374956,0.04852452777416933,0.6111674195625044,0.08939332974894496,1.607696635474505,1.025567144813841,0.09475595619010699,0.9514754722258306,0.0,-1.236116375101617,374.09583569921017,0.03339069844765554
0.0,0.95,60,0.5,60,balanced,0,240,0.8071334735402114,0.7894710418083651,2.188291318705454,240,6.395037570134701,19.078604020260943,0.2274932008144545,0.9051170562302142,0.7725067991855454,0.031872178364928866,1.5902085544870992,1.1271467049415909,0.051904316441139776,0.09488294376978579,0.0,-4.895214051359293,2.0,0.01902025645085961
0.0,0.95,60,0.5,60,balanced,1,240,0.9321277825548274,0.939431624593384,-0.783566606987921,240,6.184309455645522,19.078604020260943,0.26604902755755166,0.027429542260615544,0.7339509724424482,0.04634802015842518,2.1534161296591487,1.0986634243783118,0.06439736901803819,0.9725704577393844,0.0,-3.5924191295349135,676.4708819678731,0.024966938279107946
0.0,0.95,60,0.5,60,balanced,2,240,0.8645916043965828,0.8632972745783961,0.14970418537547664,240,6.3025009646091235,19.078604020260943,0.23589999929235644,0.046794514935821256,0.7641000007076435,0.0374298405702507,1.876637729360381,1.0893040718957814,0.05335980167746059,0.9532054850641788,0.0,-3.686701846247567,388.63165959561957,0.021853367915908
0.0,0.95,60,0.5,60,balanced,3,240,0.7151986540520202,0.7223276484312948,-0.9967852063038253,240,6.327135180458136,19.078604020260943,0.237014240803548,0.029306563067960072,0.762985759196452,0.04960687754146076,2.332037520690233,1.1011370862283145,0.05406206621497146,0.9706934369320399,0.0,-4.878497746245899,631.9224695624332,0.02887850827131168
0.0,0.95,60,0.5,60,balanced,4,240,0.7651795780667096,0.7680248287381655,-0.3718409054570794,240,6.402397964707422,19.078604020260943,0.2609048834694128,0.0037038997331799318,0.7390951165305872,0.04922479008443295,2.2986668084177686,1.090548819092716,0.060129049166332126,0.99629610026682,0.0,-9.93505547981905,5131.871852157793,0.026889612161914923
0.0,0.95,60,0.5,60,skewed,0,132,0.8522856671828312,0.8575333456868313,-0.6157182627916201,132,6.180351931026433,19.078604020260943,0.36631945917901987,0.06324044538421936,0.6336805408209801,0.08644522010539418,2.513098143348542,1.0926029873786427,0.10219754109605775,0.9367595546157806,0.0,-3.66981762269679,282.6049768645394,0.03471216698302962
0.0,0.95,60,0.5,60,skewed,1,132,0.8000213333821738,0.8019288560056409,-0.23843396967963332,132,6.489547260974383,19.078604020260943,0.15996741346332283,0.043211208734786705,0.8400325865366771,0.022237623997001993,0.8576899687868816,1.1133670875317907,0.032670862607059335,0.9567887912652133,0.0,-2.66308071783338,422.4411909328926,0.01569208492311033
0.0,0.95,60,0.5,60,skewed,2,132,0.9075778110610545,0.9032107057525184,0.4811824678074175,132,6.646322096723399,19.078604020260943,0.2953414152026671,0.03212564573495125,0.7046585847973329,0.06257283800102198,2.044398989447178,1.1438754794103683,0.07213668303364805,0.9678743542650488,0.0,-4.958596207099631,574.7959651531233,0.03107014982260327
0.0,0.95,60,0.5,60,skewed,3,132,0.6901154607405379,0.6968350311825523,-0.9736878572179655,132,6.437807695321873,19.078604020260943,0.18871958250318044,0.0003563726683660185,0.8112804174968196,0.021123887385901263,0.8131373142746852,1.1053183058860772,0.039938881502823834,0.999643627331634,0.0,-4.745350077911297,53516.463579214585,0.013903233925763434
0.0,0.95,60,0.5,60,skewed,4,132,0.7694266440921539,0.7699448618487225,-0.06735115823549598,132,6.591252522873452,19.078604020260943,0.06941920565910234,0.06161880012406839,0.9305807943408977,0.011994371353161087,0.5081106544184928,1.1078978814615608,0.01253883974569701,0.9383811998759316,0.0,-2.533533271418666,290.54449772541574,0.0103868930785036
0.0,0.95,120,0.1,20,balanced,0,80,0.182053229682324,0.1838180827081215,-0.969415938886164,80,1.020564568499298,19.95755147242602,5.379200773262892e-07,0.0705882303148775,0.9999994620799226,0.0,-44.25769808922436,1.8972409889781274,1e-06,0.9294117696851225,0.0,-4.600758858358228,262.77444766397497,0.0
0.0,0.95,120,0.1,20,balanced,1,80,0.21157191888788973,0.21157191888788973,0.0,80,1.15600561807005,19.95755147242602,7.652540395252222e-07,0.02497461502309309,0.9999992347459605,0.0,-27.231717902300357,1.5106156565918514,1e-06,0.9750253849769069,0.0,-3.2477115242988535,779.1559265120002,0.0
0.0,0.95,120,0.1,20,balanced,2,80,0.1829882247553906,0.18469659033685412,-0.9335931772370546,80,1.1649469607353238,19.95755147242602,6.445260156644827e-07,0.02328681400481908,0.9999993554739843,0.0,-23.76380027624384,1.8074463738596114,1e-06,0.976713185995181,0.0,-6.972319140141775,837.0747359111513,0.0
0.0,0.95,120,0.1,20,balanced,3,80,0.2369869195767635,0.2369869195767635,0.0,80,1.2098527786256268,19.95755147242602,9.501104893993468e-07,0.04870791095618951,0.9999990498895106,0.0,-17.27089491689057,1.2733799306369025,1e-06,0.9512920890438105,0.0,-6.22860383010914,389.78187443678416,0.0
0.0,0.95,120,0.1,20,balanced,4,80,0.15020998368111807,0.15020998368111807,0.0,80,1.3059083764302764,19.95755147242602,8.373054141065519e-07,0.05241320934883544,0.9999991626945859,0.0,-32.214760421801294,1.5596546504817457,1e-06,0.9475867906511646,0.0,-4.68987551141604,360.81576350622356,0.0
0.0,0.95,120,0.1,20,skewed,0,44,0.11167317716041178,0.11706554359324471,-4.8287033376753685,44,1.1822900298500185,19.95755147242602,9.70557872769062e-07,0.22526872276493,0.9999990294421273,0.0,-14.77433518038413,1.2181539246263275,1e-06,0.77473127723507,0.0,-0.9022748154766964,68.63686690695951,0.0
0.0,0.95,120,0.1,20,skewed,1,44,0.2143358053977103,0.2143358053977103,0.0,44,1.150624622823081,19.95755147242602,7.098435801579476e-07,0.03252365214242415,0.9999992901564199,0.0,-30.275003894143705,1.620954021135729,1e-06,0.9674763478575759,0.0,-1.582188858547193,593.6743796843214,0.0
0.0,0.95,120,0.1,20,skewed,2,44,0.1702476941997188,0.16998132826953555,0.156457878290427,44,1.1767530899194953,19.95755147242602,7.099130023563854e-07,0.050022315394711345,0.9999992900869976,0.0,-18.04510172723843,1.6576006505104675,1e-06,0.9499776846052886,0.0,-4.936134669629452,379.01541319238135,0.0
0.0,0.95,120,0.1,20,skewed,3,44,0.1714861928813914,0.17173305436547942,-0.143954145777059,44,1.140283714990972,19.95755147242602,9.597986703315394e-07,0.030646865191509613,0.9999990402013297,0.0,-6.666540264951863,1.1880435509970768,1e-06,0.9693531348084904,0.0,-4.188677814428543,631.2526570664573,0.0
0.0,0.95,120,0.1,20,skewed,4,44,0.2381323466632984,0.2381323466632984,0.0,44,1.014411878319783,19.95755147242602,6.915262597420645e-07,0.042838059947021404,0.9999993084737402,0.0,-22.87413663999057,1.4669163471224804,1e-06,0.9571619400529786,0.0,-5.017391058002476,445.92609258400137,0.0
0.0,0.95,120,0.1,60,balanced,0,240,0.19724887890414824,0.19724887890414824,0.0,240,1.2723437417953924,19.95755147242602,8.106199929330917e-07,0.0370004692265492,0.9999991893800071,0.0,-56.2624284614561,1.5695920671400794,1e-06,0.9629995307734508,0.0,-8.007844008721795,519.4288911758672,0.0
0.0,0.95,120,0.1,60,balanced,1,240,0.21546090518370659,0.21546090518370659,0.0,240,1.1528715421269302,19.95755147242602,7.141075897868597e-07,0.036653190329288016,0.9999992858924103,0.0,-43.790795819957225,1.6144216015879027,1e-06,0.963346809670712,0.0,-6.7044475708298705,524.5394293668867,0.0
0.0,0.95,120,0.1,60,balanced,2,240,0.2211519983143205,0.2211519983143205,0.0,240,1.1706149397205685,19.95755147242602,7.525794477134662e-07,0.012991470488978439,0.9999992474205524,0.0,-52.4424173366367,1.555469076777863,1e-06,0.9870085295110216,0.0,-6.389507932501804,1516.2466441463368,0.0
0.0,0.95,120,0.1,60,balanced,3,240,0.1628172940912044,0.1628172940912044,0.0,240,1.1451834586970553,19.95755147242602,7.106328508923344e-07,0.07176018222820335,0.9999992893671491,0.0,-48.82086844653757,1.6114969121589011,1e-06,0.9282398177717966,0.0,-9.54685864581827,258.1570080608726,0.0
0.0,0.95,120,0.1,60,balanced,4,240,0.14777833995767228,0.14777833995767228,0.0,240,1.195817274672316,19.95755147242602,6.569694277241906e-07,0.0360900109427559,0.9999993430305723,0.0,-87.70843738313249,1.8202011213812206,1e-06,0.9639099890572441,0.0,-9.917599724627157,533.0362257830492,0.0
0.0,0.95,120,0.1,60,skewed,0,132,0.19568244765736137,0.19718441931756286,-0.7675556383224711,132,1.2590130924007887,19.95755147242602,7.408769773791104e-07,0.05539172246607635,0.9999992591230227,0.0,-44.59593052145649,1.6993538707024196,1e-06,0.9446082775339236,0.0,-9.398218842088884,340.3408935641705,0.0
0.0,0.95,120,0.1,60,skewed,1,132,0.16080586045597645,0.1621852549361555,-0.8578011250757095,132,0.9880611031208077,19.95755147242602,6.00039360361555e-07,0.04833722591836807,0.9999993999606396,0.0,-91.1598864504736,1.6466594949022881,1e-06,0.9516627740816319,0.0,-7.925034564561708,392.92405464477946,0.0
0.0,0.95,120,0.1,60,skewed,2,132,0.2056583702701639,0.2056583702701639,0.0,131,1.0302876348771202,19.95755147242602,6.046140886504992e-07,0.013070397824374132,0.9999993953859113,0.0,-134.0466859121349,1.7040406950907565,1e-06,0.9869296021756259,0.0,-5.500090388744584,1506.9700708229323,0.0
0.0,0.95,120,0.1,60,skewed,3,132,0.19311671338292768,0.19311671338292768,0.0,132,1.11666415371467,19.95755147242602,7.359216181121185e-07,0.07000749966273785,0.9999992640783819,0.0,-49.147080689259006,1.5173672092940982,1e-06,0.9299925003372621,0.0,-6.923610303743238,265.11978407836233,0.0
0.0,0.95,120,0.1,60,skewed,4,132,0.16754607957523324,0.16754607957523324,0.0,132,1.2732333974330987,19.95755147242602,9.406161405198263e-07,0.00013749160039243477,0.9999990593838595,0.0,-54.173204305996414,1.3536150878136468,1e-06,0.9998625083996076,0.0,-5.6497181899831785,145134.7385569609,0.0
0.0,0.95,120,0.25,20,balanced,0,80,0.507565746091466,0.5064388826780927,0.2220132903078623,80,3.0992385244256733,19.95755147242602,2.414904823011179e-06,0.07219740250765116,0.999997585095177,0.0,-6.142673675808997,1.2833760608980556,1e-06,0.9278025974923488,0.0,-2.5864065643543723,256.4727739857649,0.0
0.0,0.95,120,0.25,20,balanced,1,80,0.3428109509262795,0.34777675674354047,-1.4485551887544144,80,2.983807692891968,19.95755147242602,0.022856719576451898,0.002029943127217303,0.977143280423548,0.0,-2.659436969694301,1.151257485458261,0.009025212244213184,0.9979700568727827,0.0,-3.519464199166878,9811.62403563555,0.0
0.0,0.95,120,0.25,20,balanced,2,80,0.45982743110867585,0.46328975374360715,-0.7529613069371246,80,2.5694829236837995,19.95755147242602,2.0901495797907655e-06,0.028910508825792998,0.9999979098504201,0.0,-5.270165886632297,1.2293271151049896,1e-06,0.971089491174207,0.0,-4.892289874018071,670.3641440980288,0.0
0.0,0.95,120,0.25,20,balanced,3,80,0.5363481445812732,0.5311766345033179,0.9642076942379936,80,2.7830963595040847,19.95755147242602,2.028098414065016e-06,0.9089151628535826,0.9999979719015859,0.0,-3.4019879323496385,1.372266106857174,1e-06,0.09108483714641735,0.0,-7.679673629565764,2.0,0.0
0.0,0.95,120,0.25,20,balanced,4,80,0.42028247698517435,0.4252448423165144,-1.1807214440479956,80,2.60381392392708,19.95755147242602,2.1284989627151155e-06,0.020650856776834755,0.9999978715010374,0.0,-6.238542521578116,1.2233073293924608,1e-06,0.9793491432231652,0.0,-2.6761697939837945,946.469734721992,0.0
0.0,0.95,120,0.25,20,skewed,0,44,0.5095300810749569,0.5092298574734293,0.058921663838612116,44,3.1996486521191128,19.95755147242602,2.7169871176109676e-06,0.03542451631296826,0.9999972830128824,0.0,-0.9274486493891689,1.1776426667465525,1e-06,0.9645754836870317,0.0,-1.2384587349539935,543.4249177786766,0.0
0.0,0.95,120,0.25,20,skewed,1,44,0.5341479069842566,0.5429907835674056,-1.6555108552376312,44,2.689143047380309,19.95755147242602,2.3246929434405917e-06,0.9089151628535826,0.9999976753070565,0.0,-6.053435526945732,1.1567707483811074,1e-06,0.09108483714641735,0.0,-2.7762387400943904,2.0,0.0
0.0,0.95,120,0.25,20,skewed,2,44,0.4700593265279206,0.47211159160320526,-0.43659703349440177,44,2.899819275009964,19.95755147242602,2.3748987403589827e-06,0.03718240550665238,0.9999976251012597,0.0,-3.0439232834486427,1.2210256963391881,1e-06,0.9628175944933476,0.0,-2.5020381351884606,516.7896331295862,0.0
0.0,0.95,120,0.25,20,skewed,3,44,0.5068601519106793,0.506488192686516,0.07338498060287046,44,3.4287156799460803,19.95755147242602,3.2237872783349136e-06,0.08402317087900303,0.9999967762127216,0.0,-2.925758381325005,1.063564165458986,1e-06,0.915976829120997,0.0,-0.08028384372041382,217.5668273821372,0.0
0.0,0.95,120,0.25,20,skewed,4,44,0.3107378306937589,0.30943611750249345,0.41891043274621625,44,2.840309458519547,19.95755147242602,2.1135083873150774e-06,0.9089151628535826,0.9999978864916127,0.0,-3.8260768623678714,1.3438808534155262,1e-06,0.09108483714641735,0.0,-3.4923772477349244,2.0,0.0
0.0,0.95,120,0.25,60,balanced,0,240,0.49937151469978797,0.49945281275885667,-0.016280075389878124,240,3.109834039122805,19.95755147242602,2.4526284743084917e-06,0.03994578093874037,0.9999975473715257,0.0,-4.969529444879533,1.2679565797132626,1e-06,0.9600542190612597,0.0,-7.340852746742739,479.6584531071893,0.0
0.0,0.95,120,0.25,60,balanced,1,240,0.45751367921876424,0.46027089628946755,-0.6026523787029595,240,2.958741469800299,19.95755147242602,2.421543178391407e-06,0.028137289625762205,0.9999975784568216,0.0,-6.669125439443603,1.2218383431841153,1e-06,0.9718627103742378,0.0,-5.130272531133098,689.3343433003064,0.0
0.0,0.95,120,0.25,60,balanced,2,240,0.414450534017348,0.41457663873134676,-0.030426963810712887,240,3.031007818405895,19.95755147242602,2.557524550469596e-06,0.032299333877356395,0.9999974424754495,0.0,-5.726367842624539,1.1851303894506717,1e-06,0.9677006661226436,0.0,-6.9948422168286415,597.93604188175,0.0
0.0,0.95,120,0.25,60,balanced,3,240,0.4661355090567958,0.46095525741619514,1.111318820375358,240,3.137692273004957,19.95755147242602,2.480518492274718e-06,0.9089151628535826,0.9999975194815077,0.0,-7.391788216868367,1.2649309004003648,1e-06,0.09108483714641735,0.0,-8.491192842192147,2.0,0.0
0.0,0.95,120,0.25,60,balanced,4,240,0.456061565207173,0.4565143423209525,-0.09927982279625343,240,3.016811864298291,19.95755147242602,2.4758963034518566e-06,0.003416526768573378,0.9999975241036966,0.0,-4.792649106898747,1.2184696066452838,1e-06,0.9965834732314266,0.0,-4.634765269694234,5821.516209542358,0.0
0.0,0.95,120,0.25,60,skewed,0,132,0.3906501427519018,0.38953985242705924,0.2842160294685187,132,3.059639710962315,19.95755147242602,2.5083908022114972e-06,0.054292901353166355,0.9999974916091978,0.0,-4.077938454643,1.2197589121631056,1e-06,0.9457070986468337,0.0,-5.075873888698184,347.63288806966887,0.0
0.0,0.95,120,0.25,60,skewed,1,132,0.46128442986704926,0.47034354611546525,-1.9638894490817724,132,3.146133868819756,19.95755147242602,2.4718185417477815e-06,0.0004243920680871452,0.9999975281814582,0.0,-3.4909745427470247,1.2727981597000433,1e-06,0.9995756079319128,0.0,-5.057414938294491,47006.25470169322,0.0
0.0,0.95,120,0.25,60,skewed,2,132,0.4551884022543224,0.45590745170852737,-0.15796743736085614,132,3.11966493377723,19.95755147242602,2.4959065046256897e-06,0.050448471545699446,0.9999975040934954,0.0,-1.7918438230317912,1.249909458338131,1e-06,0.9495515284543006,0.0,-3.8954485940231733,375.6451469036228,0.0
0.0,0.95,120,0.25,60,skewed,3,132,0.5275142936596257,0.529790099148664,-0.43142062999847924,132,3.2686999157100383,19.95755147242602,0.040229953305795485,0.02857482680054606,0.9597700466942045,0.0,-2.22840599045676,1.245265192632236,0.015968803615692053,0.971425173199454,0.0,-7.02941656330781,678.473680035323,0.0
0.0,0.95,120,0.25,60,skewed,4,132,0.3847607045642071,0.3881466712008799,-0.8800188263788277,132,2.951677076546884,19.95755147242602,2.436729420326156e-06,0.059449390118563254,0.9999975632705798,0.0,-3.3343976763130057,1.2113244329706583,1e-06,0.9405506098814368,0.0,-4.211853331481275,315.7490290765679,0.0
0.0,0.95,120,0.5,20,balanced,0,80,0.729544148860276,0.7308343130421174,-0.1768452510868625,80,6.006190667077361,19.95755147242602,0.37801186968878664,0.9089151628535826,0.6219881303112134,0.09215790687176814,1.975997009977877,1.0820552514891089,0.10949028116855297,0.09108483714641735,0.0,-1.4529656424203463,2.0,0.03565305886138303
0.0,0.95,120,0.5,20,balanced,1,80,0.7486005716564005,0.7470843180325324,0.20254507961610738,80,6.694622317370957,19.95755147242602,0.27873011223654565,0.007441051627963365,0.7212698877634544,0.041414734508105205,1.1723256986516966,1.0740001297246342,0.061996320169090575,0.9925589483720366,0.0,-1.6473554268440715,2662.129936998401,0.02154519772801412
0.0,0.95,120,0.5,20,balanced,2,80,0.8617329911805389,0.8620474735613655,-0.036494179060698816,80,6.022987713492899,19.95755147242602,0.22694106008691423,0.0607451803921781,0.7730589399130858,0.03153533710767789,0.9255588211673849,1.0736753503178549,0.0523314492406172,0.9392548196078219,0.0,-6.963372368220299,308.58787951613465,0.01884615209094838
0.0,0.95,120,0.5,20,balanced,3,80,0.7232507826537734,0.7301802854328291,-0.9581051200013564,80,6.342519121590659,19.95755147242602,0.24260876990444658,0.003040956688471561,0.7573912300955534,0.06321472381661675,1.5519375309613224,1.1395582267946558,0.05755207142323946,0.9969590433115284,0.0,-3.8824890454255288,6542.961133981473,0.03626258743878936
0.0,0.95,120,0.5,20,balanced,4,80,0.7650860881020496,0.7654983479267203,-0.05388410939394287,80,6.332789209726269,19.95755147242602,0.26094979695227555,0.0005936838319664333,0.7390502030477245,0.04894882224307545,1.3896091903138093,1.0437164740433194,0.05819325710725156,0.9994063161680335,0.0,-2.297082949514235,33596.50696689164,0.02673561188330597
0.0,0.95,120,0.5,20,skewed,0,44,0.8916061117925109,0.8912154564628514,0.043814788222363635,44,6.190064322385007,19.95755147242602,0.27236312288104914,0.027566570619680413,0.7276368771189509,0.015807022602721238,0.3457478117443563,1.1279268043097184,0.06821550190955339,0.9724334293803196,0.0,-1.2471228382748256,704.0190268175793,0.008369113869214006
0.0,0.95,120,0.5,20,skewed,1,44,0.7580021228887414,0.7570369524108338,0.12733084100467995,44,6.378474334294658,19.95755147242602,0.038731360790637784,0.03966984127740961,0.9612686392093621,0.0,-0.6372548869006653,1.0482064418107389,0.006621386119379269,0.9603301587225904,0.0,-2.659123174188009,483.1337347483496,0.0
0.0,0.95,120,0.5,20,skewed,2,44,0.8848691503777429,0.8864664715899693,-0.18051496218898014,44,5.989017846600042,19.95755147242602,0.4255759318412234,0.9089151628535826,0.5744240681587766,0.1402085360908368,1.8396909535323536,1.2301079412931284,0.15219688082986085,0.09108483714641735,0.0,-2.4343120596733563,2.0,0.04626363060745387
0.0,0.95,120,0.5,20,skewed,3,44,0.8865873981725815,0.8928466344281206,-0.7059920170803888,44,6.50061319287621,19.95755147242602,0.3387748490594701,0.04806370594263961,0.6612251509405299,0.11518538446030507,1.830610467581531,1.05910739786702,0.08347924336077302,0.9519362940573604,0.0,-1.272502210861835,395.27367302457475,0.05036120407995615
0.0,0.95,120,0.5,20,skewed,4,44,0.83329428071373,0.836601890496257,-0.3969317753739958,44,6.013021002993074,19.95755147242602,0.2419825594666999,0.0368760912652103,0.7580174405333001,0.03775057163930473,0.7424316511360005,1.1134853987196947,0.05912751229931523,0.9631239087347897,0.0,-3.2290024475412764,521.248167129708,0.021691117574242445
0.0,0.95,120,0.5,60,balanced,0,240,0.8316051701640358,0.8313231268050956,0.033915536971058854,240,6.055326658219195,19.95755147242602,0.12383080854613623,0.016364139063135337,0.8761691914538637,0.006715939662600284,0.3607472563277874,1.0944818365314586,0.02554534614050831,0.9836358609368646,0.0,-5.4049796975865645,1199.6331275988498,0.005155641868627802
0.0,0.95,120,0.5,60,balanced,1,240,0.8439834170329338,0.8442699805345366,-0.03395368864121297,240,6.42671454454239,19.95755147242602,0.15280806188399332,0.0315459435146526,0.8471919381160067,0.010401099610889503,0.5799395056747998,1.0994289903951702,0.030856213487830155,0.9684540564853474,0.0,-6.635299393959975,612.692775285309,0.007465224700411165
0.0,0.95,120,0.5,60,balanced,2,240,0.8281770732976198,0.8260365163097575,0.25846610065394326,240,6.005504766206039,19.95755147242602,0.27066209270230934,0.9089151628535826,0.7293379072976907,0.05206421407258144,2.4375166821451115,1.0327319161233,0.06381707919184533,0.09108483714641735,0.0,-6.514997439068175,2.0,0.027694714351662944
0.0,0.95,120,0.5,60,balanced,3,240,0.8409169853443614,0.8478602875162327,-0.8256822365203972,240,6.243731988879042,19.95755147242602,0.25116301236096955,0.027712843270228632,0.7488369876390305,0.037453582963230675,1.7706813618319222,1.112143208276019,0.05974270339625031,0.9722871567297714,0.0,-7.330684545248185,700.1977670497275,0.021002352606526116
0.0,0.95,120,0.5,60,balanced,4,240,0.8329049753543158,0.8334106787381936,-0.06071561568745124,240,6.181507932924059,19.95755147242602,0.23543114668500414,0.0011665765849453401,0.7645688533149959,0.055050441200085926,2.4155848804969704,1.1105659841812034,0.05532197108327216,0.9988334234150547,0.0,-4.516404577388487,17087.83608160579,0.0321805904172031
0.0,0.95,120,0.5,60,skewed,0,132,0.7172599058259135,0.7174285473624745,-0.02351191460602481,132,6.2992585808313954,19.95755147242602,0.10901257167149167,0.037510745952810925,0.8909874283285083,0.02352205360588927,0.9288258828109435,1.0786486435266482,0.020950563123504604,0.9624892540471891,0.0,-2.8041550281173073,512.0913578596602,0.018673184484466785
0.0,0.95,120,0.5,60,skewed,1,132,0.6865440453160713,0.6893722544027605,-0.41194867335673796,132,6.27728304088246,19.95755147242602,0.3413652705061002,0.06082028833400111,0.6586347294938999,0.058015000972248154,1.7671675510057467,1.1422347881814787,0.09431055157799781,0.9391797116659989,0.0,-2.6538475847762353,308.1821535356626,0.025166890417303554
0.0,0.95,120,0.5,60,skewed,2,132,0.8865838195789333,0.886088474855595,0.05587116665105463,132,6.281937509579527,19.95755147242602,5.608153847241998e-06,0.05672294113204614,0.9999943918461528,0.0,-1.0191835609934934,1.1201372944505228,1e-06,0.9432770588679539,0.0,-5.98906334153089,331.88512583104017,0.0
0.0,0.95,120,0.5,60,skewed,3,132,0.9230323225999619,0.9198903038378022,0.34040181315746076,132,6.534151403140212,19.95755147242602,0.3608947612198413,0.9089151628535826,0.6391052387801587,0.07115975156153759,2.3137660878607904,1.060439607048446,0.0916461303576922,0.09108483714641735,0.0,-5.466371077438578,2.0,0.029065592347713165
0.0,0.95,120,0.5,60,skewed,4,132,0.7331330634324715,0.7346614079349879,-0.20846754549041718,132,5.971328087250782,19.95755147242602,0.25008458450690596,0.02406430533394084,0.749915415493094,0.050279335947868625,1.7236934397276478,1.031732330152765,0.057619861690106744,0.9759356946660591,0.0,-4.976146947970033,809.3849620751159,0.0282757475511435
0.0,0.9,30,0.1,20,balanced,0,80,0.226370269593026,0.22674989229896508,-0.1676998956716251,74,0.7558155593905198,9.57608841724784,7.056244047938425e-07,0.18588968925722302,0.9999992943755952,0.0,-17.026501385826162,1.0711293723930382,1e-06,0.814110310742777,0.0,-4.320750141986509,41.93880977593286,0.0
0.0,0.9,30,0.1,20,balanced,1,80,0.14214193779054984,0.14214193779054984,0.0,77,0.7793794985409183,9.57608841724784,4.7906678021546e-07,0.02455874482938641,0.9999995209332198,0.0,-32.7918925850628,1.6268694832352681,1e-06,0.9754412551706136,0.0,-11.809109188797196,380.3497194273502,0.0
0.0,0.9,30,0.1,20,balanced,2,80,0.28548295562834775,0.28548295562834775,0.0,73,0.5895302507121869,9.57608841724784,2.3561655754699378e-07,0.028834752642115054,0.9999997643834424,0.0,-57.973292307886595,2.5020742087428327,1e-06,0.9711652473578849,0.0,-7.485728879196694,322.52623741513446,0.0
0.0,0.9,30,0.1,20,balanced,3,80,0.2124645977277781,0.2124645977277781,0.0,72,0.5533649973448678,9.57608841724784,3.7506638661680595e-07,0.06573872924358058,0.9999996249336134,0.0,-30.608780358735356,1.475378249310932,1e-06,0.9342612707564194,0.0,-2.8897117849639575,136.0928122054844,0.0
0.0,0.9,30,0.1,20,balanced,4,80,0.20257211257172716,0.20257211257172716,0.0,68,0.46506940741054836,9.57608841724784,2.2726122256462467e-07,0.055866571448165835,0.9999997727387775,0.0,-32.78431531905444,2.0464085170319892,1e-06,0.9441334285518341,0.0,-5.23177881584432,161.8339009380634,0.0
0.0,0.9,30,0.1,20,skewed,0,44,0.1309508162177068,0.13005646832911238,0.6829647301377255,42,0.5720928430214361,9.57608841724784,3.5415183653707e-07,0.037333036354560985,0.9999996458481635,0.0,-25.514197517052615,1.6153880380289183,1e-06,0.962666963645439,0.0,-3.756706428629291,246.92832034022328,0.0
0.0,0.9,30,0.1,20,skewed,1,44,0.16591755989575777,0.16591755989575777,0.0,38,0.5533856345510338,9.57608841724784,3.443306661749776e-07,0.02553239433634312,0.9999996556693338,0.0,-19.806893915837342,1.6071337762520332,1e-06,0.9744676056636569,0.0,-7.681479194616255,365.48033171711927,0.0
0.0,0.9,30,0.1,20,skewed,2,44,0.18222235306856208,0.18222235306856208,0.0,37,0.44996484281938687,9.57608841724784,2.6425306346987156e-07,0.03349237285025618,0.9999997357469366,0.0,-21.714796657521838,1.7027795903279292,1e-06,0.9665076271497438,0.0,-2.4708325243299774,276.34239398059145,0.0
0.0,0.9,30,0.1,20,skewed,3,44,0.14093084942354012,0.14093084942354012,0.0,42,0.6769359517675182,9.57608841724784,4.612363135194163e-07,0.014944575617084536,0.9999995387636864,0.0,-37.43858688833719,1.4676546879099348,1e-06,0.9850554243829155,0.0,-6.973429375760409,631.1974378848655,0.0
0.0,0.9,30,0.1,20,skewed,4,44,0.2384490620695392,0.2384490620695392,0.0,40,0.6508731921986926,9.57608841724784,2.773430501013316e-07,0.02553239433634312,0.9999997226569499,0.0,-27.938269672055526,2.3468156545984784,1e-06,0.9744676056636569,0.0,-8.416285651588959,365.48033171711927,0.0
0.0,0.9,30,0.1,60,balanced,0,240,0.2768011989861415,0.27668223662882974,0.04297754408126391,219,0.5904900000000001,9.57608841724784,4.182892616178703e-07,0.028852828737631092,0.9999995817107383,0.0,-45.046823790822316,1.4116780113370877,1e-06,0.9711471712623689,0.0,-8.219171242792711,322.3181776294742,0.0
0.0,0.9,30,0.1,60,balanced,1,240,0.15358026991994542,0.15362212957840163,-0.027255882853983136,214,0.4782969000000001,9.57608841724784,3.070594824918909e-07,0.057435963826524924,0.9999996929405175,0.0,-51.67869507948284,1.557668075425851,1e-06,0.9425640361734751,0.0,-7.013100628095394,157.15025826983322,0.0
0.0,0.9,30,0.1,60,balanced,2,240,0.14671910977877722,0.14671910977877722,0.0,221,0.7131581957968047,9.57608841724784,3.5167853430005773e-07,0.04594783134657241,0.9999996483214657,0.0,-66.77192060893186,2.0278688502077027,1e-06,0.9540521686534276,0.0,-8.55207235758066,198.83610725348848,0.0
0.0,0.9,30,0.1,60,balanced,3,240,0.19484068194969695,0.19484068194969695,0.0,216,0.5504605836310111,9.57608841724784,2.9069303707817894e-07,0.004107159809021682,0.9999997093069629,0.0,-81.44088551761283,1.8936140649939108,1e-06,0.9958928401909783,0.0,-10.15667981124772,2321.9836420352294,0.0
0.0,0.9,30,0.1,60,balanced,4,240,0.15766058948625122,0.15766058948625122,0.0,226,0.5681651949177673,9.57608841724784,3.0781375032468573e-07,0.048726184191353356,0.9999996921862497,0.0,-77.78712640787474,1.845807795423682,1e-06,0.9512738158086467,0.0,-11.068180328423688,186.95250449783524,0.0
0.0,0.9,30,0.1,60,skewed,0,132,0.15742337716473723,0.15742337716473723,0.0,121,0.6784748158325398,9.57608841724784,4.1076651874148643e-07,0.042925752551016834,0.9999995892334812,0.0,-38.69827546795407,1.6517279430451335,1e-06,0.9570742474489832,0.0,-5.863711302257331,213.50883958411345,0.0
0.0,0.9,30,0.1,60,skewed,1,132,0.1628238639796396,0.1628238639796396,0.0,120,0.4975022694468957,9.57608841724784,3.510571569943402e-07,0.04802179686547598,0.9999996489428431,0.0,-72.52690529745324,1.417154115456674,1e-06,0.951978203134524,0.0,-6.176214076878887,189.83520067036062,0.0
0.0,0.9,30,0.1,60,skewed,2,132,0.20782921307244245,0.20782921307244245,0.0,118,0.5510159874811882,9.57608841724784,2.85277712819114e-07,0.04859793191030748,0.9999997147222872,0.0,-40.238800400740274,1.9315067582330436,1e-06,0.9514020680896925,0.0,-5.459192557213726,187.47115291231128,0.0
0.0,0.9,30,0.1,60,skewed,3,132,0.2107407049059041,0.21154965845803503,-0.38386203201328567,121,0.5290027696792232,9.57608841724784,3.023031133303149e-07,0.03587502198208871,0.9999996976968866,0.0,-51.569664226856695,1.7499079117277268,1e-06,0.9641249780179113,0.0,-8.252706800901551,257.35304188485725,0.0
0.0,0.9,30,0.1,60,skewed,4,132,0.23901320951960933,0.23901320951960933,0.0,114,0.47177904801181236,9.57608841724784,3.253664778745579e-07,0.03337475014899246,0.9999996746335221,0.0,-52.99618027646275,1.449992321087138,1e-06,0.9666252498510075,0.0,-4.153552883066551,277.3500570819097,0.0
0.0,0.9,30,0.25,20,balanced,0,80,0.40062391744131104,0.40495512912007287,-1.0811166009319257,80,1.4499586610444064,9.57608841724784,1.0971096284533187e-06,0.03670292645155342,0.9999989028903715,0.0,-12.592724002488174,1.3216154818672023,1e-06,0.9632970735484466,0.0,-4.925048401495613,251.33194652890123,0.0
0.0,0.9,30,0.25,20,balanced,1,80,0.40414262889241004,0.4038791139182535,0.0652034592041776,80,1.7023349948110815,9.57608841724784,9.988182924656057e-07,0.024458739289688596,0.9999990011817075,0.0,-14.256036041645652,1.7043473329550827,1e-06,0.9755412607103114,0.0,-4.839395164851356,381.9440264925571,0.0
0.0,0.9,30,0.25,20,balanced,2,80,0.4718321424248259,0.47183092357543444,0.0002583226706869152,80,1.5376140795877673,9.57608841724784,1.1203590390231984e-06,0.01483907522537159,0.999998879640961,0.0,-11.292249877716898,1.3724282157289167,1e-06,0.9851609247746285,0.0,-6.359524815432665,635.7531030457627,0.0
0.0,0.9,30,0.25,20,balanced,3,80,0.4721122189401711,0.47220766112712553,-0.020215995927558923,80,1.4638876674224774,9.57608841724784,1.0611962022106157e-06,0.03094554141663702,0.9999989388037978,0.0,-14.69416604178696,1.3794679163911827,1e-06,0.969054458583363,0.0,-3.8276132145795803,299.8736086592919,0.0
0.0,0.9,30,0.25,20,balanced,4,80,0.31095787001717223,0.31439434733093863,-1.1051263354668015,80,1.6506983314816397,9.57608841724784,1.2509577113700524e-06,0.0006323179675784078,0.9999987490422886,0.0,-17.00229578246033,1.319546017842434,1e-06,0.9993676820324215,0.0,-3.3886620082863415,15134.84318836125,0.0
0.0,0.9,30,0.25,20,skewed,0,44,0.6441917165510118,0.6442430285277795,-0.007965327005815639,44,1.638215028181551,9.57608841724784,1.2136045608938435e-06,0.043815117413382176,0.9999987863954392,0.0,-10.988165487370992,1.3498738327235418,1e-06,0.9561848825866178,0.0,-1.307869244774479,208.98063315673284,0.0
0.0,0.9,30,0.25,20,skewed,1,44,0.5835865544123663,0.5625803672812149,3.599498133109543,44,1.6751133299231522,9.57608841724784,1.206250186882555e-06,0.8272300687492943,0.9999987937498132,0.0,-7.732979934827363,1.3886930972476497,1e-06,0.17276993125070572,0.0,-8.750911271499048,2.0,0.0
0.0,0.9,30,0.25,20,skewed,2,44,0.4531662790192888,0.4307938369326968,4.936916783616138,44,1.818802098904627,9.57608841724784,1.3380946789738214e-06,0.8272300687492943,0.9999986619053209,0.0,-6.235181287122942,1.359245869105005,1e-06,0.17276993125070572,0.0,-4.573655517226467,2.0,0.0
0.0,0.9,30,0.25,20,skewed,3,44,0.43079389275516694,0.4566808140445671,-6.009119842400479,44,1.6828957250241412,9.57608841724784,1.0054729230503257e-06,0.024483535507460748,0.999998994527077,0.0,-7.7781705642610985,1.6737338165286264,1e-06,0.9755164644925393,0.0,-2.8948787824661046,381.547506225763,0.0
0.0,0.9,30,0.25,20,skewed,4,44,0.35821758609746496,0.3680320143849217,-2.7397952161919896,44,1.7451260649674012,9.57608841724784,1.4612385548227485e-06,0.028154363836711292,0.9999985387614452,0.0,-13.27369431646605,1.1942769400110536,1e-06,0.9718456361632887,0.0,-3.5490256297238267,330.5519454742976,0.0
0.0,0.9,30,0.25,60,balanced,0,240,0.4542076079475038,0.4613709181196034,-1.5771004375002693,239,1.5311456193767745,9.57608841724784,1.1225221659826439e-06,0.016975331551210383,0.999998877477834,0.0,-25.81871158816514,1.3640210829377863,1e-06,0.9830246684487897,0.0,-5.408478008456318,554.5418133956944,0.0
0.0,0.9,30,0.25,60,balanced,1,240,0.4719683924076111,0.4741489021299945,-0.46200333697350554,239,1.4748972178022157,9.57608841724784,1.026599461303085e-06,0.010139481067847178,0.9999989734005388,0.0,-37.34062749738981,1.4366807691491055,1e-06,0.9898605189321528,0.0,-7.528246247860288,934.859662601028,0.0
0.0,0.9,30,0.25,60,balanced,2,240,0.48946167738758223,0.49009535337180016,-0.12946386070510493,239,1.649953080825037,9.57608841724784,1.1166704124452802e-06,0.055744158503706,0.9999988833295876,0.0,-37.99780010608083,1.4775633167802398,1e-06,0.944255841496294,0.0,-3.515424019289324,162.2103134998463,0.0
0.0,0.9,30,0.25,60,balanced,3,240,0.4079542271692864,0.4087534940403853,-0.19592072293130405,240,1.5418740856375415,9.57608841724784,1.0762975332719802e-06,0.037428270441323144,0.9999989237024667,0.0,-23.70783028373037,1.43257080728458,1e-06,0.9625717295586769,0.0,-7.600349221844421,246.27565958859222,0.0
0.0,0.9,30,0.25,60,balanced,4,240,0.3957831782233338,0.3965722801152583,-0.1993773195381275,239,1.6237132951257172,9.57608841724784,1.157749963432218e-06,0.007914861135684976,0.9999988422500365,0.0,-30.252839306286944,1.402471575518809,1e-06,0.992085138864315,0.0,-6.553711207785308,1200.3110154856936,0.0
0.0,0.9,30,0.25,60,skewed,0,132,0.4125297397988468,0.3745655263964758,9.202782185081416,132,1.5657435904315695,9.57608841724784,9.837222925889665e-07,0.8272300687492943,0.9999990162777074,0.0,-22.548916371078263,1.5916504708396473,1e-06,0.17276993125070572,0.0,-7.498752830334141,2.0,0.0
0.0,0.9,30,0.25,60,skewed,1,132,0.42582208797275056,0.42852673886678677,-0.6351598403249779,131,1.4991238431799538,9.57608841724784,9.901433881125015e-07,0.023304904569217137,0.9999990098566118,0.0,-15.86107917910487,1.514045719872451,1e-06,0.9766950954307828,0.0,-4.356567272771615,401.3283368210625,0.0
0.0,0.9,30,0.25,60,skewed,2,132,0.37034239625429644,0.374931579014362,-1.2391729400903964,132,1.5349723156349855,9.57608841724784,1.1286750533604986e-06,0.03437713974242278,0.9999988713249466,0.0,-12.732084606115304,1.3599756443907074,1e-06,0.9656228602575773,0.0,-4.385798445362354,268.98368965034285,0.0
0.0,0.9,30,0.25,60,skewed,3,132,0.5256907328272846,0.5268850219349871,-0.2271847367898829,132,1.6592576160956733,9.57608841724784,1.1731932168606655e-06,6.477075113911563e-05,0.9999988268067832,0.0,-25.287385506666787,1.4143072476162772,1e-06,0.9999352292488609,0.0,-5.966032282218752,147836.29953961383,0.0
0.0,0.9,30,0.25,60,skewed,4,132,0.5364797930610132,0.5350221014362456,0.27171417146028987,132,1.5159939939321223,9.57608841724784,9.67870316346196e-07,0.020465162503827346,0.9999990321296837,0.0,-21.702310569743126,1.56631782268813,1e-06,0.9795348374961727,0.0,-4.704546660422962,458.3453568904522,0.0
0.0,0.9,30,0.5,20,balanced,0,80,0.7201270574093915,0.7237796476307157,-0.5072146899276474,80,3.077280550265831,9.57608841724784,2.529969149965969e-06,0.009664434091131102,0.99999747003085,0.0,-4.450699458402492,1.2163281772816257,1e-06,0.9903355659088688,0.0,-4.456807462026736,981.2825926963897,0.0
0.0,0.9,30,0.5,20,balanced,1,80,0.7016382427536685,0.6949297155528833,0.9561233684265439,80,3.0989514832971863,9.57608841724784,2.3147077193899953e-06,0.03200334487868297,0.9999976852922806,0.0,-1.9100720376323088,1.3388058819683049,1e-06,0.967996655121317,0.0,-2.172587338907639,289.6453977601659,0.0
0.0,0.9,30,0.5,20,balanced,2,80,0.5816893548160307,0.5843232042454375,-0.45279312877228256,80,3.2118690022936747,9.57608841724784,2.619360638407746e-06,0.022010905152788682,0.9999973806393616,0.0,-4.602471327881621,1.2262002189586132,1e-06,0.9779890948472113,0.0,-6.855088152457858,425.48500292703943,0.0
0.0,0.9,30,0.5,20,balanced,3,80,0.7880862905592722,0.7886316765350383,-0.06920384002354693,80,3.129782929812058,9.57608841724784,2.498912735758783e-06,0.8272300687492943,0.9999975010872642,0.0,-3.0021231527546823,1.2524547430370756,1e-06,0.17276993125070572,0.0,-4.148412922184151,2.0,0.0
0.0,0.9,30,0.5,20,balanced,4,80,0.8340603675123491,0.8291370006027738,0.5902890367827474,80,3.4313288185070987,9.57608841724784,2.8898686643465744e-06,0.01606511010539314,0.9999971101313356,0.0,-3.0966602548395414,1.1873615381719922,1e-06,0.9839348898946069,0.0,-3.183619551967829,586.5037612958953,0.0
0.0,0.9,30,0.5,20,skewed,0,44,0.7461929671036763,0.746322198334916,-0.01731874152355694,44,2.9630355224176466,9.57608841724784,2.4164050929346446e-06,0.013588107480554642,0.9999975835949071,0.0,-4.235516595630059,1.2262134235215152,1e-06,0.9864118925194454,0.0,-1.473267886365397,695.1643201313134,0.0
0.0,0.9,30,0.5,20,skewed,1,44,0.8538043612109186,0.8554735247385775,-0.1954971892262975,44,3.2965155402208257,9.57608841724784,0.11530318894071578,0.03731821103541734,0.8846968110592842,0.0,-1.4742740247863335,1.392050414972473,0.055046821747165776,0.9626817889645827,0.0,-2.77606507540213,247.03022125176406,0.0
0.0,0.9,30,0.5,20,skewed,2,44,0.7892554138729172,0.7858279183277969,0.4342695007059175,44,3.28951545697754,9.57608841724784,0.18474649209874922,0.022974167033270283,0.8152535079012508,0.05000118216060956,0.5290582243225225,1.088179039100727,0.07496422134481036,0.9770258329667297,0.0,-3.7486399278203963,407.24374245540696,0.0332326998164615
0.0,0.9,30,0.5,20,skewed,3,44,0.8887794316866203,0.8848874321948464,0.4379038660231035,44,3.3604664032319587,9.57608841724784,2.844201745915933e-06,0.03673935168251639,0.9999971557982541,0.0,-2.8323152446694353,1.1815114192531746,1e-06,0.9632606483174836,0.0,-1.336795090193006,251.07326925241765,0.0
0.0,0.9,30,0.5,20,skewed,4,44,0.961682617719312,0.9585765632886504,0.3229812386572798,44,2.990367181597943,9.57608841724784,0.03711724196966483,0.000764547717250401,0.9628827580303352,0.003595939049444663,0.0351961976305774,1.2707548596320242,0.016381043977755128,0.9992354522827496,0.0,-1.905646436772161,12515.591669178091,0.003333950457847465
0.0,0.9,30,0.5,60,balanced,0,240,0.7952887604729919,0.7934333510916758,0.23330008841224278,240,3.3585237706409146,9.57608841724784,2.796459971681723e-06,0.007279748160623807,0.9999972035400283,0.0,-3.205267281335961,1.2009878248176606,1e-06,0.9927202518393762,0.0,-7.065804074630607,1305.8661777101643,0.0
0.0,0.9,30,0.5,60,balanced,1,240,0.7664925812433361,0.7650495290175456,0.18826695275375674,240,3.255745086568607,9.57608841724784,2.615022836927628e-06,0.013948945203197723,0.9999973849771631,0.0,-7.929443569012091,1.245012673169423,1e-06,0.9860510547968023,0.0,-3.118502419648152,676.9337714861784,0.0
0.0,0.9,30,0.5,60,balanced,2,240,0.8549421156629345,0.8266058616692102,3.3144061421926745,240,3.34838182136835,9.57608841724784,2.6009490999656704e-06,0.8272300687492943,0.9999973990509,0.0,-5.369334490103534,1.2873658744119363,1e-06,0.17276993125070572,0.0,-5.869511426456014,2.0,0.0
0.0,0.9,30,0.5,60,balanced,3,240,0.8159759591861463,0.8162318408295709,-0.03135896842841067,240,3.20128948164203,9.57608841724784,2.5738538646535066e-06,0.01578984537767679,0.9999974261461353,0.0,-4.493879555774249,1.2437696195298613,1e-06,0.9842101546223232,0.0,-4.831965548937188,596.8952346513255,0.0
0.0,0.9,30,0.5,60,balanced,4,240,0.7995810176700155,0.8161230577183165,-2.068838514514085,240,3.4235597048923037,9.57608841724784,2.8302041308421693e-06,0.02696950446314619,0.9999971697958692,0.0,-5.724209076221988,1.2096477346581271,1e-06,0.9730304955368538,0.0,-5.736734050320558,345.4948929696575,0.0
0.0,0.9,30,0.5,60,skewed,0,132,0.8643490849891199,0.8708919743625164,-0.7569730201633628,132,3.3794054373621774,9.57608841724784,2.9095051033434077e-06,0.012563622333944972,0.9999970904948967,0.0,-4.6219397929401405,1.1615018654139542,1e-06,0.9874363776660551,0.0,-5.732023503385158,752.6315108493047,0.0
0.0,0.9,30,0.5,60,skewed,1,132,0.816186071221692,0.8161864443918788,-4.572121480877354e-05,132,3.432346241392569,9.57608841724784,2.8749550070324998e-06,0.03417964043602683,0.999997125044993,0.0,-3.7764144000457693,1.1938748123021454,1e-06,0.9658203595639732,0.0,-4.236416490894248,270.59328420009035,0.0
0.0,0.9,30,0.5,60,skewed,2,132,0.8130217263969497,0.7937339921379343,2.372351639911573,132,3.3439516229825834,9.57608841724784,2.7198099299952964e-06,0.8272300687492943,0.9999972801900701,0.0,-4.562730689697168,1.2294765495087707,1e-06,0.17276993125070572,0.0,-4.24714014709605,2.0,0.0
0.0,0.9,30,0.5,60,skewed,3,132,0.7838035946436357,0.8119906954589385,-3.5961943792970734,132,3.4537070672041663,9.57608841724784,0.08445728739794942,0.02236474435126688,0.9155427126020506,0.0,-0.8788327862717692,1.1655988070505823,0.031133228750346072,0.9776352556487331,0.0,-5.914604924997908,418.60177343724683,0.0
0.0,0.9,30,0.5,60,skewed,4,132,0.7604798952044597,0.7615730495292179,-0.14374532866043804,132,3.235295620249053,9.57608841724784,2.726127961809019e-06,0.03236527053177378,0.9999972738720382,0.0,-3.3698766292485995,1.1867699703545989,1e-06,0.9676347294682263,0.0,-3.8150395922337754,286.2993441037552,0.0
0.0,0.9,60,0.1,20,balanced,0,80,0.1820723273852941,0.1820723273852941,0.0,79,0.4748973319413491,9.982029897000858,2.452975475235393e-07,0.03458387761793379,0.9999997547024524,0.0,-290.8311356737703,1.9360047421658815,1e-06,0.9654161223820662,0.0,-8.63633813168076,278.6504365741557,0.0
0.0,0.9,60,0.1,20,balanced,1,80,0.22875952945183048,0.20129062125647576,12.007765648573256,78,0.4841733822478105,9.982029897000858,2.862776720128219e-07,0.833083374253589,0.999999713722328,0.0,-188.44182267298373,1.6912714157336861,1e-06,0.16691662574641097,0.0,-2.725269411611385,2.0,0.0
0.0,0.9,60,0.1,20,balanced,2,80,0.15064322516057177,0.15064322516057177,0.0,80,0.40337407566565847,9.982029897000858,1.245742036555817e-07,0.005140803111729187,0.9999998754257964,0.0,-461.0683430906097,3.238022106505178,1e-06,0.9948591968882708,0.0,-6.1376058340145825,1931.7437433048544,0.0
0.0,0.9,60,0.1,20,balanced,3,80,0.1616462181100414,0.16205399101275642,-0.2522625691356548,79,0.49057298330400656,9.982029897000858,2.1168854279132366e-07,0.0861149088793487,0.9999997883114572,0.0,-104.10867867587459,2.317427636744263,1e-06,0.9138850911206513,0.0,-7.212453225193616,105.93320507103682,0.0
0.0,0.9,60,0.1,20,balanced,4,80,0.23344653810764435,0.23480601602960546,-0.5823508598505105,80,0.5876254769684428,9.982029897000858,2.6790047530483364e-07,0.07010817457467397,0.9999997320995246,0.0,-235.62567474340443,2.1934463492530756,1e-06,0.929891825425326,0.0,-3.5118701444787948,132.39836950091453,0.0
0.0,0.9,60,0.1,20,skewed,0,44,0.10644577526637106,0.10644577526637106,0.0,43,0.5161867484977842,9.982029897000858,2.3704973042679925e-07,0.025348011672948926,0.9999997629502695,0.0,-42.09959574391622,2.177545720902493,1e-06,0.974651988327051,0.0,-8.375492028663096,383.8172955015097,0.0
0.0,0.9,60,0.1,20,skewed,1,44,0.2373158587548992,0.2198075793196443,7.377627237856669,43,0.5966440744568471,9.982029897000858,3.3720313591685596e-07,0.833083374253589,0.9999996627968641,0.0,-42.81590973396363,1.7693900482918532,1e-06,0.16691662574641097,0.0,-5.250659067316983,2.0,0.0
0.0,0.9,60,0.1,20,skewed,2,44,0.3892259450449703,0.3892259450449703,0.0,43,0.5089143577949149,9.982029897000858,2.912438916608144e-07,0.033129136649789406,0.9999997087561083,0.0,-89.14653413757176,1.7473815730787938,1e-06,0.9668708633502106,0.0,-3.5469219037020405,291.3246417051494,0.0
0.0,0.9,60,0.1,20,skewed,3,44,0.14452669384369926,0.14452669384369926,0.0,44,0.3620833204263883,9.982029897000858,1.0821267234854934e-07,0.06018449231076489,0.9999998917873276,0.0,-129.5698029049211,3.346034001920379,1e-06,0.9398155076892352,0.0,-7.906623787329427,155.87514549393325,0.0
0.0,0.9,60,0.1,20,skewed,4,44,0.07021808696048537,0.07021808696048537,0.0,44,0.46807623104943136,9.982029897000858,4.038745152135685e-07,0.14248278330423225,0.9999995961254848,0.0,-43.18219074110658,1.158964045309991,1e-06,0.8575172166957677,0.0,-1.9426036052047342,60.075767020729316,0.0
0.0,0.9,60,0.1,60,balanced,0,240,0.20132624992049658,0.20145305381115872,-0.06298428084376016,237,0.45891323810776896,9.982029897000858,2.0663972079596495e-07,0.2143145419650564,0.9999997933602791,0.0,-451.54240911013386,2.2208370273699245,1e-06,0.7856854580349436,0.0,-5.892751923898613,36.59451038568519,0.0
0.0,0.9,60,0.1,60,balanced,1,240,0.13909163578125977,0.13909163578125977,0.0,234,0.4411020400844094,9.982029897000858,2.626693758026162e-07,0.0744846398482155,0.9999997373306242,0.0,-231.0409711623749,1.679304726181606,1e-06,0.9255153601517845,0.0,-10.405372360604444,124.03257925385492,0.0
0.0,0.9,60,0.1,60,balanced,2,240,0.1850493957680248,0.1850055617088445,0.023687761312791253,237,0.5060211898544433,9.982029897000858,2.677436837080528e-07,0.08254227866919328,0.9999997322563163,0.0,-354.25272412431457,1.8899458144140076,1e-06,0.9174577213308067,0.0,-6.26008019312465,110.95029784992366,0.0
0.0,0.9,60,0.1,60,balanced,3,240,0.17546618528110616,0.15401574641651838,12.224827724055796,238,0.4884333266340452,9.982029897000858,2.7275121316207654e-07,0.833083374253589,0.9999997272487868,0.0,-459.79140720317025,1.7907645129371108,1e-06,0.16691662574641097,0.0,-7.372460424912524,2.0,0.0
0.0,0.9,60,0.1,60,balanced,4,240,0.18734751619761025,0.18734751619761025,0.0,233,0.5109702286144738,9.982029897000858,2.636972807881325e-07,0.008403059032661166,0.9999997363027192,0.0,-356.8772397634842,1.9377146868603397,1e-06,0.9915969409673389,0.0,-9.951494178633641,1177.9222628376472,0.0
0.0,0.9,60,0.1,60,skewed,0,132,0.10778820340797345,0.10808316140143016,-0.27364589457003524,129,0.375116237088695,9.982029897000858,2.3277242867632019e-07,0.05657681222351994,0.9999997672275713,0.0,-221.75037420911397,1.6115145247039042,1e-06,0.94342318777648,0.0,-5.159920656913351,166.45120316612244,0.0
0.0,0.9,60,0.1,60,skewed,1,132,0.16114717512542992,0.1613068237300365,-0.09907006094416981,130,0.4430922908071508,9.982029897000858,2.7490555915183616e-07,0.02283825825420918,0.9999997250944408,0.0,-193.8891810855658,1.6117977763416407,1e-06,0.9771617417457908,0.0,-6.295388122184061,427.09288999804545,0.0
0.0,0.9,60,0.1,60,skewed,2,132,0.24276234814072867,0.25552500643221415,-5.257264311880443,130,0.5694980461944401,9.982029897000858,2.943628692640501e-07,0.015002641846837863,0.9999997056371308,0.0,-199.74028419934356,1.9346797369340236,1e-06,0.9849973581531621,0.0,-5.381621265260697,655.3694461235235,0.0
0.0,0.9,60,0.1,60,skewed,3,132,0.29888799695494156,0.3029411822071591,-1.3560883319207266,132,0.5727866808838074,9.982029897000858,2.3080900809457498e-07,0.13098025695083781,0.9999997691909919,0.0,-422.73115788331404,2.48164728657566,1e-06,0.8690197430491622,0.0,-5.389412115085664,66.22815726691285,0.0
0.0,0.9,60,0.1,60,skewed,4,132,0.1947124959672208,0.1947124959672208,0.0,130,0.46664806669940934,9.982029897000858,3.3908862695878607e-07,0.019191174393261286,0.999999660911373,0.0,-315.4883050402099,1.3761827183949422,1e-06,0.9808088256067388,0.0,-5.9483644764391,510.1544501563465,0.0
0.0,0.9,60,0.25,20,balanced,0,80,0.3923728005459844,0.39400922248415343,-0.41705794486569153,80,1.4142782917394028,9.982029897000858,9.89308563132842e-07,0.04976458072596404,0.9999990106914369,0.0,-18.074472456432694,1.4295609532512552,1e-06,0.950235419274036,0.0,-2.363047588263738,190.60299968394486,0.0
0.0,0.9,60,0.25,20,balanced,1,80,0.3891651308936619,0.38828059850050417,0.2272897345984005,80,1.443034807176916,9.982029897000858,9.533178273224794e-07,0.027819964612245562,0.9999990466821727,0.0,-15.035306276382258,1.5136960518606997,1e-06,0.9721800353877544,0.0,-4.107994648000037,348.8261151215248,0.0
0.0,0.9,60,0.25,20,balanced,2,80,0.5423172091523353,0.5424851821513894,-0.030973200964188898,80,1.3504155202212083,9.982029897000858,9.209875056620006e-07,0.24709643856582528,0.9999990790124943,0.0,-21.28158740543107,1.466267748637235,1e-06,0.7529035614341747,0.0,-0.39847001941305515,30.415273904452736,0.0
0.0,0.9,60,0.25,20,balanced,3,80,0.4754711216451675,0.4783204833380863,-0.5992712413447439,80,1.5216480780418264,9.982029897000858,9.862090691648976e-07,0.00387871871963423,0.9999990137909309,0.0,-16.310441164036607,1.5429249484065115,1e-06,0.9961212812803658,0.0,-6.222343894030178,2563.5559393482094,0.0
0.0,0.9,60,0.25,20,balanced,4,80,0.34313999025654757,0.32296502341258754,5.879514896784918,80,1.4431233277062057,9.982029897000858,9.324269367604559e-07,0.833083374253589,0.9999990675730632,0.0,-15.038597667258648,1.5477051606548837,1e-06,0.16691662574641097,0.0,-8.041885002487854,2.0,0.0
0.0,0.9,60,0.25,20,skewed,0,44,0.3184321479296854,0.32617502931948417,-2.4315639737193018,44,1.806580271213102,9.982029897000858,1.1568522085680895e-06,0.01947559430331791,0.9999988431477914,0.0,-13.71686738258508,1.5616326509678327,1e-06,0.9805244056966821,0.0,-3.1892907166599214,502.55842157976326,0.0
0.0,0.9,60,0.25,20,skewed,1,44,0.7190203857643535,0.7137305948530973,0.7356941494270485,44,1.4468303986182758,9.982029897000858,8.360702091328324e-07,0.833083374253589,0.9999991639297909,0.0,-11.631087902249154,1.730511592345658,1e-06,0.16691662574641097,0.0,-2.0285953445522438,2.0,0.0
0.0,0.9,60,0.25,20,skewed,2,44,0.4435489030844209,0.46142209318932453,-4.029587263233928,44,1.415413224450059,9.982029897000858,1.0173117087501132e-06,0.0008794956365816898,0.9999989826882912,0.0,-5.305907065831477,1.391325561633913,1e-06,0.9991205043634183,0.0,-1.8543743108571333,11339.738743929376,0.0
0.0,0.9,60,0.25,20,skewed,3,44,0.4094652682893542,0.41454085267631574,-1.239564080286001,44,1.295040298315525,9.982029897000858,9.58967622074518e-07,0.010064029872170406,0.9999990410323779,0.0,-17.928016680364216,1.350451283705561,1e-06,0.9899359701278296,0.0,-4.367419416605196,981.8701430187117,0.0
0.0,0.9,60,0.25,20,skewed,4,44,0.6552535422317155,0.6470750305778702,1.248144592395529,44,1.461277777559561,9.982029897000858,9.104772741841355e-07,0.01994520209957485,0.9999990895227258,0.0,-6.37001370193512,1.6049565302321729,1e-06,0.9800547979004252,0.0,-2.255804426873434,490.49070771510054,0.0
0.0,0.9,60,0.25,60,balanced,0,240,0.386766261810318,0.3852364597128631,0.3955365936766128,240,1.4154694217943402,9.982029897000858,8.975717834403156e-07,0.014066888225467845,0.9999991024282165,0.0,-22.48049444681589,1.5769971576769235,1e-06,0.9859331117745321,0.0,-7.81813244753207,699.6297717329129,0.0
0.0,0.9,60,0.25,60,balanced,1,240,0.4775454158758671,0.47752782466372856,0.0036836731237904078,240,1.4108531104946027,9.982029897000858,9.269961652453715e-07,0.05544405937925116,0.9999990730038347,0.0,-70.26241702468054,1.5219607756003144,1e-06,0.9445559406207489,0.0,-5.375885753177499,170.05583184615344,0.0
0.0,0.9,60,0.25,60,balanced,2,240,0.5063759534548693,0.5077350810618947,-0.2684028729548513,240,1.4840138874254394,9.982029897000858,1.0562022936749537e-06,0.03735131253612703,0.9999989437977064,0.0,-27.167352105854693,1.4050455379848161,1e-06,0.962648687463873,0.0,-8.011411504356653,257.26506851074623,0.0
0.0,0.9,60,0.25,60,balanced,3,240,0.44858806020780695,0.4584573233214347,-2.2000726254407734,240,1.4337066003233008,9.982029897000858,9.602104742566883e-07,0.018856797913213215,0.9999990397895258,0.0,-24.306201953949493,1.4931155846544564,1e-06,0.9811432020867867,0.0,-8.45242432872946,519.3777237017962,0.0
0.0,0.9,60,0.25,60,balanced,4,240,0.44171728791140713,0.43080930880392887,2.4694480850081684,240,1.466440434815805,9.982029897000858,9.842338354524156e-07,0.833083374253589,0.9999990157661645,0.0,-26.091483883284415,1.4899294645985834,1e-06,0.16691662574641097,0.0,-7.3477418677924975,2.0,0.0
0.0,0.9,60,0.25,60,skewed,0,132,0.37076133551790447,0.37056760391879645,0.052252373845130956,132,1.4588821868862887,9.982029897000858,8.143743938983089e-07,0.00025540698885452736,0.9999991856256061,0.0,-19.465071531695553,1.7914131506842679,1e-06,0.9997445930111455,0.0,-8.559356339125499,39072.855686365896,0.0
0.0,0.9,60,0.25,60,skewed,1,132,0.41644402697159916,0.4168430587676536,-0.09581883043351996,132,1.416834440011877,9.982029897000858,1.0505044885646624e-06,0.06334916174167647,0.9999989494955115,0.0,-19.411102425167137,1.3487167041886807,1e-06,0.9366508382583235,0.0,-3.7229418411456523,147.58958782550846,0.0
0.0,0.9,60,0.25,60,skewed,2,132,0.39149325293530274,0.3953142960618509,-0.9760176191796699,132,1.4900150542051622,9.982029897000858,1.0550234519547437e-06,0.030717832278237274,0.9999989449765481,0.0,-15.404348282873059,1.4123036596417904,1e-06,0.9692821677217627,0.0,-7.073487224486752,314.97676949304747,0.0
0.0,0.9,60,0.25,60,skewed,3,132,0.537503143440483,0.5378118793477907,-0.057438902651165476,132,1.5794845887456899,9.982029897000858,1.0345732225420294e-06,0.06143056055103987,0.9999989654267775,0.0,-22.560034632364495,1.526700015259064,1e-06,0.9385694394489601,0.0,-4.981014515537481,152.51086952408193,0.0
0.0,0.9,60,0.25,60,skewed,4,132,0.4334549753526662,0.4330903765266883,0.0841145786090579,132,1.4732762077614083,9.982029897000858,9.503877041056671e-07,0.01434438355723533,0.9999990496122959,0.0,-17.2692635214748,1.550182942406636,1e-06,0.9856556164427647,0.0,-10.004408693153684,685.9021715517192,0.0
0.0,0.9,60,0.5,20,balanced,0,80,0.9169648406724653,0.8913136997819768,2.797396339828794,80,3.0200410235974307,9.982029897000858,2.3695677528275987e-06,0.833083374253589,0.9999976304322471,0.0,-1.9570176691868109,1.2745083417666112,1e-06,0.16691662574641097,0.0,-4.956297161490219,2.0,0.0
0.0,0.9,60,0.5,20,balanced,1,80,0.6239048986748741,0.6256344903662682,-0.2772204057168974,80,2.951758579146929,9.982029897000858,2.6249989042834084e-06,0.02429405258212289,0.9999973750010958,0.0,-2.43442326171673,1.1244769763390086,1e-06,0.9757059474178771,0.0,-2.399547338945714,400.90165709832036,0.0
0.0,0.9,60,0.5,20,balanced,2,80,0.9023559367280185,0.8740673453590129,3.134970383370146,80,2.778024419580667,9.982029897000858,0.04293226864035117,0.833083374253589,0.9570677313596488,0.0,-3.7989010733608177,1.236581246232054,0.019967710491677927,0.16691662574641097,0.0,-4.626026899651126,2.0,0.0
0.0,0.9,60,0.5,20,balanced,3,80,0.774454213415359,0.7609985005939927,1.7374445884962524,80,3.1813701659599563,9.982029897000858,2.3961507365434547e-06,0.833083374253589,0.9999976038492635,0.0,-5.996775174207404,1.327697165518305,1e-06,0.16691662574641097,0.0,-2.8035427728069484,2.0,0.0
0.0,0.9,60,0.5,20,balanced,4,80,0.6904008336270083,0.6996937162995883,-1.34601266683877,80,2.9414353583825372,9.982029897000858,2.429303430820633e-06,0.00811172290186993,0.9999975706965691,0.0,-5.017700139910451,1.2108113687841646,1e-06,0.9918882770981301,0.0,-2.562110172922495,1220.5863731114134,0.0
0.0,0.9,60,0.5,20,skewed,0,44,0.7374147144292004,0.7390758360275655,-0.22526287662309236,44,3.1127002338818546,9.982029897000858,2.4670665707251035e-06,0.012930583588273493,0.9999975329334293,0.0,-3.0921594659824576,1.2616978351973032,1e-06,0.9870694164117265,0.0,-5.625173604197219,761.9885334465883,0.0
0.0,0.9,60,0.5,20,skewed,1,44,0.7922530665963315,0.789657349927355,0.32763731418903796,44,3.1596979304146946,9.982029897000858,2.3709075657021758e-06,0.0070831912424024705,0.9999976290924343,0.0,-2.5564444617489563,1.332692376860761,1e-06,0.9929168087575976,0.0,-2.798836872210864,1399.2739897971903,0.0
0.0,0.9,60,0.5,20,skewed,2,44,0.5277932457526382,0.5277103796031497,0.015700494493885383,44,3.1314172317897278,9.982029897000858,2.6303835592459526e-06,0.011800429011218659,0.9999973696164408,0.0,-3.9715199214372787,1.1904761888606483,1e-06,0.9881995709887813,0.0,-2.9184481210724464,835.9219527048986,0.0
0.0,0.9,60,0.5,20,skewed,3,44,1.0936428905492868,1.0899450547915754,0.33812095243028256,44,3.0558246001759697,9.982029897000858,0.15574337661804571,0.833083374253589,0.8442566233819543,0.0,-1.4134781740494557,1.1169594445195206,0.06743131080996004,0.16691662574641097,0.0,-3.399357070918839,2.0,0.0
0.0,0.9,60,0.5,20,skewed,4,44,0.7181365169364127,0.7137162535195762,0.6155185417521145,44,3.1516676161193935,9.982029897000858,2.0295865302412935e-06,0.03892005376083183,0.9999979704134698,0.0,-5.037735707615761,1.5528587584484768,1e-06,0.9610799462391681,0.0,-3.9252937710120865,246.49320413894293,0.0
0.0,0.9,60,0.5,60,balanced,0,240,0.7894734764125533,0.7908014849164084,-0.16821445476417718,240,3.149430346049976,9.982029897000858,2.4663626989395863e-06,0.03849822965968565,0.999997533637301,0.0,-7.2540910387097295,1.2769502959658723,1e-06,0.9615017703403144,0.0,-6.9590538006597376,249.3033966080465,0.0
0.0,0.9,60,0.5,60,balanced,1,240,0.8120710600921232,0.8152400905130971,-0.3902405314892563,240,3.1903967679978025,9.982029897000858,2.5087065553210894e-06,0.030379182991762038,0.9999974912934446,0.0,-5.379735351362195,1.271726562565655,1e-06,0.969620817008238,0.0,-9.124256504086295,318.59921929945375,0.0
0.0,0.9,60,0.5,60,balanced,2,240,0.7983932809607848,0.7839510621206598,1.8089103684271042,240,3.1001987083429023,9.982029897000858,2.4232169880924614e-06,0.833083374253589,0.9999975767830119,0.0,-6.459891227963822,1.2793700321195334,1e-06,0.16691662574641097,0.0,-8.230942262625906,2.0,0.0
0.0,0.9,60,0.5,60,balanced,3,240,0.9527035185537243,0.9587451787880452,-0.6341595382677553,240,3.1243655206291017,9.982029897000858,2.3199998987511608e-06,0.023510124798046907,0.9999976800001013,0.0,-6.879533110693256,1.3467062105312535,1e-06,0.9764898752019531,0.0,-10.463220850500017,414.6022708137342,0.0
0.0,0.9,60,0.5,60,balanced,4,240,0.8475514575207183,0.847555885225361,-0.0005224113065251089,240,3.080106052760355,9.982029897000858,2.5282970887339727e-06,0.014847701979878069,0.9999974717029113,0.0,-7.444645473427197,1.2182501331837166,1e-06,0.9851522980201219,0.0,-7.055171286374498,662.3125723605555,0.0
0.0,0.9,60,0.5,60,skewed,0,132,0.8542428707759488,0.8548328842047493,-0.0690685809604192,132,2.985880100266493,9.982029897000858,2.347853691977376e-06,0.011263801589699468,0.9999976521463081,0.0,-5.33344320808186,1.2717458076960098,1e-06,0.9887361984103006,0.0,-5.915255598718025,876.2223139480855,0.0
0.0,0.9,60,0.5,60,skewed,1,132,0.739136370423114,0.7434178175874517,-0.5792499646427725,132,2.970955845528222,9.982029897000858,2.2576177938681345e-06,0.004263272330832684,0.9999977423822062,0.0,-5.82467978384182,1.3159663895574472,1e-06,0.9957367276691673,0.0,-7.697906883643581,2331.418922795883,0.0
0.0,0.9,60,0.5,60,skewed,2,132,0.8793435813003491,0.8762132493008741,0.3559850854709078,132,2.8321152690657714,9.982029897000858,2.3412944784633e-06,0.02351329235229252,0.9999976587055215,0.0,-0.92328867088213,1.209633672107357,1e-06,0.9764867076477075,0.0,-7.766589563868865,414.54507364269637,0.0
0.0,0.9,60,0.5,60,skewed,3,132,0.8649356373609892,0.8697562379456673,-0.5573363353816941,132,3.0057899993711517,9.982029897000858,2.3550651746193537e-06,0.038186601019899936,0.9999976449348253,0.0,-5.105544506059998,1.2763056210725472,1e-06,0.9618133989801001,0.0,-4.393422783182792,251.4193420606391,0.0
0.0,0.9,60,0.5,60,skewed,4,132,0.8580391873871133,0.8579106051778443,0.014985587040666538,132,2.8629005387141824,9.982029897000858,2.1750989161207077e-06,0.01824418715047707,0.9999978249010839,0.0,-6.016845475800441,1.316213386985254,1e-06,0.981755812849523,0.0,-5.28065963063353,537.1527815730643,0.0
0.0,0.9,120,0.1,20,balanced,0,80,0.16281319543986691,0.16281319543986691,0.0,80,0.5816062116562813,9.999967707539822,1.8524596102208073e-07,0.0638837418228616,0.999999814754039,0.0,-1330.499227680027,3.139642562759748,1e-06,0.9361162581771384,0.0,-3.094931091196049,146.5338767762097,0.0
0.0,0.9,120,0.1,20,balanced,1,80,0.1556131770956938,0.15581535023974286,-0.12992032411543444,80,0.45331139195897363,9.999967707539822,2.1058179338879518e-07,0.0638837418228616,0.9999997894182067,0.0,-277.65194242008283,2.1526613920140996,1e-06,0.9361162581771384,0.0,-4.485125503206012,146.5338767762097,0.0
0.0,0.9,120,0.1,20,balanced,2,80,0.16713088044727617,0.1671248716232923,0.003595280517760741,80,0.4278301569272277,9.999967707539822,2.7428665860413667e-07,0.0842011359586473,0.9999997257133414,0.0,-362.7074036969834,1.5597916491364918,1e-06,0.9157988640413527,0.0,-3.6399702763010096,108.7628921243155,0.0
0.0,0.9,120,0.1,20,balanced,3,80,0.17930598318991972,0.17929799686994108,0.004454017560687442,79,0.31167559866356903,9.999967707539822,1.7063458378676882e-07,0.1701092930738606,0.9999998293654162,0.0,-1096.6625817117726,1.826567266724019,1e-06,0.8298907069261394,0.0,-3.6047993774959437,48.78557849538212,0.0
0.0,0.9,120,0.1,20,balanced,4,80,0.13283344177922055,0.13283344177922055,0.0,80,0.4813884055442411,9.999967707539822,2.3741105551394764e-07,0.005149993611837681,0.9999997625889445,0.0,-302.4881639499491,2.027657432298591,1e-06,0.9948500063881623,0.0,-8.025991645644357,1931.7437433048544,0.0
0.0,0.9,120,0.1,20,skewed,0,44,0.1884251630121739,0.1884251630121739,0.0,44,0.5203124321892612,9.999967707539822,3.3168474562542866e-07,0.01757347723690866,0.9999996683152543,0.0,-999.4793686727148,1.5686951732842185,1e-06,0.9824265227630914,0.0,-4.220611075835763,559.0375410751507,0.0
0.0,0.9,120,0.1,20,skewed,1,44,0.17491215453907624,0.17482789394027065,0.048173095247515736,44,0.5001553971953978,9.999967707539822,2.9929874803068223e-07,0.005583742789839677,0.999999700701252,0.0,-74.6084615322707,1.6710903429698343,1e-06,0.9944162572101604,0.0,-2.5622270985218183,1780.9076875906271,0.0
0.0,0.9,120,0.1,20,skewed,2,44,0.1684014383616675,0.169122415618628,-0.428130106235858,44,0.452215344165265,9.999967707539822,2.509860379942675e-07,0.11726738389448152,0.999999749013962,0.0,-2686.5727634298128,1.801754527666809,1e-06,0.8827326161055185,0.0,-3.292284713612113,75.27496020027385,0.0
0.0,0.9,120,0.1,20,skewed,3,44,0.23554055435747437,0.23631745760387057,-0.32983842146228315,44,0.5437868544677465,9.999967707539822,4.420054684314031e-07,0.03492311667957551,0.9999995579945316,0.0,-59.92526937075878,1.2302712360740746,1e-06,0.9650768833204245,0.0,-4.881138369129507,276.34239398059145,0.0
0.0,0.9,120,0.1,20,skewed,4,44,0.16888180252870358,0.16992002906860015,-0.6147651933784373,44,0.5207547332055259,9.999967707539822,4.073421617693792e-07,0.16279919241146862,0.9999995926578382,0.0,-1352.923631389193,1.278420379260158,1e-06,0.8372008075885313,0.0,-2.1976112219589807,51.425200067649705,0.0
0.0,0.9,120,0.1,60,balanced,0,240,0.16190678940602934,0.16190678940602934,0.0,240,0.43945478775712915,9.999967707539822,2.432618639485692e-07,0.05410236018327647,0.999999756738136,0.0,-2486.9180986066767,1.8065087298163738,1e-06,0.9458976398167235,0.0,-7.006414204613489,174.8342553035092,0.0
0.0,0.9,120,0.1,60,balanced,1,240,0.17330915712246048,0.17330915712246048,0.0,240,0.466001878432467,9.999967707539822,2.4307691013656155e-07,0.041609121589595205,0.9999997569230898,0.0,-4601.609000584725,1.9170959713766227,1e-06,0.9583908784104048,0.0,-13.604560594116677,230.33117425149686,0.0
0.0,0.9,120,0.1,60,balanced,2,240,0.15212590717387964,0.15212590717387964,0.0,240,0.5424438393007189,9.999967707539822,2.781508581164098e-07,0.06978900231927779,0.9999997218491419,0.0,-2612.990409196534,1.9501780152329784,1e-06,0.9302109976807222,0.0,-10.215063907738477,133.2886218296907,0.0
0.0,0.9,120,0.1,60,balanced,3,240,0.2000250871042768,0.2000250871042768,0.0,240,0.42445974319769275,9.999967707539822,2.0107067294584446e-07,0.07270225496904054,0.999999798929327,0.0,-513.754562970265,2.11099735049342,1e-06,0.9272977450309594,0.0,-9.143522370684734,127.54690359374511,0.0
0.0,0.9,120,0.1,60,balanced,4,240,0.18316787857164551,0.18318861697505967,-0.011322074359257157,240,0.44186283020781814,9.999967707539822,2.1682061099304888e-07,0.13390383817439966,0.999999783179389,0.0,-836.498762584439,2.037918500351608,1e-06,0.8660961618256003,0.0,-5.098732897542985,64.68024940853431,0.0
0.0,0.9,120,0.1,60,skewed,0,132,0.22697308031833885,0.22697308031833885,0.0,132,0.41006237431311776,9.999967707539822,1.8722225947075e-07,0.03256925856484031,0.9999998127777405,0.0,-585.6506592859338,2.1902432899772184,1e-06,0.9674307414351597,0.0,-6.142670549904183,297.0370404463746,0.0
0.0,0.9,120,0.1,60,skewed,1,132,0.21374773201836622,0.21820643999579387,-2.0859673856303336,132,0.41334443194670306,9.999967707539822,1.8127561168647365e-07,0.1312839622562357,0.9999998187243884,0.0,-3104.866795120978,2.2801983850109777,1e-06,0.8687160377437643,0.0,-4.459165018059788,66.17055255770182,0.0
0.0,0.9,120,0.1,60,skewed,2,132,0.2081230939828377,0.2081230939828377,0.0,132,0.40829186560168496,9.999967707539822,2.217404234993737e-07,0.03742464183749867,0.9999997782595764,0.0,-316.69639513694415,1.8413051108263359,1e-06,0.9625753581625013,0.0,-4.554166914491444,257.20279540668383,0.0
0.0,0.9,120,0.1,60,skewed,3,132,0.1752841586196304,0.17558301056175266,-0.17049569366434975,132,0.4840093420274166,9.999967707539822,2.259277485855361e-07,0.18957140692292807,0.9999997740722514,0.0,-2046.8173390060642,2.1423186643168113,1e-06,0.8104285930770719,0.0,-3.965617239516063,42.75043315647548,0.0
0.0,0.9,120,0.1,60,skewed,4,132,0.1626981299127987,0.16598615188921811,-2.020934093207894,132,0.4228077617117676,9.999967707539822,1.8054690354016848e-07,0.1000202307760913,0.9999998194530965,0.0,-765.9442942715762,2.341816320757666,1e-06,0.8999797692239087,0.0,-5.270517066625356,89.9794827490992,0.0
0.0,0.9,120,0.25,20,balanced,0,80,0.4199453065897028,0.41749451229668316,0.58359844831273,80,1.2909657954213496,9.999967707539822,8.040100755780785e-07,0.04397455365365099,0.9999991959899244,0.0,-22.0407063412826,1.6056574372440056,1e-06,0.956025446346349,0.0,-2.4405896227241097,217.40353901820896,0.0
0.0,0.9,120,0.25,20,balanced,1,80,0.4414339151762017,0.44160127543678085,-0.03791286868213819,80,1.4208258369869073,9.999967707539822,9.85446924419577e-07,0.05137209129256208,0.9999990145530756,0.0,-18.3337208324589,1.441807165103642,1e-06,0.948627908707438,0.0,-2.424859347310441,184.65762663858854,0.0
0.0,0.9,120,0.25,20,balanced,2,80,0.5033382212266722,0.5066518498375572,-0.6583304170324015,80,1.3783594907314114,9.999967707539822,1.0264753694551732e-06,0.19824006602851557,0.9999989735246305,0.0,-14.65591536834755,1.342806770254138,1e-06,0.8017599339714845,0.0,-1.1764283117641348,40.44375897131121,0.0
0.0,0.9,120,0.25,20,balanced,3,80,0.3885089239211147,0.38817764752885736,0.0852686699996095,80,1.464877067002837,9.999967707539822,1.0098929413471035e-06,0.02149827318370638,0.9999989901070587,0.0,-25.4203307933053,1.4505256223551264,1e-06,0.9785017268162937,0.0,-5.49355283843625,455.15216902867184,0.0
0.0,0.9,120,0.25,20,balanced,4,80,0.4774244118332304,0.4787726507908581,-0.28239841202310695,80,1.3750623552525383,9.999967707539822,7.991781946861357e-07,0.025381708984084605,0.9999992008218053,0.0,-15.038291808367303,1.7205940620083024,1e-06,0.9746182910159154,0.0,-7.616456326823864,383.9832630437946,0.0
0.0,0.9,120,0.25,20,skewed,0,44,0.4987004970061215,0.49935612039807525,-0.131466360248222,44,1.316221053740004,9.999967707539822,9.592046903357545e-07,0.04385245548686916,0.9999990407953097,0.0,-18.412311917872255,1.3721990775022046,1e-06,0.9561475445131309,0.0,-1.3020390532071155,218.03669743505716,0.0
0.0,0.9,120,0.25,20,skewed,1,44,0.34121493859238294,0.3546258001314156,-3.930326613001352,44,1.541329317455979,9.999967707539822,1.221823433585195e-06,0.026725021221754786,0.9999987781765665,0.0,-8.90245229338355,1.261497679597328,1e-06,0.9732749787782452,0.0,-3.5914575730844622,364.18000485688293,0.0
0.0,0.9,120,0.25,20,skewed,2,44,0.33423907054456314,0.33773255748362563,-1.0452060357188875,44,1.4812397019708299,9.999967707539822,8.893547117920467e-07,0.03393552248641194,0.9999991106452881,0.0,-18.410174851317265,1.6655203654297899,1e-06,0.966064477513588,0.0,-2.905468205593157,284.67555147870195,0.0
0.0,0.9,120,0.25,20,skewed,3,44,0.4304437279144893,0.4270205978565867,0.7952561126834801,44,1.247169913669395,9.999967707539822,5.887403467389325e-07,0.036167768808797164,0.9999994112596533,0.0,-14.074651382678052,2.118368795249031,1e-06,0.9638322311912029,0.0,-3.989029257875395,266.48840956574963,0.0
0.0,0.9,120,0.25,20,skewed,4,44,0.4074330267210482,0.40913966473229374,-0.4188757168215536,44,1.2312428014436392,9.999967707539822,1.016320295438913e-06,0.11549759674898406,0.9999989836797045,0.0,-13.091575130750178,1.2114700003317282,1e-06,0.8845024032510159,0.0,-1.5143530942717565,76.58164081954655,0.0
0.0,0.9,120,0.25,60,balanced,0,240,0.43797942798490347,0.44262673984053114,-1.061079940902579,240,1.314892363025455,9.999967707539822,8.112588239139964e-07,0.004367571786347381,0.9999991887411761,0.0,-37.05403385026459,1.620803691139249,1e-06,0.9956324282136526,0.0,-6.64044129518188,2279.5943873981464,0.0
0.0,0.9,120,0.25,60,balanced,1,240,0.37220322149490553,0.3811058487888798,-2.3918727135724533,240,1.5190596595152757,9.999967707539822,9.62645154458959e-07,0.03328338806697793,0.9999990373548455,0.0,-35.78527884370251,1.5780043042422163,1e-06,0.966716611933022,0.0,-8.696836096888493,290.44924399579867,0.0
0.0,0.9,120,0.25,60,balanced,2,240,0.5300952861385347,0.5368355264022917,-1.2715148464828037,240,1.429971211514672,9.999967707539822,9.527363825564419e-07,0.023436726605203528,0.9999990472636174,0.0,-23.12690118099518,1.5009082000488303,1e-06,0.9765632733947964,0.0,-6.321575759415743,416.67940078923584,0.0
0.0,0.9,120,0.25,60,balanced,3,240,0.44720020205943944,0.4466781630965924,0.11673495683654458,240,1.473778741142123,9.999967707539822,1.0147846564723287e-06,0.01734274032712471,0.9999989852153435,0.0,-23.546838318486724,1.4523054089998655,1e-06,0.9826572596728753,0.0,-6.641394588481624,566.6083144276363,0.0
0.0,0.9,120,0.25,60,balanced,4,240,0.47747145978168637,0.47793489152210544,-0.09705956888626763,240,1.4718116002357267,9.999967707539822,1.0465747219318624e-06,0.020408033185891718,0.999998953425278,0.0,-27.003362675458032,1.4063114930695537,1e-06,0.9795919668141083,0.0,-6.960456863921104,480.0015731784727,0.0
0.0,0.9,120,0.25,60,skewed,0,132,0.45499166375079153,0.4614519241815869,-1.4198634712423688,132,1.530349882387556,9.999967707539822,9.683954875068863e-07,0.03127041040270547,0.9999990316045124,0.0,-30.466740258485135,1.5802927834194462,1e-06,0.9687295895972945,0.0,-6.019029670145223,309.79013350183345,0.0
0.0,0.9,120,0.25,60,skewed,1,132,0.466921026069908,0.4720954209305864,-1.1081948706040219,132,1.4618889112387805,9.999967707539822,1.0033838539673957e-06,0.018816516749398222,0.999998996616146,0.0,-21.070087692563124,1.4569573136054998,1e-06,0.9811834832506018,0.0,-4.917736644213389,521.4463058361348,0.0
0.0,0.9,120,0.25,60,skewed,2,132,0.4275604315552233,0.4314680287639678,-0.9139286333234522,132,1.4344708167345805,9.999967707539822,8.120348542620847e-07,0.0042623101845552964,0.9999991879651458,0.0,-37.47757845686268,1.766512415525661,1e-06,0.9957376898154447,0.0,-9.301931869766332,2336.1379890688645,0.0
0.0,0.9,120,0.25,60,skewed,3,132,0.4217843072338277,0.42329665892982415,-0.3585604466687843,132,1.4848043033497569,9.999967707539822,9.55436006539462e-07,0.01940436524345247,0.9999990445639935,0.0,-22.571733544100027,1.5540579111250012,1e-06,0.9805956347565475,0.0,-5.440995560950101,505.346325875244,0.0
0.0,0.9,120,0.25,60,skewed,4,132,0.5246998315787893,0.5146926001064066,1.9072297855083264,132,1.3606983080157002,9.999967707539822,9.824469933429952e-07,0.833332884825735,0.9999990175530067,0.0,-23.548117028175877,1.3850080262967308,1e-06,0.16666711517426502,0.0,-4.721027759250074,2.0,0.0
0.0,0.9,120,0.5,20,balanced,0,80,0.7453302784162128,0.7559683671853976,-1.4272986187801453,80,2.741474632938731,9.999967707539822,2.169018579322282e-06,0.023016008580322815,0.9999978309814207,0.0,-4.057925788596335,1.2639212557983242,1e-06,0.9769839914196772,0.0,-5.760950522307565,424.478828763241,0.0
0.0,0.9,120,0.5,20,balanced,1,80,0.8129222066106766,0.8144844310400188,-0.1921739148762548,80,2.882843017696362,9.999967707539822,2.244642417290244e-06,0.028262367994671047,0.9999977553575827,0.0,-5.341979972479692,1.2843188402842898,1e-06,0.9717376320053289,0.0,-4.008677918742002,343.82628313688144,0.0
0.0,0.9,120,0.5,20,balanced,2,80,0.7899216162285518,0.791348378198096,-0.18062070213449558,80,2.7671362097728944,9.999967707539822,2.3501698479722553e-06,0.02505670920763103,0.999997649830152,0.0,-1.794308899392633,1.1774169039981226,1e-06,0.974943290792369,0.0,-6.0111876103098485,389.09344973509576,0.0
0.0,0.9,120,0.5,20,balanced,3,80,0.7090567402991271,0.7113075350645064,-0.3174350707715896,80,2.8184064144744534,9.999967707539822,2.197020835143404e-06,0.01267357915317221,0.9999978029791649,0.0,-3.502158191600094,1.2828281722622332,1e-06,0.9873264208468278,0.0,-5.6786782869221115,779.0405698297052,0.0
0.0,0.9,120,0.5,20,balanced,4,80,0.7638349948893062,0.772161739755559,-1.0901235112250316,80,2.5304670426489624,9.999967707539822,2.1136015818796256e-06,0.023328512620335543,0.999997886398418,0.0,-4.867355019945006,1.1972273841936771,1e-06,0.9766714873796645,0.0,-2.165498853593332,418.65863862053,0.0
0.0,0.9,120,0.5,20,skewed,0,44,1.028754544018181,1.028507411515915,0.024022494355229483,44,3.0350133428022525,9.999967707539822,0.10216198163304666,0.001917563290873428,0.8978380183669534,0.0,-2.097933988229531,1.1717873362537303,0.043932442378465324,0.9980824367091266,0.0,-1.3218356754674065,5204.934921343737,0.0
0.0,0.9,120,0.5,20,skewed,1,44,1.0809612076702184,1.0885507461755444,-0.7021101637572719,44,2.7773416940367674,9.999967707539822,2.0611196078651693e-06,0.01548033835786563,0.9999979388803921,0.0,-3.276793039943487,1.3474889855901035,1e-06,0.9845196616421343,0.0,-4.781342234359494,635.9786586226007,0.0
0.0,0.9,120,0.5,20,skewed,2,44,0.7167713312043033,0.7003923345885118,2.2851076630355496,44,2.503102734662671,9.999967707539822,1.830618107160451e-06,0.833332884825735,0.9999981693818928,0.0,-5.394197608515487,1.3673513566660533,1e-06,0.16666711517426502,0.0004903973813779328,0.12713385650019132,2.0,1.362222279846959e-05
0.0,0.9,120,0.5,20,skewed,3,44,0.8081914526083848,0.8075286134934148,0.08201511075509825,44,2.754323668867064,9.999967707539822,2.514712563286313e-06,0.023748950375125782,0.9999974852874367,0.0,-5.678357968532318,1.0952809409116495,1e-06,0.9762510496248742,0.0,-4.4100299265926495,411.0699132592252,0.0
0.0,0.9,120,0.5,20,skewed,4,44,0.8362367985174218,0.8368431712889317,-0.07251208899021498,44,2.6873618649318014,9.999967707539822,1.9899349657843727e-06,0.0013465419888221337,0.9999980100650343,0.0,-4.908632605882534,1.3504745448315212,1e-06,0.9986534580111779,0.0,-1.587224245206323,7416.406182677072,0.0
0.0,0.9,120,0.5,60,balanced,0,240,0.7813446723784081,0.7817441352144464,-0.051125047646686954,240,2.909104145778528,9.999967707539822,2.347711537399467e-06,0.004885493104020106,0.9999976522884626,0.0,-7.718879078385278,1.2391204241655256,1e-06,0.9951145068959799,0.0,-6.36167589553681,2036.8697125118815,0.0
0.0,0.9,120,0.5,60,balanced,1,240,0.8854636653390416,0.890660605518302,-0.5869173838172589,240,3.0695778096090254,9.999967707539822,2.5916430732607453e-06,0.03784052986564262,0.9999974083569267,0.0,-5.45177851734342,1.1844107261594479,1e-06,0.9621594701343574,0.0,-5.057403044949306,254.26609154284375,0.0
0.0,0.9,120,0.5,60,balanced,2,240,0.8651810854651338,0.8720689789713033,-0.7961216006550169,240,2.988451957224351,9.999967707539822,2.39053474546308e-06,0.008581757201732593,0.9999976094652545,0.0,-5.532681226930612,1.250115614862228,1e-06,0.9914182427982674,0.0,-8.485803006017695,1155.258786702443,0.0
0.0,0.9,120,0.5,60,balanced,3,240,0.7890870185226054,0.7968754737083587,-0.9870210766279508,240,2.928029283006235,9.999967707539822,2.406339260823489e-06,0.0059559833098497975,0.9999975936607391,0.0,-3.7521643615088087,1.2167952727267357,1e-06,0.9940440166901502,0.0,-7.805693082304282,1668.9784960168672,0.0
0.0,0.9,120,0.5,60,balanced,4,240,0.811224608278655,0.8109775394815856,0.03045627493890126,240,2.9060723660149437,9.999967707539822,2.326797504164899e-06,0.03428552287838241,0.9999976732024958,0.0,-8.314575937735366,1.248955097713162,1e-06,0.9657144771216176,0.0,-7.877485004676909,281.6673853910757,0.0
0.0,0.9,120,0.5,60,skewed,0,132,0.7305143907662389,0.7306141148445593,-0.01365121338893441,132,2.967393834411463,9.999967707539822,2.323112367090162e-06,0.006717712841760048,0.9999976768876329,0.0,-3.12317728198667,1.2773325049128368,1e-06,0.99328228715824,0.0,-6.18406412071903,1478.597110359855,0.0
0.0,0.9,120,0.5,60,skewed,1,132,0.8182552879832742,0.8194657255954302,-0.14792909131566084,132,2.8546783670976366,9.999967707539822,2.1981726615065657e-06,8.169741276988492e-05,0.9999978018273386,0.0,-9.954172444187794,1.2986568989424596,1e-06,0.9999183025872301,0.0,-5.735662589503994,122392.50175785486,0.0
0.0,0.9,120,0.5,60,skewed,2,132,0.7539887335665044,0.7528800484356374,0.14704266542853425,132,2.6941855099574346,9.999967707539822,2.096939618548096e-06,0.0023163388403344303,0.9999979030603814,0.0,-2.508599828547248,1.2848151833044388,1e-06,0.9976836611596656,0.0,-4.915488775604914,4307.143765070363,0.0
0.0,0.9,120,0.5,60,skewed,3,132,0.8326900463318042,0.8486007191732469,-1.9107557381684714,132,2.9550847904149915,9.999967707539822,0.04605015225086699,0.05291803276229105,0.953949847749133,0.0,-2.6187487902133544,1.1532263385727404,0.018838676825926624,0.947081967237709,0.0,-4.219081950608104,178.97092152524579,0.0
0.0,0.9,120,0.5,60,skewed,4,132,0.8157398282632715,0.8175760852180449,-0.22510326100943728,132,3.177004135167069,9.999967707539822,2.499333219377508e-06,0.005596821882361579,0.9999975006667806,0.0,-5.4798375091519596,1.2711375053441238,1e-06,0.9944031781176385,0.0,-3.9056177498213036,1776.7225540605348,0.0
0.25,1.0,30,0.1,20,balanced,0,80,0.1760427031571115,0.17740953919589073,-0.7764230009348143,67,2.0,30.0,0.355524079382898,0.30216748241924524,0.644475920617102,0.20134949997092488,1.574160568027213,0.9798485552323472,0.270265920253529,0.6978325175807547,0.001008456399437412,2.0218063758794904,69.2826883945646,0.08412144443822385
0.25,1.0,30,0.1,20,balanced,1,80,0.13862184673603659,0.14168589047859226,-2.210361364172429,75,2.0,30.0,0.3632398550050179,0.1014670583717765,0.6367601449949821,0.197064530756617,1.8926578895380104,0.9005694973015925,0.25686495628927136,0.8985329416282235,0.00019503047351148578,0.43971063886900674,265.6624591409721,0.08005993095467505
0.25,1.0,30,0.1,20,balanced,2,80,0.15385023055042624,0.1347631503366432,12.40627339035869,76,2.0,30.0,0.27809785925454367,0.9375,0.7219021407454563,0.45731108687152866,2.6501292435612958,1.0786538630534686,0.20776453847474016,0.0625,0.0,-0.20140579729424546,2.0,0.23832433492389865
0.25,1.0,30,0.1,20,balanced,3,80,0.25647534465123667,0.2566914051611923,-0.08424221449022991,74,2.0,30.0,0.4666680006261849,0.35308694559587894,0.533331999373815,0.5074656933222969,3.061028929122699,0.9217379305499577,0.4032625059588585,0.6469130544041211,0.0016642580872011248,2.517657863045255,54.96490842891741,0.14504156132916188
0.25,1.0,30,0.1,20,balanced,4,80,0.2540655745970285,0.25506888006319844,-0.39490020155673633,70,2.0,30.0,0.2544186133948324,0.29605675706216095,0.7455813866051676,0.20709334098376309,1.4018412827198872,1.2359058868587471,0.21086729609280572,0.703943242937839,0.0011841420534458506,2.15492428230065,71.33192127650413,0.11570823463028332
0.25,1.0,30,0.1,20,skewed,0,44,0.14231424939946347,0.14973016277960802,-5.210942271373502,40,2.5,30.0,0.37040492049105944,0.10801154794120979,0.6295950795089404,0.11370920635388382,0.8778143844542443,0.9768586407748499,0.2333737295427951,0.8919884520587902,7.354553284785823e-05,0.13333710175115676,247.74807945840075,0.045131704246923775
0.25,1.0,30,0.1,20,skewed,1,44,0.33750354662849014,0.33792229301957105,-0.1240717009536655,34,2.0,30.0,1.3898565884804783e-06,0.2790185330901682,0.9999986101434115,0.0,-0.09458038051832311,1.4389953876273003,1e-06,0.7209814669098318,0.0007105943152454766,1.1846577681112522,77.5197395231991,0.0003693770692443133
0.25,1.0,30,0.1,20,skewed,2,44,0.07747774442785718,0.07989977534453677,-3.1260989004846946,41,2.0,30.0,0.15394335425107764,0.06944038054501109,0.8460566457489224,0.1457409612628251,0.8586566648099377,1.1293181380235602,0.10274195176969315,0.9305596194549889,0.0,-0.1976762284684587,402.02528218511236,0.1043231067840109
0.25,1.0,30,0.1,20,skewed,3,44,0.35215696978680633,0.35411512850406196,-0.5560471281999867,40,2.5,30.0,0.3878325075009539,0.2544345770364614,0.6121674924990461,0.1658378869612337,1.0871599105032248,1.0840701751243307,0.27909222579055853,0.7455654229635387,0.0010533630882468086,1.3243455712383854,87.9085026470317,0.06273311936975962
0.25,1.0,30,0.1,20,skewed,4,44,0.2014811590263248,0.2026655523866823,-0.5878432336210411,41,2.0,30.0,0.45937608436479216,0.3035799754158749,0.5406239156352078,0.4868144625905363,2.2330469029355284,0.9785173949631231,0.41573030380356557,0.6964200245841251,0.0015733497768381484,1.7658103277386306,68.82074718170371,0.14304639242116815
0.25,1.0,30,0.1,60,balanced,0,240,0.23183537996645484,0.23744188534594915,-2.4183131066127768,212,2.0,30.0,0.20739538564725227,0.19348671219104044,0.7926046143527478,0.1454456810546062,2.283280121297062,1.0489471367284633,0.1372353831948307,0.8065132878089596,0.0007045876594865431,2.4508423510092197,125.04940706408456,0.0918304961915766
0.25,1.0,30,0.1,60,balanced,1,240,0.15539037939578776,0.16751257202838715,-7.801121716630544,221,2.0,30.0,0.3778217260679372,0.1774257680378768,0.6221782739320628,0.30565257361593723,4.005074470072972,0.9945233255605049,0.30196531703317275,0.8225742319621232,0.0006996965235807626,2.4004351581975483,139.08479716201995,0.11879331993952486
0.25,1.0,30,0.1,60,balanced,2,240,0.19224044206697838,0.19679852751116794,-2.3710335843908865,218,2.0,30.0,0.29495875285655276,0.17724929740929707,0.7050412471434473,0.16352680720155532,2.3866530623337754,1.0549535978292934,0.22067347038062846,0.8227507025907029,0.0006390309416808722,2.316518792281169,139.25313915758542,0.08171899410304308
0.25,1.0,30,0.1,60,balanced,3,240,0.2625334986367049,0.2687262767132824,-2.3588525307191857,209,2.0,30.0,0.14668958889640238,0.2567018075759409,0.8533104111035976,0.04809175815026867,0.8866214557146979,1.048994471982198,0.09016447347141629,0.7432981924240591,0.0009080040291337358,2.9822191547621086,86.86711629845071,0.03551913337212606
0.25,1.0,30,0.1,60,balanced,4,240,0.1563006676680492,0.15648022192358832,-0.11487747187392236,214,2.0,30.0,0.2182222597498922,0.09860763069249705,0.7817777402501078,0.11841352423015106,1.7659191271590349,1.162837940786698,0.16229492737936113,0.901392369307503,0.0001865721369905468,0.7982233446983064,274.23608993865287,0.07252314700443802
0.25,1.0,30,0.1,60,skewed,0,132,0.11422843525386865,0.11633690491429063,-1.84583607027093,116,2.0,30.0,0.38605005395420733,0.183817997226152,0.6139499460457927,0.36867015107359075,3.290106904495536,0.9843712623725374,0.3094849844009473,0.816182002773848,0.0006776458392234474,1.8211039699940597,133.2049116664615,0.13941592827451998
0.25,1.0,30,0.1,60,skewed,1,132,0.12488203122558475,0.12471834012555001,0.13107658357914534,124,2.0,30.0,0.23128126314249667,0.12242310575237067,0.7687187368575034,0.14427596067256088,1.770969404174372,0.9255863777296555,0.13923869441762085,0.8775768942476293,0.0003999944311649144,1.1543771858857175,215.05178018177392,0.08556482869963287
0.25,1.0,30,0.1,60,skewed,2,132,0.16808012426253394,0.1709956716023316,-1.7346175537350823,119,2.0,30.0,0.20449743914414872,0.20315206489064896,0.7955025608558512,0.06416053769993035,0.7374421462144665,1.1432104290055054,0.1469408249817515,0.796847935109351,0.0007147664087867639,1.8854995406167088,117.6726314160191,0.041056201737524625
0.25,1.0,30,0.1,60,skewed,3,132,0.1865536512946817,0.1865536512946817,0.0,116,2.0,30.0,0.4937103541781406,0.13291683062107387,0.5062896458218594,0.5070483868077599,3.6744972191105174,0.9946159308270345,0.4849518329401263,0.8670831693789262,0.0003350382536133176,1.0725666058073557,195.70505074354006,0.1302232030133802
0.25,1.0,30,0.1,60,skewed,4,132,0.2507104705535041,0.25208736947520055,-0.5491988103474972,118,2.0,30.0,0.4736284343304543,0.27496953922572304,0.5263715656695457,0.32854494392519445,3.3432355438668644,0.8187838664125516,0.368370316708437,0.725030460774277,0.001036934227773922,2.458121993092267,79.10299404245261,0.09157405459379278
0.25,1.0,30,0.25,20,balanced,0,80,0.7003916525286801,0.6991221259871678,0.18125951914600516,80,6.0,30.0,0.5776533753509852,0.3570373267569785,0.42234662464901485,0.22546148821866588,3.18914464276141,1.1265667239294053,0.25680528451274337,0.6429626732430215,0.003449519456165025,2.454718425993486,54.024828083086774,0.04164310457649016
0.25,1.0,30,0.25,20,balanced,1,80,0.3459556736253203,0.3508796304353329,-1.4232912437636005,80,6.0,30.0,0.5392150880277621,0.34087118682171724,0.4607849119722379,0.18991342677901565,2.9587134725261914,0.9093362864444637,0.17735239479496812,0.6591288131782828,0.003116807313642756,2.428325043121131,58.00978539641318,0.041677037613225235
0.25,1.0,30,0.25,20,balanced,2,80,0.6393097006549475,0.6384711943588189,0.13115807491573586,79,6.0,30.0,0.48358956450563917,0.09931982717411814,0.5164104354943608,0.22154594519478019,3.2620301298052614,0.9747945314292026,0.15214011650928197,0.9006801728258819,0.0007160454758556025,0.7881995959702923,272.05449257787,0.05966268842370235
0.25,1.0,30,0.25,20,balanced,3,80,0.562299644049225,0.5613440727560121,0.16993987161927387,80,6.0,30.0,0.46279362549626546,0.35319886455715604,0.5372063745037345,0.12366372400669895,2.207985549355493,1.0331756361283697,0.14834370337345237,0.646801135442844,0.0031015998593530237,2.3941962429752865,54.93798539702066,0.036985758892792896
0.25,1.0,30,0.25,20,balanced,4,80,0.45570101416909825,0.45307318948510056,0.5766554390468348,80,6.0,30.0,0.4936485302289477,0.28752455351527617,0.5063514697710523,0.20235714865466653,3.0627762158610246,1.050730598013973,0.17072845192250502,0.7124754464847238,0.0024769866385372704,2.014345650415027,74.33891517513861,0.05314008688310812
0.25,1.0,30,0.25,20,skewed,0,44,0.4508849293219089,0.4432922691127239,1.683946327637002,43,5.0,30.0,0.565476396018669,0.4325352956002278,0.43452360398133105,0.17646786853856591,2.1409445662261364,0.9079685018527471,0.23632076666114588,0.5674647043997723,0.004173107039386109,2.1615831499172065,39.358501618623045,0.03466284083322765
0.25,1.0,30,0.25,20,skewed,1,44,0.39652313621341734,0.3901043027683009,1.6187790468956902,44,5.0,30.0,0.638690712735093,0.24541833960259835,0.36130928726490696,0.34916049552658934,2.8767440256818038,0.8402245729288328,0.2970549887625754,0.7545816603974016,0.0018684911126771592,1.3490107373126448,92.24025331023948,0.046644854424806564
0.25,1.0,30,0.25,20,skewed,2,44,0.24478265997835177,0.2524063521802014,-3.114473959276308,44,5.0,30.0,0.5657071349380532,0.41041668407337306,0.43429286506194675,0.16755937170857083,1.849604275613292,0.9101712847832019,0.23711666998910938,0.5895833159266269,0.003682699083861875,2.0836235837837336,43.09644360032082,0.03288355958762844
0.25,1.0,30,0.25,20,skewed,3,44,0.43226864047699326,0.45266546562328586,-4.71855305621648,44,5.0,30.0,0.6359578972182768,0.49342569290434163,0.3640421027817232,0.2418903891427535,2.298429685660377,0.9703075505364528,0.33901284756844313,0.5065743070956583,0.006150869156683108,2.6470021811814832,30.799428224780293,0.033635344410441616
0.25,1.0,30,0.25,20,skewed,4,44,0.4048426498452363,0.41146133128777096,-1.6348775123038128,43,5.5,30.0,0.492587775363691,0.14463497912419152,0.507412224636309,0.13156408494347177,1.7190640794762613,1.1022672114349288,0.19535394913577878,0.8553650208758085,0.0011946402004541536,0.9039148952637217,177.41870453232727,0.03474748974871188
0.25,1.0,30,0.25,60,balanced,0,240,0.42318982164972346,0.4287587886367542,-1.3159501250103809,239,6.0,30.0,0.5612891453842132,0.1761409469511964,0.43871085461578685,0.18714786086733806,5.317988241361261,0.9917436111888885,0.2114737296436284,0.8238590530488036,0.001370545999276821,2.2772214924271017,140.31814872842793,0.0369500768957012
0.25,1.0,30,0.25,60,balanced,1,240,0.5015270236542717,0.5051100356523759,-0.7144205255376495,240,6.0,30.0,0.5816987714117429,0.3091606069172485,0.41830122858825713,0.19990784238928191,5.226896911807658,1.0188412713839807,0.23613713249493642,0.6908393930827514,0.002618414561702566,3.7075019809121827,67.03694238131041,0.036228720295996754
0.25,1.0,30,0.25,60,balanced,2,240,0.508281300730135,0.5084254858846803,-0.028367196341507257,240,6.0,30.0,0.5897379355772414,0.3171846531309955,0.4102620644227586,0.25704686832655665,5.869016952868043,1.0099694709651297,0.24196619772821376,0.6828153468690046,0.0027027713208326865,3.8360216949673345,64.58212969594771,0.04452496519335166
0.25,1.0,30,0.25,60,balanced,3,240,0.5053932963809931,0.5088722714596947,-0.6883698504934285,239,6.0,30.0,0.5866234112523947,0.3563345056366405,0.4133765887476053,0.21363433234461757,5.628203927406983,0.9756076317270701,0.23074773807805912,0.6436654943633595,0.0032199758510253603,4.139882425658805,54.190555574742575,0.03783993127902648
0.25,1.0,30,0.25,60,balanced,4,240,0.4783552684367524,0.4871804513410644,-1.8449013707223039,240,6.0,30.0,0.6080019480044395,0.3173091065786893,0.3919980519955605,0.2631373938549948,6.141359026301846,0.9939648601607025,0.2569453972832973,0.6826908934213107,0.002769443798749936,3.7997746119707365,64.54503314912053,0.04172508858161066
0.25,1.0,30,0.25,60,skewed,0,132,0.6591086909117861,0.6560736226882867,0.460480686319098,132,5.0,30.0,0.5469632886318733,0.2991163788687663,0.45303671136812673,0.24509741500309146,4.112704176303962,1.0356798745461366,0.25008077974117815,0.7008836211312337,0.0025184992417816828,2.7632949183016144,70.29541048022027,0.05154152998183934
0.25,1.0,30,0.25,60,skewed,1,132,0.5111324160818265,0.510383752845302,0.14647148429040294,131,5.0,30.0,0.5664580935195365,0.3994801556548265,0.43354190648046353,0.2883251659250683,4.302404589967113,1.0130266148732676,0.2647204878550855,0.6005198443451736,0.0036611835059672205,3.5556310970354654,45.097597653690976,0.055513501059568496
0.25,1.0,30,0.25,60,skewed,2,132,0.698292419162382,0.6946926371534232,0.5155121135751196,132,5.0,30.0,0.5800734162331521,0.24764481741480335,0.4199265837668479,0.2764501098065486,4.444843441176978,1.008319938119924,0.27857230943300965,0.7523551825851966,0.0019076751398634352,2.238991147955657,91.14123894525201,0.04982856951505299
0.25,1.0,30,0.25,60,skewed,3,132,0.4928933755434078,0.4970696627380554,-0.8473003294157354,132,6.0,30.0,0.575090862683701,0.3042886475029163,0.424909137316299,0.23196988664373458,4.049853805797883,1.032701292869654,0.23295061824354632,0.6957113524970837,0.002465147659804149,2.674355300180763,68.5905989138569,0.043074813579129956
0.25,1.0,30,0.25,60,skewed,4,132,0.430269321371129,0.43175011966133575,-0.3441561405047258,131,6.0,30.0,0.5274213658510477,0.22449747270571926,0.4725786341489523,0.17680924059270658,3.701336055895285,0.9730100848324893,0.1809879777480037,0.7755025272942807,0.0016448047052372745,2.004431571678439,103.63179388360092,0.04047610008737913
0.25,1.0,30,0.5,20,balanced,0,80,0.8936674928628867,0.9025872300051528,-0.9981046880973057,80,11.5,30.0,0.7173749095270924,0.33360643866579187,0.2826250904729076,0.22125741248492606,4.432523361619834,0.9698009568692172,0.21434324806877694,0.6663935613342081,0.00432667018284107,2.3017021104840216,59.92632192586099,0.01959475478491315
0.25,1.0,30,0.5,20,balanced,1,80,1.0103801779773127,1.0127679599513186,-0.23632510079384444,80,12.0,30.0,0.678760781782003,0.2174323168212641,0.32123921821799695,0.1822928325188936,4.21373563896997,0.9964537834397632,0.17545433192775842,0.7825676831787359,0.002555379746835444,1.5732822143049823,107.97397019257676,0.020376588051783613
0.25,1.0,30,0.5,20,balanced,2,80,0.6956075960823672,0.6949792103853355,0.09033623275116043,80,12.0,30.0,0.7581876926246273,0.49575533267146604,0.24181230737537274,0.2554045931757556,4.587695373507813,0.9828471555841377,0.2568047594376043,0.5042446673285339,0.008023769338959211,3.262487764231443,30.5137212308734,0.01697446694615593
0.25,1.0,30,0.5,20,balanced,3,80,1.347201012279567,1.3468364377131212,0.02706163097583319,80,11.0,30.0,0.7273600539723506,0.2661861930317161,0.2726399460276494,0.22710367040912283,4.462252510527011,0.9827825632406578,0.2383552469297949,0.7338138069682839,0.003261673699015472,1.9038603940898757,82.70306569366466,0.01863754757415089
0.25,1.0,30,0.5,20,balanced,4,80,0.8781600925594328,0.879181112231892,-0.1162680564865289,80,12.0,30.0,0.5497319962324507,0.33799023875986256,0.4502680037675493,0.10121375805628033,3.234837886678005,1.0341944566504733,0.10522062756512282,0.6620097612401374,0.0043568096577590205,2.2909731983316384,58.75995978485814,0.02242960837678006
0.25,1.0,30,0.5,20,skewed,0,44,0.8345112028318306,0.8377552350031746,-0.38873440648079477,44,11.0,30.0,0.652373976600747,0.5938199678866424,0.34762602339925297,0.16045045909812639,2.779972537741272,1.0194061196688766,0.17391574416576192,0.4061800321133576,0.011511608331375767,2.8521850288400263,20.52036243706589,0.02128866223662236
0.25,1.0,30,0.5,20,skewed,1,44,0.6864992004486687,0.700495323428482,-2.0387675572915334,44,11.0,30.0,0.7535689530888006,0.44506883879388204,0.24643104691119944,0.3053767740123907,3.365982541236203,1.1299775625627224,0.31412659739075605,0.554931161206118,0.0067400164435048185,2.227457873486976,37.405303146584565,0.02062057898459262
0.25,1.0,30,0.5,20,skewed,2,44,1.0215074908909176,1.0041582070622048,1.6984000590716637,44,11.5,30.0,0.8082710041724728,0.31347405484827967,0.19172899582752723,0.33367970066985586,3.6743317198424785,0.9394561291483251,0.3449150430081703,0.6865259451517203,0.0041370879335995625,1.6428416731374933,65.70170014395575,0.014215951899811296
0.25,1.0,30,0.5,20,skewed,3,44,0.5711328833142499,0.5739823842095012,-0.49892082534554544,44,11.0,30.0,0.6589924469603926,0.31207095732303525,0.3410075530396074,0.17278756589497024,2.99115504301642,0.9775033695212403,0.1717283576675212,0.6879290426769648,0.004077734711455639,1.64374299955857,66.13198311480802,0.02202257415921549
0.25,1.0,30,0.5,20,skewed,4,44,0.8072604895341103,0.8121130719297399,-0.6011172921927743,44,11.0,30.0,0.8345204266524984,0.14851804992455367,0.16547957334750163,0.4426170579795793,3.8423615695736575,0.9576039037602553,0.4390215124793892,0.8514819500754464,0.0018528893587033126,0.9178491033044264,171.99564978963724,0.013463784067953226
0.25,1.0,30,0.5,60,balanced,0,240,0.8420506628140643,0.8374571727473274,0.5455123153024724,240,12.0,30.0,0.7250985025979008,0.3000608977768916,0.27490149740209924,0.21698901454939923,7.707009518911221,1.0055093925666365,0.22101654646856583,0.6999391022231084,0.0036965971899374957,3.5661506460718115,69.97970486079899,0.018209058117191108
0.25,1.0,30,0.5,60,balanced,1,240,0.8646805126494205,0.8782070633247409,-1.564340872430953,240,12.0,30.0,0.7398136766563094,0.31838397707765803,0.26018632334369063,0.22412369359758483,7.845319225285059,0.9510948486946051,0.22536188932452547,0.681616022922342,0.003977352910790848,3.7656482839800693,64.22584727837169,0.017020364159528685
0.25,1.0,30,0.5,60,balanced,2,240,0.9276576171952199,0.9314751992686768,-0.41152921106813506,240,12.0,30.0,0.7106965068499584,0.3169729835003462,0.28930349315004156,0.20391849742381166,7.467528600989859,1.0199894087267931,0.20880693544147483,0.6830270164996538,0.0039012526473474847,3.713009003493756,64.64529017176392,0.01888730221606649
0.25,1.0,30,0.5,60,balanced,3,240,0.7692530885903762,0.7755905639421813,-0.8238478916500969,240,11.0,30.0,0.7132024963820901,0.3672281979056462,0.2867975036179099,0.22869046427761902,7.672904581678296,1.009946980145033,0.2283196960689082,0.6327718020943538,0.004772044010537733,4.257232161149769,51.69307305673746,0.02072116002273901
0.25,1.0,30,0.5,60,balanced,4,240,1.0115400301524984,1.0057666405513357,0.5707524595237525,240,11.0,30.0,0.7324062713976699,0.3912781679918231,0.2675937286023301,0.2285096222953611,7.715764562405597,0.9648600000616042,0.24007544393268487,0.6087218320081769,0.005207717340771736,4.487701211251744,46.671796318129715,0.018292431636190553
0.25,1.0,30,0.5,60,skewed,0,132,0.5703710067234364,0.5755985406095119,-0.9165146587842231,132,11.0,30.0,0.6918855713215182,0.30060849512692406,0.3081144286784818,0.21490674001307175,5.746208697558526,0.928850018308061,0.18961607228654026,0.6993915048730759,0.0036756067888383424,2.655951324328022,69.7975788652722,0.02219998162217114
0.25,1.0,30,0.5,60,skewed,1,132,0.8270968336292954,0.8316477799321353,-0.5502313777300293,132,12.0,30.0,0.7709032241640034,0.2513448936342544,0.22909677583599664,0.27591481840009274,5.985865008749274,1.0059250573803726,0.2820754341231706,0.7486551063657456,0.0028327764498247976,2.21927067831795,89.35790525211398,0.016069208242418396
0.25,1.0,30,0.5,60,skewed,2,132,0.6406378261684731,0.6457366576424225,-0.795899221943309,132,11.0,30.0,0.7322997706980893,0.3935744255402944,0.26770022930191073,0.23498771872606772,5.786716580345684,0.9621304654480856,0.23926624638265245,0.6064255744597056,0.005339544726313175,3.3832954814931098,46.22446493777218,0.01880365001384367
0.25,1.0,30,0.5,60,skewed,3,132,0.8494405657375365,0.8463080966069954,0.3687684879778849,132,12.0,30.0,0.6990366061505043,0.3352735629278152,0.30096339384949566,0.2064202641637219,5.469003606770742,1.0628322904050835,0.20571678936571716,0.6647264370721848,0.0042796668979875096,2.9290380130523395,59.47916960115056,0.020588352672669525
0.25,1.0,30,0.5,60,skewed,4,132,0.8592081200256001,0.8533914148178139,0.6769844316197688,132,11.0,30.0,0.7543112568816559,0.3502458010658121,0.2456887431183441,0.27384852152158357,5.977938085480222,1.0076463069222328,0.2812423788435993,0.649754198934188,0.004557568903624884,3.060955253751435,55.65413178033481,0.01845442374380332
0.25,1.0,60,0.1,20,balanced,0,80,0.24134578331780276,0.24134578331780276,0.0,79,4.5,60.0,0.5599651282081384,0.17846298914068756,0.4400348717918616,0.2474793470800032,2.9910940420027305,0.9113743255779989,0.25952558908263895,0.8215370108593124,0.0001589984763244257,0.7722773251782119,276.204163613444,0.048026908076331386
0.25,1.0,60,0.1,20,balanced,1,80,0.38863834925224205,0.38867956983165985,-0.010606410689297718,79,4.0,60.0,0.2984324508937354,0.1832696977451301,0.7015675491062646,0.11598391580059852,1.867047662400024,1.0016043190881163,0.10651548527009415,0.8167303022548699,0.0001533074015471164,0.7203856042209024,267.3863641300971,0.057189201870989415
0.25,1.0,60,0.1,20,balanced,2,80,0.20496376861489363,0.206392346445698,-0.6969904195548524,78,4.0,60.0,0.582637697434847,0.14363233891823468,0.41736230256515305,0.35235732813412174,3.558359603094076,0.9607680813230133,0.3353080160992444,0.8563676610817653,0.00010691880567276148,0.5272167550368709,357.7332239514396,0.06145598866425091
0.25,1.0,60,0.1,20,balanced,3,80,0.15396299544160985,0.1594493460267121,-3.5634215672186844,80,5.0,60.0,0.6329575154224627,0.15429161065877992,0.3670424845775373,0.3047529411162141,3.376831255120317,0.9620356699664019,0.33180230245585257,0.8457083893412201,0.00029158755274261584,1.2269097358745624,328.87402719964876,0.04126492278509997
0.25,1.0,60,0.1,20,balanced,4,80,0.25907686475046887,0.26033888602216976,-0.4871223344918922,79,5.0,60.0,0.403883413571108,0.22219605522134378,0.596116586428892,0.056719744390132,1.016663836159765,1.134896773067537,0.15378400574399329,0.7778039447786562,0.00032920915377402694,1.3077832966362815,210.03179665017072,0.020354808512067085
0.25,1.0,60,0.1,20,skewed,0,44,0.2629542594115663,0.26326937785917576,-0.11983774224255514,43,4.0,60.0,0.498637961267456,0.967741935483871,0.5013620387325439,0.20771794736827298,2.022509284524997,0.8834063992987594,0.21965163488970607,0.032258064516129004,0.0010582007086367556,2.193655635984349,2.0,0.052213893225054805
0.25,1.0,60,0.1,20,skewed,1,44,0.1007632620436885,0.10593486989567945,-5.13243393187158,44,4.0,60.0,0.6049557744045545,0.2729629031913636,0.3950442255954455,0.3445969501528181,2.7363419959260793,0.8074883632447953,0.30913927888271187,0.7270370968086364,0.0005444023569023562,1.4280268480861524,159.81008883810247,0.054065541224214406
0.25,1.0,60,0.1,20,skewed,2,44,0.14760508819350646,0.14841803961396347,-0.5507611088523252,43,4.0,60.0,0.22065558528761103,0.08399291667158683,0.7793444147123889,0.03260646232250125,0.39019540444914064,1.1217778081918452,0.07940216615287247,0.9160070833284132,0.00014564002427374496,0.5776262079130646,654.3459517497246,0.019926640662655454
0.25,1.0,60,0.1,20,skewed,3,44,0.1959528032529896,0.1959528032529896,0.0,43,4.0,60.0,0.4339909024467952,0.20803007453227487,0.5660090975532048,0.2966766154992521,2.155419839780408,1.0630096724290465,0.20376727557978364,0.7919699254677252,0.00026529099130843297,0.8963819910364796,228.41983609774312,0.09521158401352206
0.25,1.0,60,0.1,20,skewed,4,44,0.22141309007195129,0.22204863493300137,-0.287040328484441,42,4.0,60.0,0.35897922233094615,0.4506575773232893,0.6410207776690539,0.22402557148389457,2.0099896034925364,1.0015550433787082,0.14022066956281548,0.5493424226767107,0.0010363274215018405,2.1640793650133068,73.13877990551939,0.0923665581775697
0.25,1.0,60,0.1,60,balanced,0,240,0.2110970069099205,0.21053129375558097,0.2679872929609742,233,5.0,60.0,0.5092952670753709,0.3254711244488176,0.49070473292462913,0.21449102721494273,4.682226854690923,1.0166471658332081,0.21103264554164036,0.6745288755511825,0.0005673285842502194,3.4564410592041206,124.3481510121964,0.051905666253018616
0.25,1.0,60,0.1,60,balanced,1,240,0.19648144180808574,0.1987728950867275,-1.1662441284810685,239,5.0,60.0,0.579969846368322,0.15910342941839006,0.42003015363167795,0.27061553896308044,5.744519641603492,0.9196354391568194,0.2539631118152274,0.8408965705816099,0.000164691083604525,1.284105226671859,317.1131786368953,0.04785988997886424
0.25,1.0,60,0.1,60,balanced,2,240,0.172263783239019,0.17327114688692224,-0.5847797075868858,233,4.0,60.0,0.5857602498292723,0.3934732659898686,0.41423975017072767,0.34466075840583477,6.3390051046475975,0.8458324299030526,0.2990146498793949,0.6065267340101315,0.0007964129248669868,4.3601411384005715,92.48812355537497,0.05943489499787397
0.25,1.0,60,0.1,60,balanced,3,240,0.30357610436859783,0.3041096866324407,-0.17576556789693856,237,4.0,60.0,0.4355130845519165,0.20773675320938045,0.5644869154480835,0.18591178248633888,4.344653657941253,1.0172661417589142,0.1962103562914197,0.7922632467906195,0.00025522617064414476,1.9304796345936237,228.82708077913037,0.059400149374008726
0.25,1.0,60,0.1,60,balanced,4,240,0.24385605336083496,0.24567581663517643,-0.746244864239132,234,5.0,60.0,0.598412255299772,0.2655885090058884,0.40158774470022796,0.2671442958210599,5.597435951768202,0.9214525908207869,0.27461421833800914,0.7344114909941116,0.00046087147773645355,3.0159075137286973,165.91338843906735,0.04333166208617914
0.25,1.0,60,0.1,60,skewed,0,132,0.13313272990991687,0.13638010096993433,-2.439198131229464,128,4.0,60.0,0.55266625943547,0.3063525528946495,0.44733374056453,0.2957567035578088,4.0332880438979775,1.0277237049907715,0.3174297869045254,0.6936474471053504,0.0005698669262600561,2.6504348990235793,135.85278279248806,0.05945731693271183
0.25,1.0,60,0.1,60,skewed,1,132,0.17717521518323914,0.17745020061412806,-0.15520536018794517,128,4.0,60.0,0.43056986021651106,0.38052442688217347,0.5694301397834889,0.19790923276575206,3.213567867301094,0.9838209943045773,0.1859770138602319,0.6194755731178265,0.0007424898368759687,3.1724138391147556,97.67713124650088,0.06445713457705872
0.25,1.0,60,0.1,60,skewed,2,132,0.13613280923666704,0.1382125018263068,-1.527693875782876,128,4.0,60.0,0.549424422108246,0.27129341885248665,0.45057557789175395,0.22901529006767696,3.4197898871149643,0.9798758684010183,0.2987111148217749,0.7287065811475133,0.0004358630837638471,2.3149165748889056,161.16275526987428,0.04672575571956613
0.25,1.0,60,0.1,60,skewed,3,132,0.2549166302788036,0.25487440755454266,0.01656334630454905,129,4.0,60.0,0.43939184506153617,0.44573084219731335,0.5606081549384638,0.2660913366570037,3.351877381606975,1.0373669375224794,0.2032661176387411,0.5542691578026866,0.0008380885294848404,3.4918000046130615,74.61038438403499,0.08388505810222022
0.25,1.0,60,0.1,60,skewed,4,132,0.1197701078439104,0.12147488108392394,-1.42337121565865,131,4.0,60.0,0.25832223798051335,0.29510134566722196,0.7416777620194867,0.13896145941345867,2.0544160931859285,1.1955955937019451,0.10410482331429684,0.704898654332778,0.0005147381362394087,2.6364439464556417,143.31998101987793,0.07669650401109603
0.25,1.0,60,0.25,20,balanced,0,80,0.38988196367717654,0.38974514713720726,0.03509178487737383,80,11.5,60.0,0.7117168997764636,0.527470407868184,0.28828310022353637,0.22667091517904667,4.234130088927778,1.0594908370040061,0.2277573388084402,0.472529592131816,0.0028369571905766523,3.3247399735684784,53.750457096721405,0.01947142057382549
0.25,1.0,60,0.25,20,balanced,1,80,0.5193687443745895,0.5208475782168024,-0.28473678060733076,80,11.5,60.0,0.7668473485628011,0.3996451365070619,0.23315265143719882,0.3043689406060533,4.75564633102285,1.039409950091633,0.2977061605976205,0.6003548634929381,0.002060362458977965,2.7968452730746294,90.13319197227307,0.017288152088699313
0.25,1.0,60,0.25,20,balanced,2,80,0.5054780559848998,0.5028043674674557,0.5289425496888368,80,12.5,60.0,0.5944737884646625,0.5621537746600095,0.4055262115353375,0.11044515263511107,3.264859679149729,0.9924787565969652,0.1165033532563313,0.4378462253399905,0.003221470639943741,3.490205657842318,46.732361685711325,0.01878045786514682
0.25,1.0,60,0.25,20,balanced,3,80,0.6994908593971602,0.7021199879534479,-0.37586317547502646,80,12.0,60.0,0.7898275530852046,0.44817520608103517,0.21017244691479542,0.28822891954336594,4.849262959116734,0.9369885034512152,0.29343337967363836,0.5518247939189649,0.00234366722339428,2.9342082182291254,73.8762144489343,0.013445451201984607
0.25,1.0,60,0.25,20,balanced,4,80,0.7010830488989993,0.7069913991739131,-0.8427461317446493,80,12.0,60.0,0.7393971350095426,0.22628602956811208,0.2606028649904574,0.23261725477151385,4.562109013492076,1.0081725421050685,0.2383703293947131,0.7737139704318879,0.0009426416725269574,1.6268444889745655,205.15114571816727,0.016362230804654022
0.25,1.0,60,0.25,20,skewed,0,44,0.5024349820651223,0.49975226784531296,0.5339425628332537,44,11.5,60.0,0.6935730524587169,0.5104820448279692,0.306426947541283,0.19228141393522818,2.9711739306885114,1.051448532606846,0.20721702879963166,0.4895179551720308,0.002949487608644586,2.517945971701389,57.5359654818414,0.018761518410832546
0.25,1.0,60,0.25,20,skewed,1,44,0.2766396192250496,0.2815325393925684,-1.7686982729463459,44,11.0,60.0,0.6584878188988603,0.44398898076110715,0.3415121811011397,0.16029546815272172,2.8068170589829,1.063757141036259,0.18646243448517186,0.5560110192388928,0.0024246632996633008,2.2714845302955258,75.13848901642814,0.019444932217947866
0.25,1.0,60,0.25,20,skewed,2,44,0.37106725670283985,0.3732133655220451,-0.5783611408548229,44,11.0,60.0,0.6225400871066628,0.6023309829770862,0.37745991289333725,0.1688700269579705,2.5876278689114804,1.061249466526424,0.1591187236688705,0.3976690170229138,0.0038651803891629473,2.8370798787037894,39.613006296709976,0.02467116569780871
0.25,1.0,60,0.25,20,skewed,3,44,0.3266805529093067,0.31254121523712414,4.328184688761665,44,11.0,60.0,0.7211448881163348,0.967741935483871,0.2788551118836652,0.24299713758494834,3.2063916436373328,1.0095071623950975,0.2373343714266028,0.032258064516129004,0.001996302658366611,2.1075614234875886,2.0,0.01889757687811929
0.25,1.0,60,0.25,20,skewed,4,44,0.6908082893858448,0.6790338411206894,1.704445132762279,44,10.0,60.0,0.6516210005885467,0.2562662306003886,0.34837899941145334,0.18168655141320195,2.8874750600577346,0.9979719641810262,0.18666437728955088,0.7437337693996113,0.000821583078850521,1.19639570223574,174.1315118243637,0.0225053705490548
0.25,1.0,60,0.25,60,balanced,0,240,0.4562627090332973,0.4569482041418432,-0.15024131820859563,240,11.5,60.0,0.716515853233422,0.4500249076562974,0.28348414676657796,0.2493234584459384,7.74242346911994,0.9895736155174445,0.21778910934962667,0.5499750923437026,0.002129020820419443,4.9986619781929775,73.32595369548852,0.020680416748877654
0.25,1.0,60,0.25,60,balanced,1,240,0.4427874430063228,0.441641205895457,0.2588684771824904,240,11.0,60.0,0.6883171514547519,0.42297673207283976,0.3116828485452481,0.2160850541299225,7.433704532295495,1.0231376260692946,0.20540786006416065,0.5770232679271603,0.0019492388875974992,4.737402956239938,81.85177446041534,0.021640851964089207
0.25,1.0,60,0.25,60,balanced,2,240,0.41994995994051704,0.42026711982717413,-0.07552325679517051,240,11.0,60.0,0.7235295448731756,0.4471783148463569,0.27647045512682444,0.2442092942931144,7.814972207687109,0.9906492419771392,0.23568653355017208,0.5528216851536432,0.0022225775963376202,5.1066943061214465,74.17466368112017,0.01934560623892308
0.25,1.0,60,0.25,60,balanced,3,240,0.5114951418919045,0.5124214568958404,-0.18109947252083158,240,11.0,60.0,0.6715554088715142,0.5189158762501589,0.3284445911284858,0.190236655604308,7.0809280631633555,1.0042920770483648,0.18667539909613226,0.4810841237498411,0.0029055078548737025,5.849843460020011,55.625677968417385,0.021194397175780776
0.25,1.0,60,0.25,60,balanced,4,240,0.5013013476510417,0.5037374976905342,-0.48596518858519133,240,12.0,60.0,0.7623045779516158,0.4985382230273888,0.23769542204838423,0.2810730385794914,8.135205020978463,1.0146990851050397,0.2711837944938894,0.5014617769726112,0.0027745681110852827,5.585815590668238,60.35185514091204,0.01657808131045963
0.25,1.0,60,0.25,60,skewed,0,132,0.5119004170105459,0.5143392393233835,-0.47642514672681124,132,11.0,60.0,0.7292788037824516,0.5095250828962984,0.2707211962175484,0.24839340930653542,5.669466423241663,0.9804080728081289,0.24009633142403966,0.4904749171037016,0.002625878697920683,4.203093199065942,57.756715055010474,0.018836440743773913
0.25,1.0,60,0.25,60,skewed,1,132,0.377589962353176,0.3813658790831036,-1.0000045304159417,132,11.0,60.0,0.7213877881887043,0.39938181286426333,0.2786122118112957,0.2353082556320087,5.6155568541810545,1.0014744197993153,0.23573051979498985,0.6006181871357367,0.0017651362544015212,3.388428928381881,90.23217900108038,0.018902507092473146
0.25,1.0,60,0.25,60,skewed,2,132,0.39907597555243546,0.39948424914502784,-0.10230472832327504,132,11.0,60.0,0.7144267577008743,0.3989342359912116,0.28557324229912573,0.2291998361004418,5.547940909894382,0.9917650624239208,0.22555700509425874,0.6010657640087884,0.001782710480547631,3.4476893763657914,90.40072921021945,0.019335780353536922
0.25,1.0,60,0.25,60,skewed,3,132,0.4351081399667626,0.4375190595951443,-0.5540966502180029,131,10.0,60.0,0.6424620591850718,0.5412310803461396,0.3575379408149282,0.16164575186179167,4.787129402897766,0.9854625355353399,0.17707835100988584,0.45876891965386035,0.002938620995793388,4.524419068188322,50.85837857210181,0.021282211073332488
0.25,1.0,60,0.25,60,skewed,4,132,0.4824738226016134,0.48096304431631626,0.3131316590713025,132,10.0,60.0,0.6840902683051704,0.5627398598459832,0.3159097316948296,0.20628998587328484,5.234195465850864,0.9961742847337315,0.21571767671295292,0.4372601401540168,0.003347655413336075,4.755078955193733,46.621201520044195,0.021227585519994235
0.25,1.0,60,0.5,20,balanced,0,80,0.8702420781548182,0.8773979555152845,-0.822285837480873,80,25.0,60.0,0.8595128093452188,0.38083676523032506,0.1404871906547812,0.23724248722811153,5.318079081380824,0.9720843142028449,0.23789184364118318,0.6191632347696749,0.002488491121659634,2.4535413465226563,97.54781438633634,0.005636367809471039
0.25,1.0,60,0.5,20,balanced,1,80,1.1064600948346173,1.1097787916342408,-0.29993822778755835,80,24.0,60.0,0.8274020165255326,0.525436639277864,0.17259798347446742,0.19941332827522734,5.066570517478694,1.0331279950129009,0.20635915736937221,0.474563360722136,0.004390429412798878,3.366628490964401,54.190742545973286,0.006929306082804682
0.25,1.0,60,0.5,20,balanced,2,80,0.8474207585385525,0.8425862534054019,0.5704964251156699,80,23.5,60.0,0.835058395842564,0.5130047763229074,0.16494160415743597,0.22195870868228862,5.190257841769549,1.031341101567636,0.22227228394313722,0.4869952236770926,0.00430067027074543,3.3260525508487264,56.95797538195513,0.00705851497728115
0.25,1.0,60,0.5,20,balanced,3,80,0.8204169770095322,0.8215644080457921,-0.13985949442957277,80,24.0,60.0,0.8189249739169613,0.43674529384662963,0.18107502608303871,0.20142700100084854,5.12521835761219,1.0566506215923797,0.1991158033231616,0.5632547061533704,0.003193797614861699,2.829036703941376,77.37984322979334,0.007617672780323502
0.25,1.0,60,0.5,20,balanced,4,80,1.0291553109292237,1.0300103875023008,-0.0830852801318192,80,23.5,60.0,0.8467663187042751,0.4049213835169769,0.15323368129572495,0.24103905477319676,5.260164887167347,1.034058461517744,0.2432501339866543,0.5950786164830231,0.0027830293307548066,2.6410898794723145,88.17691147566777,0.006645254587571745
0.25,1.0,60,0.5,20,skewed,0,44,0.6141971320604064,0.6178032406961644,-0.5871256063441522,44,22.0,60.0,0.8600527758708125,0.5869825366529606,0.13994722412918748,0.28556541511228684,3.9378941329291193,1.0065757480473663,0.2811801090210289,0.41301746334703937,0.0055888389711064145,2.795502480064035,42.21769175983776,0.006546226355446591
0.25,1.0,60,0.5,20,skewed,1,44,0.564181197213062,0.5694335716599572,-0.9309729698261535,44,22.0,60.0,0.791689779564241,0.5446055968238415,0.20831022043575897,0.16817552148194376,3.657964838718511,0.9633167028152363,0.166414387006548,0.45539440317615854,0.00497221732832198,2.6344406266158686,50.1714715197972,0.008328823912118064
0.25,1.0,60,0.5,20,skewed,2,44,0.5922718719682906,0.6039150326847653,-1.9658473190329244,44,21.5,60.0,0.8565552309023508,0.4685360821708953,0.1434447690976493,0.28101880961238934,3.9605665085996953,1.0264591223911241,0.2852168000216882,0.5314639178291047,0.0037273143254247893,2.300461540658663,68.0584404983252,0.006835150387399536
0.25,1.0,60,0.5,20,skewed,3,44,0.7202319693761317,0.7188716135560419,0.1888774558657956,44,22.0,60.0,0.7683367954702847,0.6249161868680159,0.23166320452971534,0.15017865947201434,3.503755789818347,0.9880992934999998,0.1489609661254562,0.37508381313198413,0.006571641805653436,2.9619125587436326,36.0128754236801,0.008984314585459494
0.25,1.0,60,0.5,20,skewed,4,44,0.7771556880027853,0.7803396124844874,-0.4096894008309188,44,23.0,60.0,0.8642854167555293,0.6085778332012409,0.13571458324447072,0.2703582748110014,3.972387361593348,0.9706768332228786,0.26876796085763144,0.3914221667987591,0.006217609721243442,2.8808299557886055,38.590511725325285,0.005932188001431548
0.25,1.0,60,0.5,60,balanced,0,240,1.008515726310117,1.011350437176305,-0.28107750749305105,240,24.0,60.0,0.8662474515514801,0.4638636309035948,0.13375254844851991,0.2625665786434249,9.373922671110412,0.9753400762418934,0.26319930138432557,0.5361363690964052,0.0034405526822149906,5.153953883036547,69.34836017025411,0.005686208985482228
0.25,1.0,60,0.5,60,balanced,1,240,0.7685447033789744,0.7661124896289186,0.3164700425833806,240,23.0,60.0,0.7883421601271932,0.41226419441864204,0.21165783987280684,0.15730385314373357,8.502741645774908,0.9751199916442735,0.15791035788417737,0.587735805581358,0.00282716154308074,4.650978310918782,85.53774208941314,0.0080236577543094
0.25,1.0,60,0.5,60,balanced,2,240,0.9026870828533374,0.9081769644132511,-0.6081710555290687,240,24.0,60.0,0.8616642549213009,0.5585615316876275,0.13833574507869906,0.25226761359753536,9.31857627436583,0.9602965132823055,0.24922854030188887,0.44143846831237255,0.005006022311973762,6.196951315244485,47.418783063554535,0.005803102572402201
0.25,1.0,60,0.5,60,balanced,3,240,0.8598865235634502,0.8631668296103594,-0.38148127189100656,240,24.0,60.0,0.8136245399510112,0.4496053217670513,0.18637546004898875,0.17973191209293457,8.787157405985479,0.9777771458580692,0.17785412849423152,0.5503946782329487,0.003271776854434633,5.020044368652407,73.4503776872265,0.007234267365489006
0.25,1.0,60,0.5,60,balanced,4,240,0.8439750465938765,0.8474125926187136,-0.4073042252505487,240,24.0,60.0,0.8453159919566929,0.5121878629185985,0.15468400804330706,0.22599861408681587,9.10430789307396,1.0003465020673077,0.22777858185214162,0.4878121370814015,0.004158130585257503,5.68685135290376,57.14451736146613,0.006396972594983003
0.25,1.0,60,0.5,60,skewed,0,132,0.8313693763430069,0.8274133602864885,0.47584336987729414,132,22.0,60.0,0.8272733777418922,0.41884869905498257,0.17272662225810775,0.21954714441636367,6.62123371958922,1.0150266175306188,0.22097570016205903,0.5811513009450174,0.0028774465391831813,3.508823936499433,83.249818216873,0.007521895900332198
0.25,1.0,60,0.5,60,skewed,1,132,0.7625641947050418,0.7647687514017347,-0.28909785064661575,132,22.5,60.0,0.8221391373460811,0.5750389431908705,0.17786086265391882,0.20017886069553242,6.5088967370363155,0.9977448552198446,0.20505873661283738,0.42496105680912954,0.005103779525535252,4.668008731017801,44.34075937024745,0.007254256699749859
0.25,1.0,60,0.5,60,skewed,2,132,0.8632830650912656,0.8622093185720782,0.12437942577663581,132,21.0,60.0,0.8346398143560183,0.5041850557098865,0.1653601856439817,0.24178803703548038,6.718480695074799,1.0114945430094322,0.24311535864277403,0.4958149442901135,0.003983742749805092,4.180776061119305,59.00392389758701,0.007590783183823915
0.25,1.0,60,0.5,60,skewed,3,132,0.7831729810970883,0.7785437166371453,0.5910909303150704,132,22.0,60.0,0.7728887217173794,0.39840290529435024,0.22711127828262057,0.15401594463674811,6.188329956173847,0.9992409204511453,0.15457021043829036,0.6015970947056497,0.0026404414694013935,3.328818372623825,90.60131139272306,0.00889969656237901
0.25,1.0,60,0.5,60,skewed,4,132,0.6703739434988844,0.6711963314888598,-0.12267600761497066,132,23.0,60.0,0.8663196835971907,0.458265600514738,0.1336803164028093,0.2811405966152954,6.916291730727571,1.0100319972542824,0.28458893699924787,0.5417343994852619,0.0032815118423419965,3.7584871837465434,70.92843960490633,0.005987147999863576
0.25,1.0,120,0.1,20,balanced,0,80,0.16988508933091281,0.17108630622001422,-0.707076114703394,80,10.0,120.0,0.7262121686139094,0.4374101458082341,0.27378783138609064,0.297070736912965,4.357236070085495,1.0623057498711217,0.28177269911497066,0.5625898541917659,0.0004830969987986405,2.750028239214192,154.34205893479538,0.022421259825881737
0.25,1.0,120,0.1,20,balanced,1,80,0.16472246432118245,0.16729220002580056,-1.560039618887397,80,9.0,120.0,0.6375653253768964,0.4016322683799131,0.36243467462310364,0.20258155984919723,3.865916853258931,1.0061339264221247,0.19665646715481389,0.5983677316200868,0.00041829683471050186,2.5784388806316567,178.78077397528546,0.0267606581665158
0.25,1.0,120,0.1,20,balanced,2,80,0.18441806675663597,0.18611324161827728,-0.9192021646546784,80,10.0,120.0,0.7221116083974218,0.4377652190444402,0.27788839160257817,0.25040879586856435,4.116990926213365,1.0454706564806504,0.2716725563560916,0.5622347809555598,0.0005020040362751991,2.8262379117581022,154.11953892074297,0.019495745030591028
0.25,1.0,120,0.1,20,balanced,3,80,0.18100627358626462,0.1809529049814032,0.029484395100799886,80,9.0,120.0,0.6510291795567265,0.4866457425611895,0.34897082044327354,0.25580636901983345,4.01481276726414,1.0264848770050388,0.21277538539536167,0.5133542574388106,0.000562215959036568,3.0609795380773233,126.58594436364874,0.03130042390776942
0.25,1.0,120,0.1,20,balanced,4,80,0.23590805990704136,0.2373528889742961,-0.6124543043692815,80,8.5,120.0,0.6349186939522753,0.39736082213561563,0.3650813060477247,0.20437882805297125,3.732600373660288,0.9987033271199285,0.20478683358319175,0.6026391778643844,0.0003917658337728551,2.5971651906149384,181.99253000097,0.027382780456373382
0.25,1.0,120,0.1,20,skewed,0,44,0.13939772089030855,0.13965589762702094,-0.18520872153680512,44,9.0,120.0,0.6745991582172826,0.31967756657560625,0.32540084178271744,0.22215634823825456,2.922892227002734,0.9786133055769842,0.22542170469084535,0.6803224334243938,0.0003015856848524,1.5904404118317814,255.3782327782424,0.023662767682984608
0.25,1.0,120,0.1,20,skewed,1,44,0.22991521324570918,0.23019026935197817,-0.1196337129614117,44,9.5,120.0,0.74557286476368,0.5714142475152308,0.25442713523632,0.3550865404118356,3.3399346600025015,1.0264281247993106,0.3172706890777679,0.42858575248476916,0.0008215063057904628,2.650492179824076,90.00526417010882,0.02313677537089884
0.25,1.0,120,0.1,20,skewed,2,44,0.07221040638754175,0.07851730392221562,-8.734056281065296,44,9.5,120.0,0.7141092350332456,0.3863246095359364,0.2858907649667543,0.20334012933990742,2.907616597422605,0.9431509646294508,0.24847492322675105,0.6136753904640636,0.0003939479582648187,1.853658679096616,190.6196111714117,0.01676806626881861
0.25,1.0,120,0.1,20,skewed,3,44,0.33638676952201385,0.33648978755124026,-0.03062487545892248,44,8.0,120.0,0.7313562981542968,0.38405851153835857,0.2686437018457032,0.323430415233405,3.269892007049184,1.0213954280319906,0.3475811893527311,0.6159414884616414,0.0004175763203742853,1.9657167301245944,192.45239044263383,0.023500213214751802
0.25,1.0,120,0.1,20,skewed,4,44,0.1716770446859544,0.17089616163652982,0.454855831688529,44,8.0,120.0,0.6833637440491017,0.384074829003671,0.3166362559508983,0.29927191325018243,3.1174032280572184,1.0477775913086578,0.28266394177490684,0.6159251709963289,0.00040073885658914747,1.9735270235214972,192.43911586523944,0.03015658449780657
0.25,1.0,120,0.1,60,balanced,0,240,0.20873201508018954,0.20931246522697558,-0.2780839089600336,240,9.0,120.0,0.6416493384724818,0.4827893558563944,0.35835066152751816,0.18694914201846238,6.340961956190714,1.0253203630186294,0.20398893637648335,0.5172106441436056,0.00059881631080828,5.468203945594352,128.5556041042752,0.024167298295001256
0.25,1.0,120,0.1,60,balanced,1,240,0.21025384807748146,0.21094665067246826,-0.3295076885972117,240,9.0,120.0,0.6886313389911161,0.4823415135501908,0.31136866100888394,0.2649574503839765,7.430365016194036,1.015616230090017,0.2495738089454185,0.5176584864498093,0.0006103837261577304,5.423757761237276,128.78638190762575,0.0258513069218268
0.25,1.0,120,0.1,60,balanced,2,240,0.18340301114237115,0.18348586862792357,-0.04517782180146604,240,9.0,120.0,0.6412056468913008,0.46719503991234623,0.3587943531086992,0.23868109423234424,6.968019804492324,1.0044584739357292,0.19945329560731043,0.5328049600876538,0.0005374567485568729,5.212904265775464,136.85204197055273,0.030878799696441053
0.25,1.0,120,0.1,60,balanced,3,240,0.19272056358891893,0.19331441185762768,-0.30813954549005,240,9.0,120.0,0.6282771017718902,0.49281973256849254,0.3717228982281098,0.18117477172826496,6.209654533291786,0.9978179692142832,0.18738754796535406,0.5071802674315075,0.0006211275682499095,5.619177880576891,123.49674347368443,0.02519412563493472
0.25,1.0,120,0.1,60,balanced,4,240,0.21678895633377956,0.21899754330730695,-1.0187728244454144,238,9.0,120.0,0.6180915899450378,0.5239879527753839,0.38190841005496223,0.20056669061557428,6.447274092860257,1.0372830038060086,0.18652986020425147,0.4760120472246161,0.0006719982065835015,5.793411169963019,109.01289879738894,0.029405727219138172
0.25,1.0,120,0.1,60,skewed,0,132,0.2313320778119808,0.23268096552758732,-0.583095837103423,132,8.0,120.0,0.6354998881285561,0.3867363856750193,0.36450011187144393,0.2015310276948601,4.615476027379929,0.9837701737149008,0.21439836881330204,0.6132636143249808,0.0003838302849315889,3.3660854964835645,190.2888800870107,0.0269198347575847
0.25,1.0,120,0.1,60,skewed,1,132,0.17381603869161422,0.17516631623507617,-0.7768428929954077,131,9.0,120.0,0.6243490152359348,0.5649526267949755,0.3756509847640652,0.1820395500376431,4.429808668482657,1.0725896050571142,0.19807696530103716,0.4350473732050245,0.0007750093572493379,4.603979501449865,92.4071901050717,0.025834950688258584
0.25,1.0,120,0.1,60,skewed,2,132,0.20627161455308135,0.20665742183204056,-0.1870384734201624,132,8.0,120.0,0.6862835188022496,0.42661050258638367,0.3137164811977504,0.2396631006869784,5.18332049353094,0.9515088201494313,0.2601890801092103,0.5733894974136163,0.00043823398852819984,3.469755409352529,161.28702709493513,0.02373125097672896
0.25,1.0,120,0.1,60,skewed,3,132,0.17995187683570465,0.18092793117826958,-0.542397422982178,132,9.0,120.0,0.7113638376415289,0.5235726631329692,0.2886361623584711,0.2667853061673812,5.245429339668186,0.930915673840073,0.2549229147374671,0.47642733686703076,0.000640460679205113,4.356130833442091,109.19454824463244,0.02237148010574876
0.25,1.0,120,0.1,60,skewed,4,132,0.14604594181700647,0.14645072979801996,-0.277164826339835,132,8.5,120.0,0.7036733371481119,0.5127337555011321,0.29632666285188813,0.2678621967418624,5.3163943706489425,1.014388707358855,0.2840830652105106,0.4872662444988679,0.0006955394367230408,4.414433095057688,114.0395940632293,0.023685983996116457
0.25,1.0,120,0.25,20,balanced,0,80,0.4044801457650061,0.40612498304489797,-0.40665463981697025,80,23.5,120.0,0.8168648694700216,0.5297956959092035,0.18313513052997848,0.18528233948660605,5.041532974918207,0.9734366098141869,0.18483278525569533,0.4702043040907965,0.0014793529140295365,3.3796990385769448,106.50240635508227,0.006541160526476521
0.25,1.0,120,0.25,20,balanced,1,80,0.5068338360723905,0.5061450220226003,0.13590530086311808,80,22.0,120.0,0.8652032017026318,0.6592484390010106,0.13479679829736824,0.31071019460900334,5.379808856031329,1.0662066334722307,0.3110693633301667,0.3407515609989894,0.0024365947682255043,4.141924423854333,62.0254594487042,0.005928576160538179
0.25,1.0,120,0.25,20,balanced,2,80,0.5462287543965951,0.5423697920708282,0.706473669631284,80,24.0,120.0,0.797865955435803,0.6825058351839903,0.20213404456419704,0.164537596602564,4.884453502746201,1.003326540243706,0.1650142793386546,0.31749416481600967,0.002830532846929208,4.3096970124327285,55.82267258953225,0.007008030331632874
0.25,1.0,120,0.25,20,balanced,3,80,0.5156725431253126,0.5151925233173122,0.09308616764645898,80,22.0,120.0,0.8242539311294675,0.5942425323578455,0.17574606887053246,0.20659126927400728,5.121653842315901,0.9927900681865477,0.21164604181168256,0.4057574676421545,0.001889506050750118,3.7505826327403913,81.9377501032482,0.006692005192561163
0.25,1.0,120,0.25,20,balanced,4,80,0.6236731040916331,0.6241067573209687,-0.06953213574395448,80,24.0,120.0,0.8409162526395653,0.6642954910947049,0.15908374736043474,0.22052107986560116,5.183161217476874,1.0162436451079204,0.22382754680901915,0.33570450890529513,0.0027058324542897326,4.242708933148023,60.64250263425661,0.005885808409118
0.25,1.0,120,0.25,20,skewed,0,44,0.39226373293375805,0.39821399729031465,-1.5169040257824262,44,22.0,120.0,0.8289599479419436,0.6220660832233565,0.1710400520580564,0.21771534536879664,3.760053609453212,1.0282974420073956,0.2265331699528022,0.37793391677664345,0.002303916098974239,3.0222138228803233,72.90555012772379,0.006698274642072163
0.25,1.0,120,0.25,20,skewed,1,44,0.4474745274491432,0.4477218497506898,-0.05527069953154466,44,23.0,120.0,0.8403827755891983,0.717872295317379,0.15961722441080173,0.23032248195566868,3.823174017030165,1.0291614034097936,0.2355879333850584,0.28212770468262105,0.0035163700963119562,3.393370221836235,47.16065069337537,0.006147966641656248
0.25,1.0,120,0.25,20,skewed,2,44,0.43844308199585513,0.43877615116996677,-0.07596634267678601,44,22.0,120.0,0.7915289659190634,0.5804461655567851,0.20847103408093653,0.1769866621962658,3.627625710284574,1.0399457467063329,0.1797712172780436,0.4195538344432149,0.001897427215468641,2.780903416469127,86.73751868942338,0.008025866212256825
0.25,1.0,120,0.25,20,skewed,3,44,0.46929414031315936,0.4682906188444545,0.21383635176761664,44,22.5,120.0,0.8627321360058964,0.702137151485929,0.13726786399410357,0.305367847965244,3.95927939738772,1.0219321702210777,0.2855825911749809,0.29786284851407097,0.0029078206361091543,3.2470489997812364,50.90678045741443,0.006011871907597239
0.25,1.0,120,0.25,20,skewed,4,44,0.4353449200596678,0.4366449870239636,-0.2986291798506832,44,23.0,120.0,0.8588819259642932,0.5736492509634313,0.14111807403570675,0.2507988740827072,3.8924526562576602,0.9773006054573903,0.258613477924668,0.42635074903656867,0.0016897478295552428,2.6700695858143977,89.18705951147436,0.0053016405778375355
0.25,1.0,120,0.25,60,balanced,0,240,0.4857302535991307,0.488044824260969,-0.47651358849649067,240,23.0,120.0,0.8651297446894449,0.6474294279035068,0.13487025531055508,0.26904183470214604,9.346945239990724,0.9729673362348245,0.2713535384351709,0.35257057209649323,0.00240345319441216,7.109303376180017,65.34838675557526,0.00519263081685692
0.25,1.0,120,0.25,60,balanced,1,240,0.5700924498840952,0.5720190447766008,-0.3379442918244693,240,24.0,120.0,0.8600092018522707,0.7216936495565305,0.1399907981477293,0.2555332508860758,9.267500196064294,0.9880782334650169,0.2529203062431291,0.2783063504434695,0.0034996926494137103,7.9452270930203595,46.275538206187804,0.005278860033598387
0.25,1.0,120,0.25,60,balanced,2,240,0.46235585245801136,0.4619970808633222,0.07759642119415984,240,23.0,120.0,0.8264191770807199,0.6254656111605226,0.17358082291928012,0.20092114108978898,8.877563937609231,0.9852362170794268,0.20394411389546072,0.37453438883947743,0.0022434733501698187,6.960159544008337,71.85707073062824,0.00636852016293146
0.25,1.0,120,0.25,60,balanced,3,240,0.47336934218994936,0.4750939118388745,-0.3643179849685165,240,23.0,120.0,0.8341453111976602,0.6500374442806983,0.16585468880233978,0.21208772783278015,8.926920681440988,0.988187927686977,0.21608552077425386,0.3499625557193017,0.002410424717670076,7.166700244931163,64.60475016602545,0.006129275942508006
0.25,1.0,120,0.25,60,balanced,4,240,0.5729965275518096,0.5737573307038815,-0.13277622384946142,240,23.0,120.0,0.8110231755795738,0.6284948121855347,0.18897682442042618,0.19475806978294183,8.72835848991874,1.0275159341577675,0.19172795818493857,0.3715051878144653,0.002143575057143964,6.845083760395833,70.93236359853265,0.007251094841997076
0.25,1.0,120,0.25,60,skewed,0,132,0.4008342861256319,0.40235159543063737,-0.378537804156285,132,22.0,120.0,0.8474775753496914,0.6195974505445991,0.15252242465030863,0.2481646316139519,6.728116629750888,1.005456352875843,0.25394230449265953,0.38040254945540086,0.0020674919720423067,5.073268274257016,73.67413454417095,0.006072254864610613
0.25,1.0,120,0.25,60,skewed,1,132,0.3925649682494404,0.39641543549964964,-0.980848410233737,132,21.5,120.0,0.8821526085729994,0.626802028236846,0.11784739142700063,0.3332048777307891,7.084881830905419,0.9529830128465228,0.33195385007166267,0.37319797176315395,0.0021373230890863685,5.128765594341756,71.44800845260873,0.004925231258849355
0.25,1.0,120,0.25,60,skewed,2,132,0.4528272285886755,0.4540340695424318,-0.26651245277755015,132,21.0,120.0,0.8189894118660264,0.6074818632163701,0.18101058813397364,0.22227835794131362,6.577805460327365,1.0324480399883473,0.2224452912814588,0.3925181367836299,0.002075099388980989,5.084357935808196,77.53676161564508,0.007602624856047514
0.25,1.0,120,0.25,60,skewed,3,132,0.33972900751416735,0.34200456876135693,-0.6698165881801212,132,21.0,120.0,0.8013180747592895,0.6135189133418042,0.1986819252407105,0.1877051921183206,6.432353888310039,0.9845707109844463,0.1890924534240665,0.3864810866581958,0.002155339542316721,5.1477251782247055,75.5929921481418,0.007731507958574391
0.25,1.0,120,0.25,60,skewed,4,132,0.4139712936707466,0.41420108517971516,-0.0555090443424162,132,22.5,120.0,0.8026251250069927,0.5639470762963321,0.19737487499300732,0.18249815370570274,6.400611291196783,1.0025138356999153,0.18125956076424593,0.4360529237036679,0.0016371036823386543,4.572861870465973,92.78592450215078,0.00742083402518318
0.25,1.0,120,0.5,20,balanced,0,80,0.9620524792041939,0.9591681513856855,0.2998098212786014,80,45.5,120.0,0.900569463288957,0.6707392739795125,0.09943053671104296,0.2057082294862631,5.641893589962077,1.0417594493313784,0.2073961633196343,0.3292607260204875,0.004012085109733943,4.244703024700926,58.90707262158225,0.0024686810279534684
0.25,1.0,120,0.5,20,balanced,1,80,0.9537252670728024,0.9546597765827032,-0.09798518946331748,80,43.0,120.0,0.9244444193110524,0.687944663219299,0.07555558068894763,0.28661433707267114,5.812272104958937,1.0157230746175299,0.2890154904212078,0.31205533678070096,0.004376386141877638,4.3742479550560915,54.432634506457546,0.0020623457871521873
0.25,1.0,120,0.5,20,balanced,2,80,0.8321842419634239,0.8329066502909591,-0.08680870065873948,80,46.5,120.0,0.9217971792037707,0.6379493417971988,0.07820282079622926,0.2524496851048099,5.7769989608602055,0.9989856843515165,0.2532593905840609,0.36205065820280125,0.003503205304295593,4.046746944460546,68.10270994549825,0.002003104318546983
0.25,1.0,120,0.5,20,balanced,3,80,0.7780318788687034,0.7794953740664876,-0.18810221502905622,80,46.0,120.0,0.882651246349744,0.6370799847418125,0.11734875365025599,0.15592735467728627,5.481485370563851,0.9763182589686417,0.1596409256331518,0.3629200152581875,0.0034434951689228787,4.049412936047054,68.35939422682074,0.002600779475155719
0.25,1.0,120,0.5,20,balanced,4,80,0.8476357088916836,0.8484748054878319,-0.09899259638854617,80,45.5,120.0,0.9075753481567258,0.6526431543441942,0.0924246518432742,0.2182433128066596,5.68479755944014,1.0026901553816634,0.21642021420410387,0.3473568456558058,0.003750185056991326,4.162697850332898,63.86770657325214,0.002316788648167203
0.25,1.0,120,0.5,20,skewed,0,44,0.8779867179677878,0.8748175691388649,0.3609563520799426,44,42.5,120.0,0.9193236817176835,0.5177893590400532,0.08067631828231653,0.25805303499583787,4.25434200168831,0.9655776986835259,0.2589261644944853,0.4822106409599468,0.002159555523745204,2.477180462055014,111.75447294334506,0.00218173680484326
0.25,1.0,120,0.5,20,skewed,1,44,0.7915328853641828,0.7922871815739163,-0.0952956249425444,44,46.0,120.0,0.9016927301930852,0.5639186722796053,0.09830726980691484,0.19438426240516576,4.163792856358649,0.9702504129447874,0.19354593359856356,0.43608132772039465,0.0026388225153668467,2.682435347248896,92.79664231529634,0.0023804083399227354
0.25,1.0,120,0.5,20,skewed,2,44,0.7779406309698433,0.7768279080121001,0.14303443134934585,44,45.0,120.0,0.9214461095966363,0.7161836461248954,0.07855389040336369,0.2520058267612957,4.259367716622469,0.9734990945236984,0.25376123568407705,0.2838163538751046,0.005023875198202959,3.3587935299972593,47.55478940253989,0.0019597376090271543
0.25,1.0,120,0.5,20,skewed,3,44,0.8769984187246068,0.8745998314468493,0.2734996126042898,44,42.0,120.0,0.8911578322422197,0.9836065573770492,0.10884216775778033,0.19321797558008555,4.120458489627534,0.9974544585164067,0.1944469928388965,0.016393442622950838,0.006436390613988723,3.596731975512508,2.0,0.0022907091949295496
0.25,1.0,120,0.5,20,skewed,4,44,0.8680642791661671,0.8656341951833737,0.2799428615041832,44,47.5,120.0,0.9526830415622494,0.7776775220825137,0.047316958437750634,0.39364414879691667,4.398856062780104,0.9309183133642799,0.3949684378679358,0.22232247791748627,0.006999928732577714,3.6443022324792755,34.305604305826485,0.001227315208420335
0.25,1.0,120,0.5,60,balanced,0,240,0.8687314251073976,0.8709175716858725,-0.2516481521552601,240,46.0,120.0,0.9183649664006885,0.6755878349347442,0.08163503359931146,0.2507124894901653,10.010573730172537,1.0305548800034052,0.25202987535157845,0.32441216506525583,0.004116315872946691,7.443287483742584,57.62309176510102,0.002104032378426539
0.25,1.0,120,0.5,60,balanced,1,240,0.8326549247175205,0.8342302868002136,-0.18919747375872412,240,46.5,120.0,0.9193636046186905,0.6473705102677391,0.08063639538130951,0.24852254659683465,10.015330045865296,1.0082776477668822,0.24724615995627794,0.35262948973226094,0.003588806704084663,7.112094807564013,65.36525543984152,0.002062209672053321
0.25,1.0,120,0.5,60,balanced,2,240,0.944008400668992,0.9444815566645193,-0.050122011116840365,240,47.0,120.0,0.9149015335058069,0.6807314498030338,0.08509846649419306,0.22868212334827026,9.957637217976961,1.0007392170535028,0.2289157545247585,0.3192685501969662,0.00418586585817643,7.4807767098482385,56.280969587524396,0.002082733920907677
0.25,1.0,120,0.5,60,balanced,3,240,0.8889527987620288,0.8889481566756272,0.0005221971749312098,240,47.0,120.0,0.9218401104999004,0.7023720331955062,0.07815988950009956,0.2517801347405051,10.035475887633712,1.0034273181600537,0.25180231973296796,0.29762796680449377,0.004626408138656438,7.716062176306597,50.84962716133351,0.0019479352353617555
0.25,1.0,120,0.5,60,balanced,4,240,0.8035494951207264,0.8043659794906464,-0.10160971724552201,240,46.0,120.0,0.9063348748051782,0.697488371684545,0.09366512519482184,0.20863490974075719,9.876829680226972,0.9958658249488639,0.20948540505347155,0.302511628315455,0.004529490976822796,7.666779561826036,52.04587900179753,0.002244895142843478
0.25,1.0,120,0.5,60,skewed,0,132,0.7800568030315282,0.7796270440793945,0.05509328941989082,132,46.0,120.0,0.9156874757848412,0.6826615828185297,0.08431252421515878,0.2358903938146221,7.358606849745671,0.9991419190055552,0.23589814780641577,0.31733841718147027,0.004147621752673041,5.555127656497312,55.78255906030574,0.002094531600302882
0.25,1.0,120,0.5,60,skewed,1,132,0.875058472457239,0.875075676203619,-0.001966011063434988,132,45.0,120.0,0.8971688509015048,0.6374561855444063,0.10283114909849522,0.19121865442012986,7.222569156908937,0.9913369461698395,0.19220216542654953,0.3625438144555937,0.003434821972642027,5.205294348774621,68.24823214714982,0.0024734591336231697
0.25,1.0,120,0.5,60,skewed,2,132,0.7963307141351392,0.7978695987825422,-0.1932469287052734,132,46.5,120.0,0.9139682369825604,0.6949834693940734,0.0860317630174397,0.22340981092409812,7.365659602004585,0.9788160966233204,0.22364867325976454,0.3050165306059266,0.0044842698146113375,5.663294313723616,52.66597737155232,0.002070754146807204
0.25,1.0,120,0.5,60,skewed,3,132,0.7868978006933416,0.789235668055854,-0.2970992370867589,132,44.0,120.0,0.905395565261774,0.6836044850832284,0.094604434738226,0.2077730181963514,7.293768303397287,0.9630725399112078,0.20947547857698945,0.31639551491677165,0.004226110734947011,5.592222618191521,55.54010047987043,0.0022826278762970503
0.25,1.0,120,0.5,60,skewed,4,132,0.7024546905962493,0.7030930477779072,-0.0908752109144564,132,45.0,120.0,0.9045972527530819,0.6308063337432909,0.09540274724691811,0.20904460904688518,7.2975356143924985,0.9959579322416454,0.20985671222785166,0.36919366625670913,0.003347916117815132,5.145811464164933,70.23271261070514,0.00235899224688161
0.25,0.95,30,0.1,20,balanced,0,80,0.21433392557402048,0.21433392557402048,0.0,74,1.1603072623500708,15.707224721141241,6.318817069472194e-07,0.03828560384956151,0.999999368118293,0.0,-9.63834321395116,1.8362717517931397,1e-06,0.9617143961504385,0.0,-3.9608744777858838,394.5572909662909,0.0
0.25,0.95,30,0.1,20,balanced,1,80,0.1870827249615149,0.1870827249615149,0.0,77,1.1992479045336655,15.707224721141241,7.275459539365179e-07,0.041431120282450315,0.9999992724540461,0.0,-12.990039195208245,1.648345407559004,1e-06,0.9585688797175497,0.0,-5.083457356563549,363.409357549858,0.0
0.25,0.95,30,0.1,20,balanced,2,80,0.13224595912109088,0.13224595912109088,0.0,79,1.0414452746712946,15.707224721141241,7.182720668036778e-07,0.09800586105019912,0.9999992817279332,0.0,-12.805459738654726,1.44993042993304,1e-06,0.9019941389498008,0.0,-3.474317866628821,144.56099345303426,0.0
0.25,0.95,30,0.1,20,balanced,3,80,0.4313461265394597,0.4355204090462638,-0.9677338568663982,72,1.167060385408943,15.707224721141241,6.365496591868195e-07,0.022114793647037192,0.9999993634503408,0.0,-7.158625012642797,1.833414919903267,1e-06,0.9778852063529628,0.0,-3.2571631001556174,694.5514813665641,0.0
0.25,0.95,30,0.1,20,balanced,4,80,0.2397010255155814,0.2397010255155814,0.0,70,1.1225660230856058,15.707224721141241,7.656033391891283e-07,0.021822784105972007,0.9999992343966608,0.0,-11.970784465197465,1.4662490425651404,1e-06,0.978177215894028,0.0,-2.885243397311618,704.0554162355098,0.0
0.25,0.95,30,0.1,20,skewed,0,44,0.33463227891345887,0.33463227891345887,0.0,37,0.9877715526011887,15.707224721141241,5.902055029947167e-07,0.11371458627597968,0.9999994097944971,0.0,-4.926300841188797,1.6736051484226284,1e-06,0.8862854137240204,0.0,-1.0785812369262309,122.42127080027396,0.0
0.25,0.95,30,0.1,20,skewed,1,44,0.17926473843651133,0.17926473843651133,0.0,42,0.9412143138869823,15.707224721141241,4.544958421272596e-07,0.06690662759232346,0.9999995455041579,0.0,-9.722572891106715,2.070896582150749,1e-06,0.9330933724076765,0.0,-3.42978194808629,219.05613559719305,0.0
0.25,0.95,30,0.1,20,skewed,2,44,0.08290605519516542,0.0885527099200088,-6.810907492282493,34,1.0569161368872848,15.707224721141241,5.47395134881379e-07,0.014926073431665032,0.9999994526048651,0.0,-7.52855009772459,1.9308091924577273,1e-06,0.9850739265683349,0.0,-0.8972717101323134,1036.6274561346443,0.0
0.25,0.95,30,0.1,20,skewed,3,44,0.3688552528492009,0.3688552528492009,0.0,37,0.9291235019354712,15.707224721141241,4.783310712008409e-07,0.06745514473995612,0.9999995216689288,0.0,-7.296610363566659,1.9424267225378054,1e-06,0.9325448552600439,0.0,-1.2949912558258996,217.1471377102729,0.0
0.25,0.95,30,0.1,20,skewed,4,44,0.14652685925538453,0.14858437714010608,-1.4041916241004433,37,0.960677661091318,15.707224721141241,4.5610229114565315e-07,0.37748440703360264,0.999999543897709,0.0,-7.939004620690811,2.1062758104277424,1e-06,0.6225155929663974,0.0,-0.11324521930348569,25.903036334603573,0.0
0.25,0.95,30,0.1,60,balanced,0,240,0.18402230913148832,0.18688321781228265,-1.5546531799849037,220,1.1865775927824398,15.707224721141241,7.274707474124395e-07,0.009792466206762444,0.9999992725292526,0.0,-14.074471873175497,1.631098891224718,1e-06,0.9902075337932376,0.0,-5.155624043413108,1588.303898676375,0.0
0.25,0.95,30,0.1,60,balanced,1,240,0.2708415661110827,0.2708415661110827,0.0,213,1.0462733030105573,15.707224721141241,7.37095955995788e-07,0.09302862163967687,0.999999262904044,0.0,-15.91640243082102,1.4194522751382375,1e-06,0.9069713783603232,0.0,-3.869554909471833,153.13570172765913,0.0
0.25,0.95,30,0.1,60,balanced,2,240,0.27650970441816036,0.28029975460969025,-1.3706752895002454,224,1.1161334763141266,15.707224721141241,7.723374304086248e-07,0.09413006739982463,0.9999992276625695,0.0,-13.72686287028262,1.4451359863391933,1e-06,0.9058699326001753,0.0,-5.41969951628924,151.1600171180004,0.0
0.25,0.95,30,0.1,60,balanced,3,240,0.15991731886072624,0.15991731886072624,0.0,220,1.0356185856187823,15.707224721141241,7.378641378069533e-07,0.0886800250207035,0.9999992621358622,0.0,-10.963369714309916,1.403534564678487,1e-06,0.9113199749792965,0.0,-2.8409134388647517,161.4152413299699,0.0
0.25,0.95,30,0.1,60,balanced,4,240,0.17584927922423632,0.1760011129494539,-0.08634310353013046,216,1.0066136782504482,15.707224721141241,7.091233308235842e-07,0.10168710847708459,0.9999992908766692,0.0,-11.257311995196504,1.4195174812079898,1e-06,0.8983128915229154,0.0,-3.2865975250631427,138.7590095575225,0.0
0.25,0.95,30,0.1,60,skewed,0,132,0.1681302286262096,0.1681302286262096,0.0,124,0.9623163097372319,15.707224721141241,4.771549796160043e-07,0.04803169926938151,0.9999995228450204,0.0,-18.975344087689344,2.0167783877552123,1e-06,0.9519683007306184,0.0,-7.034589288979989,311.3106605518463,0.0
0.25,0.95,30,0.1,60,skewed,1,132,0.12297411045682384,0.12846331162204602,-4.46370471380595,105,0.8709884212468308,15.707224721141241,5.413037857869597e-07,0.05339048161718782,0.9999994586962142,0.0,-13.079348663460825,1.6090557143304365,1e-06,0.9466095183828122,0.0,-1.8595034999807867,278.4879996966259,0.0
0.25,0.95,30,0.1,60,skewed,2,132,0.1867705911538537,0.17958610823510737,3.8466885361132945,119,0.9238699323578253,15.707224721141241,5.251746560337973e-07,0.8870517525192904,0.999999474825344,0.0,-11.524260626701544,1.759166091362854,1e-06,0.11294824748070964,0.0,-5.558440307504806,2.0,0.0
0.25,0.95,30,0.1,60,skewed,3,132,0.18356680386458937,0.18356680386458937,0.0,113,0.9555137158087826,15.707224721141241,5.716694679251915e-07,0.08300147149499597,0.9999994283305321,0.0,-10.565678607022623,1.6714434182054563,1e-06,0.9169985285050041,0.0,-2.574635429661425,173.53309160371097,0.0
0.25,0.95,30,0.1,60,skewed,4,132,0.20660623710245346,0.18662142827571218,9.672897153066614,121,1.157918455550754,15.707224721141241,8.186921714979581e-07,0.8870517525192904,0.9999991813078285,0.0,-9.079458158670331,1.4143502868006914,1e-06,0.11294824748070964,0.0,-5.683277291887672,2.0,0.0
0.25,0.95,30,0.25,20,balanced,0,80,0.6796725061039921,0.6821510514946074,-0.36466759628439216,80,2.7334075106312574,15.707224721141241,0.1298000933619717,0.04374689573797497,0.8701999066380284,0.0,-0.231551797293727,1.1260231152461284,0.061448622185757425,0.956253104262025,0.0,-0.48673841940374407,343.34053069493996,0.0
0.25,0.95,30,0.25,20,balanced,1,80,0.6232246251458692,0.6325386311881318,-1.4944862039240874,80,2.8893220794823,15.707224721141241,0.11278121877120408,0.07048107600619213,0.8872187812287959,0.0,-1.1548452861215956,1.2547561295268754,0.05520400299670665,0.9295189239938079,0.0,-1.389177304433946,207.15010963285297,0.0
0.25,0.95,30,0.25,20,balanced,2,80,0.40475414562345097,0.40750356766281,-0.6792819960186022,80,2.755808023282019,15.707224721141241,0.27999003227746183,0.023856357584733166,0.7200099677225382,0.1077232111904014,1.2506588293423484,1.06460178652088,0.15022720559322864,0.9761436424152669,0.0,-4.536075496022248,642.7011121489036,0.05584525889912229
0.25,0.95,30,0.25,20,balanced,3,80,0.7059689159676021,0.7036947860566362,0.32212890107903075,80,2.341096090185302,15.707224721141241,0.07369981792980662,0.011647468118918093,0.9263001820701934,0.0,-1.9805552242215088,1.3447279594430235,0.04570339493840271,0.9883525318810819,0.0,-1.1879254747088033,1332.8454874025515,0.0
0.25,0.95,30,0.25,20,balanced,4,80,0.4606412850597642,0.4598214144547994,0.17798461222563447,78,2.970674793440531,15.707224721141241,0.11431251487115013,0.035178958645354017,0.8856874851288499,0.0,-0.01971701866369386,1.1790959042516225,0.05122818491956098,0.964821041354646,0.0,-3.541347710112201,430.78764965785484,0.0
0.25,0.95,30,0.25,20,skewed,0,44,0.5124726510166139,0.5087620827680683,0.7240519550037899,44,3.0771132177152714,15.707224721141241,0.2565679188559795,0.009533113040012744,0.7434320811440205,0.0,-0.4604045841824053,1.1560798237884649,0.12966028464065057,0.9904668869599873,0.0,-3.0779609721563888,1631.9418333792169,0.0
0.25,0.95,30,0.25,20,skewed,1,44,0.4230545618185464,0.43373246738229265,-2.5240019911015996,43,2.890959629411687,15.707224721141241,0.09602331235115738,0.23923357827193445,0.9039766876488426,0.0,-1.014317375164236,1.4846148462241935,0.05455086948373357,0.7607664217280655,0.00212781771857902,0.8471267192880519,49.94921378803406,0.00123150758885017
0.25,0.95,30,0.25,20,skewed,2,44,0.47613454333308414,0.47403275293721375,0.4414278328048251,44,2.6506508726868026,15.707224721141241,1.9935445795395393e-06,0.8870517525192904,0.9999980064554205,0.0,-2.3824560764134297,1.3296144037391946,1e-06,0.11294824748070964,0.0,-4.044471284586959,2.0,0.0
0.25,0.95,30,0.25,20,skewed,3,44,0.3705526122224122,0.3672372771835241,0.8947002205716923,44,2.922548781778226,15.707224721141241,2.2036393035947305e-06,0.011390252161736237,0.9999977963606964,0.0,-1.1635458305993733,1.3262344416815255,1e-06,0.9886097478382637,0.0,-1.5001623764672125,1363.2986566330217,0.0
0.25,0.95,30,0.25,20,skewed,4,44,0.4513689194956777,0.4369373265505579,3.1972943465501515,44,2.9017550545309914,15.707224721141241,2.4652155439691153e-06,0.07305985736235361,0.9999975347844561,0.0,-4.943022459160483,1.177076745600835,1e-06,0.9269401426376463,0.0,-0.4980312258234396,199.28395221530434,0.0
0.25,0.95,30,0.25,60,balanced,0,240,0.5155864645809433,0.5193532008105302,-0.7305731411410138,240,2.609934359119415,15.707224721141241,0.11405821014092168,0.1020836407642819,0.8859417898590783,0.0,-2.1430901226109293,1.1791182546939838,0.05816335176311271,0.8979163592357181,0.0,-1.040389125590985,138.1590030460511,0.0
0.25,0.95,30,0.25,60,balanced,1,240,0.5729340647217143,0.5858050882170984,-2.2465104255296597,239,2.938518581321947,15.707224721141241,0.07840346425515088,0.03619087014135064,0.9215965357448491,0.0,-2.8776567923540632,1.2401528983115222,0.03590392844541091,0.9638091298586493,0.0,-2.607697608979553,418.30347078834916,0.0
0.25,0.95,30,0.25,60,balanced,2,240,0.5326456606817849,0.5355937565791056,-0.5534816323383068,238,2.8907254251684544,15.707224721141241,0.16028243925777988,0.09852572122323734,0.8397175607422201,0.0,-0.5033055680111089,1.1923375642199694,0.07873089720872467,0.9014742787767627,0.0,-1.2337358735003738,143.7153557596671,0.0
0.25,0.95,30,0.25,60,balanced,3,240,0.5874981114742908,0.5858955408028725,0.2727788634752664,240,3.0111501535302327,15.707224721141241,0.023981520909659593,0.0718314977739643,0.9760184790903403,0.0,-3.5726162127778847,1.169489362894003,0.009542947777640923,0.9281685022260358,0.0,-1.5277099135191188,202.96042398316305,0.0
0.25,0.95,30,0.25,60,balanced,4,240,0.5104601539583897,0.5038579964356803,1.2933737279026885,240,2.79826338140648,15.707224721141241,0.08756295343412313,0.07800867988801885,0.9124370465658769,0.0,-2.1853898550303317,1.2015256479806318,0.04120662610973575,0.9219913201119811,0.0,-2.2177671837615915,185.64504458643967,0.0
0.25,0.95,30,0.25,60,skewed,0,132,0.4606307713488256,0.45505268926852566,1.2109660116639838,131,2.6725934692466495,15.707224721141241,0.046325994780666055,0.10328411993110408,0.953674005219334,0.0,-2.1081159111596657,1.2651334328587458,0.0229947321250794,0.8967158800688959,0.0,-0.7027635288036906,136.37060419988538,0.0
0.25,0.95,30,0.25,60,skewed,1,132,0.45037962639498547,0.4533653451086243,-0.6629337871114864,131,2.7402118145036063,15.707224721141241,0.09144316009823256,0.038235350881953824,0.9085568399017674,0.0,-2.6990529275323074,1.1665582747994296,0.04284711024694311,0.9617646491180462,0.0,-1.5387233611572326,395.09650425822787,0.0
0.25,0.95,30,0.25,60,skewed,2,132,0.4386904160713394,0.44502547005479826,-1.4440830598014818,132,2.8004977746212694,15.707224721141241,0.16547133134851827,0.09958832013390835,0.8345286686514817,0.0,-1.7016901260313553,1.1368903760382465,0.08049425431938027,0.9004116798660916,0.0,-1.119155154019523,142.01433037709725,0.0
0.25,0.95,30,0.25,60,skewed,3,132,0.5262173314307445,0.5121849738821546,2.666646784596963,132,2.6176853079240443,15.707224721141241,0.007545288672119622,0.08684079631151155,0.9924547113278803,0.0,-4.181298031154713,1.2887089164874628,0.0037428518636188632,0.9131592036884885,0.0,-1.2794725051790323,165.166574095684,0.0
0.25,0.95,30,0.25,60,skewed,4,132,0.37519139564937504,0.37320446817965214,0.5295770352846066,132,2.751773746445253,15.707224721141241,2.0409868228049975e-06,0.02288617214749373,0.9999979590131771,0.0,-5.428596732844783,1.3482537463539206,1e-06,0.9771138278525062,0.0,-6.067429964197492,670.6122095605477,0.0
0.25,0.95,30,0.5,20,balanced,0,80,0.833191972443737,0.8433063007384748,-1.2139253172438345,80,5.671464372921164,15.707224721141241,0.5086530011549732,0.04527361541568302,0.4913469988450267,0.22601249984541072,3.31986121897353,1.039045315186525,0.18966164221050624,0.954726384584317,0.0,-0.605695101574437,331.2326999330797,0.054564361096022
0.25,0.95,30,0.5,20,balanced,1,80,1.0789811643499714,1.0705269535959197,0.7835364539607083,80,5.637765376401018,15.707224721141241,0.4696712684737746,0.03331292603948596,0.5303287315262254,0.1447948602459792,2.6369849826702754,1.041108646739839,0.1635466340779215,0.966687073960514,0.0,-0.9448926740484984,455.79818139429267,0.04072334644378977
0.25,0.95,30,0.5,20,balanced,2,80,0.8691752259913924,0.8746757793978976,-0.6328474675783857,80,5.783963404979723,15.707224721141241,0.4974946394120874,0.03167694337861855,0.5025053605879126,0.17606900572603978,2.9027474269863505,1.0651197611970253,0.18231437245916962,0.9683230566213814,0.0,-2.1193774676949673,480.1494787934844,0.04445947293472114
0.25,0.95,30,0.5,20,balanced,3,80,0.8125177830469089,0.8175085842890064,-0.6142390168227696,80,5.636132213620856,15.707224721141241,0.39168735849212044,0.011953167759659275,0.6083126415078796,0.11962687031877997,2.2997162787371566,1.087629861084018,0.12425476145753986,0.9880468322403407,0.0,-1.686638327981785,1298.3565479092008,0.04426723787776068
0.25,0.95,30,0.5,20,balanced,4,80,1.050645919076666,1.03836074627103,1.1692971516448112,80,5.376129960015285,15.707224721141241,0.3408969025599278,0.11781854902805165,0.6591030974400722,0.06220955538669681,1.371172350331283,1.0835043134861269,0.10423918402310814,0.8821814509719483,0.0017979435366877287,0.7287600288017073,117.60985353791521,0.02842412074135275
0.25,0.95,30,0.5,20,skewed,0,44,0.7381651869120339,0.7393928775820633,-0.16631652261537375,44,5.045388621995269,15.707224721141241,0.3330923728930615,0.02452905607806278,0.6669076271069385,0.0948558243393082,1.3980842325641205,1.0867633188684624,0.1075843862727245,0.9754709439219372,0.0,-0.5765008412815332,624.6445552720882,0.0421886249932431
0.25,0.95,30,0.5,20,skewed,1,44,0.6064464676676834,0.63634612095421,-4.930303807608419,44,5.611167417831957,15.707224721141241,0.584028752579371,0.00890703726904099,0.41597124742062896,0.24224777001881018,2.38068591932289,1.1438428651546475,0.2862109643975034,0.991092962730959,0.0,-1.1564051025815538,1747.7551081172187,0.041916635202112605
0.25,0.95,30,0.5,20,skewed,2,44,0.803162792182697,0.7933021386718165,1.2277278786885684,44,5.571610351598634,15.707224721141241,0.5423714199553984,0.8870517525192904,0.4576285800446016,0.1597041754185009,1.9941928289814854,1.0350660545208006,0.22017769127429504,0.11294824748070964,0.003789941984449492,1.0111353029934407,2.0,0.03349422347302457
0.25,0.95,30,0.5,20,skewed,3,44,0.7969430244191389,0.8004688618850794,-0.44242026818797137,44,5.252723039903712,15.707224721141241,0.5443069676743948,0.2609433257066655,0.4556930323256052,0.24228281307918523,2.428124352054599,1.0243320693496238,0.23293350607977234,0.7390566742933344,0.0045587149201709535,1.1802502785946338,44.486783608461415,0.05280150550664682
0.25,0.95,30,0.5,20,skewed,4,44,0.8827063007319407,0.8810554288309296,0.18702391720124725,44,5.417417951576328,15.707224721141241,0.46573774855383687,0.08180360792868863,0.5342622514461632,0.12203765569463165,1.634477866414217,1.0890586120778538,0.17525031973758548,0.9181963920713114,0.0011273402617983635,0.35603174222182926,176.30416840511106,0.03578440223163598
0.25,0.95,30,0.5,60,balanced,0,240,0.7994056295224526,0.8017893025628287,-0.2981806672790089,240,5.779609795264591,15.707224721141241,0.4525540918126062,0.055561017714222276,0.5474459081873938,0.1375812173765829,4.351177399329054,1.1168620298284573,0.1597469456441075,0.9444389822857777,0.0,-2.0259141612680396,266.99502529759036,0.04123268118470737
0.25,0.95,30,0.5,60,balanced,1,240,0.9941216056598225,0.9910435622295789,0.3096244375657319,240,5.827663312292459,15.707224721141241,0.258662537884491,0.0525454676865377,0.741337462115509,0.04790644332426933,2.065280434428866,1.1013906545590262,0.06594243687905464,0.9474545323134623,0.0,-1.3234597751139117,283.21912254906255,0.026328482178142723
0.25,0.95,30,0.5,60,balanced,2,240,0.885687632295425,0.882306270166107,0.38177818070628616,240,5.875601093871959,15.707224721141241,0.3616024493624235,0.056837201862362685,0.6383975506375765,0.09835478074468013,3.5028759785561143,1.1017913231590142,0.1062153318544699,0.9431627981376374,0.0,-1.0540851442686687,260.6474198860643,0.040084631801460185
0.25,0.95,30,0.5,60,balanced,3,240,0.881420054663758,0.8854184047956499,-0.45362595401998906,240,5.785300638333551,15.707224721141241,0.43345427061800856,0.048463397724590386,0.5665457293819913,0.13200320504719668,4.1971483420441515,1.119094586706375,0.14799646531199256,0.9515366022754096,0.0,-2.3051605731007725,308.39767626831986,0.04236960511651074
0.25,0.95,30,0.5,60,balanced,4,240,0.9071188804847292,0.9070268376633108,0.010146720942376156,240,5.70217720955363,15.707224721141241,0.35162641946179235,0.008890227362363723,0.6483735805382076,0.0920081439521124,3.2598236427449243,1.0951525734749465,0.10415739777618951,0.9911097726376363,0.0,-0.8977177491056058,1751.089515217917,0.0386791472166574
0.25,0.95,30,0.5,60,skewed,0,132,0.9879221546744388,0.9793368896331184,0.8690224225358728,132,5.537623284564775,15.707224721141241,0.5144242550309099,0.08741615642702003,0.4855757449690901,0.14394355484122903,3.0698620815976683,1.037022400294217,0.1983957599684903,0.91258384357298,0.0,-0.7967647450166623,163.97608970431654,0.03393955893647113
0.25,0.95,30,0.5,60,skewed,1,132,0.6715115404440556,0.6670870949253144,0.6588785526776545,132,5.4287382264088375,15.707224721141241,0.47986315891496645,0.04640359294668147,0.5201368410850336,0.14373226100931707,3.1185074969362057,1.1218843729353114,0.19065834333227108,0.9535964070533185,0.0,-0.5307173901125254,322.78433861941977,0.03888566128606816
0.25,0.95,30,0.5,60,skewed,2,132,0.7543711074373518,0.7657012908132182,-1.5019376092432568,132,5.353493362018208,15.707224721141241,0.4820137245394395,0.05688158652528129,0.5179862754605604,0.15636591348898282,3.30885826993008,1.0950737108609436,0.19034791229448159,0.9431184134747187,0.0,-1.2493966215775805,260.4317805465844,0.041954504092519405
0.25,0.95,30,0.5,60,skewed,3,132,0.8630382325319657,0.8650635375616111,-0.23467153056518517,132,5.268532754690075,15.707224721141241,0.34367083535972676,0.03974337358325265,0.6563291646402732,0.10645995665496696,2.4794517177613438,1.1576323889668816,0.11505422231995568,0.9602566264167474,0.0,-1.8793358246438783,379.50896618017833,0.045859539665516695
0.25,0.95,30,0.5,60,skewed,4,132,1.0197179512753387,1.0111399293969703,0.8412151485261274,132,5.667364065054698,15.707224721141241,0.40510505168556055,0.03847742110550194,0.5948949483144395,0.1038534203173126,2.531931437688762,1.1441147870946635,0.13747299935501694,0.9615225788944981,0.0,-1.6694593351323157,392.51204439446076,0.03675372540148993
0.25,0.95,60,0.1,20,balanced,0,80,0.19298068106053748,0.19298068106053748,0.0,78,0.9097231758217665,19.078604020260943,5.504100542951674e-07,0.18047246442793097,0.9999994495899457,0.0,-17.78613730591953,1.6528089702764799,1e-06,0.819527535572069,0.0,-2.67685299724621,86.63616017236582,0.0
0.25,0.95,60,0.1,20,balanced,1,80,0.14702867891924445,0.14702867891924445,0.0,79,1.1502728152100608,19.078604020260943,8.624134642084478e-07,0.05571846691624291,0.9999991375865358,0.0,-15.623227290487701,1.3337823108488764,1e-06,0.9442815330837571,0.0,-4.263998863816902,323.33218141897726,0.0
0.25,0.95,60,0.1,20,balanced,2,80,0.19813068622591437,0.19921315098309803,-0.5463387715466732,78,1.2777686613117734,19.078604020260943,1.0761138627093031e-06,0.0688628930481462,0.9999989238861373,0.0,-11.797657615023802,1.1873904150535535,1e-06,0.9311371069518538,0.0,-1.8243443716672199,257.97342176265147,0.0
0.25,0.95,60,0.1,20,balanced,3,80,0.3497966017541022,0.3387887998554585,3.1469150481861723,79,1.345576784091994,19.078604020260943,1.0592498507079793e-06,0.9051170562302142,0.9999989407501493,0.0,-14.776407648393485,1.270309698783998,1e-06,0.09488294376978579,0.0,-2.195946923203782,2.0,0.0
0.25,0.95,60,0.1,20,balanced,4,80,0.2704392640891873,0.2704392640891873,0.0,78,1.0048813221570303,19.078604020260943,6.168993646739538e-07,0.04284463166641588,0.9999993831006353,0.0,-7.2240107085495975,1.6289216034069933,1e-06,0.9571553683335842,0.0,-5.020468770953677,426.21881780857143,0.0
0.25,0.95,60,0.1,20,skewed,0,44,0.15582675033293525,0.1563260659089135,-0.32042994858803975,44,1.020566533762224,19.078604020260943,3.7797881612935013e-07,0.9051170562302142,0.9999996220211839,0.0,-28.703444053295005,2.7000617596678156,1e-06,0.09488294376978579,0.0,-8.137337963725718,2.0,0.0
0.25,0.95,60,0.1,20,skewed,1,44,0.11033569040175947,0.11033569040175947,0.0,43,1.0253244009549367,19.078604020260943,8.791924789710344e-07,0.18410333208079613,0.999999120807521,0.0,-10.999218658005885,1.1662104986199928,1e-06,0.8158966679192039,0.0,-1.395138933334638,84.55126407950844,0.0
0.25,0.95,60,0.1,20,skewed,2,44,0.17450247746703826,0.17450247746703826,0.0,43,1.0160200042023577,19.078604020260943,4.883304303448108e-07,0.09644122753605439,0.9999995116695697,0.0,-29.428100634163886,2.080598391620901,1e-06,0.9035587724639456,0.0,-1.5524351143237751,178.74762141977135,0.0
0.25,0.95,60,0.1,20,skewed,3,44,0.1717258257910038,0.1717258257910038,0.0,43,1.0631339483750168,19.078604020260943,5.965436733052143e-07,0.04659344006368559,0.9999994034563267,0.0,-12.391864037171304,1.7821550402380701,1e-06,0.9534065599363144,0.0,-2.3645603652613616,390.3911409520704,0.0
0.25,0.95,60,0.1,20,skewed,4,44,0.14713423074750706,0.15657774800829483,-6.41830063120629,42,1.0168701283889863,19.078604020260943,5.761965567821603e-07,0.09969715751652053,0.9999994238034432,0.0,-20.86816499372144,1.764796278776644,1e-06,0.9003028424834795,0.0,-2.103557793837591,172.28697244664568,0.0
0.25,0.95,60,0.1,60,balanced,0,240,0.21309261114485606,0.21309261114485606,0.0,237,1.1885582645261998,19.078604020260943,7.386850487098844e-07,0.07685686912685036,0.9999992613149513,0.0,-41.25863272939179,1.6090177926239786,1e-06,0.9231431308731497,0.0,-6.00608399073185,229.15690488099526,0.0
0.25,0.95,60,0.1,60,balanced,1,240,0.20965981559273417,0.2125246457982317,-1.3664183560394214,236,1.3000413429210496,19.078604020260943,8.413635022625227e-07,0.003442718439214548,0.9999991586364978,0.0,-28.30229656767478,1.5451588351666161,1e-06,0.9965572815607855,0.0,-7.222065535699621,5522.647899937961,0.0
0.25,0.95,60,0.1,60,balanced,2,240,0.22515356574713838,0.22515356574713838,0.0,232,1.2999160107581285,19.078604020260943,8.080373103322594e-07,0.07052923156218324,0.9999991919626896,0.0,-27.560045067809092,1.6087313590048162,1e-06,0.9294707684378167,0.0,-4.530657814347687,251.42773211414004,0.0
0.25,0.95,60,0.1,60,balanced,3,240,0.1365018688061608,0.1365018688061608,0.0,236,1.2711793665803062,19.078604020260943,7.504783075984159e-07,0.05822995049220332,0.9999992495216924,0.0,-42.88986383568818,1.6938243247238256,1e-06,0.9417700495077966,0.0,-7.234800070269437,308.563852464662,0.0
0.25,0.95,60,0.1,60,balanced,4,240,0.24221465656288393,0.24221465656288393,0.0,235,1.3373385409969127,19.078604020260943,8.352161525979127e-07,0.06751920247745914,0.9999991647838473,0.0,-45.430978311625,1.6011872134757608,1e-06,0.9324807975225409,0.0,-5.464148328613026,263.48699687868645,0.0
0.25,0.95,60,0.1,60,skewed,0,132,0.2900893452514229,0.2855319717369121,1.571024096235208,129,1.0794520396339973,19.078604020260943,8.450735850049144e-07,0.9051170562302142,0.999999154926415,0.0,-17.270045111006137,1.2773457206056023,1e-06,0.09488294376978579,0.0,-3.8584137068601145,2.0,0.0
0.25,0.95,60,0.1,60,skewed,1,132,0.14141755573722917,0.14141755573722917,0.0,129,1.1160864974018847,19.078604020260943,7.589282328393805e-07,0.03844716019724765,0.9999992410717672,0.0,-21.127656284397894,1.4706076307056914,1e-06,0.9615528398027523,0.0,-7.048630848369748,477.1506082903726,0.0
0.25,0.95,60,0.1,60,skewed,2,132,0.19876106782398456,0.19876106782398456,0.0,130,1.2067626490152072,19.078604020260943,6.798719309600785e-07,0.04716004733773996,0.999999320128069,0.0,-30.45442578287642,1.7749840427466412,1e-06,0.9528399526622601,0.0,-7.487057008618206,385.47154164919084,0.0
0.25,0.95,60,0.1,60,skewed,3,132,0.17836602532654708,0.17836602532654708,0.0,130,1.2192064711433928,19.078604020260943,8.106159157220392e-07,0.03636338087739032,0.9999991893840843,0.0,-17.40741712313165,1.504048291130745,1e-06,0.9636366191226097,0.0,-5.822704460978579,505.5866927680104,0.0
0.25,0.95,60,0.1,60,skewed,4,132,0.17072483046652634,0.17281325047182453,-1.223266703262393,128,1.105058747532217,19.078604020260943,6.641868446687292e-07,0.14296128258375917,0.9999993358131554,0.0,-27.04734250438067,1.6637758221210295,1e-06,0.8570387174162408,0.0,-1.7128808489195193,114.37433984993017,0.0
0.25,0.95,60,0.25,20,balanced,0,80,0.40913168534456273,0.4028225393048427,1.5420819911336392,80,3.116121217223257,19.078604020260943,0.042055449549699975,0.048920411520330144,0.9579445504503,0.0,-2.743492079277879,1.2777347522198765,0.01800158939458354,0.9510795884796699,0.0,-1.4929356040706363,370.9141091917351,0.0
0.25,0.95,60,0.25,20,balanced,1,80,0.3093723506147191,0.28919400369884773,6.52234980785363,80,3.2236745825316393,19.078604020260943,2.397743454958966e-06,0.9051170562302142,0.9999976022565451,0.0,-4.102401574474619,1.344458618485921,1e-06,0.09488294376978579,0.0,-0.7842927562287813,2.0,0.0
0.25,0.95,60,0.25,20,balanced,2,80,0.6137037352051018,0.6175447188881248,-0.6258693670390196,80,3.18242647202562,19.078604020260943,0.11211090926955061,0.04474753260838632,0.8878890907304494,0.0,-1.025937253478363,1.1813451143736566,0.0468713614431274,0.9552524673916136,0.0,-2.42594815402171,407.28242435709683,0.0
0.25,0.95,60,0.25,20,balanced,3,80,0.43168233583029875,0.43033298772873096,0.3125789474272657,80,3.2754822849680654,19.078604020260943,0.192653466903744,0.05910401169962648,0.8073465330962559,0.0,-0.8275268404209586,1.273478490741887,0.0927760177265351,0.9408959883003736,0.0,-2.4475839709218294,303.7185035131607,0.0
0.25,0.95,60,0.25,20,balanced,4,80,0.5494850590441162,0.5448253985335094,0.8480049518930826,80,2.797405751755275,19.078604020260943,2.109417616960482e-06,0.25539428029054073,0.999997890582383,0.0,-2.9796597371113323,1.3261479500109816,1e-06,0.7446057197094593,0.0010110171472107387,0.8003722073932612,55.62394608601712,0.0005605459993398094
0.25,0.95,60,0.25,20,skewed,0,44,0.37727924289232034,0.37857430703300116,-0.3432640849129456,44,2.829918831205865,19.078604020260943,1.95023638305381e-06,0.04023159893574843,0.999998049763617,0.0,-3.4746441903550704,1.451061695272095,1e-06,0.9597684010642515,0.0,-3.0544553878722844,455.1407788765084,0.0
0.25,0.95,60,0.25,20,skewed,1,44,0.2853681592767411,0.2855489647315583,-0.06335866456700608,44,3.287570387743829,19.078604020260943,0.08506611525753834,0.0018675480218664864,0.9149338847424617,0.0,-0.7486541148611692,1.2949612570646425,0.036622562665935714,0.9981324519781335,0.0,-4.305671895115987,10196.77865741347,0.0
0.25,0.95,60,0.25,20,skewed,2,44,0.5350572599018437,0.5237672553995458,2.11005538068375,44,2.9815783300566787,19.078604020260943,0.18168183971890334,0.0296187105627205,0.8183181602810967,0.0,-1.6822442328853724,1.3403036287465655,0.09980399609808203,0.9703812894372795,0.0,-2.5766815068906084,625.0616592724351,0.0
0.25,0.95,60,0.25,20,skewed,3,44,0.32725094930674253,0.3308723676144154,-1.1066181214583448,44,3.0489176342434625,19.078604020260943,2.5578712909604756e-06,0.03488377323970184,0.999997442128709,0.0,-1.975726225315925,1.1919715595072922,1e-06,0.9651162267602982,0.0,-1.6462804686174102,527.8405577677547,0.0
0.25,0.95,60,0.25,20,skewed,4,44,0.30138323833052727,0.29984891235055466,0.5090946624874704,44,2.4582231669846113,19.078604020260943,2.02021125357462e-06,0.06516313756084623,0.9999979797887464,0.0,-2.866544609022609,1.2168124468994561,1e-06,0.9348368624391538,0.0,-1.8574124178150586,273.70355372108867,0.0
0.25,0.95,60,0.25,60,balanced,0,240,0.5637155461178601,0.5585482569198714,0.9166483403862589,240,3.15172235442978,19.078604020260943,0.07235138087771976,0.062160484179762235,0.9276486191222802,0.0,-2.5163190125954342,1.2303751335915778,0.030447593168269595,0.9378395158202377,0.0,-3.558535807324217,287.84635436789165,0.0
0.25,0.95,60,0.25,60,balanced,1,240,0.42932234541779685,0.4230869675787901,1.4523767294103351,239,3.369722996991258,19.078604020260943,0.16252210194895983,0.045511038090969666,0.8374778980510402,0.0,-0.5926382351612667,1.125653724983729,0.0648260692885813,0.9544889619090303,0.0,-3.597236958890638,400.1296764440454,0.0
0.25,0.95,60,0.25,60,balanced,2,240,0.48987324327764536,0.49137190853214424,-0.3059291919010727,240,3.1818656910108523,19.078604020260943,0.13260676738066263,0.053691134969723886,0.8673932326193374,0.0,-2.349677090017818,1.2699866924379302,0.06101928057759884,0.9463088650302761,0.0,-3.2797616765576283,336.2613237167715,0.0
0.25,0.95,60,0.25,60,balanced,3,240,0.5334678364051842,0.5332026665656218,0.0497068091957245,240,3.1230425034510807,19.078604020260943,0.023701306025610977,0.026918405939237007,0.9762986939743891,0.0,-2.4909393664040507,1.2544534496943016,0.009751383314204207,0.973081594060763,0.0,-4.3921282884699595,689.6782244237089,0.0
0.25,0.95,60,0.25,60,balanced,4,240,0.4610230788176052,0.44711032778633414,3.017799253554365,240,3.1815479240046454,19.078604020260943,0.05168518888058406,0.9051170562302142,0.948314811119416,0.0,-2.661945923301915,1.1412134130533984,0.019549784543551534,0.09488294376978579,0.0,-1.7964964002956954,2.0,0.0
0.25,0.95,60,0.25,60,skewed,0,132,0.3838496722697501,0.388455379851202,-1.1998727403407143,132,2.987290880151109,19.078604020260943,2.3377726018167247e-06,0.007033357802079522,0.9999976622273982,0.0,-5.9287888289469795,1.2778333932006634,1e-06,0.9929666421979205,0.0,-5.933101321244149,2693.509686969294,0.0
0.25,0.95,60,0.25,60,skewed,1,132,0.36129572824306316,0.34330173219368626,4.980406532033883,132,2.900513632014577,19.078604020260943,0.009188847120036788,0.9051170562302142,0.9908111528799632,0.0,-2.587046327742776,1.2943699541880849,0.00413861115619976,0.09488294376978579,0.0,-3.321468378293969,2.0,0.0
0.25,0.95,60,0.25,60,skewed,2,132,0.35964296952260855,0.35711585656577366,0.7026726979229947,132,3.1454568720386007,19.078604020260943,0.02972082357588721,0.0087536716638389,0.9702791764241128,0.0,-2.2537518517997013,1.2030474592124698,0.01171556391872114,0.9912463283361611,0.0,-3.9963003783765787,2160.418726119955,0.0
0.25,0.95,60,0.25,60,skewed,3,132,0.32910292550252407,0.3288316091920812,0.08244117247775078,132,2.9654194189704226,19.078604020260943,0.042086417947938035,0.04476964581946157,0.9579135820520619,0.0,-1.661025270989784,1.2051013917146032,0.017854724341499147,0.9552303541805385,0.0,-2.303818786188643,407.0718305218722,0.0
0.25,0.95,60,0.25,60,skewed,4,132,0.5959950456292473,0.5929259535512329,0.514952615885271,132,3.0483542942182367,19.078604020260943,0.135071192782657,0.03755190981084856,0.864928807217343,0.0,-1.9346239212117704,1.1752319022634286,0.0602063673583895,0.9624480901891515,0.0,-3.1131605480646183,488.9808826040179,0.0
0.25,0.95,60,0.5,20,balanced,0,80,0.7694328377180625,0.7715966002574192,-0.2812152579520573,80,5.85836812247293,19.078604020260943,0.43242726666337356,0.05260871708439188,0.5675727333366264,0.10709707092760648,2.242952909316967,1.102615094020201,0.1433966678956051,0.9473912829156081,0.0,-1.0661822889647594,343.5723990379612,0.0345001227289858
0.25,0.95,60,0.5,20,balanced,1,80,0.8163395338922147,0.8171921775663934,-0.10444718634578315,80,6.771231709431838,19.078604020260943,0.4027609633229241,0.047752158085740154,0.5972390366770759,0.12307449344492574,2.6288130467720636,1.044999204380581,0.10407629776416821,0.9522478419142598,0.0,-1.202758928753237,380.45525549672357,0.043899990832135916
0.25,0.95,60,0.5,20,balanced,2,80,0.8454925099420175,0.8393620098521442,0.7250803546791668,80,6.250937560331542,19.078604020260943,0.2826930124103244,0.12649381122201003,0.7173069875896756,0.03626411942804472,0.9841648796407324,1.067634438418931,0.06731126597448436,0.87350618877799,0.0011007738578860046,0.5759887999782513,131.74777899365563,0.019498857339954368
0.25,0.95,60,0.5,20,balanced,3,80,0.7938606155651932,0.78009712239245,1.7337417807210627,80,6.448197660071315,19.078604020260943,0.49858238329926197,0.014381863302668373,0.501417616700738,0.13985462355245104,2.8163044862299484,1.0344158974088544,0.15951258885697553,0.9856181366973317,0.0,-3.2903486703743257,1307.4952632700192,0.03516219719517767
0.25,0.95,60,0.5,20,balanced,4,80,0.7156136691459114,0.7180785809438979,-0.3444472771081013,80,6.637859767301467,19.078604020260943,0.4410974104133143,0.0635594491710294,0.5589025895866857,0.12185390691950998,2.5130810028363464,1.093610120041914,0.1300271311478215,0.9364405508289706,0.0,-1.8416512049357177,281.0908321389975,0.0380637613638708
0.25,0.95,60,0.5,20,skewed,0,44,0.7177346497082991,0.722361835731949,-0.6446931363186159,44,6.248292265525283,19.078604020260943,0.3530709967641217,0.013890796620607427,0.6469290032358783,0.07755017954527293,1.2992201044301483,1.1338364316265046,0.09903642931387933,0.9861092033793926,0.0,-4.241792170083879,1354.3922300395543,0.03245607897968661
0.25,0.95,60,0.5,20,skewed,1,44,1.1341626091888424,1.1444788023977561,-0.909586784587435,44,6.221151612057609,19.078604020260943,0.3472109746129085,0.014850840621148787,0.6527890253870914,0.08215299428330425,1.4312305454059138,1.0934456721581731,0.09348614769818596,0.9851491593788512,0.0,-2.0249685788524094,1265.603152855608,0.035008143947807185
0.25,0.95,60,0.5,20,skewed,2,44,0.9739069500207586,0.9733390861293143,0.058307817952438855,44,6.126513928794857,19.078604020260943,0.550223987674648,0.05333078321910119,0.449776012325352,0.18535292845916115,2.404503295682838,0.9755429013508609,0.19485883908513799,0.9466692167808988,0.0,-0.18445606215947447,338.66232661410606,0.03749661221793394
0.25,0.95,60,0.5,20,skewed,3,44,1.1057615281048532,1.1079425744982947,-0.1972438304287527,44,6.260800825430117,19.078604020260943,0.5168454748651041,0.0010525668056698958,0.4831545251348959,0.16399159120019235,2.1555953366665666,1.0631472634515813,0.1816528154075762,0.9989474331943301,0.0,-1.1122069655792237,18106.71057866117,0.03828191747007416
0.25,0.95,60,0.5,20,skewed,4,44,0.7792730228281073,0.7740091402787377,0.6754863052061171,44,6.220268010964981,19.078604020260943,0.39325864482811596,0.044975901916712524,0.6067413551718841,0.104087288534914,1.6075235658278906,1.1197087827334462,0.11668475757572332,0.9550240980832875,0.0,-2.7400027685539463,405.1175367395434,0.03831818146697666
0.25,0.95,60,0.5,60,balanced,0,240,0.8059951282106814,0.7921283867479284,1.7204497865312594,240,6.593128636174701,19.078604020260943,0.3166549535073562,0.9051170562302142,0.6833450464926438,0.051456279787517684,2.345233008879057,1.1086436897456615,0.07791960368513492,0.09488294376978579,0.0,-3.06611780834654,2.0,0.024028047696943704
0.25,0.95,60,0.5,60,balanced,1,240,0.7900726148643556,0.795303048550879,-0.6620193622862512,240,6.2364014413665085,19.078604020260943,0.40222236638042236,0.013668395241713144,0.5977776336195777,0.1070796311231503,3.87963184007345,1.1050849794877364,0.11923077894109002,0.9863316047582869,0.0,-0.9119735478436057,1376.7402673887946,0.038263631854561095
0.25,0.95,60,0.5,60,balanced,2,240,0.9781030455598284,0.9646739175888095,1.372976807707679,240,6.290413942752748,19.078604020260943,0.40739020135435267,0.03158781281711503,0.5926097986456473,0.1241297249758172,4.318950695522672,1.099730400092295,0.12018539668832671,0.968412187182885,0.0,-2.897825945089955,584.9076273380464,0.04359266795170674
0.25,0.95,60,0.5,60,balanced,3,240,0.8614054507246641,0.8539787958852679,0.8621555427990923,240,6.110107683022148,19.078604020260943,0.41256300210484065,0.05843092012298455,0.5874369978951594,0.11344402267277065,4.032860731739107,1.0925558833574058,0.12558097546773822,0.9415690798770154,0.0,-2.9228501111278327,307.4369459677347,0.039147515926591187
0.25,0.95,60,0.5,60,balanced,4,240,0.8596363053348016,0.8532395680954707,0.7441213452286132,240,6.467464240825402,19.078604020260943,0.42787195408220435,0.07156669399742425,0.5721280459177956,0.10946026064566447,4.033827884208539,1.0903392370701424,0.12608057702964567,0.9284333060025758,0.0,-2.519310007433632,247.50635267688085,0.03582968194860471
0.25,0.95,60,0.5,60,skewed,0,132,0.6546399572015723,0.6639312025365489,-1.4192908991828783,132,5.836635138437654,19.078604020260943,0.4812013686917374,0.06799169295754912,0.5187986313082626,0.1514326131003154,3.267650299673438,1.1952242406335172,0.18994363842477138,0.9320083070424509,0.0,-1.861795418964093,261.52338116891127,0.04075839368670862
0.25,0.95,60,0.5,60,skewed,1,132,0.84265668600275,0.8454813231121504,-0.3352061588450006,132,6.187345278080624,19.078604020260943,0.5173317556950312,0.03719724464683225,0.48266824430496885,0.17037715563218161,3.950396626146568,1.032667189648707,0.1788860353506524,0.9628027553531677,0.0,-2.527811775921542,493.82508552454226,0.03969253322273254
0.25,0.95,60,0.5,60,skewed,2,132,0.7128415581716949,0.7061490373776215,0.9388510977444294,132,6.190421946878525,19.078604020260943,0.3707461195987155,0.027577764554858487,0.6292538804012845,0.0918076861679514,2.6665027526436966,1.0795700953770608,0.10275013310744675,0.9724222354451415,0.0,-2.601945942170361,672.732510049889,0.03635221236129687
0.25,0.95,60,0.5,60,skewed,3,132,0.6292948244169679,0.6221421616867316,1.136615534199431,132,5.913808150847585,19.078604020260943,0.5054629153241318,0.003981669573915516,0.4945370846758682,0.1688380233877005,3.7796875828829375,1.1128082988275367,0.19232850402964546,0.9960183304260845,0.0,-2.5720004333819837,4772.530459988363,0.04129219672973313
0.25,0.95,60,0.5,60,skewed,4,132,0.672888277216586,0.6657418943743039,1.0620459717091848,132,6.023697680511239,19.078604020260943,0.475605176618485,0.039024852118763505,0.524394823381515,0.15712985045295833,3.612633665815283,1.0748304301652645,0.16183249542970451,0.9609751478812365,0.0,-1.130984001104897,469.8048377977742,0.04320912670099683
0.25,0.95,120,0.1,20,balanced,0,80,0.17322966806751902,0.17322966806751902,0.0,80,0.9693097006822151,19.95755147242602,6.043931742508794e-07,0.1600303240770716,0.9999993956068257,0.0,-34.31706251040681,1.6037724384222456,1e-06,0.8399696759229284,0.0,-2.505267232570919,104.7535093063695,0.0
0.25,0.95,120,0.1,20,balanced,1,80,0.28692521408636246,0.28692521408636246,0.0,80,1.1795921964421665,19.95755147242602,6.037369833095135e-07,0.018284297131979453,0.9999993962630167,0.0,-36.853275356540614,1.9538168388300963,1e-06,0.9817157028680206,0.0,-8.3311657516932,1071.5556375973372,0.0
0.25,0.95,120,0.1,20,balanced,2,80,0.17057419121984221,0.17057419121984221,0.0,80,1.284162397126497,19.95755147242602,8.266420807986278e-07,0.0499154977854781,0.9999991733579192,0.0,-21.225981487517767,1.5534671720838218,1e-06,0.9500845022145219,0.0,-4.67907726242748,379.86920289948495,0.0
0.25,0.95,120,0.1,20,balanced,3,80,0.2659455364547898,0.2659455364547898,0.0,80,0.9398524962377057,19.95755147242602,5.258796721067228e-07,0.09539488359911998,0.999999474120328,0.0,-49.18727887740699,1.7871997184590118,1e-06,0.90460511640088,0.0,-5.368589397084128,189.25232142069555,0.0
0.25,0.95,120,0.1,20,balanced,4,80,0.17729928109078089,0.17729928109078089,0.0,80,1.1026290370714062,19.95755147242602,6.310091339671174e-07,0.07263033051590721,0.999999368990866,0.0,-20.704867494445917,1.7474047235265806,1e-06,0.9273696694840928,0.0,-5.441557181091799,254.82505423325767,0.0
0.25,0.95,120,0.1,20,skewed,0,44,0.17434590126938154,0.17819621180383477,-2.208431919775458,44,1.104472599260052,19.95755147242602,6.581102286815254e-07,0.014566660444758128,0.9999993418897712,0.0,-26.156237203162146,1.6782475391421707,1e-06,0.9854333395552419,0.0,-2.418952384428317,1350.1266588455144,0.0
0.25,0.95,120,0.1,20,skewed,1,44,0.13459122102850374,0.13674113844835387,-1.5973682409752552,44,0.9290053383819101,19.95755147242602,0.04840081068255083,0.14759007710365118,0.9515991893174491,0.0,-13.318339220672883,1.1643097877172062,0.06374594637030116,0.8524099228963489,0.0,-2.524247570162902,115.2653026928307,0.0
0.25,0.95,120,0.1,20,skewed,2,44,0.08401693530247747,0.08439877213344064,-0.4544760286583677,44,1.0033287053029478,19.95755147242602,5.519480966314866e-07,0.10100942724177311,0.9999994480519034,0.0,-17.775518460618162,1.8177943857550953,1e-06,0.8989905727582269,0.0,-2.786747408381747,177.62352603092648,0.0
0.25,0.95,120,0.1,20,skewed,3,44,0.0931985519438062,0.0931985519438062,0.0,44,1.1332901306667682,19.95755147242602,8.32503610123515e-07,0.07162963866439154,0.99999916749639,0.0,-19.071583365107546,1.3613024296593352,1e-06,0.9283703613356085,0.0,-3.960261646379377,258.6638662054395,0.0
0.25,0.95,120,0.1,20,skewed,4,44,0.227922577516727,0.227922577516727,0.0,44,1.0159381979128843,19.95755147242602,7.300916884486273e-07,0.08641386460296473,0.9999992699083116,0.0,-19.860836916479222,1.3915203681378938,1e-06,0.9135861353970353,0.0,-2.5363435160798136,210.99556657318567,0.0
0.25,0.95,120,0.1,60,balanced,0,240,0.2958569565958933,0.2880493356291274,2.638985088131702,240,1.1736426326015534,19.95755147242602,7.330031212653799e-07,0.9089151628535826,0.9999992669968787,0.0,-54.20780103298005,1.6011415753416123,1e-06,0.09108483714641735,0.0,-5.660031135130477,2.0,0.0
0.25,0.95,120,0.1,60,balanced,1,240,0.20111829312054758,0.20111829312054758,0.0,240,1.1643811402912756,19.95755147242602,7.346704559208524e-07,0.07977538001264996,0.999999265329544,0.0,-56.46933944741341,1.584901468909966,1e-06,0.9202246199873501,0.0,-6.581525108846236,230.2142618020624,0.0
0.25,0.95,120,0.1,60,balanced,2,240,0.21538778047404367,0.21538778047404367,0.0,240,1.2984201408023903,19.95755147242602,7.842704322099275e-07,0.07414966451837357,0.9999992157295678,0.0,-71.62323525982531,1.6555757671734708,1e-06,0.9258503354816264,0.0,-6.320828808835899,249.194731306692,0.0
0.25,0.95,120,0.1,60,balanced,3,240,0.1627779486332322,0.16897940037674763,-3.8097615774040863,240,1.2126489605727464,19.95755147242602,8.16486360336522e-07,0.05608902262491593,0.9999991835136397,0.0,-98.83154195023677,1.485202973528696,1e-06,0.9439109773750841,0.0,-6.037014525643196,335.861654112384,0.0
0.25,0.95,120,0.1,60,balanced,4,240,0.21853082934916432,0.21958266611899827,-0.48132191369362476,240,1.1753099040158923,19.95755147242602,7.174523683864737e-07,0.06142679390811419,0.9999992825476316,0.0,-52.74415951745113,1.638170159532064,1e-06,0.9385732060918858,0.0,-6.332766363755099,304.9422227576876,0.0
0.25,0.95,120,0.1,60,skewed,0,132,0.1991591878836073,0.1991591878836073,0.0,132,1.1367777361795672,19.95755147242602,6.842094594059412e-07,0.05459000412489796,0.9999993157905406,0.0,-35.28033908510674,1.6614458376094836,1e-06,0.945409995875102,0.0,-5.6613929051590866,345.63229949671097,0.0
0.25,0.95,120,0.1,60,skewed,1,132,0.1313538435669886,0.1313538435669886,0.0,131,1.0858281461015618,19.95755147242602,8.652190352611668e-07,0.04939255279319138,0.9999991347809647,0.0,-23.381412486858267,1.2549737837920822,1e-06,0.9506074472068087,0.0,-3.4736629291520345,384.1023795052073,0.0
0.25,0.95,120,0.1,60,skewed,2,132,0.12035468512073855,0.12406929580902128,-3.0863864456595698,132,1.1706146516049178,19.95755147242602,7.340745537905025e-07,0.06769278493279801,0.9999992659254462,0.0,-24.745543365758706,1.5946797041651308,1e-06,0.932307215067202,0.0,-4.249196086489748,274.86783489982724,0.0
0.25,0.95,120,0.1,60,skewed,3,132,0.17074488209600427,0.17074488209600427,0.0,131,0.9787534850779739,19.95755147242602,6.262117920393869e-07,0.11421048688388201,0.9999993737882079,0.0,-55.34674996578373,1.5629741958856749,1e-06,0.885789513116118,0.0,-3.624731549226824,154.78604709673948,0.0
0.25,0.95,120,0.1,60,skewed,4,132,0.16084851317890544,0.16082866964008002,0.012336787224976803,132,0.9047789825820189,19.95755147242602,6.47915976595092e-07,0.2282487555949247,0.9999993520840234,0.0,-50.688605345174146,1.3964440282555164,1e-06,0.7717512444050754,0.0,-1.9697403879717101,67.48017155220629,0.0
0.25,0.95,120,0.25,20,balanced,0,80,0.4304516836845402,0.4313225401276273,-0.20231223993197617,80,3.009218580967326,19.95755147242602,2.22194434019248e-06,0.10965594036819258,0.9999977780556598,0.0,-2.4971309092601235,1.3543147053896025,1e-06,0.8903440596318074,2.875047836153194e-05,0.02871580973173478,162.04400179878206,2.2790864858184546e-05
0.25,0.95,120,0.25,20,balanced,1,80,0.5274146357548658,0.5296136330698352,-0.41693900128920197,80,3.434456267473087,19.95755147242602,2.827147878893098e-06,0.03878442539983787,0.9999971728521211,0.0,-1.067167199851697,1.214809661369195,1e-06,0.9612155746001622,0.0,-4.441762322437051,494.61888653532765,0.0
0.25,0.95,120,0.25,20,balanced,2,80,0.48510843607638193,0.4841626464418991,0.19496458196697122,80,3.219033094196083,19.95755147242602,0.0745556517556124,0.028398373707950463,0.9254443482443876,0.0,-2.300483124568155,1.3598514459416822,0.034032809749873334,0.9716016262920495,0.0,-1.068918476560879,682.8133775135062,0.0
0.25,0.95,120,0.25,20,balanced,3,80,0.5352583723056262,0.5352066940169893,0.009654830510047478,80,2.9972545726139264,19.95755147242602,0.12622020338629963,0.03745780754458409,0.8737797966137004,0.0,-1.170076716098774,1.328483468994434,0.0640264497433712,0.962542192455416,0.0,-5.394985112929634,512.8432924817103,0.0
0.25,0.95,120,0.25,20,balanced,4,80,0.4798488139247999,0.4790221267981852,0.17228074814920072,80,3.0031884946856504,19.95755147242602,0.07147841098376473,0.08599700068063879,0.9285215890162353,0.0,-1.730546016686881,1.1613450514056163,0.029768823304338846,0.9140029993193612,0.0,-0.9765402806840127,212.11509425321995,0.0
0.25,0.95,120,0.25,20,skewed,0,44,0.49662008348504677,0.49708612257255347,-0.09384217493506386,44,2.479817395700125,19.95755147242602,0.22556988122108407,0.06667810835258338,0.774430118778916,0.0,-0.4752265109291114,1.266889170470169,0.14880541449944157,0.9333218916474166,0.0,-1.4170088716544966,279.3543511222549,0.0
0.25,0.95,120,0.25,20,skewed,1,44,0.3319841119898778,0.3365229421285269,-1.3671829387990335,44,2.5546756657606187,19.95755147242602,0.03598753115754094,0.03644378218507594,0.9640124688424591,0.0,-0.8216015887234314,1.346411402669704,0.019674877444180262,0.9635562178149241,0.0,-3.966308544455971,527.6681414667337,0.0
0.25,0.95,120,0.25,20,skewed,2,44,0.4990566559275117,0.4971031145713938,0.391446809278037,44,2.9577598736715043,19.95755147242602,0.1526071790974179,0.04691604237574498,0.8473928209025821,0.0,-0.05065853259610659,1.3310094943193171,0.08104242524724901,0.953083957624255,0.0,-3.6165839216576283,405.43108878389336,0.0
0.25,0.95,120,0.25,20,skewed,3,44,0.45454357000497936,0.4501071721950455,0.9760115647187088,44,2.9116438677052505,19.95755147242602,0.08276748673357437,0.025017859516642982,0.9172325132664256,0.028753477117298698,0.2746897288003924,1.1672211187588806,0.03617394535646992,0.974982140483357,0.0,-2.2075948459903842,777.7746229827618,0.024190745500170974
0.25,0.95,120,0.25,20,skewed,4,44,0.2794876730963508,0.278767892852912,0.25753559556477834,44,2.8256561886821565,19.95755147242602,0.020008401953521826,0.013855720690087425,0.9799915980464782,0.0,-5.570098475496984,1.2931550431958447,0.009343755929414244,0.9861442793099126,0.0,-1.0570707124473302,1420.4259492359802,0.0
0.25,0.95,120,0.25,60,balanced,0,240,0.5026517453518097,0.5016157964818607,0.2060967418354206,240,3.212993333668658,19.95755147242602,0.11192998920045824,0.0006289440547257547,0.8880700107995418,0.0,-4.0346103056745,1.1968892889533562,0.04695089101113284,0.9993710559452742,0.0,-2.7524329778423318,31711.88142922726,0.0
0.25,0.95,120,0.25,60,balanced,1,240,0.5228241787135858,0.5226292452850319,0.037284700381217735,240,3.1207305824067673,19.95755147242602,0.08913593504611603,0.03351802921427564,0.910864064953884,0.0,-3.0234784044592913,1.2307119025830577,0.038592190156533784,0.9664819707857244,0.0,-5.7686042066372,575.4698033055188,0.0
0.25,0.95,120,0.25,60,balanced,2,240,0.5487581133218782,0.5455483719995081,0.5849100440520257,240,2.8877616719900536,19.95755147242602,2.2763926683333363e-06,0.015613316951728455,0.9999977236073316,0.0,-4.592417538623854,1.268566332358817,1e-06,0.9843866830482716,0.0,-4.839975882524617,1258.281501390498,0.0
0.25,0.95,120,0.25,60,balanced,3,240,0.51797210106235,0.5146085941771287,0.6493606274011426,240,3.0567336601069903,19.95755147242602,2.374728561226091e-06,0.04741485940655525,0.9999976252714389,0.0,-7.374302686480396,1.2871898080169157,1e-06,0.9525851405934448,0.0,-5.141398162227242,400.9558862602782,0.0
0.25,0.95,120,0.25,60,balanced,4,240,0.4058431707096538,0.4021374218451476,0.9130987366440977,240,3.1916350683177934,19.95755147242602,0.09489725021164705,0.07402609613352325,0.905102749788353,0.0,-4.580551805715568,1.25843575503814,0.04134030520633366,0.9259739038664767,0.0,-3.6235734876963637,249.64401493231784,0.0
0.25,0.95,120,0.25,60,skewed,0,132,0.3767213365506678,0.3870554909756913,-2.7431826717448455,132,2.5735885595742527,19.95755147242602,1.909151388969206e-06,0.060335255010515065,0.999998090848611,0.0,-3.3194837306868132,1.3480249187285953,1e-06,0.9396647449894849,0.0,-3.7559876767580875,310.82005888072274,0.0
0.25,0.95,120,0.25,60,skewed,1,132,0.44785360231217175,0.44272018114856565,1.1462275031624958,132,2.6189048551901504,19.95755147242602,0.1551389026349141,0.12029257794164681,0.844861097365086,0.0,-4.15651624286466,1.2471510855073276,0.08744495338170648,0.8797074220583532,0.0,-1.4063534410568588,145.95086793236305,0.0
0.25,0.95,120,0.25,60,skewed,2,132,0.44186995866671036,0.4395639599668738,0.5218727036331295,132,2.7147882669862353,19.95755147242602,0.05093170324331113,0.0906305762728152,0.9490682967566889,0.0,-1.609065657532217,1.2327736189229284,0.02436912351629829,0.9093694237271848,0.0,-0.992613229942303,200.25015649083363,0.0
0.25,0.95,120,0.25,60,skewed,3,132,0.4424198686472824,0.435544685269087,1.5539951673546075,132,2.8434150885170517,19.95755147242602,0.0787816164608001,0.02137991484218451,0.9212183835391998,0.0,-4.2780539483428015,1.1199203291889797,0.03368299896172713,0.9786200851578155,0.0,-3.2830360872549416,913.5144300458522,0.0
0.25,0.95,120,0.25,60,skewed,4,132,0.3905966048052427,0.38627694909734606,1.1059122518616127,132,3.025474087168395,19.95755147242602,0.15585945816640234,0.04344676041402455,0.8441405418335977,0.0,-2.1296283883015636,1.2246038142245508,0.07473457130750201,0.9565532395859755,0.0,-2.3214807390281282,439.3989409850358,0.0
0.25,0.95,120,0.5,20,balanced,0,80,1.0004279866231856,0.9901534354309186,1.0270155703008026,80,6.3267257692639,19.95755147242602,0.5053056866048389,0.03152390790418917,0.4946943133951611,0.15036607507221225,2.876058544097379,1.0651622481138734,0.17197124984924736,0.9684760920958109,0.0,-4.362377491081721,613.1350058679628,0.03679795634939944
0.25,0.95,120,0.5,20,balanced,1,80,0.8749242789908414,0.8850056082480845,-1.1522516290062486,80,5.983402869210217,19.95755147242602,0.5132826808850337,0.04931985063342204,0.4867173191149663,0.18975999617041492,3.0767237710098683,1.1236591986988747,0.19804848471010636,0.950680149366578,0.0,-2.42671380286782,384.6980023483636,0.044952956851128274
0.25,0.95,120,0.5,20,balanced,2,80,0.7225533469787896,0.7294634980462827,-0.9563516792755233,80,6.249622304977077,19.95755147242602,0.5302341138401141,0.037712126930865356,0.46976588615988596,0.18266707484760958,3.166084593407018,1.0729807248354752,0.19378710722721962,0.9622878730691347,0.0,-7.069187213804476,509.25024179292365,0.040310967848755985
0.25,0.95,120,0.5,20,balanced,3,80,0.8728626941246413,0.8728352473806693,0.0031444514878210482,80,6.223962874575228,19.95755147242602,0.5772239871805436,0.05949425530559525,0.4227760128194565,0.2170297895585349,3.3821321774023128,1.0407319386038696,0.22833561622870913,0.9405057446944047,0.0,-1.1742950386032347,315.495869532897,0.038791808444863456
0.25,0.95,120,0.5,20,balanced,4,80,0.6793148644615384,0.6757399486233342,0.5262531449297685,80,5.960555139219164,19.95755147242602,0.2211457470809507,0.04471976740409532,0.7788542529190493,0.043620772473683955,1.0796939303409077,1.2200962601032557,0.05812086252632144,0.9552802325959047,0.0,-2.73602780236644,426.3227543280545,0.026460968974104347
0.25,0.95,120,0.5,20,skewed,0,44,0.8191659220686757,0.8296978861546122,-1.2856936308262987,44,5.650207728208194,19.95755147242602,0.3272219075368158,0.03345932328007889,0.6727780924631843,0.10253723324621,1.5249141161823572,1.1021280044770994,0.09487637912935952,0.9665406767199212,0.0,-0.9205854107105251,576.5145082093192,0.04641146497178534
0.25,0.95,120,0.5,20,skewed,1,44,0.7374117006015306,0.7266391901085362,1.4608542940404865,44,6.155213247830641,19.95755147242602,0.3053970934079515,0.030191388228403757,0.6946029065920485,0.07981367349166563,1.3099298059472693,1.0831240809916047,0.07737751513316309,0.9698086117715963,0.0,-1.3317288877124511,641.077023070594,0.03850795828137017
0.25,0.95,120,0.5,20,skewed,2,44,0.767041573730392,0.7578955355204823,1.1923784216061823,44,6.225382312822491,19.95755147242602,0.4659005697762403,0.03870531217348207,0.5340994302237598,0.1292329694856461,1.919594590426203,1.0910781508822198,0.15288408485653837,0.961294687826518,0.0,-2.004352343961551,495.67067503492694,0.036865281364455854
0.25,0.95,120,0.5,20,skewed,3,44,0.7217223127964897,0.7132921139530872,1.1680668165485408,44,5.508662274014948,19.95755147242602,0.3226588013869322,0.044661332265456016,0.6773411986130677,0.08979117805897435,1.3623004400541627,1.128359852125525,0.09757478451992109,0.955338667734544,0.0,-2.4931501601211457,426.9066699933203,0.04119539329258368
0.25,0.95,120,0.5,20,skewed,4,44,0.9712187134173158,0.9631058960200625,0.835323422538647,44,5.499181948424374,19.95755147242602,0.17469579136465474,0.9089151628535826,0.8253042086353453,0.0,-0.01906826529214661,1.0655779147493827,0.04102086127452674,0.09108483714641735,0.0,-1.6100187510722093,2.0,0.0
0.25,0.95,120,0.5,60,balanced,0,240,0.9413000329091276,0.9358539598321911,0.5785693069727337,240,6.233958370051617,19.95755147242602,0.47676598445181984,0.04538558396433603,0.52323401554818,0.13634004902880947,4.659877502627524,1.042188154363262,0.152332628767831,0.954614416035664,0.0,-3.1429867953430044,419.7757234835303,0.03732633809034181
0.25,0.95,120,0.5,60,balanced,1,240,0.861103557699092,0.8591602744441094,0.22567358334636894,240,6.273433076350939,19.95755147242602,0.4749674913116544,0.016785900671428707,0.5250325086883456,0.1487382952080338,4.804161350642354,1.0718183383849302,0.1545587600113037,0.9832140993285713,0.0,-5.797537325591024,1168.9897599099045,0.041001069825131325
0.25,0.95,120,0.5,60,balanced,2,240,0.9249836296115942,0.927063514691928,-0.22485642056251412,240,6.256243203318199,19.95755147242602,0.4810371535818192,0.031587930811616934,0.5189628464181808,0.13820152239352615,4.6198010354871055,1.0764775077937117,0.15949017650066688,0.9684120691883831,0.0,-5.7342371068190525,611.8518440669087,0.03722077066474497
0.25,0.95,120,0.5,60,balanced,3,240,0.834816470449912,0.8302484105507157,0.5471933126492339,240,6.215405393238578,19.95755147242602,0.4249262572697071,0.0033857388028899304,0.575073742730293,0.11418069582245696,3.987040536451424,1.1116914405191591,0.13216147924993746,0.99661426119711,0.0,-3.045253936448651,5874.635219650691,0.03776067617290855
0.25,0.95,120,0.5,60,balanced,4,240,0.9123253851156763,0.911491196836282,0.09143539059680225,240,6.243227994402581,19.95755147242602,0.4007949264682874,0.030929353122984435,0.5992050735317126,0.09179829252951491,3.520742262717529,1.080429585357555,0.11575347451095286,0.9690706468770156,0.0,-3.5466784936010405,625.3049405386023,0.0329598758477387
0.25,0.95,120,0.5,60,skewed,0,132,0.8552947259438459,0.8397396454088877,1.8186807498190403,132,5.756608359013514,19.95755147242602,0.30148450178378483,0.05610726500390552,0.6985154982162152,0.05945822064106909,1.8189534295615764,1.0897181905553346,0.08170271374931018,0.9438927349960945,0.0,-1.9290528917474352,335.7459651940309,0.029011086976469494
0.25,0.95,120,0.5,60,skewed,1,132,0.8565704196084675,0.8525722971901465,0.4667593377960094,132,6.159251218566604,19.95755147242602,0.45682124798756196,0.002979009828584782,0.543178752012438,0.12213889150077853,3.113756510383181,1.0776035476454349,0.1471413270891494,0.9970209901714152,0.0,-2.87097594816071,6679.433394111368,0.0360362440966302
0.25,0.95,120,0.5,60,skewed,2,132,0.8190023964190206,0.803710607130093,1.8671238760458975,132,5.7943034393219754,19.95755147242602,0.4339191940500211,0.03385290824576118,0.5660808059499789,0.11017790247215162,2.7591612848093043,1.0919001723489907,0.14444820767295183,0.9661470917542389,0.0,-3.569817885029575,569.5797292699149,0.03530623107383237
0.25,0.95,120,0.5,60,skewed,3,132,0.7145595119514906,0.72076740242071,-0.8687716509805373,132,5.866499194165543,19.95755147242602,0.37226365143442197,0.036933032709874136,0.627736348565578,0.10447032210217413,2.764494856621316,1.1147728104029988,0.11268887170774855,0.9630669672901259,0.0,-3.4007911106564244,520.4137640705384,0.0411668358235455
0.25,0.95,120,0.5,60,skewed,4,132,0.7929876435576082,0.7956551489059226,-0.3363867482659716,132,5.829923642017491,19.95755147242602,0.39571733508925644,0.9089151628535826,0.6042826649107436,0.10191442523629768,2.763676162216188,1.055069316200409,0.11851230679204262,0.09108483714641735,0.0,-2.9632051687576615,2.0,0.037214820719262666
0.25,0.9,30,0.1,20,balanced,0,80,0.14539647035263173,0.14711715982910736,-1.1834465254228155,72,0.5163783932844661,9.57608841724784,3.9827695970688555e-07,0.2728546009983371,0.9999996017230404,0.0,-20.77303045640581,1.2965304043686376,1e-06,0.727145399001663,0.0,-3.1143793762331624,25.519850526828098,0.0
0.25,0.9,30,0.1,20,balanced,1,80,0.17040323718038614,0.17040323718038614,0.0,72,0.3741661860312313,9.57608841724784,1.478703116030834e-07,0.055672067344673545,0.9999998521296884,0.0,-45.21055189170236,2.5303668233152714,1e-06,0.9443279326553264,0.0,-2.5519914653476485,162.43276402864643,0.0
0.25,0.9,30,0.1,20,balanced,2,80,0.24188222021292385,0.24188222021292385,0.0,73,0.48250419683306695,9.57608841724784,2.1982588187554367e-07,0.16903234164631034,0.9999997801741181,0.0,-59.65890150755422,2.1949375871913475,1e-06,0.8309676583536897,0.0,-5.304615255858697,47.07631504578416,0.0
0.25,0.9,30,0.1,20,balanced,3,80,0.17305177375113928,0.17305177375113928,0.0,73,0.6483415329300156,9.57608841724784,3.1082282855092904e-07,0.00321093361453525,0.9999996891771714,0.0,-39.634834982183705,2.0858871093151694,1e-06,0.9967890663854647,0.0,-6.534254838935346,2972.7616260402597,0.0
0.25,0.9,30,0.1,20,balanced,4,80,0.21206035061927478,0.2122843708679583,-0.10563985583788232,71,0.42873627395375774,9.57608841724784,2.682143390454112e-07,0.08383694612793521,0.999999731785661,0.0,-37.792732826503496,1.5984833620272738,1e-06,0.9161630538720648,0.0,-1.8907388174476492,104.64668399427018,0.0
0.25,0.9,30,0.1,20,skewed,0,44,0.09720225905474285,0.09720225905474285,0.0,39,0.6054061827477161,9.57608841724784,3.247970037467018e-07,0.024342271143089348,0.9999996752029963,0.0,-23.44058099148803,1.8639518809203082,1e-06,0.9756577288569106,0.0,-7.527871890146415,383.8172955015097,0.0
0.25,0.9,30,0.1,20,skewed,1,44,0.09270835540704732,0.0984860274605112,-6.232094214266137,41,0.39875827079477955,9.57608841724784,2.4688357370067364e-07,0.44801722786361853,0.9999997531164263,0.0,-24.344454019985108,1.615166883539826,1e-06,0.5519827721363815,0.0,-3.6288897183236357,11.798286989947234,0.0
0.25,0.9,30,0.1,20,skewed,2,44,0.12460556710197263,0.12460556710197263,0.0,43,0.717147690873699,9.57608841724784,3.7319629076811867e-07,0.01684111656942943,0.9999996268037092,0.0,-18.789351366179034,1.9216359887912107,1e-06,0.9831588834305706,0.0,-11.12215302891641,559.0375410751507,0.0
0.25,0.9,30,0.1,20,skewed,3,44,0.12315078233092103,0.12799372143355345,-3.9325280854642553,41,0.4779132671993305,9.57608841724784,2.915119733682894e-07,0.15698174014174554,0.9999997084880267,0.0,-22.25468401798877,1.639428802930972,1e-06,0.8430182598582545,0.0,-1.1297350823664736,51.425200067649705,0.0
0.25,0.9,30,0.1,20,skewed,4,44,0.23090760177910116,0.23164406408064914,-0.3189424236680239,39,0.45507943063257633,9.57608841724784,2.4998928118115876e-07,0.6395581581744938,0.9999997500107188,0.0,-16.411896193423388,1.8203953166936087,1e-06,0.3604418418255062,0.0,-3.146125954648967,5.396886745137859,0.0
0.25,0.9,30,0.1,60,balanced,0,240,0.32214704020225443,0.3256831738961265,-1.0976769153775143,220,0.6540487548855614,9.57608841724784,4.311413505052751e-07,0.04823037027229273,0.9999995688586495,0.0,-41.397486730846346,1.5170163384440243,1e-06,0.9517696297277073,0.0,-6.05145202341035,188.97284171089362,0.0
0.25,0.9,30,0.1,60,balanced,1,240,0.16439589113368705,0.16439589113368705,0.0,214,0.5607479266955872,9.57608841724784,3.1776450781633123e-07,0.06214521519130686,0.9999996822354922,0.0,-58.36222773166886,1.7646645068752629,1e-06,0.9378547848086931,0.0,-4.72900702843406,144.51603899383215,0.0
0.25,0.9,30,0.1,60,balanced,2,240,0.16821858447912702,0.16821858447912702,0.0,215,0.6070362330048864,9.57608841724784,3.389572610126096e-07,0.023130618505785284,0.999999661042739,0.0,-43.446651275792014,1.790892531472426,1e-06,0.9768693814942148,0.0,-7.816610514959325,404.42444576011235,0.0
0.25,0.9,30,0.1,60,balanced,3,240,0.2546010763504104,0.26793371405149563,-5.236677665390292,221,0.519891078911505,9.57608841724784,2.7778291100402564e-07,0.012386181392040181,0.999999722217089,0.0,-85.03225909933141,1.8715727782360811,1e-06,0.9876138186079598,0.0,-7.879774604468353,763.5506819852742,0.0
0.25,0.9,30,0.1,60,balanced,4,240,0.16649218347555134,0.1693505490898572,-1.716816702524414,211,0.5247074094247786,9.57608841724784,2.68728610083702e-07,0.04714159607982766,0.99999973127139,0.0,-76.45191555980071,1.9525545428795565,1e-06,0.9528584039201723,0.0,-7.6981102881715,193.55849364128244,0.0
0.25,0.9,30,0.1,60,skewed,0,132,0.2108204399539172,0.21092448242207412,-0.049351224283409593,108,0.47110106569349963,9.57608841724784,2.206984095000587e-07,0.16352304661109823,0.9999997793015905,0.0,-73.23446300818527,2.1345915576154653,1e-06,0.8364769533889018,0.0,-3.9855457085337807,48.98500505370707,0.0
0.25,0.9,30,0.1,60,skewed,1,132,0.21785125125920995,0.21884899048113257,-0.45799104487835063,115,0.5239211649236061,9.57608841724784,3.70079150253892e-07,0.1628252769436435,0.9999996299208498,0.0,-33.07714832702208,1.4156997784675425,1e-06,0.8371747230563565,0.0,-4.030971991137356,49.23596212550838,0.0
0.25,0.9,30,0.1,60,skewed,2,132,0.23207524091615941,0.23207524091615941,0.0,117,0.5285566861308257,9.57608841724784,2.484775803951195e-07,0.044581358376313315,0.9999997515224196,0.0,-44.475073723820366,2.1271800616857988,1e-06,0.9554186416236867,0.0,-7.031442859758153,205.2241950648218,0.0
0.25,0.9,30,0.1,60,skewed,3,132,0.16477409655086495,0.16466968315146668,0.06336760545734821,116,0.5897738192063255,9.57608841724784,5.172177967498445e-07,0.14065617800170946,0.9999994827822032,0.0,-22.523759315255955,1.1402807826440708,1e-06,0.8593438219982905,0.0,-3.827366148130687,58.50544595468324,0.0
0.25,0.9,30,0.1,60,skewed,4,132,0.25718421430004146,0.2566131361792367,0.22205022277864808,119,0.5669358114998748,9.57608841724784,3.632144865279497e-07,0.01941602916162489,0.9999996367855135,0.0,-28.42659752256861,1.5608837933464845,1e-06,0.9805839708383751,0.0,-5.263954696677937,483.629207966147,0.0
0.25,0.9,30,0.25,20,balanced,0,80,0.44639229621722915,0.4491452104301144,-0.6167028947886685,80,1.4257485179201614,9.57608841724784,1.0492972361666084e-06,0.030126573461552415,0.9999989507027638,0.0,-9.355547225314515,1.35876372500533,1e-06,0.9698734265384475,0.0,-4.063699961083168,308.285762996716,0.0
0.25,0.9,30,0.25,20,balanced,1,80,0.6464624449925254,0.607609945315263,6.010016510349889,80,1.4815021294060982,9.57608841724784,8.99309257845795e-07,0.8272300687492943,0.9999991006907422,0.0,-9.250615032179653,1.647376343172306,1e-06,0.17276993125070572,0.0,-2.0869622965182617,2.0,0.0
0.25,0.9,30,0.25,20,balanced,2,80,0.588537863123623,0.5801533977034602,1.424626340209081,80,1.780079556283875,9.57608841724784,1.318734922410112e-06,0.037277888519546526,0.9999986812650776,0.0,-7.433814014318354,1.349837013108766,1e-06,0.9627221114804535,0.0,-3.456292561689933,247.3077855775642,0.0
0.25,0.9,30,0.25,20,balanced,3,80,0.6040946516705626,0.6041229877232769,-0.004690664391065054,80,1.585457545717854,9.57608841724784,9.719617385519498e-07,0.02712364152554946,0.9999990280382615,0.0,-19.05894127030498,1.631191786287953,1e-06,0.9728763584744505,0.0,-8.742785675523752,343.477110882246,0.0
0.25,0.9,30,0.25,20,balanced,4,80,0.3477423192698912,0.3487704147911704,-0.2956486640561178,80,1.6112935353281799,9.57608841724784,1.044842272653223e-06,0.015063372576166729,0.9999989551577273,0.0,-7.437211705000063,1.542138841133162,1e-06,0.9849366274238333,0.0,-2.7723008917237046,626.143991453785,0.0
0.25,0.9,30,0.25,20,skewed,0,44,0.3287087227731472,0.32359159907496354,1.5567349886589943,44,1.5234176256951089,9.57608841724784,0.08318480686513628,0.22660820565689105,0.9168151931348637,0.0,-5.718557543489844,1.3333658432134854,0.07941323809315862,0.773391794343109,0.001451042916797457,0.4188175824132562,32.682259595740966,0.0008679193628585383
0.25,0.9,30,0.25,20,skewed,1,44,0.7632892217332053,0.7498275028152054,1.763645880840864,43,1.3649403505395334,9.57608841724784,9.523758116395662e-07,0.022342036574828243,0.9999990476241883,0.0,-13.92975619903622,1.4331937383895188,1e-06,0.9776579634251717,0.0,-1.6265211443180472,419.0369605845958,0.0
0.25,0.9,30,0.25,20,skewed,2,44,0.4266400565762394,0.4344792364039479,-1.8374223673739136,44,1.439193886536127,9.57608841724784,7.560316910316463e-07,0.028800540284195146,0.999999243968309,0.0,-12.002773919367002,1.9036143795602758,1e-06,0.9711994597158049,0.0,-5.86347692136454,322.9207440294304,0.0
0.25,0.9,30,0.25,20,skewed,3,44,0.35230474785575455,0.34571967882543914,1.8691400188031428,44,1.3631073991841185,9.57608841724784,9.936252437317747e-07,0.8272300687492943,0.9999990063747562,0.0,-9.604860173539572,1.3718512621922017,1e-06,0.17276993125070572,0.0,-4.060642211040301,2.0,0.0
0.25,0.9,30,0.25,20,skewed,4,44,0.33764884370932763,0.3053008843342264,9.580355442575915,43,1.565234426822271,9.57608841724784,1.0046256378033926e-06,0.8272300687492943,0.9999989953743622,0.0,-10.037940743636321,1.5580259904007543,1e-06,0.17276993125070572,0.0,-1.3905526565061541,2.0,0.0
0.25,0.9,30,0.25,60,balanced,0,240,0.45279089894723473,0.46776639033976425,-3.307374646298856,239,1.5455276235105972,9.57608841724784,1.0348301363360672e-06,0.04251110759527059,0.9999989651698636,0.0,-18.3355221344743,1.4935069726369476,1e-06,0.9574888924047295,0.0,-4.933616808027304,215.68476595562652,0.0
0.25,0.9,30,0.25,60,balanced,1,240,0.4447059425925674,0.4469200163563965,-0.49787366251986287,240,1.4805573485889023,9.57608841724784,1.025481006184946e-06,0.008419146006134644,0.9999989745189939,0.0,-21.142517022231324,1.4437671896145905,1e-06,0.9915808539938653,0.0,-4.6679663405704135,1127.8419359607813,0.0
0.25,0.9,30,0.25,60,balanced,2,240,0.5185058636538176,0.4896801247726813,5.559385322666646,239,1.538936505722924,9.57608841724784,1.041598448357286e-06,0.8272300687492943,0.9999989584015516,0.0,-15.12729704305783,1.4774742658203173,1e-06,0.17276993125070572,0.0,-5.313926968417856,2.0,0.0
0.25,0.9,30,0.25,60,balanced,3,240,0.48623005618319376,0.5038046307107018,-3.614456635088512,239,1.4945635057340994,9.57608841724784,9.470929778667637e-07,0.1037525026803343,0.9999990529070222,0.0,-22.385194803296955,1.5780521291657492,1e-06,0.8962474973196657,0.0,-1.9791706217581218,82.72133255920956,0.0
0.25,0.9,30,0.25,60,balanced,4,240,0.5902550887494001,0.5880949175774962,0.3659724775064244,238,1.5243735851630011,9.57608841724784,9.419848038790387e-07,0.015325530142291406,0.9999990580151961,0.0,-25.97353905590776,1.6182555630273168,1e-06,0.9846744698577086,0.0,-4.41234420869507,615.2694032778319,0.0
0.25,0.9,30,0.25,60,skewed,0,132,0.5420309066221571,0.5366226103240436,0.9977837484982426,132,1.6252277720793442,9.57608841724784,1.20515150404205e-06,0.037159973307052875,0.999998794848496,0.0,-6.178574400531924,1.3485655599661193,1e-06,0.9628400266929471,0.0,-4.785320583417351,248.12292385384876,0.0
0.25,0.9,30,0.25,60,skewed,1,132,0.34349159238920146,0.345712620850965,-0.6466034426970603,131,1.4161916610078111,9.57608841724784,7.880805697654462e-07,0.03915792416779556,0.9999992119194303,0.0,-14.219355144003394,1.7970123858624514,1e-06,0.9608420758322045,0.0,-4.214943185405439,234.9743728435013,0.0
0.25,0.9,30,0.25,60,skewed,2,132,0.3429258051394561,0.3392586830408117,1.0693631227761065,132,1.516739439433005,9.57608841724784,9.07301853848531e-07,0.015477139598557755,0.9999990926981461,0.0,-16.486718393697227,1.6717017129095582,1e-06,0.9845228604014422,0.0,-6.426230495233774,609.1486026839549,0.0
0.25,0.9,30,0.25,60,skewed,3,132,0.4578957521421294,0.45471328583410464,0.6950198365319056,132,1.5140149883637415,9.57608841724784,1.0947343961667172e-06,0.0928469304254653,0.9999989052656039,0.0,-13.11588641053002,1.3829960364758156,1e-06,0.9071530695745347,0.0,-2.394098960479365,93.56236078474525,0.0
0.25,0.9,30,0.25,60,skewed,4,132,0.5037389722459675,0.5023751178407845,0.27074625556608783,130,1.4954743774779378,9.57608841724784,1.1313453951866794e-06,0.06603174750748324,0.9999988686546049,0.0,-17.159194410248684,1.3218533366923975,1e-06,0.9339682524925168,0.0,-1.9430818943042103,135.4464011990175,0.0
0.25,0.9,30,0.5,20,balanced,0,80,0.6637097478754106,0.653962379530796,1.4686191329593659,80,3.5965347774139316,9.57608841724784,0.051594842875021155,0.0449430096659908,0.9484051571249787,0.0,-0.8627288133666778,1.0597941910785171,0.016030609896747147,0.9550569903340091,0.0,-1.0797693026835722,203.4957216020585,0.0
0.25,0.9,30,0.5,20,balanced,1,80,0.7528206958571781,0.7582350103601135,-0.7192037270934128,80,3.299714774896155,9.57608841724784,0.21895418325076715,0.025189061898079776,0.7810458167492329,0.0,-1.2347504172154606,1.2441669028570261,0.10570294980154284,0.9748109381019202,0.0,-5.359466654803146,370.59243298282263,0.0
0.25,0.9,30,0.5,20,balanced,2,80,0.7553733907471487,0.7641913507445851,-1.1673643929546484,80,3.226182007779779,9.57608841724784,0.07232982967552834,0.049314688985234535,0.9276701703244716,0.0,-0.7777541062297972,1.2892106764213345,0.03115728824446802,0.9506853110147655,0.0,-1.3279254722276563,184.60719884053142,0.0
0.25,0.9,30,0.5,20,balanced,3,80,0.9254549379288717,0.925900230801061,-0.04811610527313767,80,3.2744647791058448,9.57608841724784,0.10336810080443615,0.02348293250956655,0.8966318991955639,0.0,-0.762523014602599,1.2453322568277212,0.04384487055210777,0.9765170674904334,0.0,-3.728198160307838,398.2132033735753,0.0
0.25,0.9,30,0.5,20,balanced,4,80,0.8103728418061219,0.800711886503011,1.1921617809376555,80,3.123976175815746,9.57608841724784,2.3717106760698195e-06,0.0028854816993614143,0.9999976282893239,0.0,-2.7117928302849967,1.3171795354804794,1e-06,0.9971145183006386,0.0,-0.9262328161935878,3309.1378786015425,0.0
0.25,0.9,30,0.5,20,skewed,0,44,0.8716937385894303,0.8522101144364639,2.235145589607508,44,3.30417475935825,9.57608841724784,0.27875865851968207,0.02696638856813759,0.7212413414803179,0.0542987127225919,0.5404908579951249,1.1497297693117643,0.13448721727310384,0.9730336114318624,0.0,-0.5767843101262561,345.5359204841801,0.028245597017814664
0.25,0.9,30,0.5,20,skewed,1,44,0.7503683634707584,0.7057178755377062,5.950475807178973,44,3.0107804221101038,9.57608841724784,0.04838350967374046,0.8272300687492943,0.9516164903262596,0.0,-0.5437887050466406,1.3146527887644883,0.022202262527820576,0.17276993125070572,0.0,-2.104990971981063,2.0,0.0
0.25,0.9,30,0.5,20,skewed,2,44,0.6009027869243192,0.5751896706542543,4.27908088123135,44,3.143956201863593,9.57608841724784,0.10026566080619531,0.03368961319177733,0.8997343391938046,0.0,-0.9516756764685479,1.3358443474943595,0.04734976586584529,0.9663103868082227,0.0,-1.762386675431164,274.6684460253467,0.0
0.25,0.9,30,0.5,20,skewed,3,44,1.0516161519253349,1.0145957093567808,3.520337957987407,44,3.1287445071060316,9.57608841724784,0.2627410029789726,0.009847763566414477,0.7372589970210274,0.0,-0.7862160897409928,1.1309027028860892,0.12882062977698563,0.9901522364335855,0.0,-1.453705080402073,962.8364144485626,0.0
0.25,0.9,30,0.5,20,skewed,4,44,0.7005828550183816,0.7216605546597875,-3.0085948421979163,44,3.467126811739961,9.57608841724784,0.32715697115055037,0.03630727175052862,0.6728430288494496,0.11279378324313455,1.0569818762955892,1.2053192531631303,0.16903848244337497,0.9636927282494714,0.0011213751361241683,0.2212812836285941,254.1751645837,0.05210517201122542
0.25,0.9,30,0.5,60,balanced,0,240,1.1015226764865311,1.0944626959848867,0.6409292021262165,240,3.364474721737807,9.57608841724784,0.10756214692434037,0.007312676538786675,0.8924378530756596,0.0,-1.0440509292012567,1.2213402752216724,0.04375230065787767,0.9926873234612134,0.0,-3.6995436721376365,1299.9428498888506,0.0
0.25,0.9,30,0.5,60,balanced,1,240,0.7905908114318502,0.7897310405073351,0.10875043221890149,240,3.179581973990609,9.57608841724784,0.038125122367702304,0.02304213630020264,0.9618748776322976,0.0,-1.4323479293609718,1.1953091040035595,0.014900569679718756,0.9769578636997973,0.0,-6.294492693656975,406.0142150375419,0.0
0.25,0.9,30,0.5,60,balanced,2,240,0.8816325572784679,0.8937395862465348,-1.3732511201084037,240,3.270945746715377,9.57608841724784,0.14665544324333613,0.030916639165277517,0.8533445567566639,0.0,-0.19528768249128844,1.240218704445722,0.06516264845586349,0.9690833608347225,0.0,-5.455863446198036,300.1628960194159,0.0
0.25,0.9,30,0.5,60,balanced,3,240,0.8941209010816119,0.8843582000175391,1.0918770663187687,240,3.168679780293699,9.57608841724784,0.10654820510046695,0.0015632440518373602,0.8934517948995331,0.0,-2.555387053095344,1.2285006861532826,0.04623520083255493,0.9984367559481626,0.0,-3.423514002790735,6116.2034442108,0.0
0.25,0.9,30,0.5,60,balanced,4,240,0.8240373651313474,0.782872902779357,4.995460654314995,240,3.256555557241655,9.57608841724784,0.11615805064646442,0.8272300687492943,0.8838419493535355,0.0,-1.45323038068899,1.2545226059867256,0.050628460519804935,0.17276993125070572,0.0,-3.6475888232911506,2.0,0.0
0.25,0.9,30,0.5,60,skewed,0,132,0.8332401291817786,0.8028673985147607,3.645135370141513,132,3.127831765723162,9.57608841724784,0.041874052089387964,0.014786906213140459,0.9581259479106121,0.0,-3.056093987250804,1.340278221946068,0.01872725279192588,0.9852130937868595,0.0,-2.6512486506278634,638.0298596571371,0.0
0.25,0.9,30,0.5,60,skewed,1,132,0.7103787379333536,0.6981313370463639,1.7240663653053692,132,3.1550787316850637,9.57608841724784,0.08225625497588873,0.03917588132469384,0.9177437450241113,0.0,-1.0894504612795024,1.1902429190331847,0.033812159830652784,0.9608241186753061,0.0,-3.306971110916783,234.86227757330153,0.0
0.25,0.9,30,0.5,60,skewed,2,132,0.808069542806493,0.792540384670687,1.9217601101350705,132,3.1149109602641007,9.57608841724784,0.1669860680703891,0.015800100264542368,0.8330139319296108,0.0,-0.4602195418701999,1.3581930285489396,0.08740652344400335,0.9841998997354576,0.0,-4.8203429885884646,596.5016108957064,0.0
0.25,0.9,30,0.5,60,skewed,3,132,0.848703877593721,0.8534586716907674,-0.5602418255148497,132,3.2873247961551897,9.57608841724784,0.165329509060861,0.021681551519938537,0.8346704909391389,0.0,-0.6350279838592418,1.175482851883391,0.07082875023702345,0.9783184484800614,0.0,-2.882465708342514,432.0937989264503,0.0
0.25,0.9,30,0.5,60,skewed,4,132,0.8182998921958896,0.8113927904607936,0.8440795117986581,132,3.0150447971917913,9.57608841724784,2.574754705540025e-06,0.023888511586663677,0.9999974252452944,0.0,-4.344107713505729,1.170999718026236,1e-06,0.9761114884133363,0.0,-2.0988446117993718,391.2897580172331,0.0
0.25,0.9,60,0.1,20,balanced,0,80,0.18169252192238122,0.18169252192238122,0.0,77,0.5464275168831187,9.982029897000858,4.600350965134668e-07,0.0861149088793487,0.9999995399649035,0.0,-127.11865977790897,1.187794734646128,1e-06,0.9138850911206513,0.0,-6.412248612448158,105.93320507103682,0.0
0.25,0.9,60,0.1,20,balanced,1,80,0.20200725459225244,0.20200725459225244,0.0,79,0.4505323415681396,9.982029897000858,2.0089845208999948e-07,0.01067017151856776,0.9999997991015479,0.0,-186.2360381381678,2.2425869701511254,1e-06,0.9893298284814322,0.0,-7.214281826286465,925.525883882133,0.0
0.25,0.9,60,0.1,20,balanced,2,80,0.2436485364051635,0.25097976042105974,-3.008934149189849,80,0.7231154050236979,9.982029897000858,3.12991932742151e-07,0.0013512380139148272,0.9999996870080672,0.0,-130.6484531918139,2.3103316826763574,1e-06,0.9986487619860852,0.0,-6.567017295104684,7377.339666360471,0.0
0.25,0.9,60,0.1,20,balanced,3,80,0.13575451876748082,0.13575451876748082,0.0,80,0.6039271372846592,9.982029897000858,3.3000049011896397e-07,0.024574750850771054,0.99999966999951,0.0,-163.27434934114842,1.8300789122182302,1e-06,0.9754252491492289,0.0,-6.395694479695958,396.20845226154614,0.0
0.25,0.9,60,0.1,20,balanced,4,80,0.25234767974998407,0.2561587732280848,-1.5102550108154715,80,0.6619127419012292,9.982029897000858,2.6552096605643994e-07,0.041862350276147306,0.9999997344790339,0.0,-264.53879597513253,2.492882485343302,1e-06,0.9581376497238527,0.0,-4.646834690031558,228.46683480251664,0.0
0.25,0.9,60,0.1,20,skewed,0,44,0.20885909445413944,0.20885909445413944,0.0,44,0.5764170771913164,9.982029897000858,3.125436833046073e-07,0.033129136649789406,0.9999996874563166,0.0,-118.90287503838891,1.8442762651089486,1e-06,0.9668708633502106,0.0,-7.618591671624253,291.3246417051494,0.0
0.25,0.9,60,0.1,20,skewed,1,44,0.1261096652343489,0.12496393990838327,0.9085150799794357,44,0.37933396512875284,9.982029897000858,2.2038112882285697e-07,0.1888803326506195,0.9999997796188711,0.0,-72.61004721802465,1.7212629935831407,1e-06,0.8111196673493806,0.0,-1.6860324218519234,42.866404648405585,0.0
0.25,0.9,60,0.1,20,skewed,2,44,0.23099942215136193,0.23515808170914054,-1.8002900262900468,42,0.5577546772509042,9.982029897000858,3.6013376601411134e-07,0.31423603453087706,0.9999996398662341,0.0,-37.703446248941624,1.5487425201567466,1e-06,0.685763965469123,0.0,-1.6887138143976805,21.7839956382406,0.0
0.25,0.9,60,0.1,20,skewed,3,44,0.17865194077178562,0.1805912989933585,-1.0855511634493,44,0.6776522341177149,9.982029897000858,4.0055647821669e-07,0.002767108112810701,0.9999995994435218,0.0,-71.74632093794763,1.6917763148433116,1e-06,0.9972328918871893,0.0,-3.2014858512364808,3597.4049929618823,0.0
0.25,0.9,60,0.1,20,skewed,4,44,0.36152266637710667,0.36152266637710667,0.0,43,0.5078612424404295,9.982029897000858,3.6605993350571404e-07,0.02658596684388793,0.9999996339400665,0.0,-77.88332676083085,1.3873713281546234,1e-06,0.9734140331561121,0.0,-6.668540690567932,365.48033171711927,0.0
0.25,0.9,60,0.1,60,balanced,0,240,0.1954673199644599,0.1954673199644599,0.0,236,0.5400370624523289,9.982029897000858,3.2594615525019406e-07,0.02896849080056821,0.9999996740538447,0.0,-174.07661977225143,1.6568285213052083,1e-06,0.9710315091994318,0.0,-6.4809610225086285,334.6002945920976,0.0
0.25,0.9,60,0.1,60,balanced,1,240,0.20463712313201776,0.18818197675866194,8.041134531949071,239,0.5553522082579914,9.982029897000858,3.355548520812269e-07,0.833083374253589,0.9999996644451479,0.0,-267.89622964711475,1.6550260514949784,1e-06,0.16691662574641097,0.0,-9.369686478176618,2.0,0.0
0.25,0.9,60,0.1,60,balanced,2,240,0.19708895794864228,0.1972788016782559,-0.09632387912015059,233,0.5116251244643379,9.982029897000858,2.7926441370937076e-07,0.10542038679562088,0.9999997207355863,0.0,-470.9214439750271,1.8320450314071814,1e-06,0.8945796132043791,0.0,-5.372831809365196,84.70582129019957,0.0
0.25,0.9,60,0.1,60,balanced,3,240,0.18473982471833103,0.18473982471833103,0.0,236,0.4858202816429269,9.982029897000858,2.9995527538091125e-07,0.11014265141105231,0.9999997000447246,0.0,-131.6047790262478,1.619641912620028,1e-06,0.8898573485889477,0.0,-7.221960072095948,80.6461669833151,0.0
0.25,0.9,60,0.1,60,balanced,4,240,0.20157534486255532,0.20157534486255532,0.0,239,0.48716589519748443,9.982029897000858,2.7320737382890956e-07,0.06971481223306476,0.9999997267926262,0.0,-186.63006911944882,1.7831354815652931,1e-06,0.9302851877669353,0.0,-8.604343027659155,133.20174378411824,0.0
0.25,0.9,60,0.1,60,skewed,0,132,0.15290342113927843,0.15290342113927843,0.0,130,0.4494262943562706,9.982029897000858,2.511300410886394e-07,0.08215901192229988,0.9999997488699589,0.0,-293.5943635404116,1.789615370358296,1e-06,0.9178409880777001,0.0,-7.518401992348272,111.5144397348534,0.0
0.25,0.9,60,0.1,60,skewed,1,132,0.2131511302613295,0.1988632829076674,6.703153455552782,130,0.43266723103340876,9.982029897000858,2.2417085585533615e-07,0.833083374253589,0.9999997758291441,0.0,-210.75801458803087,1.9300775401395434,1e-06,0.16691662574641097,0.0,-5.015455375933963,2.0,0.0
0.25,0.9,60,0.1,60,skewed,2,132,0.11767459400219486,0.11767459400219486,0.0,125,0.3651664637626125,9.982029897000858,1.9381562001678456e-07,0.020556615659416827,0.99999980618438,0.0,-206.44260189956032,1.8840916586309207,1e-06,0.9794433843405832,0.0,-4.465580162100955,475.6051923570751,0.0
0.25,0.9,60,0.1,60,skewed,3,132,0.15140275828115868,0.15140275828115868,0.0,129,0.40135879929202356,9.982029897000858,2.4593368894385e-07,0.05264372297986526,0.999999754066311,0.0,-184.47468062252852,1.6319793449363087,1e-06,0.9473562770201347,0.0,-4.553563560944233,179.63278706453323,0.0
0.25,0.9,60,0.1,60,skewed,4,132,0.1689578814300081,0.16887642928059704,0.04820855275981358,128,0.47646093470539674,9.982029897000858,5.308045979281418e-07,0.1450669714947068,0.9999994691954021,0.0,-103.41348453029686,0.8976197335525571,1e-06,0.8549330285052932,0.0,-4.193177122545407,58.827774251733864,0.0
0.25,0.9,60,0.25,20,balanced,0,80,0.6437859740548071,0.6351616538405378,1.3396253664785618,80,1.585305585085011,9.982029897000858,1.053251084731918e-06,0.028723333473933785,0.9999989467489152,0.0,-17.790616115542438,1.5051528895313058,1e-06,0.9712766665260663,0.0,-3.9666597920406077,337.54134882432606,0.0
0.25,0.9,60,0.25,20,balanced,1,80,0.4276041937720428,0.4191833258916018,1.9693136791193842,80,1.692520190635286,9.982029897000858,1.2180241391804104e-06,0.036811639722402395,0.9999987819758608,0.0,-14.687915655091457,1.389560415611394,1e-06,0.9631883602775976,0.0,-6.906012615733039,261.1830138846841,0.0
0.25,0.9,60,0.25,20,balanced,2,80,0.5071738652965064,0.51132299111495,-0.818087465137412,80,1.5721682248258735,9.982029897000858,1.0900151234073488e-06,0.03911377737874503,0.9999989099848766,0.0,-14.278532468607661,1.442334585410465,1e-06,0.960886222621255,0.0,-2.855327764768807,245.22292768976578,0.0
0.25,0.9,60,0.25,20,balanced,3,80,0.6506009856995197,0.6539622759421069,-0.5166438902598814,80,1.3897643322792317,9.982029897000858,9.153736590416069e-07,0.06526421962802355,0.9999990846263409,0.0,-12.158332439275926,1.5182467250521694,1e-06,0.9347357803719765,0.0,-2.9885191753643587,142.96593996908965,0.0
0.25,0.9,60,0.25,20,balanced,4,80,0.410235058988077,0.3861797999735776,5.863774557405279,80,1.4317626470649527,9.982029897000858,9.204393463249373e-07,0.833083374253589,0.9999990795606537,0.0,-27.49545466208157,1.5555194754724642,1e-06,0.16691662574641097,0.0,-1.3848527381054183,2.0,0.0
0.25,0.9,60,0.25,20,skewed,0,44,0.3285542425339413,0.3250632850210594,1.0625209055156948,44,1.3311785701508279,9.982029897000858,9.3509791879843e-07,0.034439325656587576,0.9999990649020811,0.0,-6.522724837244995,1.4235699797555743,1e-06,0.9655606743434124,0.0,-2.4224641267590834,279.86191177993175,0.0
0.25,0.9,60,0.25,20,skewed,1,44,0.2509934398928875,0.24940383340550887,0.6333259100544738,44,1.3009789632365356,9.982029897000858,6.413310795117159e-07,0.0367345791678401,0.9999993586689204,0.0,-15.36563208967782,2.028559304760333,1e-06,0.9632654208321599,0.0,-5.298931152497768,261.75185471871816,0.0
0.25,0.9,60,0.25,20,skewed,2,44,0.5675210732774553,0.5449811003041686,3.97165392346006,44,1.2361200546980318,9.982029897000858,9.993916871040963e-07,0.1794359704370694,0.9999990006083129,0.0,-10.242842853276574,1.2368712235001045,1e-06,0.8205640295629306,0.0,-0.3920453334300342,45.64800834274935,0.0
0.25,0.9,60,0.25,20,skewed,3,44,0.43398727575579765,0.441884699975973,-1.8197363520443866,44,1.30642195124665,9.982029897000858,9.871764431145407e-07,0.04427252068630968,0.999999012823557,0.0,-8.889594089841255,1.3233912429345345,1e-06,0.9557274793136903,0.0,-3.970143630086347,215.4858165743564,0.0
0.25,0.9,60,0.25,20,skewed,4,44,0.4054705137227374,0.42463845544851103,-4.727333080225103,44,1.1145970918207735,9.982029897000858,5.326696195390473e-07,0.03959186513238319,0.9999994673303805,0.0,-18.61583765516823,2.092472439239987,1e-06,0.9604081348676168,0.0,-3.447019386073526,242.1412248075698,0.0
0.25,0.9,60,0.25,60,balanced,0,240,0.5076206706270656,0.503698134415374,0.7727298037028442,240,1.4196466318914902,9.982029897000858,1.0617697214675591e-06,0.012429925330896072,0.9999989382302785,0.0,-15.58514537600592,1.3370555741401922,1e-06,0.987570074669104,0.0,-7.0418487664669085,793.0823193464595,0.0
0.25,0.9,60,0.25,60,balanced,1,240,0.5190414413006438,0.5199325232205864,-0.17167837652994686,240,1.4368207868544742,9.982029897000858,8.831130844838414e-07,0.07113043489343539,0.9999991168869156,0.0,-90.33633122267649,1.6269938053511033,1e-06,0.9288695651065646,0.0,-2.85563131623305,130.35213102800282,0.0
0.25,0.9,60,0.25,60,balanced,2,240,0.5226761152610735,0.5199436554915586,0.5227825970486549,240,1.5168047753667286,9.982029897000858,1.0331935219831937e-06,0.02147517667635169,0.999998966806478,0.0,-16.12380640010761,1.4680727046034947,1e-06,0.9785248233236483,0.0,-9.155576348770147,454.8350958215967,0.0
0.25,0.9,60,0.25,60,balanced,3,240,0.6029037864786974,0.5972020607670596,0.9457107152932437,240,1.4202870522685753,9.982029897000858,8.975419973250733e-07,0.005952308027251333,0.9999991024580026,0.0,-22.97502571458169,1.5824170698320408,1e-06,0.9940476919727487,0.0,-5.039354742005451,1667.0195384526764,0.0
0.25,0.9,60,0.25,60,balanced,4,240,0.47016336718656054,0.4687193792717411,0.30712471783163164,240,1.5200824480399175,9.982029897000858,9.837969276315107e-07,0.02990891199296556,0.9999990162030723,0.0,-37.56280915755019,1.5451165884550555,1e-06,0.9700910880070345,0.0,-4.485540783726976,323.76564702780956,0.0
0.25,0.9,60,0.25,60,skewed,0,132,0.4795640803087866,0.46900727754127963,2.2013330858119224,132,1.3877381204566401,9.982029897000858,8.461900223662474e-07,0.017313279687974192,0.9999991538099777,0.0,-18.57618589261184,1.6399826392105494,1e-06,0.9826867203120258,0.0,-5.922766402062026,566.5713486020699,0.0
0.25,0.9,60,0.25,60,skewed,1,132,0.3340162838820464,0.3336331001156973,0.11472008546877341,132,1.4067078631666317,9.982029897000858,8.712722918499302e-07,0.0002551677895029114,0.9999991287277081,0.0,-31.702016096233915,1.6145430660538314,1e-06,0.999744832210497,0.0,-8.817570565121043,39109.49271433582,0.0
0.25,0.9,60,0.25,60,skewed,2,132,0.4180982741150156,0.42510291284609836,-1.6753570068925554,132,1.312224514736117,9.982029897000858,8.414036496150368e-07,0.04225965529054726,0.9999991585963504,0.0,-48.69026347893921,1.5595646764234183,1e-06,0.9577403447094528,0.0,-3.3621786430195764,226.22505291925822,0.0
0.25,0.9,60,0.25,60,skewed,3,132,0.5875050405652623,0.5802030707391873,1.2428778175331885,132,1.5253905638543737,9.982029897000858,1.24395464488194e-06,0.002553654598925412,0.9999987560453552,0.0,-10.443911344771289,1.2262413847206641,1e-06,0.9974463454010746,0.0,-3.5952153151475748,3898.9373287356566,0.0
0.25,0.9,60,0.25,60,skewed,4,132,0.33298783327435455,0.33567519532345674,-0.8070451171373665,132,1.320990760548337,9.982029897000858,8.710781254033867e-07,0.05581626433711758,0.9999991289218746,0.0,-19.16929022635292,1.5164995782461115,1e-06,0.9441837356628824,0.0,-3.6457616620103255,168.8552680760713,0.0
0.25,0.9,60,0.5,20,balanced,0,80,0.8361773596858241,0.8165223124221013,2.350583525857214,80,3.1994070691723144,9.982029897000858,0.04734128564370291,0.833083374253589,0.952658714356297,0.0,-1.5975367316363458,1.193828953175117,0.018542805667714088,0.16691662574641097,0.0,-2.4599018375492245,2.0,0.0
0.25,0.9,60,0.5,20,balanced,1,80,1.0622613685951645,1.0445415748134215,1.6681199472760064,80,2.8356614488509564,9.982029897000858,2.1416471908456877e-06,0.833083374253589,0.9999978583528092,0.0,-1.557451681963665,1.3240534612495436,1e-06,0.16691662574641097,0.0,-5.6238141750547275,2.0,0.0
0.25,0.9,60,0.5,20,balanced,2,80,0.7102522693025424,0.6826240120924973,3.8899217086874756,80,2.8543730949916926,9.982029897000858,2.0740355854764185e-06,0.833083374253589,0.9999979259644145,0.0,-4.946092010628037,1.3762382839079619,1e-06,0.16691662574641097,0.0,-2.209913693723432,2.0,0.0
0.25,0.9,60,0.5,20,balanced,3,80,1.0745173304550137,1.0511952074607676,2.1704743453854047,80,2.858594992151029,9.982029897000858,2.201935799779797e-06,0.024521783576927858,0.9999977980642002,0.0,-2.8878768810130926,1.298216186765147,1e-06,0.9754782164230722,0.0,-2.579328488125309,397.08582736900917,0.0
0.25,0.9,60,0.5,20,balanced,4,80,0.8011695746998474,0.7960893479866227,0.6341013031015306,80,2.960064760396194,9.982029897000858,0.0851260625283014,0.04858504674219293,0.9148739374716985,0.0,-1.2554494880828113,1.2609163566452322,0.03963591932692432,0.9514149532578071,0.0,-2.6379660944350714,195.4727461366325,0.0
0.25,0.9,60,0.5,20,skewed,0,44,0.7709191511252006,0.7575575175127177,1.7332081571693754,44,3.2649830265886215,9.982029897000858,0.06842658142492519,0.03127397485694622,0.9315734185750748,0.0,-1.550725236286512,1.1923775208371274,0.02682518609858202,0.9687260251430538,0.0,-2.007873387112452,309.1980533083089,0.0
0.25,0.9,60,0.5,20,skewed,1,44,0.7992837560369028,0.7953804673315162,0.4883483088334367,44,2.8874311368367316,9.982029897000858,2.2283448284085057e-06,0.02805690139226301,0.9999977716551716,0.0,-1.971877714238096,1.2957710363920933,1e-06,0.971943098607737,0.0,-3.74469091732149,345.79602832269654,0.0
0.25,0.9,60,0.5,20,skewed,2,44,0.958743379310636,0.9251090022045285,3.508173076542295,44,2.6148943667402884,9.982029897000858,2.0521932946735395e-06,0.04004146718259633,0.9999979478067054,0.0,-2.418293558897658,1.2741923510529942,1e-06,0.9599585328174036,0.0,-3.383983170359607,239.31028128333116,0.0
0.25,0.9,60,0.5,20,skewed,3,44,0.6069822443376003,0.6083828788164259,-0.23075378100296326,44,3.06190693875921,9.982029897000858,0.2569696317783236,0.015612141002047797,0.7430303682216765,0.021790321348813924,0.19524388048932254,1.2316216958062167,0.13915102361171658,0.9843878589979522,0.0,-1.0367588891044244,629.3940746162459,0.012030308466084397
0.25,0.9,60,0.5,20,skewed,4,44,0.9572487970558533,0.9102711062251596,4.907573765062946,44,2.8985376489599366,9.982029897000858,2.3446900373493714e-06,0.0008603729465368578,0.9999976553099627,0.0,-0.5415798339807845,1.236210674417715,1e-06,0.9991396270534632,0.0,-4.831829567055993,11591.998177849147,0.0
0.25,0.9,60,0.5,60,balanced,0,240,0.8622763620551362,0.8444088570415069,2.072132068081304,240,2.9464854716644737,9.982029897000858,0.05497634083136908,0.033389844388286814,0.945023659168631,0.0,-1.2252121710450858,1.3157526336583922,0.025977877712749176,0.9666101556117132,0.0,-6.539257191110669,288.9720407156361,0.0
0.25,0.9,60,0.5,60,balanced,1,240,0.8780356240831322,0.8682143276244124,1.1185533011801678,240,3.026821043954963,9.982029897000858,0.058820206386328525,0.038855462904516684,0.9411797936136714,0.0,-0.06094161893639949,1.2773077751362991,0.026373243753898126,0.9611445370954833,0.0,-4.881855764019374,246.9195522957187,0.0
0.25,0.9,60,0.5,60,balanced,2,240,0.8352112648718063,0.8398430822600848,-0.5545683569042102,240,3.1448590931267564,9.982029897000858,0.07384807774832891,0.027237872917918723,0.9261519222516711,0.0,-1.3327170777929611,1.1633071037378973,0.029495119096746274,0.9727621270820813,0.0,-6.407273671987093,356.49408690851055,0.0
0.25,0.9,60,0.5,60,balanced,3,240,0.8627641133476454,0.8424429563425286,2.3553549215518235,240,3.0072259585312464,9.982029897000858,2.3304487251499572e-06,0.019088094046824877,0.9999976695512749,0.0,-4.082307626500682,1.2904033965025914,1e-06,0.9809119059531751,0.0,-4.763403461745397,512.9633135466141,0.0
0.25,0.9,60,0.5,60,balanced,4,240,0.7839007739042441,0.7732103792756686,1.36374334411377,240,3.1404284905074986,9.982029897000858,0.0095037902055967,0.024079095054608392,0.9904962097944032,0.0,-1.9353126049142633,1.2624367422647467,0.003857134548050586,0.9759209049453916,0.0,-8.33951306771303,404.56967457373844,0.0
0.25,0.9,60,0.5,60,skewed,0,132,0.9122556793304737,0.9075805404058956,0.5124812079009741,132,2.7615809616398623,9.982029897000858,0.03480675234760065,0.042046854027194804,0.9651932476523993,0.0,-2.9953705654182174,1.1481656132412363,0.01499326095972275,0.9579531459728052,0.0,-0.8453503681462415,227.42050895988348,0.0
0.25,0.9,60,0.5,60,skewed,1,132,0.9378620637530077,0.9207071253520178,1.8291536745117547,132,2.7876532247682277,9.982029897000858,0.17112694529344702,0.0026725675657612033,0.828873054706553,0.0,-0.7446478680183563,1.2468258392763163,0.09234237671740567,0.9973274324342388,0.0,-4.128538398785708,3725.014242931659,0.0
0.25,0.9,60,0.5,60,skewed,2,132,0.7007101793553633,0.6854499071622232,2.1778293854927533,132,2.7196076277420733,9.982029897000858,2.0327409046247132e-06,0.008356413143729086,0.9999979672590954,0.0,-2.7992587462840803,1.3378990373190787,1e-06,0.991643586856271,0.0,-4.796766072912521,1184.5532001486422,0.0
0.25,0.9,60,0.5,60,skewed,3,132,0.8215730774116519,0.7882497519017746,4.056039131036484,132,2.884595917715994,9.982029897000858,0.0915891970093689,0.0001514644730575071,0.908410802990631,0.0,-1.4086099757872876,1.1953951376405154,0.04178192860868605,0.9998485355269425,0.0,-7.3107314270444395,65893.45852946733,0.0
0.25,0.9,60,0.5,60,skewed,4,132,0.8329261704945996,0.8383159110489223,-0.6470850292916418,132,2.9553058397869294,9.982029897000858,0.22138132722558002,0.03090217752140923,0.77861867277442,0.004763552245023783,0.09000030067591935,1.0731083187587955,0.10324403030623237,0.9690978224785908,0.0,-3.3286508761272793,313.0382456187049,0.0028878894369651496
0.25,0.9,120,0.1,20,balanced,0,80,0.27023327533614805,0.27023327533614805,0.0,80,0.6675228516282398,9.999967707539822,3.152004945398415e-07,0.03788870611230468,0.9999996847995054,0.0,-264.55246337219234,2.117771554202392,1e-06,0.9621112938876953,0.0,-5.414529370976031,253.93007196969916,0.0
0.25,0.9,120,0.1,20,balanced,1,80,0.24082903862405886,0.24179795471333565,-0.4023252739007528,80,0.5004811475929899,9.999967707539822,2.815945294579191e-07,0.21112871446922257,0.9999997184054705,0.0,-133.7082395878425,1.7773108292318471,1e-06,0.7888712855307775,0.0,-5.163504014169579,37.364350938930095,0.0
0.25,0.9,120,0.1,20,balanced,2,80,0.11590839054940696,0.11590839054940696,0.0,80,0.4527174164425959,9.999967707539822,2.4441399890844813e-07,0.0369886778949827,0.9999997555860011,0.0,-348.8109985020144,1.8522560399165506,1e-06,0.9630113221050173,0.0,-4.12411145134085,260.3521583114402,0.0
0.25,0.9,120,0.1,20,balanced,3,80,0.14945960360945393,0.14945960360945393,0.0,80,0.3544632606631152,9.999967707539822,1.9103440436929742e-07,0.08625631014721717,0.9999998089655956,0.0,-436.4856053599562,1.8554940096265253,1e-06,0.9137436898527829,0.0,-4.673858870885831,105.93320507103682,0.0
0.25,0.9,120,0.1,20,balanced,4,80,0.2575087765454553,0.2617383595290954,-1.6425005160527102,80,0.47498159686851543,9.999967707539822,0.0006976852885328921,0.36590376032857524,0.999302314711467,0.0,-136.14762729306682,0.9793942747559699,0.0014396123985164772,0.6340962396714247,0.00011314310444063107,0.10931163206650867,17.32953472380995,4.549235780486584e-05
0.25,0.9,120,0.1,20,skewed,0,44,0.21127546964510122,0.21127546964510122,0.0,44,0.3812180184170007,9.999967707539822,1.818760987340593e-07,0.06103025351377024,0.9999998181239013,0.0,-372.2380170831487,2.096031043822272,1e-06,0.9389697464862298,0.0,-2.1757027066359,153.85266490988053,0.0
0.25,0.9,120,0.1,20,skewed,1,44,0.08949288696685322,0.08964725947154763,-0.17249695470388424,44,0.4788132170497058,9.999967707539822,0.07207408547072096,0.06184241525320804,0.9279259145292791,0.0,-234.7132628026535,1.081676088075858,0.17547069135934662,0.938157584746792,0.0,-3.0953706952543167,151.70082723385892,0.0
0.25,0.9,120,0.1,20,skewed,2,44,0.1246596240566657,0.1240853031567185,0.46071124014150566,44,0.36519685570630467,9.999967707539822,3.2427903960683796e-07,0.11797445628976724,0.9999996757209604,0.0,-3285.3075425957672,1.1261805179250004,1e-06,0.8820255437102328,0.0,-1.6632935638881934,74.76387034718313,0.0
0.25,0.9,120,0.1,20,skewed,3,44,0.1505285127921107,0.1487866175108166,1.1571862692218227,44,0.5500655440698403,9.999967707539822,3.4372294258380215e-07,0.25607281022124345,0.9999996562770574,0.0,-63.0630888175224,1.6003160878638163,1e-06,0.7439271897787565,0.0,-2.4686134674259783,29.05129938676818,0.0
0.25,0.9,120,0.1,20,skewed,4,44,0.1283111012701847,0.1283111012701847,0.0,44,0.5187566689784693,9.999967707539822,1.7653354235079675e-07,0.021978745406641954,0.9999998234664577,0.0,-2391.53069438892,2.938572293298156,1e-06,0.9780212545933581,0.0,-5.532272689794079,444.98358674583864,0.0
0.25,0.9,120,0.1,60,balanced,0,240,0.23039687481545293,0.23039687481545293,0.0,240,0.5729215528914525,9.999967707539822,3.472646369566153e-07,0.045704035633844745,0.999999652735363,0.0,-1521.0911943174374,1.6498119674699092,1e-06,0.9542959643661553,0.0,-8.077226364341314,208.79838497304158,0.0
0.25,0.9,120,0.1,60,balanced,1,240,0.21322749163938082,0.22234521848181732,-4.2760559496037125,240,0.47209024875047345,9.999967707539822,2.1826232124064524e-07,0.04781116220122096,0.9999997817376787,0.0,-7105.893856993637,2.1629484329967976,1e-06,0.952188837798779,0.0,-8.84777180516297,199.1555358849759,0.0
0.25,0.9,120,0.1,60,balanced,2,240,0.20156696634844268,0.20156696634844268,0.0,240,0.5069876969418073,9.999967707539822,3.0253079903175345e-07,0.0722640417861167,0.9999996974692009,0.0,-13162.419870017893,1.6758212558343237,1e-06,0.9277359582138833,0.0,-6.576307364616974,128.38099549871427,0.0
0.25,0.9,120,0.1,60,balanced,3,240,0.19396259359073098,0.19396259359073098,0.0,240,0.4500924282180172,9.999967707539822,2.716072135119413e-07,0.0021063858019596438,0.9999997283927865,0.0,-3206.5258567294786,1.6571441535546032,1e-06,0.9978936141980403,0.0,-5.260321522566775,4737.453085876711,0.0
0.25,0.9,120,0.1,60,balanced,4,240,0.19147937913833002,0.191800379395422,-0.1676422069762797,240,0.42757695272740825,9.999967707539822,2.2828324136556415e-07,0.2419862628515398,0.9999997717167586,0.0,-8637.992976981806,1.8730102681257572,1e-06,0.7580137371484602,0.0,-2.8774803433350375,31.324558692022247,0.0
0.25,0.9,120,0.1,60,skewed,0,132,0.22159085204277407,0.20728097047910687,6.457794368201144,131,0.36176758777617346,9.999967707539822,1.773138964917269e-07,0.833332884825735,0.9999998226861035,0.0,-4105.954619891217,2.0402660523938168,1e-06,0.16666711517426502,0.0,-6.128397987950571,2.0,0.0
0.25,0.9,120,0.1,60,skewed,1,132,0.19385007771850724,0.19385007771850724,0.0,132,0.34450277893988573,9.999967707539822,1.6822357590902004e-07,0.051045842112955264,0.999999831776424,0.0,-6633.382707538361,2.047886089155774,1e-06,0.9489541578870447,0.0,-5.974316685338224,185.90174129770477,0.0
0.25,0.9,120,0.1,60,skewed,2,132,0.16575297197779124,0.16575297197779124,0.0,132,0.3805316793129948,9.999967707539822,1.952282641655304e-07,7.433118230871134e-05,0.9999998047717358,0.0,-1413.4120349251464,1.9491624670626586,1e-06,0.9999256688176913,0.0,-7.69800997115028,134522.6066308002,0.0
0.25,0.9,120,0.1,60,skewed,3,132,0.16722524880200873,0.17088815619210576,-2.190403313098872,132,0.37091826507550174,9.999967707539822,2.4488848131497345e-07,0.15823993315414642,0.9999997551115187,0.0,-2241.6555633423177,1.5146411633503112,1e-06,0.8417600668458536,0.0,-3.978845879270569,53.19500152818745,0.0
0.25,0.9,120,0.1,60,skewed,4,132,0.18626747852886819,0.1872760494401951,-0.5414637698929318,132,0.43604708913772683,9.999967707539822,0.055784546503843534,0.1452897832019092,0.9442154534961564,0.0,-581.318663784363,0.8537915351103419,0.11568884428718607,0.8547102167980908,0.0,-4.106299036622663,58.827774251733864,0.0
0.25,0.9,120,0.25,20,balanced,0,80,0.5847894558959883,0.576729637226583,1.3782428168196725,80,1.2663665305180165,9.999967707539822,6.725115611432161e-07,0.030697703402916984,0.9999993274884389,0.0,-18.602576354685773,1.883039269558528,1e-06,0.969302296597083,0.0,-4.115395813335971,315.756248524245,0.0
0.25,0.9,120,0.25,20,balanced,1,80,0.7622546063950844,0.7556561713879352,0.8656471147291628,80,1.3570626567822528,9.999967707539822,9.272821539025373e-07,0.1556454611453201,0.999999072717846,0.0,-8.869858715799399,1.4634827085909239,1e-06,0.8443545388546799,0.0,-2.0694008240648456,54.248405704411084,0.0
0.25,0.9,120,0.25,20,balanced,2,80,0.5963441888292716,0.5900581062223288,1.0541031043303264,80,1.4885689393900634,9.999967707539822,9.830538032049343e-07,0.0303089327786114,0.9999990169461968,0.0,-15.060649744083818,1.514227879535976,1e-06,0.9696910672213886,0.0,-4.9495482801753985,319.9347014074566,0.0
0.25,0.9,120,0.25,20,balanced,3,80,0.41164054589499377,0.4278609000054795,-3.9404170148543645,80,1.0537224748293323,9.999967707539822,7.47584111438049e-07,0.067383469441785,0.9999992524158885,0.0,-16.311158653607983,1.4095025157121395,1e-06,0.932616530558215,0.0,-5.254817029409719,138.4039033068364,0.0
0.25,0.9,120,0.25,20,balanced,4,80,0.47958141878415367,0.4711463320003793,1.7588435359233046,80,1.481448517422799,9.999967707539822,1.1608584799364237e-06,0.0031808854433731347,0.99999883914152,0.0,-17.483534110214727,1.2761648580662777,1e-06,0.9968191145566269,0.0,-4.548255869835641,3133.768610432598,0.0
0.25,0.9,120,0.25,20,skewed,0,44,0.43085965672059073,0.4171065537053305,3.19201456918465,44,1.0490894769555337,9.999967707539822,6.957091899233575e-07,0.011231834723333221,0.9999993042908101,0.0,-11.328188032370692,1.5079414822722015,1e-06,0.9887681652766668,0.0,-3.737869460662834,880.323648501458,0.0
0.25,0.9,120,0.25,20,skewed,1,44,0.3666486263042479,0.3602241765530412,1.7522088698283158,44,1.6040509298968488,9.999967707539822,0.24361628837369198,0.021035647212759467,0.7563837116263081,0.0,-2.9658520223231544,1.2388362738818393,0.24880268356095578,0.9789643527872405,0.0,-3.946646818311566,465.3820163311638,0.0
0.25,0.9,120,0.25,20,skewed,2,44,0.557609329424409,0.5525710717600646,0.9035461565080222,44,1.3380449617409254,9.999967707539822,7.779834377525183e-07,0.03146097785594553,0.9999992220165623,0.0,-7.823802871622725,1.719887411197096,1e-06,0.9685390221440545,0.0,-4.4517177933995775,307.85308038676845,0.0
0.25,0.9,120,0.25,20,skewed,3,44,0.3812898162838484,0.3734364231222447,2.059691296805398,44,1.3832682309180173,9.999967707539822,9.932751582494361e-07,0.04827477675323427,0.9999990067248418,0.0,-10.735046829342943,1.3926320873379647,1e-06,0.9517252232467657,0.0,-2.2161823971772683,197.14687750018768,0.0
0.25,0.9,120,0.25,20,skewed,4,44,0.4763201972798703,0.47119835468064364,1.0752940203829373,44,1.3083383064808913,9.999967707539822,1.2184996590162634e-06,0.04987634545021411,0.999998781500341,0.0,-19.591166230844934,1.0737275926909906,1e-06,0.9501236545497859,0.0,-2.2114324767505447,190.4952293096846,0.0
0.25,0.9,120,0.25,60,balanced,0,240,0.49695836414939754,0.4934954920601625,0.69681332261348,240,1.4047010715979589,9.999967707539822,9.292519180062555e-07,0.02968077763465004,0.9999990707480819,0.0,-45.28060653517564,1.5116458078350041,1e-06,0.97031922236535,0.0,-3.9546141636015264,326.91734054605604,0.0
0.25,0.9,120,0.25,60,balanced,1,240,0.4737919681661774,0.47077189862902524,0.637425228806942,240,1.3039918322801771,9.999967707539822,8.386120579086905e-07,0.04550728050406259,0.999999161387942,0.0,-118.42276654027395,1.5549391716946452,1e-06,0.9544927194959374,0.0,-5.41804250359982,209.74438081812283,0.0
0.25,0.9,120,0.25,60,balanced,2,240,0.5247969859755063,0.5200415424001301,0.9061491781505985,240,1.2832423314953303,9.999967707539822,8.700902258497754e-07,0.11272780358969973,0.9999991299097741,0.0,-26.061342411106384,1.474836950044271,1e-06,0.8872721964103003,0.0,-4.5685401511937895,78.70900549251593,0.0
0.25,0.9,120,0.25,60,balanced,3,240,0.4820214518416023,0.4780758424273146,0.8185547342785583,240,1.4064707661280882,9.999967707539822,9.537791470658108e-07,0.010847156929566228,0.999999046220853,0.0,-26.855948510723792,1.4746279879658573,1e-06,0.9891528430704337,0.0,-5.198603291616692,911.8976108443836,0.0
0.25,0.9,120,0.25,60,balanced,4,240,0.49720266824577536,0.4910708123566253,1.2332709136063957,240,1.4076468206137374,9.999967707539822,9.594653533233899e-07,0.03531801604131983,0.9999990405346466,0.0,-35.620169837023724,1.4671144352514058,1e-06,0.9646819839586802,0.0,-5.2948241857031215,273.14073011196666,0.0
0.25,0.9,120,0.25,60,skewed,0,132,0.4707577973076356,0.4593975812677231,2.4131763945035,132,1.3381101689778807,9.999967707539822,8.625151569913881e-07,0.045696599766941626,0.9999991374848429,0.0,-22.5802893566897,1.5514034785233213,1e-06,0.9543034002330584,0.0,-6.671491206744023,208.83398839731063,0.0
0.25,0.9,120,0.25,60,skewed,1,132,0.3714817969875,0.3704996037930018,0.26439874105897715,132,0.9750780252801181,9.999967707539822,6.042889741089531e-07,0.06774699692200094,0.9999993957110259,0.0,-49.55217008580529,1.613594617523854,1e-06,0.9322530030779991,0.0,-4.295199687415454,137.6075744991365,0.0
0.25,0.9,120,0.25,60,skewed,2,132,0.4925747954123379,0.4867009278648911,1.1924823604767942,132,1.3964767219085328,9.999967707539822,9.364628255127444e-07,0.015253547825403124,0.9999990635371745,0.0,-24.41327254809827,1.4912235439168047,1e-06,0.9847464521745969,0.0,-4.389932008793241,645.583102015162,0.0
0.25,0.9,120,0.25,60,skewed,3,132,0.37593294900755486,0.3745717769848379,0.3620784042235166,132,1.1703906433884845,9.999967707539822,7.073954184770676e-07,0.058697571979007164,0.9999992926045815,0.0,-124.26130358955903,1.654505789668811,1e-06,0.9413024280209928,0.0,-2.5774120072751208,160.36428025686067,0.0
0.25,0.9,120,0.25,60,skewed,4,132,0.42753888669516693,0.42242292516614705,1.1966073001138584,132,1.2879699152612427,9.999967707539822,7.550156234812447e-07,0.00023331838629516075,0.9999992449843765,0.0,-50.98343381480508,1.7058838291121825,1e-06,0.9997666816137049,0.0,-6.609491373833971,42849.75003454606,0.0
0.25,0.9,120,0.5,20,balanced,0,80,1.024756726218645,0.9967177698679321,2.7361573369883283,80,2.860054950846444,9.999967707539822,0.06588174117259818,0.833332884825735,0.9341182588274018,0.0,-1.9534070389311298,1.2109398968839653,0.029861487107169602,0.16666711517426502,0.0,-2.7859522247137316,2.0,0.0
0.25,0.9,120,0.5,20,balanced,1,80,0.7760677678891177,0.775583165466955,0.06244331258348013,80,3.0766566594976346,9.999967707539822,0.09954387711632959,0.023497439944761816,0.9004561228836704,0.0,-1.475921111201253,1.237823462611169,0.04447678297490151,0.9765025600552382,0.0,-2.8326307776602397,415.57693475706554,0.0
0.25,0.9,120,0.5,20,balanced,2,80,1.2543573403663033,1.2370668873653743,1.3784312049291934,80,2.714675871107733,9.999967707539822,0.12626397988395316,0.03585657719558513,0.8737360201160469,0.0,-2.5188044629839528,1.2454532114993526,0.06629944831566306,0.9641434228044149,0.0,-0.7373689618930297,268.8879934325735,0.0
0.25,0.9,120,0.5,20,balanced,3,80,0.8458575706495655,0.8372195086674132,1.0212194442521492,80,2.63829649891572,9.999967707539822,0.08392849500669075,0.01273733613966596,0.9160715049933092,0.0,-1.92585947956475,1.2713620795517953,0.044149619062730364,0.987262663860334,0.0,-3.123999129920998,775.0910119046285,0.0
0.25,0.9,120,0.5,20,balanced,4,80,1.016499402309197,0.9909598970242146,2.5124958486905173,80,3.0015142842891973,9.999967707539822,0.10783398093459191,0.025640345069403537,0.8921660190654082,0.07366881855068874,0.8904684146049284,1.1629212423527648,0.04682955870710432,0.9743596549305965,0.0,-4.454328706436372,380.0091246222167,0.05863744795807493
0.25,0.9,120,0.5,20,skewed,0,44,0.8102789656416648,0.7841696835043205,3.2222584127761746,44,2.7809133494621117,9.999967707539822,1.853308264921259e-06,0.007448694313617607,0.9999981466917351,0.0,-1.218081800049791,1.5005103294312976,1e-06,0.9925513056863824,0.0,-4.246850618540153,1332.5128656165516,0.0
0.25,0.9,120,0.5,20,skewed,1,44,0.7025005569009872,0.6820746141245609,2.9076052076788867,44,2.485322469668632,9.999967707539822,0.12412336111855374,0.026928283182459746,0.8758766388814463,0.11509916447075008,0.7660738389044344,1.298419545750233,0.07403626533722343,0.9730717168175402,0.0,-2.0546870524711305,361.35559327577204,0.0882994619560291
0.25,0.9,120,0.5,20,skewed,2,44,0.915450684330598,0.8971555979426499,1.9984786402039707,44,3.259602636355328,9.999967707539822,0.2135440632897484,0.19464185870554132,0.7864559367102516,0.0,-1.5389314384908992,1.3313918496913946,0.11090740330105398,0.8053581412944587,7.390728490204099e-05,0.0173296388245831,41.376276714108464,4.793639327197925e-05
0.25,0.9,120,0.5,20,skewed,3,44,0.7817465054274076,0.7811720720503279,0.07348077325471115,44,2.520695208528057,9.999967707539822,1.959848398754665e-06,0.022157919709593635,0.9999980401516013,0.0,-4.1971590690283165,1.2861659432694794,1e-06,0.9778420802904063,0.0,-5.169778197278341,441.30447957819393,0.0
0.25,0.9,120,0.5,20,skewed,4,44,0.6201601411028472,0.6213238252074443,-0.18764251803214838,44,2.4996780813317367,9.999967707539822,0.07241230336418593,0.025266974582719877,0.9275876966358141,0.0,-0.5627090343775534,1.1222880358240925,0.03504917142864815,0.9747330254172801,0.0,-2.4869473213669004,385.7722952043331,0.0
0.25,0.9,120,0.5,60,balanced,0,240,0.8323241231981106,0.8286155850837423,0.44556417518196945,240,2.859312336291392,9.999967707539822,0.1243819722591697,0.008197338226272026,0.8756180277408303,0.0,-1.9668848418488154,1.259963929596284,0.06259498169699801,0.991802661773728,0.0,-5.679161271529163,1209.9042782207869,0.0
0.25,0.9,120,0.5,60,balanced,1,240,0.950734049702968,0.945432763568013,0.5575992714904143,240,3.0223012328429317,9.999967707539822,2.318385519113691e-06,4.551280821479013e-05,0.9999976816144809,0.0,-2.625479960968082,1.303620213742527,1e-06,0.9999544871917853,0.0,-4.824151470315547,219707.6597369329,0.0
0.25,0.9,120,0.5,60,balanced,2,240,0.9013278322290875,0.8939690041986943,0.8164430041169369,240,2.794928450364483,9.999967707539822,0.01759126158964085,0.00018001361287429962,0.9824087384103591,0.0,-1.6385171202563256,1.184053670890191,0.007585872208511727,0.9998199863871257,0.0,-6.123601197038626,55541.175012168154,0.0
0.25,0.9,120,0.5,60,balanced,3,240,0.8784527423274354,0.8625627917706039,1.808856617002702,240,2.9481763059813986,9.999967707539822,0.13978995276722744,0.030296157325699305,0.8602100472327726,0.0,-0.09104067952888964,1.2423289921519747,0.06847856053904916,0.9697038426743007,0.0,-6.639828002771246,320.0738301023611,0.0
0.25,0.9,120,0.5,60,balanced,4,240,0.9284250128103381,0.9184061634011926,1.0791231678278923,240,2.8024522712099977,9.999967707539822,0.0779772476406817,0.0005659365676060603,0.9220227523593183,0.0,-1.53742452312516,1.2129267091088742,0.03660359602984056,0.9994340634323939,0.0,-2.1474442682717534,17659.76777647655,0.0
0.25,0.9,120,0.5,60,skewed,0,132,0.8019620968224125,0.7854085377096601,2.0641323546763584,132,2.863192382822626,9.999967707539822,0.018638908866491014,0.009000637272894194,0.981361091133509,0.0,-1.526279073515842,1.316661995588898,0.008734047083233725,0.9909993627271058,0.0,-3.8589113425933848,1101.0288855110157,0.0
0.25,0.9,120,0.5,60,skewed,1,132,0.7947333709350645,0.7798249112278085,1.8759070969569354,132,2.8456027027876933,9.999967707539822,2.118100517473135e-06,0.028451062004587857,0.9999978818994826,0.0,-3.9236285011600076,1.3434663048509567,1e-06,0.9715489379954121,0.0,-4.027256875079725,341.47962577572923,0.0
0.25,0.9,120,0.5,60,skewed,2,132,0.8244869549174078,0.8157997141675224,1.053654117639205,132,2.762627539000536,9.999967707539822,0.13499113372114835,0.016693272708461614,0.8650088662788517,0.0,-1.148060173993457,1.1832818169911674,0.0668421897034559,0.9833067272915383,0.0,-4.435217120721551,589.0418069152975,0.0
0.25,0.9,120,0.5,60,skewed,3,132,0.7712111880418966,0.7669347701123046,0.5545067286238166,132,2.7523103774900406,9.999967707539822,0.005440412784092365,0.03673285211001374,0.9945595872159076,0.0,-1.6454742128457407,1.27982251204286,0.0025436268325052538,0.9632671478899862,0.0,-4.806177218065896,262.2350244893697,0.0
0.25,0.9,120,0.5,60,skewed,4,132,0.8271444681712025,0.8162020990510921,1.3229090613763883,132,2.678365026435581,9.999967707539822,1.9088534380931714e-06,0.03799459825921444,0.9999980911465619,0.0,-4.111212470919278,1.403124965133791,1e-06,0.9620054017407855,0.0,-3.9252686296002146,253.19449060245512,0.0
0.5,1.0,30,0.1,20,balanced,0,80,0.23307866216774897,0.21841664953529877,6.290585545706373,73,2.5,30.0,0.518332123188469,0.9375,0.48166787681153095,0.3988594377293433,2.700577788779085,1.0049175013122251,0.4418181641331388,0.0625,0.0017238572433192685,2.480991784064312,2.0,0.09254369629354886
0.5,1.0,30,0.1,20,balanced,1,80,0.26605338135570095,0.2739754668603737,-2.9776300772066913,72,2.0,30.0,0.42499523444097176,0.23297639409208476,0.5750047655590282,0.4097886777118426,2.779464919117182,0.957119391029711,0.3537111380139633,0.7670236059079152,0.0008780766526019683,1.637024550766304,98.76841070920855,0.13600522201354895
0.5,1.0,30,0.1,20,balanced,2,80,0.3434015817205872,0.3488130123739321,-1.5758316039871791,67,2.5,30.0,0.5048623629937297,0.5496213540396784,0.4951376370062704,0.42525934290744644,2.8672259441149226,0.9518222154665926,0.3962911348363343,0.4503786459603216,0.0032308778715424277,3.4466032212261606,24.583032081090202,0.10491247891578084
0.5,1.0,30,0.1,20,balanced,3,80,0.2765835458737474,0.28315102612123605,-2.374501428398971,72,2.0,30.0,0.4594375182633919,0.35112756678616613,0.5405624817366081,0.37851472413156473,2.5966387456200106,0.9267393023469971,0.3938294087480848,0.6488724332138338,0.0015505039849976563,2.4569251559513976,55.439033666843244,0.11125777066147094
0.5,1.0,30,0.1,20,balanced,4,80,0.27461487095493853,0.2905254836997732,-5.793791388466159,73,2.0,30.0,0.6423475502734629,0.3206161809354921,0.3576524497265371,0.684296772382163,3.9941235720795745,0.763916395791165,0.6860009288701636,0.6793838190645078,0.0015871015002344104,2.331478887667086,63.56982517995868,0.08826455601646788
0.5,1.0,30,0.1,20,skewed,0,44,0.13853961468028983,0.1476098958054891,-6.54706680549886,34,2.0,30.0,0.5775416342520352,0.3526054121164928,0.4224583657479648,0.6485144925592708,2.4398859270427233,0.8069383695310327,0.5515815787604278,0.6473945878835072,0.0010156017539738457,1.5850451379218953,55.08094024968817,0.11616673466585638
0.5,1.0,30,0.1,20,skewed,1,44,0.10348017504885851,0.12215132710879688,-18.04321653990508,39,2.0,30.0,0.3478612163729836,0.24684804047303277,0.6521387836270164,0.23110859783711957,1.2180638592879713,1.0689051590076681,0.2850855202413704,0.7531519595269672,0.0008959556808394008,1.3370007084997872,91.5322590469475,0.09879523843466476
0.5,1.0,30,0.1,20,skewed,2,44,0.36090646920976727,0.34622232435770656,4.0686843004540165,39,2.0,30.0,0.39174825203189756,0.37422346188930244,0.6082517479681024,0.4877829208304968,1.7351215786272227,1.5104973199373537,0.48642251071291254,0.6257765381106976,0.001762117297001018,1.902749002759257,50.16600522196596,0.181155177935666
0.5,1.0,30,0.1,20,skewed,3,44,0.2798880608339228,0.2773563147470262,0.9045566571697621,37,2.0,30.0,0.6687484039259326,0.20354810655118033,0.3312515960740674,0.9128367655737601,2.6359090217257273,0.9780378981826029,0.9872575576095373,0.7964518934488196,0.0006013233106256354,1.0588277317299908,117.38530614853335,0.10054484643931032
0.5,1.0,30,0.1,20,skewed,4,44,0.2057746891289792,0.20718235748390038,-0.6840823625489005,38,2.0,30.0,0.6307595752659534,0.45435935726276566,0.3692404247340466,0.6845978932599786,2.431654843803905,1.0109249199509922,0.8634625712952982,0.5456406427372343,0.0022080690627202244,2.213833535315193,36.027032392887115,0.09399443840083176
0.5,1.0,30,0.1,60,balanced,0,240,0.35886122939926784,0.36478761519463015,-1.651442203796452,213,2.0,30.0,0.40536548734224914,0.38985521362853215,0.5946345126577508,0.3811888080375505,4.233485130305332,1.1040536977323179,0.3763196179388795,0.6101447863714679,0.0017567991631799165,4.467788334404471,46.95164499860983,0.13543864358605487
0.5,1.0,30,0.1,60,balanced,1,240,0.3122454929566128,0.3177400189160154,-1.7596814312275955,212,2.0,30.0,0.4360179283242851,0.4204583813822132,0.5639820716757149,0.475745306512909,4.837705755973252,1.053674135395279,0.40730090256139834,0.5795416186177869,0.001975424221292421,4.8236452714404265,41.350700398403575,0.15198654085064087
0.5,1.0,30,0.1,60,balanced,2,240,0.22438549891776227,0.23197078433816978,-3.380470421213598,212,2.0,30.0,0.39839699669457007,0.4685767264590458,0.6016030033054299,0.3512477331030199,4.305292308929287,1.0557841625475812,0.3495837264820813,0.5314232735409542,0.0026409744821530028,5.431448958549729,34.02366636240104,0.12787158746350002
0.5,1.0,30,0.1,60,balanced,3,240,0.3356723703658307,0.33859762218226813,-0.8714604104142875,211,2.0,30.0,0.4568121650921484,0.36751111693374827,0.5431878349078516,0.4114183063762278,4.847381308979449,0.9427429458723838,0.396415768683748,0.6324888830662517,0.001634144325636654,4.335285374953273,51.63018373511715,0.12204394209215562
0.5,1.0,30,0.1,60,balanced,4,240,0.32263048346790907,0.3239785540546688,-0.41783732655064465,215,2.0,30.0,0.4686972040859912,0.38138972019954487,0.5313027959140089,0.4858564372987643,5.187576567980346,1.0054459588562237,0.443485064825202,0.6186102798004551,0.0018369627821684998,4.531664741486615,48.65969744623389,0.13785181444797967
0.5,1.0,30,0.1,60,skewed,0,132,0.29503694913621215,0.2934984200739198,0.5214699605580735,111,2.0,30.0,0.4517732886114468,0.3222982372595217,0.5482267113885533,0.3751590673203873,3.113318479812023,1.000680380530262,0.4123117835831792,0.6777017627404782,0.0012616517164863207,2.9752068137515635,63.08148953927828,0.11333445673572091
0.5,1.0,30,0.1,60,skewed,1,132,0.20060561433390303,0.20613424606589775,-2.755970589533178,109,2.0,30.0,0.48724024837757307,0.3805048167053937,0.5127597516224269,0.49013257502677965,3.3888947089287442,1.0630662057791165,0.5050792700740575,0.6194951832946063,0.0015571790851689063,3.447674705853235,48.84262874713498,0.12946451806447395
0.5,1.0,30,0.1,60,skewed,2,132,0.15805710164729653,0.16463880866965241,-4.164132426673827,109,2.0,30.0,0.6614778473325158,0.22082934256970704,0.3385221526674842,0.8164836369588901,4.8185034221171135,0.8070452755318464,0.7884898630002706,0.779170657430293,0.0005980329160990738,1.812067392172867,105.85151162839783,0.09392984762509847
0.5,1.0,30,0.1,60,skewed,3,132,0.2622091375409548,0.26481990988739124,-0.9956832057496998,110,2.0,30.0,0.6664836060844109,0.43332957082363033,0.33351639391558907,0.9769342845793205,5.143773419331228,0.7976233868041912,0.7969666871444162,0.5666704291763697,0.0017646824478885549,3.562655989870683,39.231370347006184,0.10923417868621559
0.5,1.0,30,0.1,60,skewed,4,132,0.23094839987623947,0.22889108850879458,0.8908099681778948,120,2.0,30.0,0.5753766415218395,0.3067219998777294,0.42462335847816046,0.6537655088040517,4.397032882177453,0.9108348125659937,0.6171034458792618,0.6932780001222706,0.0013348540536835696,2.9178900095329046,67.80843895109935,0.11851876457717045
0.5,1.0,30,0.25,20,balanced,0,80,0.5515753626823208,0.5783561217833545,-4.855321849547162,79,6.0,30.0,0.7575746739231969,0.46514648340940246,0.24242532607680312,0.6126931493909284,4.650692490899509,1.0608623604706553,0.5525292192150019,0.5348535165905975,0.004902285513361462,3.009298020897071,34.49581168518747,0.03741038852080548
0.5,1.0,30,0.25,20,balanced,1,80,0.6027980609602052,0.616192856460683,-2.2221032826716614,79,5.5,30.0,0.7271538197320095,0.460119924795862,0.2728461802679904,0.5738809195506112,4.318596516203475,1.1449742614686236,0.5581662173143085,0.5398800752041379,0.004469995311767461,2.955021491490525,35.20039316556412,0.04402545866211321
0.5,1.0,30,0.25,20,balanced,2,80,0.7034470793557053,0.7221009235828635,-2.6517764839173785,80,6.5,30.0,0.8197047598240003,0.4964463487696331,0.18029524017599974,0.7182007070613183,4.8280807662764325,0.976182694327616,0.6861268132286853,0.5035536512303669,0.0053545593061415835,3.1566227051236084,30.429490667723602,0.024703836207669565
0.5,1.0,30,0.25,20,balanced,3,80,0.5996668011984724,0.6173662371478669,-2.9515450770362874,80,6.0,30.0,0.663596880405589,0.5120689674608938,0.33640311959441105,0.3384436843685793,3.937191882371804,0.9434641525395043,0.3101833444918503,0.4879310325391062,0.00624071143928739,3.434839080586997,28.585858363485123,0.03978644429248789
0.5,1.0,30,0.25,20,balanced,4,80,0.5032364148520938,0.5148458992075632,-2.3069642841489366,80,6.0,30.0,0.8164746495126817,0.4936469997373946,0.18352535048731833,0.7461017572899618,4.959346366751648,0.9002101579021757,0.6674816051381806,0.5063530002626053,0.005652303094233473,3.269656504023305,30.772171239689694,0.026579079817232523
0.5,1.0,30,0.25,20,skewed,0,44,0.5291265572209907,0.5300162587227784,-0.16814531224069745,44,5.0,30.0,0.48501524454103884,0.533065644957712,0.5149847554589612,0.21156993862910767,1.9085730326099117,1.1466800018628986,0.21598980382174535,0.466934355042288,0.0063145799076031635,2.6667274751872334,26.27824693594706,0.057487068259554
0.5,1.0,30,0.25,20,skewed,1,44,0.5166942821794618,0.5300416605177081,-2.5832254775388406,44,5.0,30.0,0.7315934338056134,0.4529431715556442,0.26840656619438663,0.47601711354570336,2.990436463553887,0.9902588286330791,0.5398279684941254,0.5470568284443558,0.00424402944170386,2.2080247727337676,36.23347449297951,0.0355633809206002
0.5,1.0,30,0.25,20,skewed,2,44,0.4970683971053017,0.500296538437049,-0.6494360435196701,44,5.5,30.0,0.681457945232353,0.558830154717853,0.31854205476764696,0.38520736951748924,2.4625950284349165,1.15519315237234,0.45187824862747134,0.441169845282147,0.0062615496045728605,2.638264208390463,23.68357406401352,0.04030531284997073
0.5,1.0,30,0.25,20,skewed,3,44,0.5481627220888182,0.5627217369463444,-2.655965878534735,44,6.0,30.0,0.6911409352680221,0.47494900026409986,0.3088590647319779,0.4405735403750092,2.967610895108375,1.007111608035805,0.3756060817475506,0.5250509997359001,0.004840047764466365,2.295050246624643,33.16467659331469,0.04336233524813608
0.5,1.0,30,0.25,20,skewed,4,44,0.39458654266280485,0.4017109310478027,-1.8055325295485347,44,5.5,30.0,0.7354757673401011,0.32425502436396847,0.26452423265989883,0.47029663734861293,3.03520037191444,0.9937332224523798,0.5054313099024532,0.6757449756360315,0.0025969188004071712,1.6352280926588445,62.51976915036395,0.034093933703447855
0.5,1.0,30,0.25,60,balanced,0,240,0.4843602065047759,0.49517546822015873,-2.2328964209152447,239,6.0,30.0,0.7165093260835216,0.42289286824007666,0.2834906739164784,0.40044635213173874,7.06361223404019,0.965246530302903,0.4066025238015125,0.5771071317599233,0.004034507205950719,4.838545003622682,40.939952534193544,0.033526360126152226
0.5,1.0,30,0.25,60,balanced,1,240,0.7434938632050658,0.7409880989219007,0.33702555019933705,238,6.0,30.0,0.7034806238520128,0.504857864368295,0.2965193761479872,0.4014466082951385,6.821072777060589,1.044595190812946,0.41304353982539993,0.49514213563170495,0.005411178263340048,5.605231266336263,29.422665501185346,0.036623322878046725
0.5,1.0,30,0.25,60,balanced,2,240,0.5944041797548234,0.596840589354093,-0.40989106104108547,237,6.0,30.0,0.754836355689205,0.4628241244846508,0.24516364431079496,0.4656094309180834,7.490336292769496,0.9295957161406072,0.4770233127404037,0.5371758755153492,0.004696807040652925,5.3229417577448395,34.81943877364786,0.029340854659590108
0.5,1.0,30,0.25,60,balanced,3,240,0.5005708994905291,0.5033234052059656,-0.549873298315573,240,6.0,30.0,0.6580437252666388,0.45900277259652156,0.3419562747333612,0.3239715807469926,6.4047878203076305,1.0641242808841116,0.3412913471104227,0.5409972274034784,0.004871612040911204,5.282974604254025,35.35908232164642,0.03930913689035969
0.5,1.0,30,0.25,60,balanced,4,240,0.6487571609534093,0.6583352400958202,-1.4763735522140597,238,6.0,30.0,0.7036193138785614,0.5257017036747863,0.29638068612143864,0.39089117645815036,6.97221246672153,0.9643802832339505,0.38157940388927936,0.4742982963252137,0.0061274284570484,6.03122317751027,27.0665831788113,0.03571489102359564
0.5,1.0,30,0.25,60,skewed,0,132,0.6230486377457409,0.6176812843195567,0.8614662003922997,131,5.0,30.0,0.7143123628563395,0.5941148073158529,0.2856876371436605,0.4941304071183724,5.360690994342441,0.9468285198742803,0.4734760831887652,0.40588519268414713,0.007896241893061231,5.05088726029183,20.495290860594416,0.04163050086273646
0.5,1.0,30,0.25,60,skewed,1,132,0.566966171444055,0.576782550203985,-1.731387030539711,130,5.0,30.0,0.7275436755985467,0.4927953265080304,0.2724563244014533,0.4967283061802964,5.480181774506489,0.9069135968632335,0.48434864058428584,0.5072046734919696,0.0049954442645282334,4.211818988986881,30.877200708418513,0.03815846942065087
0.5,1.0,30,0.25,60,skewed,2,132,0.38251628991121006,0.40032540824716245,-4.655780369533087,132,5.0,30.0,0.7323087403555835,0.5219720432490534,0.26769125964441653,0.5945578016531178,5.408148736579776,1.0119269885279913,0.553654967506302,0.47802795675094656,0.005678322666872282,4.542115845288461,27.47434252084229,0.043902743565680406
0.5,1.0,30,0.25,60,skewed,3,132,0.6071727253208866,0.6115972484277815,-0.7287091337241087,127,5.0,30.0,0.7104898811249353,0.561152663257567,0.2895101188750647,0.5322657172023256,5.334986594580484,0.9907151026125097,0.4862649072294417,0.43884733674243304,0.005984473659410045,4.606362852884353,23.461387540862674,0.045764973071969556
0.5,1.0,30,0.25,60,skewed,4,132,0.4141041133628181,0.4166124403398152,-0.6057237530503408,129,5.0,30.0,0.62505411169534,0.6404702701947828,0.37494588830466,0.29347549236143344,4.068686550781952,1.0039879126307096,0.3347399144552494,0.35952972980521725,0.00882823142365127,5.329067460352781,16.840581672707867,0.04239923318426502
0.5,1.0,30,0.5,20,balanced,0,80,0.931664160550687,0.9534551083254835,-2.338927340718606,80,11.0,30.0,0.8164531158769952,0.52534944965478,0.1835468841230048,0.41651111753902814,5.026324679582433,1.0802070446448282,0.4368160169918101,0.47465055034521997,0.009108913502109704,3.46861628489502,27.104847106461673,0.016084209850357203
0.5,1.0,30,0.5,20,balanced,1,80,1.1566705395882635,1.1633574722253646,-0.5781190415277111,80,11.0,30.0,0.8461513645132507,0.5500120932152709,0.15384863548674932,0.47926341315766513,5.1650069772025855,0.9886346123471307,0.4943078829017466,0.4499879067847291,0.009449759728082513,3.548812159451837,24.544255244690063,0.013257352193331164
0.5,1.0,30,0.5,20,balanced,2,80,1.3070047912019227,1.3261591680689595,-1.4655169587727694,80,11.5,30.0,0.8411897893049063,0.5855750800315277,0.1588102106950937,0.48323672689415337,5.169931158094917,1.0261230627402704,0.47337846496613323,0.4144249199684723,0.011072562119081105,3.786376231221485,21.23168834026336,0.01408925087017722
0.5,1.0,30,0.5,20,balanced,3,80,1.1022000874520534,1.104241565742151,-0.1852184837706514,80,12.0,30.0,0.8384116455116558,0.6244768392145997,0.1615883544883442,0.45516337859488326,5.149990727937744,1.0377020468132383,0.4486820246495843,0.37552316078540027,0.013493161040787625,4.0770563507667,18.040212408407,0.013787452048502883
0.5,1.0,30,0.5,20,balanced,4,80,0.93584009402366,0.9467675823495524,-1.1676661852464016,80,12.0,30.0,0.8541870223363828,0.4980176880868475,0.14581297766361723,0.5001547904769823,5.326542727734857,1.0104299025995216,0.4932666280296414,0.5019823119131526,0.008483901781528363,3.3278869881903033,30.238824278001168,0.012771829816557136
0.5,1.0,30,0.5,20,skewed,0,44,1.0690058275196261,1.0840828672336051,-1.4103795625662479,44,10.5,30.0,0.6851321305360996,0.6118834799890961,0.3148678694639004,0.1987685245139453,2.6864804212535573,1.1306322766615522,0.23466787453593863,0.3881165200109039,0.011499667214783491,2.8730278304593737,19.028942570135424,0.021438510230118252
0.5,1.0,30,0.5,20,skewed,1,44,0.92742185571221,0.9302425119552488,-0.30413950519557476,44,10.0,30.0,0.8666061084410711,0.5409054172520475,0.1333938915589289,0.6589226177684443,4.000159113456086,1.002074287923857,0.6510070955107563,0.45909458274795245,0.00977989194268264,2.6767093651065763,25.46256155541662,0.013786109797293241
0.5,1.0,30,0.5,20,skewed,2,44,0.5814640612569868,0.5867732151418648,-0.9130665570974126,44,11.5,30.0,0.8313364270545682,0.657449667206176,0.16866357294543172,0.42838404356754134,3.707650358890207,1.0109712087006708,0.43398996162494624,0.34255033279382396,0.015160715683971492,3.1537127710184407,15.63086955003661,0.013965382053494057
0.5,1.0,30,0.5,20,skewed,3,44,0.9271277573014995,0.9172829782115569,1.061857873676102,44,11.0,30.0,0.8069036076866986,0.5033234563173792,0.19309639231330145,0.3700265682877675,3.66290147378923,0.9879961199182784,0.3753272106941107,0.4966765436826208,0.008490368804322291,2.488721637154358,29.60381862490229,0.015891359429405314
0.5,1.0,30,0.5,20,skewed,4,44,0.5881251625962115,0.5932127792948546,-0.8650567978054876,44,10.0,30.0,0.8106416146020976,0.11666302449361783,0.1893583853979024,0.44776671307207444,3.6906710812063963,1.081889641382121,0.4631560223057341,0.8833369755063821,0.0006605003523608181,0.38839795642675307,227.15088504019698,0.016570769079526444
0.5,1.0,30,0.5,60,balanced,0,240,0.9893414743144477,1.002694048245852,-1.3496425933883662,240,12.0,30.0,0.8362280989486892,0.5620764740564365,0.1637719010513108,0.4406675757983013,8.888380730199506,1.0243805123785694,0.43587848045945327,0.43792352594356354,0.01009166860375019,6.322123508645273,23.37352012528422,0.013754598937198144
0.5,1.0,30,0.5,60,balanced,1,240,1.1408238306248892,1.1427540048057014,-0.1691912571422134,240,12.0,30.0,0.8365125923735972,0.4597476116990976,0.1634874076264028,0.44724831060698844,9.032758290762587,1.0404202463671586,0.4436247058628781,0.5402523883009024,0.007064169766000309,5.279248830676242,35.25319378849725,0.014015949985677598
0.5,1.0,30,0.5,60,balanced,2,240,1.2283714398901253,1.2271940678858941,0.09584820730906067,240,12.0,30.0,0.859115407602907,0.5108236161356957,0.14088459239709294,0.48795685940448896,9.244011073550748,0.9386228968386869,0.47697751452842624,0.4891763838643043,0.008447945400072314,5.8096915254294546,28.72868648271494,0.01170673500650756
0.5,1.0,30,0.5,60,balanced,3,240,1.0318548306407123,1.0349246788288344,-0.2975077595184588,240,12.0,30.0,0.8460014744444646,0.5923442128198494,0.1539985255555354,0.4571297620769355,8.997377962775415,0.9783577754348117,0.44788963485539607,0.4076557871801506,0.011217537708559329,6.611614355874725,20.64622790384878,0.012705248613022043
0.5,1.0,30,0.5,60,balanced,4,240,1.1369578985334996,1.1453565290913048,-0.7386931889596042,240,12.0,30.0,0.8560683124033196,0.5969737549710001,0.1439316875966804,0.46577147238913724,9.112092946018581,0.9454857236442036,0.46862530259817514,0.40302624502899986,0.011500924634536907,6.656063005758914,20.253465500266998,0.011517172811669604
0.5,1.0,30,0.5,60,skewed,0,132,0.789331633556541,0.790277794948086,-0.11986867766617193,132,10.0,30.0,0.822373254939578,0.601553353041487,0.17762674506042198,0.4402624381403829,6.39168538425,1.0133934568201834,0.46917916293303547,0.39844664695851295,0.011404734366566428,5.017815497631928,19.870888173623076,0.0157014474550291
0.5,1.0,30,0.5,60,skewed,1,132,0.9440905491680666,0.938436845454112,0.5988518494265853,132,10.0,30.0,0.8502087899070032,0.5625781007676341,0.14979121009299678,0.5455501649279983,6.737869022811388,0.9741601248824779,0.5529293076928747,0.43742189923236585,0.009827689533160273,4.709233024154298,23.32592925153893,0.014121140536029102
0.5,1.0,30,0.5,60,skewed,2,132,0.9427142979464539,0.9421318076198132,0.06178863818121394,132,11.0,30.0,0.8410380992513564,0.45734597539323535,0.15896190074864358,0.45613789297618546,6.592040396533972,0.9735271627092308,0.46825024260442266,0.5426540246067646,0.006668557928736048,3.896567584336389,35.59585437306054,0.013489809230047542
0.5,1.0,30,0.5,60,skewed,3,132,1.008506313680179,0.9987435062415881,0.9680462388941414,132,11.0,30.0,0.8511760613545555,0.5335685344324175,0.14882393864544452,0.5042097375702742,6.742272517890117,0.9592365163574784,0.4987462289223317,0.4664314655675825,0.008932670641958174,4.475127695038433,26.22520456891718,0.013110898749130722
0.5,1.0,30,0.5,60,skewed,4,132,0.9078446833378192,0.9080896478826408,-0.026983089653721842,132,11.0,30.0,0.8247007382775329,0.5103872627712382,0.17529926172246713,0.4327372994372823,6.441559378392351,1.0336597801994185,0.4420803682084178,0.48961273722876175,0.008059048928641805,4.277705796608372,28.778896317101797,0.015229864454706353
0.5,1.0,60,0.1,20,balanced,0,80,0.2721854651766768,0.2735743421608165,-0.5102686079281167,75,4.0,60.0,0.622438762040968,0.44622616490701655,0.37756123795903196,0.3874219847780568,3.6668539271031126,1.001659221015054,0.41282808113844394,0.5537738350929835,0.0010246908696671356,2.9001019605849883,74.46096333795809,0.05554220529187502
0.5,1.0,60,0.1,20,balanced,1,80,0.2965938261859866,0.30085816576921043,-1.4377708525024209,79,5.0,60.0,0.6899271050771275,0.3987917981257993,0.3100728949228725,0.41826402656839734,3.6585213051050838,1.0127158239228153,0.4506682835587165,0.6012082018742007,0.0008872209036568214,2.6130740256279053,90.45444836624485,0.040534765707382354
0.5,1.0,60,0.1,20,balanced,2,80,0.38307675635097055,0.382397386771677,0.1773455496921646,77,5.0,60.0,0.6699679515892567,0.5888331163705124,0.3300320484107433,0.43266999812964985,3.8642808099443604,0.9125045321219788,0.37047843998520874,0.4111668836294876,0.001684294421003281,3.5090064895972715,41.89644286624347,0.04741165884886997
0.5,1.0,60,0.1,20,balanced,3,80,0.22664957787808349,0.23763294000192106,-4.84596628269284,79,4.5,60.0,0.6734973258905207,0.5173212708591982,0.3265026741094793,0.5070314152495183,4.016905397528465,1.0860273557855076,0.5020112896036659,0.4826787291408018,0.0015727130215658694,3.413403669009724,55.98208575562416,0.05441798378749046
0.5,1.0,60,0.1,20,balanced,4,80,0.2950177573593996,0.29965994496955,-1.5735282010482983,77,5.0,60.0,0.6528144381004528,0.5059974650304977,0.3471855618995472,0.37475050983675867,3.3441421346376274,1.0449734026970416,0.3929735562615152,0.4940025349695023,0.001203393108298172,3.1560068542432833,58.577669151729154,0.04546528165236726
0.5,1.0,60,0.1,20,skewed,0,44,0.23373920355144526,0.22935857003496823,1.8741543780065373,39,4.0,60.0,0.45779924071926775,0.6697410583781392,0.5422007592807323,0.3525964122697067,2.1357305059750535,1.1970918922267826,0.2526867354721202,0.33025894162186076,0.00203030303030303,2.982395708151418,29.586862339450132,0.10387832689334622
0.5,1.0,60,0.1,20,skewed,1,44,0.20850924917379554,0.21318306747675397,-2.241540037901501,43,3.0,60.0,0.4359367212415727,0.46587389705609283,0.5640632787584273,0.18968894043606382,1.324308323661659,1.1128115923315511,0.28667908677931125,0.5341261029439072,0.0010077592788348601,2.3932093027298027,68.79021636358344,0.06064033800095132
0.5,1.0,60,0.1,20,skewed,2,44,0.29432281635465296,0.30046320063647225,-2.086275321047571,39,3.5,60.0,0.6963455190223625,0.601235026201169,0.3036544809776375,0.5997740235930964,2.8654428382336903,0.9345750309843738,0.621204459632243,0.398764973798831,0.0012494396484222067,2.5446634926181497,39.79458512106783,0.055501467677145234
0.5,1.0,60,0.1,20,skewed,3,44,0.35217062651506886,0.34208496589542836,2.8638562845072917,43,3.0,60.0,0.7256273545728217,0.5045682258083459,0.2743726454271783,0.9323028406439693,3.354957730133238,0.9915210191235607,0.8740846753506922,0.4954317741916541,0.001319468913945658,2.5446859740505148,58.913552084808174,0.07050794993807595
0.5,1.0,60,0.1,20,skewed,4,44,0.1725528794886037,0.1728319065525941,-0.16170524932260663,42,3.0,60.0,0.6900014923231165,0.44710561155965994,0.30999850767688353,0.7678745916040817,2.8795023420484673,0.9411459746655386,0.698274465770426,0.5528943884403401,0.0006909086015190669,2.062618198235254,74.1964816560882,0.0740032431600122
0.5,1.0,60,0.1,60,balanced,0,240,0.2460771210700915,0.254949854310373,-3.605671751074418,234,5.0,60.0,0.6500091278673553,0.44085887083358927,0.3499908721326447,0.4129611523615058,6.186126641180318,1.0221724709693534,0.37967929411198875,0.5591411291664108,0.0009581355893899478,4.82641169074877,76.09797594987754,0.05088465294358868
0.5,1.0,60,0.1,60,balanced,1,240,0.4304370965813143,0.43072154833464915,-0.0660843955119286,232,5.0,60.0,0.7201311096101014,0.5540430925684943,0.2798688903898986,0.529267231226453,7.165334158121479,0.9454525634644214,0.4865491142390457,0.44595690743150573,0.0016715128460922568,6.201052815206566,48.294825447322815,0.04178812689656421
0.5,1.0,60,0.1,60,balanced,2,240,0.27700540751833996,0.2782956279719466,-0.4657744645368477,233,5.0,60.0,0.6792077388474793,0.5377256676976239,0.3207922611525207,0.48493923858081417,6.882035566665055,0.9889124657325965,0.4187613487651896,0.46227433230237613,0.0016113517130275322,6.08059483899069,51.58106001690709,0.05024831139572196
0.5,1.0,60,0.1,60,balanced,3,240,0.24157356518698012,0.247173980392405,-2.3183063101668946,236,4.0,60.0,0.6016448066026007,0.5675070585982841,0.39835519339739933,0.34569502630571375,5.5987306018562135,1.0673297613920145,0.40300303505349677,0.4324929414017159,0.0017852508846014775,6.402406940178076,45.725557226014416,0.0551911897146373
0.5,1.0,60,0.1,60,balanced,4,240,0.29325303864387425,0.2949644042232136,-0.5835798282784898,234,4.5,60.0,0.6716505756216237,0.5543598406472148,0.32834942437837633,0.45358389076278416,6.6016118312616845,0.991510977875291,0.4544836477274171,0.4456401593527852,0.0016576445387158426,6.20009315762092,48.23294834984808,0.04923159643825773
0.5,1.0,60,0.1,60,skewed,0,132,0.3696026700320054,0.36981427220637214,-0.0572512569642414,127,4.0,60.0,0.726221199473308,0.4672468539825544,0.273778800526692,0.6015718852069059,5.355792406922103,0.9086321809259212,0.6025557412066099,0.5327531460174456,0.0010303975398600084,3.8991316603053052,68.41177953065518,0.0453831728858503
0.5,1.0,60,0.1,60,skewed,1,132,0.2848196920823577,0.28737297479314267,-0.8964558216173748,126,4.0,60.0,0.6386448646600209,0.5332702549007353,0.3613551353399791,0.39441889784465983,4.229810033792606,1.117116329034089,0.4935868740970281,0.4667297450992647,0.0013880894397751908,4.4080978500502,52.51330718074384,0.05180462373944205
0.5,1.0,60,0.1,60,skewed,2,132,0.22309335672860214,0.22496645357065737,-0.8396022497137305,128,4.0,60.0,0.6675539097897679,0.551628766851023,0.3324460902102321,0.5168513303616387,4.762939280260273,1.0351601555886751,0.5196520800446278,0.448371233148977,0.001548855550843464,4.676593887322203,48.76880178405207,0.057433994174793515
0.5,1.0,60,0.1,60,skewed,3,132,0.31211312525642654,0.3153136078735356,-1.025423911435822,126,4.0,60.0,0.7465591049146088,0.5855825121874131,0.25344089508539125,0.7193176130753536,5.371953869712485,0.9670622822888087,0.7121671816410694,0.4144174878125869,0.0016056327695958745,4.7766593546296,42.46207622538644,0.04647916993324042
0.5,1.0,60,0.1,60,skewed,4,132,0.149343560234043,0.15347675358678298,-2.7675738721259027,127,4.0,60.0,0.695559599583776,0.5432109241109694,0.304440400416224,0.5219790750251101,4.815845069664633,0.9582767615512636,0.5473473622782636,0.4567890758890306,0.0013842726458820605,4.546961544692154,50.454332445904484,0.04866792350914156
0.5,1.0,60,0.25,20,balanced,0,80,0.6072217236871097,0.6112781147693686,-0.6680246974083957,80,12.0,60.0,0.8373875490736811,0.6566900901801953,0.16261245092631893,0.42523908414224837,5.046195488600022,1.0169916783850426,0.4364242324516377,0.3433099098198047,0.005064269807782466,4.145072333848396,31.36729927435945,0.011841399384100039
0.5,1.0,60,0.25,20,balanced,1,80,0.5632466352761551,0.5620981001774116,0.20391335283884257,80,11.5,60.0,0.8480140294986789,0.6603725695096434,0.15198597050132118,0.52697493621363,5.250733812133712,0.9918059801978041,0.48197592259220756,0.3396274304903566,0.005273326154477261,4.243914822363697,30.857801747508564,0.01278124275164515
0.5,1.0,60,0.25,20,balanced,2,80,0.6895080557929555,0.6842905476307946,0.7567001020982471,80,11.5,60.0,0.8343789876529852,0.7244939816686226,0.16562101234701482,0.4542609306192489,4.952552364728307,1.0276174561891243,0.4508865482494788,0.27550601833137744,0.006552803416549459,4.570813734420157,22.816422935371595,0.012957903715629054
0.5,1.0,60,0.25,20,balanced,3,80,0.592319456581163,0.6059384185100076,-2.2992595933708704,80,12.0,60.0,0.8656821861951149,0.6450556363589881,0.13431781380488506,0.5580086533657578,5.318666418252376,1.0121747112972934,0.5436246020204499,0.3549443636410119,0.00487444327238631,4.091337617773407,33.01523251338375,0.010681296805657946
0.5,1.0,60,0.25,20,balanced,4,80,0.5600079544773461,0.5734196093932835,-2.3949043596094084,80,11.5,60.0,0.8646787341477931,0.6475758358859177,0.135321265852207,0.5538984782162549,5.296832286132994,1.0030196649674656,0.5582271428082826,0.3524241641140823,0.005065192071026722,4.161668334210833,32.65324101835402,0.010772014068773738
0.5,1.0,60,0.25,20,skewed,0,44,0.683112333006214,0.6733546802563868,1.4284111526556855,44,10.5,60.0,0.8393674776511129,0.6972986682949903,0.16063252234888714,0.4663074969330143,3.8186040746395893,0.9364627851315528,0.46692543153497224,0.3027013317050097,0.006625183521259102,3.3668254922809355,26.046342447074856,0.012639095409276005
0.5,1.0,60,0.25,20,skewed,1,44,0.8830576401033519,0.8896212458963698,-0.7432816947543494,44,9.0,60.0,0.7843013368009532,0.6387253688703838,0.21569866319904685,0.42787147654572255,3.4734344173017413,1.1021887631806333,0.44529618184762926,0.3612746311296162,0.004270559274919739,3.0481334124728496,33.93708614723236,0.020464501883366685
0.5,1.0,60,0.25,20,skewed,2,44,0.45728568331899155,0.45260716326562844,1.0231066101624458,44,11.0,60.0,0.86273595009553,0.6832741989231066,0.13726404990447005,0.5089940135052088,3.6194988958229164,0.9999856946573463,0.5713762561763013,0.3167258010768934,0.005012521043771043,3.127909313982723,27.81247717909542,0.010093001895358084
0.5,1.0,60,0.25,20,skewed,3,44,0.2615415459021223,0.27055654127982687,-3.446869347892543,44,10.5,60.0,0.8558313913514715,0.6517204848066382,0.14416860864852854,0.5273321653936884,3.8679453136970734,0.9886791627303517,0.5600508497346096,0.34827951519336176,0.005512804889985123,3.204555417017701,32.0640081120078,0.011629077278381188
0.5,1.0,60,0.25,20,skewed,4,44,0.6592913662793434,0.6586507241169162,0.09717132594085355,44,11.0,60.0,0.8205120485906869,0.6869521014064784,0.17948795140931306,0.43423789993874584,3.674072395764526,1.0420741187986076,0.4330674937358677,0.31304789859352156,0.006300495262704564,3.342466621938366,27.34233417024985,0.01460681763896593
0.5,1.0,60,0.25,60,balanced,0,240,0.8605452935460909,0.8576087791756046,0.3412387927177681,240,12.0,60.0,0.8688371808204901,0.6477984996141771,0.1311628191795099,0.5429892273106258,9.252854558142802,0.9644599593854098,0.5323908847088689,0.3522015003858229,0.004791729299034041,7.092544676452144,32.621393899083515,0.009935810056888594
0.5,1.0,60,0.25,60,balanced,1,240,0.5926109480087415,0.5962798267180867,-0.6191041055979717,240,12.0,60.0,0.839035695681342,0.6619172555518211,0.16096430431865805,0.4661408370124751,8.878637883275896,1.0418846351350226,0.45257363289359076,0.3380827444481789,0.005105935627485923,7.267398508878768,30.64577104879936,0.012661087549545163
0.5,1.0,60,0.25,60,balanced,2,240,0.6611329979251143,0.6678713585128431,-1.0192140777840974,240,11.5,60.0,0.8460216394839974,0.6742923797562459,0.15397836051600255,0.47380163539070574,8.966427532954423,0.9766016093392349,0.46734399161165846,0.3257076202437541,0.005343877524665528,7.389333825207718,28.98217123807593,0.011800429610045607
0.5,1.0,60,0.25,60,balanced,3,240,0.5582764245883919,0.5624455335058687,-0.7467821913760033,240,11.0,60.0,0.7678064253238844,0.744022372430083,0.23219357467611557,0.363934808084585,8.065976599724982,1.0188407444117518,0.3062775496038347,0.25597762756991704,0.007110000677979234,8.096864845807197,20.642736325295523,0.02008700844562813
0.5,1.0,60,0.25,60,balanced,4,240,0.6472255850756922,0.6438969685372516,0.5142900118899415,240,12.0,60.0,0.8544640959404426,0.6454906653435736,0.1455359040595574,0.49618733408009436,9.087060881087005,0.9810837759153657,0.48000804741070524,0.3545093346564264,0.004675264008342371,7.02724829020456,32.952544818078756,0.011097167293884809
0.5,1.0,60,0.25,60,skewed,0,132,0.3501608112519012,0.36085381202044603,-3.053740003147422,132,10.0,60.0,0.8195747900557943,0.6805660946263429,0.18042520994420574,0.4801086142396283,6.458633461786978,1.019968422045661,0.4633168533488845,0.3194339053736571,0.005548835738641718,5.6406520339906505,28.1619000325638,0.01619529102276059
0.5,1.0,60,0.25,60,skewed,1,132,0.6559892170659555,0.669265732533507,-2.0238923327022644,132,10.0,60.0,0.8307051266752128,0.7027198161311844,0.1692948733247872,0.5349796417399834,6.505685957785514,1.059170060454437,0.5197192224199337,0.2972801838688156,0.006109189327541746,5.8285712694788065,25.382536001801242,0.015872822687220577
0.5,1.0,60,0.25,60,skewed,2,132,0.5273821444048807,0.5211110130650077,1.1891057379179193,131,10.5,60.0,0.8387098633705814,0.5953156946579756,0.16129013662941866,0.4903363993653488,6.456871850279492,1.0357551548425776,0.5139238141453993,0.4046843053420244,0.003412511458949118,4.797963087464521,40.786860716769056,0.013314725178997459
0.5,1.0,60,0.25,60,skewed,3,132,0.4080342425142919,0.4112149338249909,-0.7795157806118754,132,9.0,60.0,0.7976022916619598,0.6343471218111726,0.20239770833804016,0.412607722966056,6.276978616797252,1.0139853444947655,0.44398671041269283,0.3656528781888274,0.004500142701399063,5.34275598667541,34.58543743162174,0.017504084396137324
0.5,1.0,60,0.25,60,skewed,4,132,0.5073582928261499,0.5153376199152668,-1.5727203441712834,132,10.0,60.0,0.8365340716228301,0.7355955713189739,0.1634659283771699,0.5294634863608636,6.3453482152839005,1.031124654726621,0.5276762652207921,0.2644044286810261,0.0063411840521414315,5.935365064719554,21.566559587105502,0.014591162209300011
0.5,1.0,60,0.5,20,balanced,0,80,1.0374605746261716,1.0434897640348029,-0.5811487738513615,80,23.5,60.0,0.9107275833518719,0.702916374442137,0.08927241664812813,0.4409400187190853,5.660316909575734,1.0165176578487805,0.4414660984127586,0.29708362555786305,0.00914810566104079,4.460389395784191,25.358660263987225,0.004321499599741904
0.5,1.0,60,0.5,20,balanced,1,80,1.2162783618925201,1.2109585576084885,0.43738378077811846,80,23.5,60.0,0.9297984975361855,0.6803115881185657,0.07020150246381446,0.5575449068009626,5.810617247647208,0.9949899714385048,0.5610171254741814,0.31968841188143426,0.008385752900843884,4.325945689254181,28.19488165111648,0.0036047508701681384
0.5,1.0,60,0.5,20,balanced,2,80,0.9748618280194296,0.9785629819261157,-0.37965933225691567,80,22.5,60.0,0.9046508990191342,0.7676404815997184,0.09534910098086574,0.4130860531426891,5.622812653935274,0.9458703111087036,0.39903184973278594,0.23235951840028157,0.012382334153774027,4.855803490864104,18.16158923115084,0.0044240855668961085
0.5,1.0,60,0.5,20,balanced,3,80,1.0258964612324732,1.0349874574451237,-0.8861514349829062,80,22.0,60.0,0.9178688372663287,0.6880962748582283,0.08213116273367127,0.5106091125262903,5.724503617745137,1.0111899209891655,0.5136682295961694,0.31190372514177167,0.008670371102906704,4.408768863563938,27.19710045278486,0.004287815818474197
0.5,1.0,60,0.5,20,balanced,4,80,0.7466392469786919,0.7649616667541103,-2.453985622850773,80,24.5,60.0,0.9014636610149437,0.6764886492812783,0.09853633898505632,0.3730620431403555,5.59208138995021,1.0062902625088543,0.3758997889599995,0.3235113507187217,0.008292973511486171,4.314113658593199,28.693284157458955,0.004490151610937766
0.5,1.0,60,0.5,20,skewed,0,44,0.6240219007500436,0.648797236914853,-3.970267090791315,44,20.0,60.0,0.9289929828272481,0.7016887897506487,0.07100701717275193,0.5962195344127967,4.294410793153008,0.9282401932469444,0.6072136672117026,0.29831121024935126,0.009294147874089732,3.332992274858113,25.507992825881573,0.0038332190971259996
0.5,1.0,60,0.5,20,skewed,1,44,0.946595502802845,0.9376519953078549,0.9448077313391591,44,21.0,60.0,0.851011763280664,0.6810195245038699,0.14898823671933603,0.3075802641275099,3.904674266145789,1.1381509885637204,0.3095737786274757,0.31898047549613007,0.008448036567222615,3.2362315924400225,28.103200923219696,0.007687086695112588
0.5,1.0,60,0.5,20,skewed,2,44,0.8232313521621153,0.8274224929235,-0.5091084967035333,44,19.5,60.0,0.848570435529704,0.7361046056898952,0.15142956447029599,0.2825573977894724,3.866848236688106,0.9939373805928263,0.28578801930019365,0.2638953943101048,0.010660911439981212,3.4932707917524017,21.510154312601443,0.007221733283993905
0.5,1.0,60,0.5,20,skewed,3,44,0.6318273096208493,0.6415942416134313,-1.5458230190212794,44,19.0,60.0,0.903795907088521,0.7722878436159483,0.09620409291147902,0.5022098917277794,4.150266726388045,1.0304635937302773,0.509513708240264,0.22771215638405173,0.01306986042596508,3.6663771524174744,17.691239731383703,0.005325775997804924
0.5,1.0,60,0.5,20,skewed,4,44,0.7505384167213062,0.7666901861036663,-2.15202433646481,44,18.0,60.0,0.8940733918414213,0.7710996385179915,0.10592660815857868,0.4678809062074291,4.129400441899103,1.0010996379885995,0.4694322294712099,0.22890036148200854,0.013105488019732207,3.6721964331383448,17.81095594249857,0.005936499556101963
0.5,1.0,60,0.5,60,balanced,0,240,1.1185777147084794,1.1233746087995369,-0.42883869649661205,240,23.0,60.0,0.9190650405649028,0.7278434761592175,0.08093495943509721,0.4915356765694597,9.974186803746278,0.9915343822193411,0.48954208769524665,0.2721565238407825,0.010332970210883832,8.029976156587432,22.435306443379936,0.00398514311549635
0.5,1.0,60,0.5,60,balanced,1,240,1.128942640569476,1.1322203566010356,-0.2903350368541475,240,23.0,60.0,0.9154828073482262,0.691227429777607,0.08451719265177382,0.45729607388127524,9.95166238493291,0.9709993870099227,0.457294785810657,0.308772570222393,0.008742484680897774,7.635213285781989,26.80211087587219,0.004100049988819469
0.5,1.0,60,0.5,60,balanced,2,240,1.2612124674663456,1.2572210765503862,0.3164725229824106,240,24.0,60.0,0.9170297388401295,0.6295655458981448,0.0829702611598705,0.4568328475783225,9.939328972554623,0.9895730025221825,0.4557194446240671,0.37043445410185516,0.006713189521023813,6.986072960371609,35.30381767382674,0.004066061844632932
0.5,1.0,60,0.5,60,balanced,3,240,1.0223979496470104,1.0207216371884473,0.16395890261143345,240,23.5,60.0,0.9230428936090025,0.6937397002335793,0.07695710639099751,0.5196375025938721,10.023170460975917,1.0051380796695295,0.5132305900812508,0.30626029976642066,0.008725922939588822,7.633625959990257,26.48777052805,0.0038959503645447932
0.5,1.0,60,0.5,60,balanced,4,240,1.0858915137007683,1.094246106658198,-0.7693763927629343,240,24.0,60.0,0.9158809530355936,0.6307931247040488,0.08411904696440642,0.4508599360937715,9.933231893118137,0.9908811129425343,0.4495261828408021,0.3692068752959512,0.006706458236479156,6.973535288509423,35.11834807671753,0.004104473496431213
0.5,1.0,60,0.5,60,skewed,0,132,0.6566590367321995,0.670348363374652,-2.084693254291618,132,22.0,60.0,0.8999226497143432,0.758858504025468,0.10007735028565679,0.42044174229470127,7.1705622879303315,1.0466264326952457,0.42779765754993226,0.24114149597453205,0.01210828706916493,6.2351778684123875,19.066123238682643,0.004915011657946793
0.5,1.0,60,0.5,60,skewed,1,132,0.8492941559905093,0.8537201102851559,-0.521133256767177,132,21.0,60.0,0.9061043714705896,0.6751158318389766,0.09389562852941036,0.47277990656307833,7.254031446214187,1.0273516620383187,0.47209857045277964,0.3248841681610234,0.007761482241841658,5.527908973761723,28.873637930491807,0.004987433893096171
0.5,1.0,60,0.5,60,skewed,2,132,0.9418694046832339,0.9420680888863098,-0.021094665787845048,132,21.5,60.0,0.9189834325735466,0.7210210231776977,0.08101656742645336,0.5158110954912075,7.351852904651935,0.9904351733494084,0.5228021347947387,0.2789789768223023,0.009662651215291165,5.887694994398968,23.215326698196456,0.0041376582220089735
0.5,1.0,60,0.5,60,skewed,3,132,0.8645074925390402,0.8580248171825231,0.7498691928600482,132,21.0,60.0,0.9001495342296721,0.967741935483871,0.09985046577032786,0.43394711462174856,7.226791650020587,1.0033693693238332,0.4307309809482099,0.032258064516129004,0.010415183964325187,6.004812157692505,2.0,0.004337340720509908
0.5,1.0,60,0.5,60,skewed,4,132,0.8345192570286636,0.843613659974708,-1.089777481999088,132,20.5,60.0,0.9096287993127343,0.7172807695661043,0.09037120068726562,0.49359226919793403,7.295003793390747,1.0152225615806032,0.49874279082768924,0.2827192304338957,0.009579735009124322,5.887011562335586,23.64925221164796,0.004796855097916809
0.5,1.0,120,0.1,20,balanced,0,80,0.3723507288272972,0.3756399065828145,-0.883354724690997,79,9.0,120.0,0.8019438518881041,0.6579628573359568,0.19805614811189587,0.4533022639632517,4.773930541089074,0.9596852471085816,0.4317595405833174,0.34203714266404317,0.0011548720991561181,4.145494014364418,62.38111568466215,0.01791645020572867
0.5,1.0,120,0.1,20,balanced,1,80,0.29112373312515716,0.29221726645217894,-0.375624932836258,80,9.0,120.0,0.6898667287051815,0.7107547802616209,0.3101332712948185,0.26784045259476613,3.767310291216051,1.0688730770274026,0.2641803240735635,0.28924521973837913,0.0014638017170651662,4.440661343085603,48.834601373809065,0.025884069172876948
0.5,1.0,120,0.1,20,balanced,2,80,0.19834203023245628,0.20122829292895034,-1.4551946922754426,80,9.0,120.0,0.7661524796618182,0.7387798385451227,0.2338475203381818,0.37931056990198514,4.513549492138359,1.025485184482379,0.3733097418026037,0.26122016145487725,0.0020101109243143463,4.79554217428882,42.429987581030495,0.020879632473804963
0.5,1.0,120,0.1,20,balanced,3,80,0.3452617687398663,0.3481471456819059,-0.8357070499205962,80,10.0,120.0,0.8051970351326182,0.7785414106551671,0.1948029648673818,0.37246912711694424,4.733051465917252,0.9416663837417127,0.3892276387010168,0.22145858934483287,0.0027475857433778713,5.0098000353902945,34.13438303688461,0.014269283451536342
0.5,1.0,120,0.1,20,balanced,4,80,0.37935124999518494,0.3793886733887825,-0.009865103541389374,79,9.5,120.0,0.8103752777081399,0.6803849018276749,0.18962472229186011,0.6163228004172103,4.9566081874393655,1.0478553013912197,0.472438579172859,0.31961509817232514,0.0011672595632618377,4.128630306430387,56.37075672557048,0.02228068886761506
0.5,1.0,120,0.1,20,skewed,0,44,0.1573605609992547,0.15920483486448522,-1.172005141262345,44,7.5,120.0,0.7894241081046272,0.662200808066805,0.2105758918953729,0.5244378471725325,3.396417296858161,1.0535829663956773,0.5284899936736867,0.33779919193319496,0.0011653076917430118,3.191174831736062,61.213913571506865,0.02338770245610827
0.5,1.0,120,0.1,20,skewed,1,44,0.2728638528264326,0.279157860200547,-2.306647549288247,44,8.5,120.0,0.8203957872111896,0.6657196585683601,0.1796042127888104,0.5352513142259268,3.560952766077922,1.0648723567412257,0.573879568439977,0.33428034143163987,0.001215280224727899,3.1442013458169065,60.256055917083415,0.01740176148117974
0.5,1.0,120,0.1,20,skewed,2,44,0.1707030744455612,0.17366594837576318,-1.7356886745158557,44,7.0,120.0,0.7344430954625182,0.6333104798268784,0.2655569045374818,0.3445127624252302,3.0980159546738806,0.9658827081477123,0.38161629063014735,0.3666895201731216,0.0010058705392099287,3.07624759949018,69.48052151734989,0.024430452335319913
0.5,1.0,120,0.1,20,skewed,3,44,0.2079083950869637,0.20736122320641162,0.26317931044738146,44,7.0,120.0,0.7130990975015453,0.9836065573770492,0.2869009024984547,0.4144804475252606,2.9988700848156435,1.1730655653933626,0.4165260989857204,0.016393442622950838,0.0014153064682679503,3.366677966195947,2.0,0.03411714794634137
0.5,1.0,120,0.1,20,skewed,4,44,0.18166825784864665,0.1840766239496153,-1.3256944991321093,44,7.0,120.0,0.7810962029216386,0.5969806242317496,0.21890379707836138,0.4540711156616666,3.522215859266573,0.8962051696836996,0.4568363326862926,0.4030193757682504,0.0009400007830240385,2.973788016529488,81.01154900031675,0.021911255108104908
0.5,1.0,120,0.1,60,balanced,0,240,0.3185890631583451,0.31881663052624204,-0.07142974891884901,239,10.0,120.0,0.8102034434447016,0.7193088160947876,0.18979655655529837,0.4626829201925742,8.08168063992752,1.083056552985449,0.4623351258843812,0.2806911839052124,0.0015606961111433956,7.811899761964804,46.82681668145562,0.016790066650762017
0.5,1.0,120,0.1,60,balanced,1,240,0.24104879542892285,0.24189455741689803,-0.35086754383909,240,9.5,120.0,0.7840149293230823,0.6711446810588563,0.2159850706769177,0.39812329196564666,8.04890690366673,1.022789221694809,0.39165872123329515,0.3288553189411437,0.001276651121571362,7.301697017489763,58.79900323530472,0.0187103371988361
0.5,1.0,120,0.1,60,balanced,2,240,0.27695652109470636,0.276981936780852,-0.00917677837848144,239,9.0,120.0,0.8049938834741212,0.6836180440980554,0.19500611652587885,0.5004952572054145,8.501485869165506,1.0531174177533036,0.4830350366978628,0.3163819559019446,0.0014252051391633093,7.565347978938546,55.53661878297013,0.01917518560922061
0.5,1.0,120,0.1,60,balanced,3,240,0.26575297986642654,0.26845277715569366,-1.01590480401164,240,9.0,120.0,0.8033541912186666,0.7214071601112929,0.19664580878133342,0.5001123492928886,8.376437630550392,1.039558309460261,0.4718768961066699,0.2785928398887071,0.0017123451745635109,7.99099661310332,46.3415705237627,0.019472033462697026
0.5,1.0,120,0.1,60,balanced,4,240,0.2178634402827223,0.22229838294011037,-2.0356525407075248,239,10.0,120.0,0.8410074590019441,0.7043339721134902,0.15899254099805593,0.5425033002097543,8.792063391516557,0.9708176363367587,0.5135240108527068,0.29566602788650975,0.0015440144119014407,7.696249663141284,50.37372148885109,0.01384871443477422
0.5,1.0,120,0.1,60,skewed,0,132,0.15953373759451453,0.16252656418728567,-1.8759834991003483,132,8.0,120.0,0.7599177898774794,0.7222687118157934,0.24008221012252062,0.411650592151764,5.732938338559011,1.0010953324384322,0.3960883607822515,0.27773128818420656,0.0016403006421295222,5.9854774458918785,46.14315148487931,0.023853845022146564
0.5,1.0,120,0.1,60,skewed,1,132,0.2822896158834644,0.28445294099678875,-0.7663495189342755,132,7.0,120.0,0.8017283227677822,0.7029932147117114,0.19827167723221784,0.526578347856,6.071535582152988,0.9887947439906515,0.5711821870789893,0.2970067852882886,0.0014158632350326843,5.811196060854037,50.69866036930451,0.020825565503904613
0.5,1.0,120,0.1,60,skewed,2,132,0.20822622880601052,0.2113974192595769,-1.522954371190548,132,7.0,120.0,0.7983771703934964,0.7238317065362239,0.20162282960650357,0.5815935395836649,5.993241890568444,1.081037184072311,0.611520466771845,0.27616829346377614,0.0015487827276154248,6.0131861705827605,45.7843928587213,0.023760928135819506
0.5,1.0,120,0.1,60,skewed,3,132,0.19271225952921509,0.19442039208846604,-0.8863642424326409,132,8.0,120.0,0.7657696681227745,0.6999082869691998,0.23423033187722553,0.3991422775229635,5.5874531311615625,1.0336083694471454,0.4223972252531216,0.3000917130308002,0.001472666992764798,5.847029238018325,51.45103470575242,0.02203110247198909
0.5,1.0,120,0.1,60,skewed,4,132,0.20569147668268284,0.20620509653545416,-0.2497040038093909,132,8.5,120.0,0.80986353479483,0.6610907959680332,0.19013646520516997,0.4292290679120071,5.823280398727257,0.9751219404435258,0.49001098102145435,0.3389092040319668,0.0011698115190282813,5.433436939165108,61.51818287574913,0.015651799687535984
0.5,1.0,120,0.25,20,balanced,0,80,0.7538884402697974,0.7596113653054812,-0.7591209428328343,80,23.0,120.0,0.9175860330680511,0.8128121692161522,0.08241396693194891,0.47215758763006355,5.698568388728154,0.9745789779555941,0.4717752772638012,0.18718783078384782,0.005965330795094937,5.171315048216759,27.635584880236014,0.003415944503047399
0.5,1.0,120,0.25,20,balanced,1,80,0.6076211587670028,0.6126525733846698,-0.8280512528360324,80,23.5,120.0,0.9143859076820238,0.805960714421915,0.08561409231797618,0.4563716316742248,5.650568155299822,0.9964476806452157,0.4530547831588859,0.19403928557808503,0.005402100090101969,5.089739260287523,28.89063182945764,0.003548496164586049
0.5,1.0,120,0.25,20,balanced,2,80,0.7362166242622232,0.7368919166770874,-0.09172468980049397,80,22.5,120.0,0.9185066616498667,0.8004586963239082,0.08149333835013334,0.49721847977044115,5.736836851601982,0.9830465544681023,0.49266170961511374,0.1995413036760918,0.005562808489363573,5.088275318347037,29.91404372405198,0.003523602419247663
0.5,1.0,120,0.25,20,balanced,3,80,0.5097318311204052,0.5108437046679432,-0.21812911802937926,80,24.0,120.0,0.9157733988921842,0.8139188906066313,0.08422660110781577,0.43599847426581584,5.669764171263103,0.9513310195149265,0.43098203227661197,0.18608110939336875,0.005944106836761603,5.162806675404645,27.434838268173657,0.0032988473509064182
0.5,1.0,120,0.25,20,balanced,4,80,0.6476823435740057,0.653426666125941,-0.8869042994498422,80,24.0,120.0,0.921784665696043,0.8101608296023115,0.078215334303957,0.5367098429245565,5.714622081056121,1.05534770927295,0.5182292279183953,0.1898391703976885,0.005335118524378809,5.04854369444156,28.11873842247484,0.0034756686689212586
0.5,1.0,120,0.25,20,skewed,0,44,0.3703127407165353,0.37330593758891,-0.80828892535078,44,18.5,120.0,0.9035879688910491,0.811919351317014,0.09641203110895097,0.4976236161522481,4.155103320261168,1.0081778951114886,0.5110829732125458,0.18808064868298602,0.005509380995027799,3.8193596177606843,27.797930675439694,0.004820441382303375
0.5,1.0,120,0.25,20,skewed,1,44,0.3412515108855874,0.3506069761252324,-2.7415161372814016,44,18.5,120.0,0.8754202550711108,0.7795194409744755,0.12457974492888924,0.36688790944349664,4.060813022812874,0.9976880796548012,0.3792014883311864,0.22048055902552455,0.0051919464142392915,3.761307784347233,33.94099709686302,0.005946530978210551
0.5,1.0,120,0.25,20,skewed,2,44,0.7504222975877848,0.7502513102568259,0.022785481122898077,44,20.5,120.0,0.9211796737170748,0.8265449934358379,0.07882032628292529,0.5875945065209749,4.23191951904392,1.033138856430569,0.5893170681015948,0.17345500656416213,0.006385223357607079,3.891315160336339,25.182659084505396,0.003842625300645319
0.5,1.0,120,0.25,20,skewed,3,44,0.8956343810369549,0.899635379735023,-0.4467223213825074,44,19.0,120.0,0.9198659998573837,0.8451786616756659,0.08013400014261629,0.6168784085080744,4.17465339486148,1.0457698870217014,0.6318154991927495,0.1548213383243341,0.00667517073594472,3.9705773515722553,21.981814545679494,0.004121260263172557
0.5,1.0,120,0.25,20,skewed,4,44,0.8424982019432089,0.8461200155340941,-0.42988977098485753,44,21.5,120.0,0.9081776442946816,0.8487716096990608,0.09182235570531833,0.45504630424765324,4.127679602837565,1.0231228565437245,0.4708960843299112,0.15122839030093915,0.007666557165648734,3.9964844628719542,21.380789164881502,0.004011986747358909
0.5,1.0,120,0.25,60,balanced,0,240,0.6969693533935621,0.6983160140922862,-0.19321663028181887,240,24.0,120.0,0.9222064732307227,0.8090332948263985,0.07779352676927731,0.4978981375696136,9.956076054308134,1.0086676820068394,0.49822047343141684,0.19096670517360148,0.005593675129703884,8.840320340482785,28.325168775346203,0.0032171880083472783
0.5,1.0,120,0.25,60,balanced,1,240,0.6439327285102937,0.6457793685613081,-0.28677530575073196,240,24.0,120.0,0.9064602254166595,0.7858997525289885,0.09353977458334051,0.4151881378193202,9.747276509004971,1.0086600555660157,0.4072733699869985,0.21410024747101153,0.004798108881850819,8.623961933421544,32.69123016497415,0.0038527073704027024
0.5,1.0,120,0.25,60,balanced,2,240,0.6168527872601708,0.6114896790375742,0.8694308161299679,240,23.0,120.0,0.9192256370791988,0.9836065573770492,0.0807743629208012,0.5162366857325268,9.918377149626957,1.0178750821852585,0.5036342231110005,0.016393442622950838,0.0061466084895914035,9.041664871709282,2.0,0.003369836941492586
0.5,1.0,120,0.25,60,balanced,3,240,0.5971994899368844,0.5993798638033506,-0.36509975363452246,240,23.0,120.0,0.913920722555488,0.8225263740964485,0.08607927744451205,0.461821487134703,9.823983844773124,1.0112468212220715,0.46680902665264346,0.17747362590355154,0.006064144281245158,9.018368338218506,25.8919783962197,0.003612933562638777
0.5,1.0,120,0.25,60,balanced,4,240,0.6046916070749023,0.6094314783041589,-0.7838493496188783,240,23.0,120.0,0.9115913325130431,0.7952804659443442,0.08840866748695686,0.4651832664991921,9.867124199208895,1.0343328785873827,0.46370079051779867,0.2047195340556558,0.005316357167128339,8.788284900675446,30.890164085078766,0.0038587244289930395
0.5,1.0,120,0.25,60,skewed,0,132,0.5287423083553996,0.5321908480538863,-0.6522155772275962,132,20.0,120.0,0.890960963736142,0.8114471047620245,0.10903903626385802,0.42039927192514115,7.120501804127126,1.0524643379398735,0.4299857523317275,0.18855289523797547,0.005803798193180748,6.703355953060758,27.883946218765246,0.005204679709501956
0.5,1.0,120,0.25,60,skewed,1,132,0.5277430556248606,0.5286956308203519,-0.1804998067408824,132,21.0,120.0,0.9231317487937314,0.7579686061280172,0.07686825120626861,0.5355362506164184,7.376976664267999,0.9522891785824542,0.5445857102664174,0.2420313938719828,0.0038954328055791155,6.185359876054355,38.31790265431204,0.003392529382674524
0.5,1.0,120,0.25,60,skewed,2,132,0.4732479450941191,0.4762184806621545,-0.6276911709452041,132,20.5,120.0,0.8905357698125485,0.7921430695245167,0.1094642301874515,0.39067753568882213,7.080942644284374,1.0085216243335138,0.4004429417879526,0.20785693047548326,0.004860239976632311,6.496789583753803,31.48778625561909,0.004891245670239117
0.5,1.0,120,0.25,60,skewed,3,132,0.3541289412839745,0.35655603640325784,-0.6853704502330054,132,19.0,120.0,0.8862237938068076,0.7763344194156601,0.1137762061931924,0.4061985832007149,7.079707042319683,1.0218093881801358,0.41889795990467277,0.22366558058433994,0.00437470057471449,6.387134269206811,34.572561770896264,0.0054771009014700405
0.5,1.0,120,0.25,60,skewed,4,132,0.4971861050321773,0.49576065443959294,0.28670362629947427,132,18.5,120.0,0.9023455571810739,0.8047619456481797,0.09765444281892605,0.4658089357169114,7.239403943922218,0.9592358153769543,0.4794252502499708,0.1952380543518203,0.00524450472440692,6.614455895065379,29.112418459782347,0.004642045266151236
0.5,1.0,120,0.5,20,balanced,0,80,1.288670895801358,1.2958468313981246,-0.5568478049862617,80,46.5,120.0,0.9596881779147115,0.8074557483507658,0.04031182208528844,0.5262215787509591,6.016994465224655,1.029388754559137,0.5270749483905375,0.19254425164923417,0.008291869670798173,5.111216327043246,28.61495536455201,0.0011625395722672362
0.5,1.0,120,0.5,20,balanced,1,80,1.0759211060555096,1.0760814964631562,-0.014907264737524207,80,47.0,120.0,0.9552026188601793,0.8119602096148983,0.04479738113982068,0.44676444990809,5.990677233463109,0.9836567388191889,0.4462606485604726,0.18803979038510166,0.008604132969995312,5.1406617234700684,27.790493399811254,0.0012008025087242333
0.5,1.0,120,0.5,20,balanced,2,80,1.208625124674332,1.203233252151106,0.44611620370533794,80,47.0,120.0,0.9517478822914531,0.8246122422019035,0.04825211770854687,0.4245136832242966,5.960742061572663,1.0041928784525926,0.4214293902071222,0.17538775779809646,0.009068490773704876,5.19590495667668,25.522942613091118,0.0012673357674465782
0.5,1.0,120,0.5,20,balanced,3,80,0.9890150303510925,0.987826876852007,0.12013502956206187,80,47.5,120.0,0.9558434343995954,0.8333802320661455,0.04415656560040454,0.4528072496378837,5.982746116779096,0.9929672993055897,0.45256275511447636,0.16661976793385447,0.009709989872685183,5.2586090023316725,23.991896355030857,0.0011524547771486085
0.5,1.0,120,0.5,20,balanced,4,80,0.8543132453979029,0.8618856371032099,-0.8863718016896825,80,46.0,120.0,0.951759544729062,0.7888119290322044,0.04824045527093801,0.43795744804603526,5.969466141524246,1.0217384963495875,0.43822562396074866,0.21118807096779557,0.007483787505860292,5.008154658271066,32.12751681789135,0.0013529688895685434
0.5,1.0,120,0.5,20,skewed,0,44,1.2684056686269822,1.2749155196917412,-0.513230997446246,44,41.0,120.0,0.9513466167657109,0.8263983201154306,0.04865338323428914,0.48141770850393095,4.39973985982609,1.0162976047536902,0.48468856967136686,0.17360167988456943,0.009424597843747554,3.8869355717646425,25.20842683131122,0.0014236229723760506
0.5,1.0,120,0.5,20,skewed,1,44,0.6662394800361487,0.665375437641565,0.1296894615937241,44,39.5,120.0,0.9498943352582654,0.8323033175000161,0.05010566474173467,0.5015365594573128,4.396722681314893,1.0427517774560637,0.5005395730845262,0.16769668249998393,0.009689667080201234,3.9110783053849745,24.178207003239137,0.0015316410072361286
0.5,1.0,120,0.5,20,skewed,2,44,1.1287574939712335,1.1314867612291402,-0.24179394356040762,44,41.5,120.0,0.9663609724759894,0.8365046758053067,0.0336390275240106,0.6447027690139542,4.468292029306046,0.9367178174730999,0.6485113180983334,0.16349532419469326,0.009910556632213609,3.9211446576640765,23.454069619485946,0.0009944517741741546
0.5,1.0,120,0.5,20,skewed,3,44,0.7881374951331752,0.7952466786502354,-0.9020232587537108,44,42.0,120.0,0.9522100197383718,0.8126995269432019,0.04778998026162817,0.45494490245780045,4.403514578639658,0.96505160134605,0.45782250914539263,0.1873004730567981,0.008635882198927258,3.824125605630806,27.656047557151567,0.0013419999889712421
0.5,1.0,120,0.5,20,skewed,4,44,0.8762691938682781,0.8670629985488248,1.0506126865892198,44,43.0,120.0,0.9544048738833539,0.828053127724861,0.04559512611664607,0.47420778498937255,4.405354195927524,0.9819876202589986,0.47802629241995465,0.17194687227513905,0.009415718779363402,3.883692035977395,24.918237709830457,0.0012642204964299427
0.5,1.0,120,0.5,60,balanced,0,240,1.0291358054844992,1.03499079469952,-0.5689228947062419,240,46.0,120.0,0.9560515687916438,0.8421579885592964,0.04394843120835623,0.47617622656608033,10.418183270755586,1.0026713980351558,0.474175091082933,0.15784201144070364,0.01028921976696885,9.241567320409601,22.491078432073564,0.0011760641837957584
0.5,1.0,120,0.5,60,balanced,1,240,0.9773618544749294,0.9784661135416294,-0.1129836469107155,240,46.5,120.0,0.9573973752829492,0.8286872333347519,0.042602624717050785,0.48220810982160006,10.421733296592862,0.996232177035201,0.481516933824583,0.17131276666524808,0.009194118277916602,9.07572534920598,24.80734729929821,0.0011450293987716347
0.5,1.0,120,0.5,60,balanced,2,240,1.0081621456959642,1.0124385307369506,-0.42417631521309096,240,46.0,120.0,0.9550862620747979,0.815827911132741,0.044913737925202146,0.46274174977285387,10.412120557498818,0.9985541313217666,0.4616120942732502,0.184172088867259,0.00860533833988713,8.960092265078423,27.089843780148815,0.0012253505055058785
0.5,1.0,120,0.5,60,balanced,3,240,1.0883145004362638,1.0934857640555395,-0.4751626131235793,240,47.0,120.0,0.957680339523855,0.8231752881777993,0.042319660476144993,0.4860678369181352,10.434606605356905,1.0080615008471139,0.48536400758514703,0.17682471182220072,0.009013208629545686,9.030385917996488,25.776970863198414,0.0011523407752435217
0.5,1.0,120,0.5,60,balanced,4,240,1.0399404259475007,1.0429553370637876,-0.2899119065921508,240,46.0,120.0,0.959418130753895,0.8069974616532699,0.04058186924610496,0.5144306706252123,10.456974558296084,1.000550375552752,0.5142295170291259,0.1930025383467301,0.008068207636790382,8.856198201328272,28.699352478953063,0.0011477503272071896
0.5,1.0,120,0.5,60,skewed,0,132,1.080595086014779,1.083705032197787,-0.28779940083546135,132,41.5,120.0,0.9473722723609757,0.8428862414146153,0.052627727639024346,0.4336835913253454,7.634668933286284,1.011258553462796,0.4387123811416494,0.15711375858538468,0.010240765171327354,6.875512342953265,22.367966285229777,0.001453954334253782
0.5,1.0,120,0.5,60,skewed,1,132,0.8829635025276968,0.8825088050313195,0.051496748741675716,132,43.0,120.0,0.9524401134110426,0.7960509510027511,0.04755988658895738,0.47443815796730865,7.684084963696277,1.0199364012350245,0.4750086344431467,0.20394904899724886,0.0075064411074271115,6.494079990179754,30.744119894387598,0.0013853840099680814
0.5,1.0,120,0.5,60,skewed,2,132,0.8477913465247946,0.8525403836676251,-0.5601657957818741,132,42.0,120.0,0.9564013995310867,0.8194525971124785,0.043598600468913284,0.5121751749789796,7.725982731983157,0.9885302009788843,0.5163073484047045,0.18054740288752147,0.008764779099305179,6.683081874730707,26.439221039565183,0.0012592707169506593
0.5,1.0,120,0.5,60,skewed,3,132,0.9162307641898516,0.9179774157498329,-0.19063445894285694,132,41.0,120.0,0.9581929438114489,0.8215631217308892,0.04180705618855107,0.5449978146242305,7.727337454149799,0.9850486463866024,0.55065197608106,0.1784368782691108,0.008683338969101532,6.700016486044209,26.063031343448195,0.0012290385788620607
0.5,1.0,120,0.5,60,skewed,4,132,0.8361384597915683,0.851520740601529,-1.8396810516042061,132,41.0,120.0,0.9584936857169171,0.8522983152805222,0.041506314283082935,0.5579866802759395,7.74571990791913,1.000743978293218,0.5636561044730338,0.14770168471947775,0.01122515104795838,6.959550887060681,20.795772851555697,0.0012061705268926884
0.5,0.95,30,0.1,20,balanced,0,80,0.32410166916187,0.3280706344243306,-1.2246050051900015,69,1.119699818396058,15.707224721141241,0.3193553196654273,0.33924979158004226,0.6806446803345727,0.020307953647096033,0.08409786384723977,1.1186504950680685,0.468761516653332,0.6607502084199577,0.0007038182107785874,0.8401819590696668,30.592655517503783,0.009715492097211764
0.5,0.95,30,0.1,20,balanced,1,80,0.25133278235847795,0.25132199417823486,0.0042923888168694075,70,1.101960296703092,15.707224721141241,0.0833792646520867,0.21276641722635026,0.9166207353479132,0.0,-2.8730840193339433,1.3717395365019005,0.11323491529489209,0.7872335827736497,0.0,-0.1182726976199677,58.116571937667025,0.0
0.5,0.95,30,0.1,20,balanced,2,80,0.5540792639172987,0.5521174377298244,0.3540695917050478,76,0.9923432949148739,15.707224721141241,0.03826347964001954,0.2942916681645869,0.9617365203599805,0.0,-3.1079972149429858,1.2984352206501593,0.05205793313912444,0.7057083318354131,0.0,-1.6238086028144767,37.66576004292875,0.0
0.5,0.95,30,0.1,20,balanced,3,80,0.18393606306449345,0.1919824556178982,-4.374559517773004,69,1.3232365063389595,15.707224721141241,0.3720349875547535,0.44349079089648413,0.6279650124452465,0.21175827402882907,0.9684174463414669,1.0092782770724908,0.4519145488683184,0.5565092091035159,0.0015254511480942649,1.4675665999453162,19.71002642265418,0.08397720585403459
0.5,0.95,30,0.1,20,balanced,4,80,0.23168940762697265,0.2400631226515118,-3.614198469539488,70,1.1250956243743402,15.707224721141241,0.2025372555457552,0.23389904178321505,0.7974627444542448,0.0,-0.9139817139670896,1.1872244834005066,0.26800413820718794,0.7661009582167849,6.378139705168814e-05,0.07854365470008022,51.44664047382262,3.743398299891725e-05
0.5,0.95,30,0.1,20,skewed,0,44,0.24862673905693258,0.23784946383689234,4.334720899658492,39,1.02977752530952,15.707224721141241,0.2485417169204737,0.34563692709993216,0.7514582830795263,0.0,-1.959133891156901,1.2316521514719134,0.3959619153735582,0.6543630729000678,0.00046765234006132094,0.4596542031205345,29.737065195832514,0.0002002445377223614
0.5,0.95,30,0.1,20,skewed,1,44,0.062104769692956314,0.061144871846095294,1.54561050883325,36,0.8915298004136598,15.707224721141241,7.263218076121396e-07,0.511407904404558,0.9999992736781924,0.0,-4.7660858413910425,1.22745750372909,1e-06,0.48859209559544203,0.0009827235463724317,0.9383080339692756,15.006467002942419,0.0002345979622403239
0.5,0.95,30,0.1,20,skewed,2,44,0.5724208906897836,0.5755201289805155,-0.5414264820064858,37,0.8466020887025458,15.707224721141241,0.21218636442923253,0.4705666975088801,0.7878136355707674,0.0,-0.13551227729810272,1.2260659161088217,0.3904187544666239,0.52943330249112,0.001275999078139591,1.0543339517726078,17.672155511869896,0.0003576620590026462
0.5,0.95,30,0.1,20,skewed,3,44,0.12051054588312997,0.12562115870818427,-4.24080132373687,39,0.8422657865487873,15.707224721141241,0.07347985232070026,0.24671031554686426,0.9265201476792997,0.0,-4.184699398194751,0.9800974304035347,0.09228553114935999,0.7532896844531357,0.0,-0.6180041603112728,47.95944720671964,0.0
0.5,0.95,30,0.1,20,skewed,4,44,0.0368511597659443,0.04501739952435016,-22.160061746421945,39,1.1912111071882165,15.707224721141241,0.04793131013415046,0.06792091027344342,0.9520686898658495,0.0,-3.3398384532402807,1.7298386448879917,0.07310862777380037,0.9320790897265566,0.0,-0.8233901385956219,215.550346149234,0.0
0.5,0.95,30,0.1,60,balanced,0,240,0.2591693048405885,0.26019891257296046,-0.39727225143628875,221,1.0749945036545214,15.707224721141241,0.1436569211444973,0.20608915326640154,0.8563430788555026,0.0,-4.995384335998202,1.2940740856192134,0.2019452751273008,0.7939108467335985,0.0,-1.1054331601375578,60.5084541352674,0.0
0.5,0.95,30,0.1,60,balanced,1,240,0.32825736318641446,0.32825736318641446,0.0,219,1.203953781696236,15.707224721141241,0.0640215030700717,0.03842279953484137,0.9359784969299283,0.0,-4.748603055138554,1.4073701108077101,0.07995737052087037,0.9615772004651586,0.0,-4.496068489767007,393.0923659202981,0.0
0.5,0.95,30,0.1,60,balanced,2,240,0.2979767739928232,0.2979200463857973,0.019037593523069173,212,1.0067204566674488,15.707224721141241,0.01676916470955013,0.15778279131197073,0.9832308352904499,0.0,-6.34277683150827,1.4422722882159358,0.024434026706092668,0.8422172086880293,0.0,-2.753462595346377,83.84244473605993,0.0
0.5,0.95,30,0.1,60,balanced,3,240,0.21832386827145142,0.2185416870065694,-0.09976863127358647,218,1.0891340337211108,15.707224721141241,0.07150224622546421,0.20193615891804534,0.9284977537745358,0.0,-5.2685494138543545,1.3621479358102264,0.09631237947714616,0.7980638410819547,0.0,-1.9584726340640728,62.07589646576779,0.0
0.5,0.95,30,0.1,60,balanced,4,240,0.3233824665513832,0.3233824665513832,0.0,216,1.04337973235734,15.707224721141241,7.012674836245428e-07,0.09422645223586865,0.9999992987325164,0.0,-8.813445300521327,1.4878473977922826,1e-06,0.9057735477641313,0.0,-2.401833175489187,150.9893275572227,0.0
0.5,0.95,30,0.1,60,skewed,0,132,0.15825439422714915,0.16091870188977614,-1.683559989369264,107,0.8524295568230571,15.707224721141241,5.808657128083637e-07,0.09819504306346494,0.9999994191342871,0.0,-4.78962242212504,1.4675148539014273,1e-06,0.9018049569365351,0.0,-2.69314909922233,144.25222161251355,0.0
0.5,0.95,30,0.1,60,skewed,1,132,0.17276025066752357,0.1728145171469952,-0.03141143825732341,113,0.9025,15.707224721141241,0.04990320553793165,0.23175853235587238,0.9500967944620684,0.0,-8.209429985788079,1.5510840205267085,0.09027109359479868,0.7682414676441276,0.0,-0.941069979822543,52.06686998628602,0.0
0.5,0.95,30,0.1,60,skewed,2,132,0.23508062869918456,0.23848378529212658,-1.4476550500027756,115,0.8275755413475301,15.707224721141241,0.15372622759927412,0.27876825995121685,0.8462737724007259,0.0,-4.494683076581553,1.156426042612163,0.25384227774508833,0.7212317400487831,0.0,-0.4043046523103665,40.63787254312382,0.0
0.5,0.95,30,0.1,60,skewed,3,132,0.24230926984252646,0.24701678726088377,-1.9427723179623577,112,0.969957873085489,15.707224721141241,0.14993633362268677,0.30360105657838937,0.8500636663773132,0.0,-2.236698040818793,1.405428739053484,0.25557625865438854,0.6963989434216107,0.00027792194489293775,0.508014817803199,36.029172042964404,0.00013478421927339942
0.5,0.95,30,0.1,60,skewed,4,132,0.21565467732857793,0.21848475286845548,-1.3123181815182978,111,0.902211028258578,15.707224721141241,0.19942612985484887,0.15000855879461544,0.8005738701451511,0.0,-2.733332469351653,1.4969498106415122,0.4133136679219886,0.8499914412053846,0.0,-0.6573833896852882,89.0016322091278,0.0
0.5,0.95,30,0.25,20,balanced,0,80,0.6081659514004056,0.6033524031863047,0.791485975664528,79,2.9996327289218394,15.707224721141241,0.48541617712114804,0.08400722824101249,0.514583822878852,0.3292994240763033,2.2831742997702817,1.2391100720007437,0.3896728950883692,0.9159927717589875,0.0,-0.5882106428609666,171.26745650602658,0.08719733849351914
0.5,0.95,30,0.25,20,balanced,1,80,0.5526995737849494,0.5396054869864715,2.3691146907908953,80,2.9429968089337804,15.707224721141241,0.4827611612949224,0.21447708465364787,0.5172388387050776,0.14843810909873778,1.3474655556870423,1.0464698384953104,0.3318789562514412,0.7855229153463521,0.0005911012720743129,0.3791922329666224,57.52775395504849,0.040077277193801844
0.5,0.95,30,0.25,20,balanced,2,80,0.59430086625185,0.6033912465360729,-1.5295922991925532,78,3.3028619671355113,15.707224721141241,0.49019649953942346,0.3480978698815085,0.5098035004605765,0.23950640543269108,1.8622234879888568,1.2508707636428438,0.3641650695955739,0.6519021301184915,0.0038609625448598524,1.7887275847211306,29.41578831679529,0.06388843905819097
0.5,0.95,30,0.25,20,balanced,3,80,0.7013161266065738,0.6904485487357134,1.5495976006490693,79,2.5545398329973055,15.707224721141241,0.34230353530134183,0.039591669772596205,0.6576964646986582,0.1222578066430483,1.096326836168026,1.1929161038124487,0.24304299013433672,0.9604083302274038,0.0,-1.5226194603691847,381.02332014749584,0.05288440407826438
0.5,0.95,30,0.25,20,balanced,4,80,0.5763795707949195,0.5806428448551374,-0.7396643247327683,80,2.715586989748619,15.707224721141241,0.5130541911585893,0.2290749986765516,0.48694580884141064,0.22259769911350402,1.7742333676675461,1.095871861536917,0.42518642185551536,0.7709250013234484,0.0009026475312642404,0.5656312546057752,52.86081985765395,0.05331799147790706
0.5,0.95,30,0.25,20,skewed,0,44,0.5062483848164291,0.4949123211563113,2.2392295956121173,44,2.352472262900518,15.707224721141241,0.37235272936033686,0.09879662643550859,0.6276472706396632,0.12940908867375678,0.7124567406798168,1.2675870981503279,0.31994105434445574,0.9012033735644914,4.0670792024846344e-05,0.022841237075879515,143.27821119750763,0.05101258976500017
0.5,0.95,30,0.25,20,skewed,1,44,0.37195549092855656,0.3758150209031991,-1.0376322083611562,44,2.4180958487469457,15.707224721141241,0.10513202602070072,0.3051046919817114,0.8948679739792993,0.0,-1.7362050569221499,1.3513755077002956,0.06565663791081408,0.6948953080182886,0.0014623380547796258,0.6832369282581494,35.774201602131306,0.0007061330527920022
0.5,0.95,30,0.25,20,skewed,2,44,0.6330514186728747,0.6153376705095315,2.7981531422010324,44,2.574796872719751,15.707224721141241,0.32321697711328956,0.04422502565121162,0.6767830228867104,0.0,-0.6311027219097313,1.3154148292569514,0.2439947277284289,0.9557749743487883,0.0,-1.2803518877886424,339.45875856214747,0.0
0.5,0.95,30,0.25,20,skewed,3,44,0.22706051799881535,0.26402392637075983,-16.279099817845623,44,2.379179946659714,15.707224721141241,0.4970481101049643,0.28432341290720864,0.5029518898950357,0.24335764431238527,1.2840190051837543,1.0964809621329419,0.4554967826842864,0.7156765870927914,0.0020938293594181742,0.9294431938769866,39.53699368681459,0.06263234127710628
0.5,0.95,30,0.25,20,skewed,4,44,0.4055500524807836,0.3880391125287948,4.31782460509446,43,2.86961204414404,15.707224721141241,0.2781615169322358,0.16390750697656378,0.7218384830677642,0.0,-1.0230862198408672,1.1841430510622282,0.15901573832074076,0.8360924930234362,0.0005450149061573626,0.27689217825608187,80.12258204534889,0.00038099302816422496
0.5,0.95,30,0.25,60,balanced,0,240,0.6317527802816726,0.6301428528627534,0.25483503502768723,235,2.8022764932626205,15.707224721141241,0.37157500826185724,0.2659693421489374,0.6284249917381428,0.19957514263666243,2.7960046416280186,1.149945655156427,0.24264127337519062,0.7340306578510626,0.0021311965566681718,2.0568535866262843,43.349298839929624,0.07996410109078007
0.5,0.95,30,0.25,60,balanced,1,240,0.5623779983269072,0.5625247388171809,-0.026092857599390857,238,2.6588715681291437,15.707224721141241,0.339265054876645,0.284488695405086,0.6607349451233551,0.0,-0.3994294359633207,1.157626468362177,0.2235544474083215,0.715511304594914,0.0017318019395748119,1.7944929085192227,39.50489785116549,0.0008866071332617863
0.5,0.95,30,0.25,60,balanced,2,240,0.6417858090599566,0.6398546419458954,0.30090523766642824,239,2.7609302727231873,15.707224721141241,0.34024775565258397,0.229663273864681,0.659752244347416,0.09543384647495656,1.3793433426599466,1.2896108625865266,0.24088988315816542,0.770336726135319,0.0014715790861976417,1.5307238457508046,52.685184987326274,0.04241304144614412
0.5,0.95,30,0.25,60,balanced,3,240,0.7051463586245393,0.7109633419411723,-0.8249327597719665,238,2.762772246300642,15.707224721141241,0.4270885795171985,0.26390051145073906,0.5729114204828016,0.1915756346201467,2.7608924523757232,1.1073335342441852,0.2987915925986313,0.7360994885492609,0.0012962505279367556,1.3536624608080765,43.812268571213465,0.06358275436326785
0.5,0.95,30,0.25,60,balanced,4,240,0.609164916895453,0.6169067740034186,-1.2708967462245175,237,2.7341287876025513,15.707224721141241,0.3518908739797191,0.2385249456651408,0.6481091260202809,0.11143866448760598,1.875345833544724,1.105481912994569,0.21953121849426854,0.7614750543348592,0.001423326544667666,1.4775495431152132,50.14427218347275,0.047634610496704366
0.5,0.95,30,0.25,60,skewed,0,132,0.37161805639732354,0.37964311303533654,-2.1594905037210683,131,2.907446187180613,15.707224721141241,0.5312838426774955,0.26739790744227343,0.46871615732250443,0.18442469344298118,1.9617714567689746,1.0709031437952905,0.41749898652919365,0.7326020925577266,0.0014741536345667296,1.1519824743766254,43.033791135656955,0.04130833964935605
0.5,0.95,30,0.25,60,skewed,1,132,0.453970163921707,0.46267141076824575,-1.9167001574225406,129,2.4008857158656642,15.707224721141241,0.39647072772508896,0.41333142250631866,0.603529272274911,0.1366761471597604,1.3688137187963396,1.1789636179133425,0.3225856094850626,0.5866685774936813,0.0040959002606274515,2.64387987325318,22.294301090512054,0.05119368322023419
0.5,0.95,30,0.25,60,skewed,2,132,0.5342705425971924,0.5458816883883988,-2.173270817957199,132,2.4182034705877955,15.707224721141241,0.48386774457499493,0.30299657083447484,0.5161322554250051,0.1377103244303699,1.4258419185747788,1.1515582130685562,0.44644193543201033,0.6970034291655252,0.0024412753284264958,1.7647801130091154,36.132387449657884,0.03787100349775611
0.5,0.95,30,0.25,60,skewed,3,132,0.5009698555017585,0.507581856611512,-1.319840113559538,130,2.535140873472104,15.707224721141241,0.33759653395491496,0.21524517724427655,0.662403466045085,0.11033852027653634,1.219863720444697,1.2211085781489808,0.24548762590297407,0.7847548227557235,0.0007218371179406168,0.6238390383826597,57.26641827628346,0.04885869033601717
0.5,0.95,30,0.25,60,skewed,4,132,0.575562001218558,0.5675205541738388,1.3971469672588115,129,2.5670790810624444,15.707224721141241,0.37971626597857094,0.318870806422338,0.620283734021429,0.1094013397601693,1.0324816978473168,1.3313980025361165,0.31749641580738647,0.681129193577662,0.0017463719053988792,1.4036240125918094,33.55167388225532,0.04290258100979761
0.5,0.95,30,0.5,20,balanced,0,80,1.0446406729778157,1.0152343810564708,2.814967163543459,80,5.648152525948484,15.707224721141241,0.6971680116916079,0.8870517525192904,0.30283198830839214,0.47223320776486766,4.182660082114012,1.2044029257173081,0.49106620262917916,0.11294824748070964,0.0,-0.6434782712944382,2.0,0.04330719143760756
0.5,0.95,30,0.5,20,balanced,1,80,1.2067745858154066,1.2180436028283261,-0.9338129212677377,80,5.246105217725574,15.707224721141241,0.5673303539164087,0.2888690752593632,0.4326696460835912,0.31442253825599015,3.4550576389729786,1.111636567565517,0.2778616895644866,0.7111309247406368,0.0037871692641841294,1.4020063769066644,38.66766711190941,0.06077604828300579
0.5,0.95,30,0.5,20,balanced,2,80,0.8594121952335734,0.8494639906389717,1.157559160758466,80,5.840656832020496,15.707224721141241,0.6345976797956882,0.21606465027696953,0.36540232020431185,0.31924015146154944,3.738108276610705,1.123759324633065,0.33419690061970075,0.7839353497230305,0.0035814517030502546,1.289515910731168,56.98964957553997,0.04482557742347788
0.5,0.95,30,0.5,20,balanced,3,80,1.0020015815541086,1.0037290545601227,-0.17240222349099,80,5.57318782339575,15.707224721141241,0.6883394503016425,0.09120345127815674,0.3116605496983576,0.40824087746538196,4.192309534899098,1.0744562401533027,0.4258065385901432,0.9087965487218432,0.0018892631183135122,0.7488926216411865,156.51459913546458,0.041213738169782896
0.5,0.95,30,0.5,20,balanced,4,80,0.9088175668956189,0.913397876448969,-0.5039855874480647,80,5.4543985242454,15.707224721141241,0.6420230537084297,0.3090971798977527,0.35797694629157023,0.3210581146436152,3.781506703032799,1.0257657168297118,0.33728549038425043,0.6909028201022474,0.0057439078236147835,1.872947461084032,35.10923606422434,0.04388462832833098
0.5,0.95,30,0.5,20,skewed,0,44,0.7158798847460078,0.7380683507694777,-3.099467731425687,44,4.889523126028337,15.707224721141241,0.6055835471738745,0.26181611517757164,0.3944164528261255,0.2982699985284105,2.530026831075794,1.1286972641595336,0.35443191010899644,0.7381838848224284,0.0051398145462122815,1.2969113511865846,44.28612103027717,0.049200939288983926
0.5,0.95,30,0.5,20,skewed,1,44,0.5939604742724266,0.5968529597799257,-0.48698282676844046,44,5.593454317587286,15.707224721141241,0.5813101467254267,0.12481280186160529,0.41868985327457336,0.2621879639815946,2.5371602243372102,1.0526471573600262,0.26128931421746804,0.8751871981383947,0.002239313315783106,0.6555517876905257,110.13903853763648,0.047677070865466714
0.5,0.95,30,0.5,20,skewed,2,44,0.8226630460345643,0.8373503620211561,-1.7853380016749527,44,5.498736363877357,15.707224721141241,0.6860823475011935,0.2604323651838195,0.3139176524988066,0.4291408590430166,3.0245951273750653,1.1092588595178021,0.4410162346683059,0.7395676348161805,0.003557270315477635,0.9594914365213097,44.60488245514884,0.04423506794964481
0.5,0.95,30,0.5,20,skewed,3,44,0.9684838081332897,0.9447491598223989,2.450701613343261,44,5.516326473972331,15.707224721141241,0.719094805205493,0.28147175033861904,0.28090519479450704,0.43358254034786015,3.136577118011612,0.9886334867491929,0.4587966076936445,0.718528249661381,0.0048404564755916025,1.2238225393122224,40.096687047073424,0.03671205800290199
0.5,0.95,30,0.5,20,skewed,4,44,0.7486273387092963,0.7637158822977794,-2.015494600357124,44,4.908372495867548,15.707224721141241,0.5425827657774067,0.10900272250294929,0.4574172342225933,0.2277118475399964,2.1044141668997662,1.1912232194851715,0.28800664916190055,0.8909972774970507,0.0002945869688535784,0.10134425263489887,128.39215518853257,0.04787813524276898
0.5,0.95,30,0.5,60,balanced,0,240,0.9612978201994068,0.9693832548965117,-0.841095706991999,240,5.55394663084952,15.707224721141241,0.6711135403830716,0.2462708328086228,0.3288864596169284,0.4042551886363487,6.934598059333728,1.1002729885046674,0.4042500999536212,0.7537291671913772,0.0037013460441728246,2.3336354802014814,48.07306359804974,0.04582955238312278
0.5,0.95,30,0.5,60,balanced,1,240,1.1008234669159649,1.110004515879946,-0.8340164649380666,240,5.9183496992965825,15.707224721141241,0.6631357326459637,0.14314103348166962,0.33686426735403624,0.38463624221591564,6.840186564986637,1.1572038819280375,0.3849089349529706,0.8568589665183304,0.0019014799085667524,1.3138734253697013,94.02528411359957,0.045043652899963815
0.5,0.95,30,0.5,60,balanced,2,240,1.1208973075159532,1.1165247739097834,0.39009225705607337,240,5.80782340105295,15.707224721141241,0.6338499270501115,0.2508964876434702,0.36615007294988855,0.3084833479263799,6.158171766352871,1.1035310921389225,0.3289263472188494,0.7491035123565297,0.0038625633325809552,2.4106190972820776,46.897177870024464,0.04352459111528811
0.5,0.95,30,0.5,60,balanced,3,240,0.9034633694343538,0.9256267050735253,-2.453152655546806,240,5.909572537613929,15.707224721141241,0.6168791257968178,0.25089778044844,0.38312087420318225,0.26431240588187616,6.123623365993136,1.0702284125000017,0.291602963615732,0.74910221955156,0.003822850781714562,2.362776599015566,46.896855287327014,0.040941407483510266
0.5,0.95,30,0.5,60,balanced,4,240,0.8736984855813341,0.8718620150937186,0.2101949949465172,240,5.968679145399217,15.707224721141241,0.6296659043554924,0.19454409268833578,0.3703340956445076,0.2973865105620773,6.394323604640207,1.0647946155442736,0.3033222539156785,0.8054559073116643,0.002892601105346825,1.8918704262186163,65.03141146199172,0.04266237122115087
0.5,0.95,30,0.5,60,skewed,0,132,0.8975178149003248,0.9174279562374091,-2.2183561157831173,132,5.118737788617791,15.707224721141241,0.6560532113317586,0.2729288319505312,0.34394678866824135,0.422533292578635,4.830993471063413,1.159140925328093,0.4319431444775079,0.7270711680494688,0.004187349193394854,1.9808759457334708,41.843399772749535,0.05219900102123291
0.5,0.95,30,0.5,60,skewed,1,132,0.6592686995263017,0.6759388994681809,-2.528589625725749,132,5.402961857104474,15.707224721141241,0.6046066610082289,0.26576859371604267,0.3953933389917711,0.27893625150693835,4.3501011992351115,1.1319835543239685,0.3203791106000507,0.7342314062839573,0.004359502852047822,1.9740517339014503,43.39390721291806,0.045957937329671954
0.5,0.95,30,0.5,60,skewed,2,132,0.846396257912147,0.8329127554059541,1.5930484545682433,132,4.869818313444539,15.707224721141241,0.6143539303964989,0.36870741619083536,0.3856460696035012,0.3222701864573403,4.416420528706655,1.1166870805696416,0.3652993381335978,0.6312925838091646,0.005990198243917952,2.574475382066215,26.893558532460318,0.05031622947443153
0.5,0.95,30,0.5,60,skewed,3,132,0.8921257174121862,0.898631177502961,-0.7292088955405707,132,5.3406410662547605,15.707224721141241,0.6870472383718045,0.07618798325818335,0.3129527616281956,0.4120652006060552,5.129551563838374,1.1025271051536667,0.45321707183741766,0.9238120167418167,7.45815863505573e-05,0.04479060826636218,190.45684537785468,0.04042108134865084
0.5,0.95,30,0.5,60,skewed,4,132,0.8286571481936138,0.8117540151163776,2.039822273190221,132,5.04890760054942,15.707224721141241,0.6226861601794733,0.3019920278505519,0.37731383982052663,0.2983882781880505,4.292319799539263,1.11943127346779,0.36590525178344463,0.6980079721494481,0.004944082100744075,2.2300185159738617,36.304826169534394,0.04488909775713336
0.5,0.95,60,0.1,20,balanced,0,80,0.3937806454430879,0.3937806454430879,0.0,79,1.4437750055580154,19.078604020260943,0.1337636419736165,0.06690387294159475,0.8662363580263834,0.0,-8.966853709558087,1.5597995628947077,0.16683437724358924,0.9330961270584053,0.0,-2.888587140698657,266.0858144419713,0.0
0.5,0.95,60,0.1,20,balanced,1,80,0.38615484307959635,0.38615484307959635,0.0,74,1.19625063972252,19.078604020260943,7.472587057119666e-07,0.10612843883461326,0.9999992527412943,0.0,-10.241504464172628,1.600850865367933,1e-06,0.8938715611653867,0.0,-0.44238897349232736,160.69040256987984,0.0
0.5,0.95,60,0.1,20,balanced,2,80,0.3045902878766556,0.306104652047899,-0.4971807150517692,77,1.2710077025812623,19.078604020260943,9.666488732744428e-07,0.26748069837235106,0.9999990333511267,0.0,-7.3729080426031235,1.314858485954253,1e-06,0.732519301627649,0.0,-0.6785202439872074,52.24842681357607,0.0
0.5,0.95,60,0.1,20,balanced,3,80,0.30775814753894215,0.30775814753894215,0.0,75,1.099143774340481,19.078604020260943,6.661623765970057e-07,0.08767183376122406,0.9999993338376234,0.0,-10.71086089833699,1.649962652497042,1e-06,0.9123281662387759,0.0,-2.4616906075607816,198.53523159565523,0.0
0.5,0.95,60,0.1,20,balanced,4,80,0.23304305771973677,0.23304305771973677,0.0,79,1.1827319504035463,19.078604020260943,0.22744687348478232,0.14587743864664185,0.7725531265152177,0.0,-5.689273059657087,1.2947956431723633,0.3223134888647933,0.8541225613533582,0.0,-1.4440928218742255,111.70655506437959,0.0
0.5,0.95,60,0.1,20,skewed,0,44,0.27907353753175546,0.27859559874368733,0.17125908543504872,43,0.7655975972651398,19.078604020260943,0.02791600912097674,0.3751175631988434,0.9720839908790233,0.0,-13.802759007661217,1.3493560258549822,0.05061701884974224,0.6248824368011566,0.0,-0.0039771782037577265,31.781728558055853,0.0
0.5,0.95,60,0.1,20,skewed,1,44,0.15681100806406273,0.18117343787690626,-15.536173202133002,41,1.2271410500179585,19.078604020260943,0.03147417898605549,0.1435537850893946,0.9685258210139445,0.0,-2.8181932871922646,1.2214357165810645,0.03234627227125516,0.8564462149106054,0.0,-1.3673451477562157,113.82352745875377,0.0
0.5,0.95,60,0.1,20,skewed,2,44,0.21723220008799538,0.21722158441111666,0.004886787904560741,42,1.2340222969211538,19.078604020260943,7.057481395525051e-07,0.02162923701887262,0.9999992942518604,0.0,-11.324252601103371,1.7485294777640161,1e-06,0.9783707629811274,0.0,-3.2669682350776945,862.9961544935915,0.0
0.5,0.95,60,0.1,20,skewed,3,44,0.33944598259827796,0.33944598259827796,0.0,41,1.0422197084700517,19.078604020260943,4.489553005889214e-07,0.07658628963660799,0.9999995510446994,0.0,-7.649946730035563,2.3214320872745424,1e-06,0.923413710363392,0.0,-3.8872874923654672,230.0339213519231,0.0
0.5,0.95,60,0.1,20,skewed,4,44,0.28830954642681655,0.2868734266398257,0.49811732035568035,44,1.2045377240155097,19.078604020260943,7.768819861419515e-07,0.06895760526127223,0.9999992231180139,0.0,-8.31428848343025,1.5504758890166834,1e-06,0.9310423947387277,0.0,-1.8063044892350195,257.59289505477744,0.0
0.5,0.95,60,0.1,60,balanced,0,240,0.2184641606115027,0.2184641606115027,0.0,235,1.247327049652307,19.078604020260943,8.099616504128039e-07,0.20974311678304836,0.9999991900383496,0.0,-18.983982743779457,1.5399816012434182,1e-06,0.7902568832169516,0.0,-1.787917718791765,71.88316060343944,0.0
0.5,0.95,60,0.1,60,balanced,1,240,0.22613244288270298,0.22606726412265332,0.028823268001164255,235,1.1631542208465582,19.078604020260943,8.059791463164173e-07,0.22586416022060116,0.9999991940208537,0.0,-31.83109554416729,1.4431555564240839,1e-06,0.7741358397793988,0.0,-0.5599156862388376,65.39076908270016,0.0
0.5,0.95,60,0.1,60,balanced,2,240,0.2994339989677364,0.2994339989677364,0.0,238,1.1770987504613308,19.078604020260943,8.487053900347594e-07,0.1301269083813285,0.9999991512946099,0.0,-22.594574834671416,1.3869332812903716,1e-06,0.8698730916186714,0.0,-2.6756025510887627,127.53675983939772,0.0
0.5,0.95,60,0.1,60,balanced,3,240,0.24721461061347405,0.24721461061347405,0.0,237,1.222127563459606,19.078604020260943,8.339038382063947e-07,0.06605091746072568,0.9999991660961618,0.0,-21.54456916738577,1.4655485300900453,1e-06,0.9339490825392743,0.0,-5.131433478240896,269.768315200887,0.0
0.5,0.95,60,0.1,60,balanced,4,240,0.23016872070378264,0.23749737841663016,-3.1840372099383525,231,1.2473265042285768,19.078604020260943,8.60385067646469e-07,0.08919315428518743,0.9999991396149324,0.0,-20.467079468317124,1.4497292874440029,1e-06,0.9108068457148126,0.0,-3.0219897481564626,194.8235073375093,0.0
0.5,0.95,60,0.1,60,skewed,0,132,0.1650494715754697,0.16522993931010357,-0.10934160098255839,123,1.1235121705501077,19.078604020260943,6.133002292807402e-07,0.08937848153373164,0.9999993866997707,0.0,-22.339046229885856,1.8319110736225765,1e-06,0.9106215184662684,0.0,-0.8644644362852661,194.37997899516694,0.0
0.5,0.95,60,0.1,60,skewed,1,132,0.10881072651491722,0.10902070836425382,-0.1929789976246615,127,1.1675749897297985,19.078604020260943,0.10731894241084841,0.14358247274009872,0.8926810575891515,0.0,-13.887150398530727,1.3784020343324102,0.14192901477376318,0.8564175272599013,0.0,-1.7857247602226416,113.79697373076078,0.0
0.5,0.95,60,0.1,60,skewed,2,132,0.2267067926516751,0.2267067926516751,0.0,129,1.0552537830285633,19.078604020260943,5.83590572274711e-07,0.0693968444135147,0.9999994164094277,0.0,-15.760692269169787,1.8082080439888406,1e-06,0.9306031555864853,0.0,-4.208564965322065,255.84173539138925,0.0
0.5,0.95,60,0.1,60,skewed,3,132,0.3038956211012066,0.30161815262091324,0.7494245794133697,127,1.0056304717797768,19.078604020260943,7.056639091537029e-07,0.05697134590094348,0.9999992943360909,0.0,-13.304165267131486,1.4250831721418005,1e-06,0.9430286540990566,0.0,-5.1624736865461145,315.80209290821006,0.0
0.5,0.95,60,0.1,60,skewed,4,132,0.1997568004706761,0.1997568004706761,0.0,125,0.9501462524109131,19.078604020260943,4.5751795969777456e-07,0.16443422953017872,0.9999995424820403,0.0,-28.157792710270147,2.0767399346018496,1e-06,0.8355657704698213,0.0,-1.5665556328023533,96.94714119575829,0.0
0.5,0.95,60,0.25,20,balanced,0,80,0.5747033872540284,0.5704359332865127,0.7425489499732887,80,3.2623020207025384,19.078604020260943,0.3968430351754483,0.23315836181134983,0.6031569648245517,0.09259024951054062,1.1335202214047053,1.1339597041195293,0.2287754207272344,0.7668416381886501,0.001892628878392236,1.2844903479912764,62.74820189844586,0.034797130637723786
0.5,0.95,60,0.25,20,balanced,1,80,0.4321905124552628,0.42915869442381605,0.7015003671003965,80,2.906121437361761,19.078604020260943,0.14037596923790754,0.19792986369512036,0.8596240307620925,0.0291388616280297,0.32376631765935904,1.240227134668436,0.0696902088553974,0.8020701363048797,0.0006270991945224397,0.5101384679942584,77.31212582760332,0.02193568629732133
0.5,0.95,60,0.25,20,balanced,2,80,0.6296867609597272,0.6211654246908012,1.3532659089002248,80,2.7815025363554375,19.078604020260943,0.24775120398376715,0.1938717504161058,0.7522487960162327,0.012653418023844232,0.12751442425091566,1.315334469277491,0.15575803253140738,0.8061282495838942,0.0008285490712817345,0.6736512726975913,79.32977151311434,0.007698720672819603
0.5,0.95,60,0.25,20,balanced,3,80,0.41254176833036404,0.41025562441579894,0.5541605941666399,80,2.936903683541063,19.078604020260943,0.3206718265254487,0.2936570809425716,0.6793281734745513,0.00018854674931989557,0.0020618634701278647,1.2302700870961503,0.1977719975816644,0.7063429190574284,0.0025733766268754626,1.6838207572743051,45.890386201337044,0.0013709217181905613
0.5,0.95,60,0.25,20,balanced,4,80,0.5939046688257456,0.5820592895720921,1.9944916878787775,80,3.209161038448941,19.078604020260943,0.2760055740364268,0.12748147373628307,0.7239944259635732,0.09123113115464443,1.038205008271561,1.227474046326242,0.14584411884701362,0.872518526263717,0.0,-0.18647461291369052,130.57925183201962,0.04782043306181268
0.5,0.95,60,0.25,20,skewed,0,44,0.41904837701705,0.4478900248131466,-6.882653502061675,44,3.057956531947715,19.078604020260943,0.5316812420834456,0.1709197252400538,0.46831875791655436,0.25687092246202275,1.7115231960261736,1.07818745634631,0.40028974615448265,0.8290802747599462,0.0008636505270405428,0.5004634704171489,92.54458045107712,0.05693121336967151
0.5,0.95,60,0.25,20,skewed,1,44,0.4349691957177477,0.4390459367960183,-0.9372482277839178,44,2.275068031775285,19.078604020260943,0.26655864609595725,0.1650469145175707,0.7334413539040427,0.1716902814798854,0.962838831261543,1.360159943268533,0.21732565197138246,0.8349530854824293,0.0008922553389013686,0.5804747049938964,96.51643194892017,0.09298045378908099
0.5,0.95,60,0.25,20,skewed,2,44,0.4970803544258641,0.4679055553976192,5.869231959879465,44,2.3329155377226893,19.078604020260943,0.08117729822992462,0.28876491103016566,0.9188227017700754,0.0,-2.593902837846303,1.1999721237778938,0.04544391619001266,0.7112350889698343,0.0012432396583813106,0.7981328554202652,46.991071662280376,0.0006288994347397221
0.5,0.95,60,0.25,20,skewed,3,44,0.49102833190663014,0.4939394967033713,-0.5928710438025605,44,3.1171361065475107,19.078604020260943,0.3713051495831772,0.2243818308097275,0.6286948504168228,0.11778952322668934,0.8808528378404277,1.1075696284677476,0.20986391954175976,0.7756181691902725,0.0003393270157223483,0.21719523724140527,65.94879749175952,0.0467612924485875
0.5,0.95,60,0.25,20,skewed,4,44,0.4668053531455165,0.48127064181167156,-3.09878380114587,44,2.2690256695837165,19.078604020260943,0.39599256085558,0.4915317661181609,0.6040074391444201,0.0,-0.5548849051595055,1.2215755293348,0.3529601615716983,0.5084682338818391,0.004317431340569719,1.9415820494688512,19.73598607415541,0.0011162284607575932
0.5,0.95,60,0.25,60,balanced,0,240,0.7227931426237449,0.713740045355868,1.2525156554493775,240,3.3299510829165015,19.078604020260943,0.38972515426696497,0.22332432708991037,0.6102748457330349,0.09832426818040929,1.7446700803191408,1.2872182152822627,0.2468582387583834,0.7766756729100897,0.000635612358952516,0.8555496030315429,66.3514262360483,0.03700285423350625
0.5,0.95,60,0.25,60,balanced,1,240,0.5562088168218888,0.5501358292391563,1.0918538863574456,240,3.172526734584326,19.078604020260943,0.4549385413923074,0.15431879823996617,0.5450614586076926,0.22191128108594715,3.2967879152679838,1.1567268693206885,0.3043260023465548,0.8456812017600338,0.0003113938760489236,0.45537586651378775,104.55250403563295,0.06615076655648693
0.5,0.95,60,0.25,60,balanced,2,240,0.6410560000197909,0.6333502002820598,1.2020478300637099,240,3.1210136044661567,19.078604020260943,0.44436802612968807,0.28447486772344305,0.5556319738703119,0.1186099628702817,1.8175800406632472,1.218030620557421,0.3121188811093022,0.715525132276557,0.0019968959240371405,2.4017033313830605,47.987440066306746,0.03764044822263833
0.5,0.95,60,0.25,60,balanced,3,240,0.4243046403156102,0.42003091821415245,1.0072296400715408,240,3.1074906212299434,19.078604020260943,0.3786082440076004,0.27837472070355734,0.6213917559923996,0.034123351646522804,0.5655928182809284,1.1685258410442558,0.22911521292556405,0.7216252792964426,0.0016804680829706608,2.088998497806731,49.45708762602846,0.014051063843861924
0.5,0.95,60,0.25,60,balanced,4,240,0.5781722279743031,0.5761229146910146,0.35444685582158103,240,3.1307332237510908,19.078604020260943,0.3889004229804842,0.20532333907863184,0.6110995770195158,0.11674600249104472,1.8758486257421452,1.2839234783456044,0.26100626062460797,0.7946766609213681,0.0013421915283316497,1.701306767384379,73.84119801429729,0.04444555027923519
0.5,0.95,60,0.25,60,skewed,0,132,0.5453211980138284,0.5540425473030618,-1.5993050189499962,132,2.7028071557414215,19.078604020260943,0.34857254738417587,0.09828714039024156,0.6514274526158241,0.0,-0.3451143820160326,1.37383312211641,0.2719858414900545,0.9017128596097584,0.0,-0.5550337972627314,175.032283167125,0.0
0.5,0.95,60,0.25,60,skewed,1,132,0.4454252467809505,0.44463478634466647,0.17746197414642434,132,2.752858843069779,19.078604020260943,0.35465919174411786,0.241412458191535,0.6453408082558821,0.0,-0.43323266637982755,1.242844719799366,0.2481162117085424,0.758587541808465,0.0009035471521369491,0.9747474762243432,59.95047411092691,0.0005199507793690937
0.5,0.95,60,0.25,60,skewed,2,132,0.43903523751546064,0.43845513020601706,0.13213228913616523,131,2.9069387931650046,19.078604020260943,0.4166233611224245,0.3556005665725617,0.5833766388775755,0.06417182775417374,0.7526538823223898,1.2579418733099426,0.3090669573418527,0.6443994334274383,0.0024739086512050043,2.166961858594183,34.57317782066556,0.022866781351872572
0.5,0.95,60,0.25,60,skewed,3,132,0.690168865802579,0.6901206405278842,0.006987460183189281,132,2.9508083404767493,19.078604020260943,0.4566379327636754,0.27275481122750256,0.5433620672363245,0.13051906401104374,1.4383657294325924,1.2369314814793175,0.3522794566340361,0.7272451887724974,0.0011021182040898154,1.1290909036684929,50.86921444130832,0.03911764777430302
0.5,0.95,60,0.25,60,skewed,4,132,0.5062283928746447,0.49444387006043106,2.327906332415419,132,2.7107081122818086,19.078604020260943,0.4118254706418827,0.30544678923186663,0.5881745293581173,0.08869499115789858,0.9893187700694388,1.2290046585868366,0.31746132961110457,0.6945532107681334,0.0016180486819320945,1.614214511313019,43.3826975643442,0.03146452148275759
0.5,0.95,60,0.5,20,balanced,0,80,1.0670358150998125,1.0796564824218822,-1.1827782295094864,80,6.115014111292867,19.078604020260943,0.6393006854934689,0.3122828541599676,0.3606993145065312,0.3224495076051853,3.7982249039459055,1.107596728857058,0.32104115585673554,0.6877171458400324,0.0050951846302963,2.0133403073324034,42.0153810196218,0.04436176167987567
0.5,0.95,60,0.5,20,balanced,1,80,0.7701566784195227,0.763745684317468,0.8324272556086931,80,5.972948849213553,19.078604020260943,0.6429970751315066,0.31469762202707896,0.35700292486849344,0.3231130087980781,3.862834453584972,1.095519196781041,0.33035952448784717,0.685302377972921,0.004569162014838852,1.8671031845276267,41.54658881522631,0.04332696291138589
0.5,0.95,60,0.5,20,balanced,2,80,1.29912016325638,1.286305229038237,0.986431785187675,80,7.0419268822373144,19.078604020260943,0.6180257795489241,0.41579136080988066,0.3819742204510758,0.2500307047550428,3.315962262107778,1.179108111237939,0.27091618069569484,0.5842086391901193,0.0068563612466464325,2.4134414759469776,26.806437898598404,0.03882063049865316
0.5,0.95,60,0.5,20,balanced,3,80,1.4146608663194176,1.3858665384386433,2.035422663220317,80,6.189379576104821,19.078604020260943,0.6734705626708464,0.3418625212320881,0.3265294373291536,0.37086170846770233,4.0015660552985945,1.169088969060298,0.3895905884838361,0.658137478767912,0.005778925952137824,2.1740252159671045,36.72922174402812,0.04204493434057203
0.5,0.95,60,0.5,20,balanced,4,80,1.1165575940014039,1.114623294933403,0.17323773340423665,80,6.358010633348238,19.078604020260943,0.6586584493809922,0.1755041567459345,0.3413415506190079,0.3671911769419156,4.045629846202822,1.141656495009526,0.3464952103632262,0.8244958432540654,0.0019899848624264083,0.9526469168758689,89.6288156443328,0.04413571125096547
0.5,0.95,60,0.5,20,skewed,0,44,0.6303932363684691,0.6400710177943161,-1.5351975350494143,44,4.9618178212004835,19.078604020260943,0.6940537009960139,0.4702324137477236,0.3059462990039861,0.4597920162405609,2.9896444611575057,1.138278292062988,0.5204295693205071,0.5297675862522764,0.008813609642648683,2.184297980569321,21.49410739324123,0.04551154760604477
0.5,0.95,60,0.5,20,skewed,1,44,0.8896178014374756,0.8530242295853384,4.113403732817398,44,6.12429844491272,19.078604020260943,0.6024851861617472,0.22078786136492362,0.3975148138382528,0.2508665477291588,2.3441628226522564,1.247751142452717,0.30886599837627166,0.7792121386350763,0.003212735124492841,1.0764710198393665,67.33286761733673,0.04159211835562445
0.5,0.95,60,0.5,20,skewed,2,44,0.8106243521139049,0.7729740836125281,4.644601214260886,44,5.7670896441296975,19.078604020260943,0.6442888753109808,0.23112500301750546,0.3557111246890193,0.30856188490047043,2.589464831589599,1.1698336510222118,0.3674717636458407,0.7688749969824945,0.0029241670347408544,1.0178264594169668,63.4680861741181,0.040771136228504624
0.5,0.95,60,0.5,20,skewed,3,44,0.7679622632104042,0.7577964677037689,1.3237363336237429,44,5.487363301458004,19.078604020260943,0.6653392220060746,0.9051170562302142,0.33466077799392535,0.323593579696027,2.9248213138821995,0.978142281140134,0.3544259187576263,0.09488294376978579,0.0,-0.1425144401205254,2.0,0.03624178077542526
0.5,0.95,60,0.5,20,skewed,4,44,0.891534008920758,0.8871504099494104,0.49169172768339936,44,5.321530910745482,19.078604020260943,0.6836240905366693,0.29557315893963604,0.3163759094633308,0.5308943084085914,3.2508436585188454,0.9913025456057608,0.4025176405798924,0.704426841060364,0.0037175641069126953,1.2493445557127867,45.46921922832202,0.0549839033357891
0.5,0.95,60,0.5,60,balanced,0,240,1.0580325037155165,1.045778315032115,1.158205314143776,240,6.240914475902331,19.078604020260943,0.6748485312687283,0.11123763731740911,0.32515146873127165,0.32475999080139595,6.849083887066183,1.0321862545971023,0.3432668913419637,0.8887623626825909,0.0011628225748560352,1.0550718266358328,152.43352515074466,0.03525326746978955
0.5,0.95,60,0.5,60,balanced,1,240,1.0793537692830042,1.059487346242634,1.840584950527124,240,6.11878200477957,19.078604020260943,0.7027895948442855,0.9051170562302142,0.29721040515571456,0.42402707341981744,7.466769567217074,1.1158436658317792,0.43122285589650666,0.09488294376978579,0.00025212861161911376,0.24395251247425143,2.0,0.0374582879323204
0.5,0.95,60,0.5,60,balanced,2,240,0.9589563945941925,0.9433149479342541,1.6310905008936796,240,6.264323793590183,19.078604020260943,0.6273342371777351,0.12379016351492222,0.3726657628222649,0.295934369741257,6.349502334634884,1.1336735237750695,0.3046454000155954,0.8762098364850778,0.0011251568069371876,1.0200569667169186,135.04191313990196,0.04196312946034209
0.5,0.95,60,0.5,60,balanced,3,240,1.1373750205098452,1.1322352120360213,0.45190094569862255,240,6.368382929794506,19.078604020260943,0.7139632178952897,0.06898925174278392,0.28603678210471034,0.453606806629014,7.543381321098584,1.1236661405898205,0.4404165386805675,0.9310107482572161,0.0006108197219964039,0.5727643543319403,257.46598137968886,0.037642213505010326
0.5,0.95,60,0.5,60,balanced,4,240,1.1245703543998298,1.1243645729241212,0.018298675125436932,240,6.445453853941722,19.078604020260943,0.6680220202358156,0.24789430070334428,0.33197797976418447,0.30880373328147037,6.559847353336186,1.1237003562813843,0.35081554299318896,0.7521056992966557,0.0033751445706387776,2.5536707074104084,57.884052911058966,0.035942262038345815
0.5,0.95,60,0.5,60,skewed,0,132,0.869579478760158,0.8808979425618729,-1.301601990177227,132,5.456299914926012,19.078604020260943,0.7324080941413549,0.17988610020626006,0.26759190585864506,0.4929986928741087,5.688438962407967,1.075612019365609,0.5395831033800269,0.8201138997937399,0.0014206630927877072,0.9568144409273623,86.98075241909227,0.03625690170237801
0.5,0.95,60,0.5,60,skewed,1,132,0.7248481972279297,0.7344083105835045,-1.3189124829358767,132,6.121031211976787,19.078604020260943,0.6608145534782619,0.19376816442784214,0.3391854465217381,0.32303251011026424,4.830493281877415,1.1278710016739124,0.35898579183493673,0.8062318355721578,0.002483565781974853,1.5208187322197457,79.38237937500509,0.038778187996172
0.5,0.95,60,0.5,60,skewed,2,132,0.8002947654167577,0.8039918886030742,-0.46197018224794284,132,5.9323437280767415,19.078604020260943,0.6748201077389454,0.2548711669825639,0.3251798922610546,0.3266555680788445,4.91012385042301,1.0807888415891782,0.3781216444500665,0.7451288330174362,0.0032006560062622282,1.8651465174156678,55.77727020880058,0.03631825932973042
0.5,0.95,60,0.5,60,skewed,3,132,0.774890194009624,0.76890706847255,0.7721255970623008,132,5.832306590597686,19.078604020260943,0.6306875410534198,0.3230678133367429,0.36931245894658016,0.285798830091441,4.6120022501739895,1.1185582229594975,0.32752598880160144,0.6769321866632572,0.005211860666005283,2.676176794962083,39.975883095652286,0.04136885446498976
0.5,0.95,60,0.5,60,skewed,4,132,0.8578159337469758,0.8563031136143822,0.17635719658244428,132,5.8427414733125485,19.078604020260943,0.699095333536106,0.21100460187387673,0.300904666463894,0.4101933436904599,5.29207605342253,1.1178509213440635,0.4445033744279314,0.7889953981261233,0.00305226302643289,1.8034142913790063,71.33934824631925,0.03904046520695639
0.5,0.95,120,0.1,20,balanced,0,80,0.2390192508637143,0.23884625770016515,0.07237624706965343,80,1.1521626178374271,19.95755147242602,6.941456490081214e-07,0.05320728377768496,0.999999305854351,0.0,-16.932817956146497,1.6598271842302643,1e-06,0.9467927162223151,0.0,-3.2726563243335374,355.13303867711625,0.0
0.5,0.95,120,0.1,20,balanced,1,80,0.1811743228737489,0.1811743228737489,0.0,80,1.3723446423085475,19.95755147242602,8.067607923981391e-07,0.10286622527893896,0.9999991932392076,0.0,-45.52958735218344,1.7010538245627242,1e-06,0.897133774721061,0.0,-1.1593065172649883,174.05706720642394,0.0
0.5,0.95,120,0.1,20,balanced,2,80,0.32885094390280867,0.3309202076338472,-0.6292406238767306,80,1.1204630727992821,19.95755147242602,8.134295061643701e-07,0.3537121007680564,0.9999991865704938,0.0,-45.99918380617602,1.3774545340204707,1e-06,0.6462878992319436,0.00038142328008155353,0.6692143058625105,36.465600093748435,0.0001593159455835914
0.5,0.95,120,0.1,20,balanced,3,80,0.38729612899064064,0.38138423300917207,1.5264536717358823,78,1.0665130684705328,19.95755147242602,7.334748318970688e-07,0.9089151628535826,0.999999266525168,0.0,-95.91982971284014,1.4540543721539534,1e-06,0.09108483714641735,0.0,-2.4505727174007674,2.0,0.0
0.5,0.95,120,0.1,20,balanced,4,80,0.2873433774658185,0.2876948418771677,-0.122315125007887,80,1.1215481656339255,19.95755147242602,6.674137448901692e-07,0.07736226785325004,0.9999993325862551,0.0,-26.62900703909195,1.680437996323077,1e-06,0.9226377321467499,0.0,-2.7898023899602937,238.01771251910895,0.0
0.5,0.95,120,0.1,20,skewed,0,44,0.2468257859223328,0.2468257859223328,0.0,44,0.9134554184538122,19.95755147242602,0.18305362216627677,0.346422045193011,0.8169463778337231,0.0,-5.506316263904297,1.2295095367383062,0.301628789451159,0.653577954806989,0.0,-1.8851234838754691,37.652960760727495,0.0
0.5,0.95,120,0.1,20,skewed,1,44,0.11200348817667156,0.11200348817667156,0.0,44,1.197394037663905,19.95755147242602,7.822142403038787e-07,0.11658319032013881,0.9999992177857597,0.0,-78.16317617099429,1.5307738457365019,1e-06,0.8834168096798611,0.0,-1.0730748240342896,151.22966186100865,0.0
0.5,0.95,120,0.1,20,skewed,2,44,0.1845599708193269,0.1845599708193269,0.0,44,0.9252207259463447,19.95755147242602,6.713957585744699e-07,0.03316229140303137,0.9999993286042415,0.0,-75.44176066718497,1.378054735748499,1e-06,0.9668377085969686,0.0,-2.7286992269558548,581.8570586784786,0.0
0.5,0.95,120,0.1,20,skewed,3,44,0.26069818621982643,0.26069818621982643,0.0,44,0.8987372420818215,19.95755147242602,3.5741951781374606e-07,0.03316229140303137,0.9999996425804822,0.0,-74.79646866195661,2.514515509162761,1e-06,0.9668377085969686,0.0,-2.8870433988047854,581.8570586784786,0.0
0.5,0.95,120,0.1,20,skewed,4,44,0.18043997696363262,0.18339988787512393,-1.640385329958158,44,0.8844497521942336,19.95755147242602,5.179617518477443e-07,0.11192880878346421,0.9999994820382481,0.0,-16.38730699201085,1.7075571522326571,1e-06,0.8880711912165358,0.0,-1.7618592993255173,158.34820992485282,0.0
0.5,0.95,120,0.1,60,balanced,0,240,0.31426254099312234,0.31426254099312234,0.0,240,1.2637444639534745,19.95755147242602,8.160974990149565e-07,0.09362833112269227,0.999999183902501,0.0,-63.81739763840521,1.548520163509628,1e-06,0.9063716688773077,0.0,-3.81363020955388,193.19963325057498,0.0
0.5,0.95,120,0.1,60,balanced,1,240,0.3697630216998655,0.3697630216998655,0.0,240,1.1982423866927836,19.95755147242602,7.478893180437699e-07,0.05517353874541534,0.999999252110682,0.0,-33.10474777481164,1.6021641994157088,1e-06,0.9448264612545847,0.0,-5.317646317718362,341.76569351490764,0.0
0.5,0.95,120,0.1,60,balanced,2,240,0.216522716174673,0.216522716174673,0.0,240,1.0925198373348635,19.95755147242602,7.395509167889378e-07,0.2770701753139252,0.9999992604490833,0.0,-83.17233286220797,1.4772735784144702,1e-06,0.7229298246860748,0.0,-1.0819213536218173,52.07312252492421,0.0
0.5,0.95,120,0.1,60,balanced,3,240,0.2875404159662851,0.2875404159662851,0.0,240,1.1750648530902972,19.95755147242602,7.29454937747297e-07,0.04413042244043478,0.9999992705450622,0.0,-44.92235275696562,1.6108794869948162,1e-06,0.9558695775595653,0.0,-5.099232146602532,432.28265763420114,0.0
0.5,0.95,120,0.1,60,balanced,4,240,0.31142558636177886,0.3114975731214473,-0.023115236133757197,240,1.2022530891667282,19.95755147242602,8.240055858196635e-07,0.17844581530648693,0.9999991759944142,0.0,-73.1397235758236,1.459033918191572,1e-06,0.821554184693513,0.0,-2.0716705846950494,91.8834095394544,0.0
0.5,0.95,120,0.1,60,skewed,0,132,0.23056440918510324,0.2315813566718457,-0.441068719294849,130,0.8911397037180788,19.95755147242602,4.762409806067133e-07,0.0970685711085338,0.9999995237590193,0.0,-55.39848907460078,1.8711940289485045,1e-06,0.9029314288914662,0.0,-2.69685599471523,185.6450575338525,0.0
0.5,0.95,120,0.1,60,skewed,1,132,0.1389548578024463,0.1389548578024463,0.0,131,0.8582241378757063,19.95755147242602,0.00217988907506396,0.16531803784414362,0.997820110924936,0.0,-97.87273305910804,1.537957003990622,0.0039149445137260834,0.8346819621558563,0.0,-2.2410608751326255,100.76461371103291,0.0
0.5,0.95,120,0.1,60,skewed,2,132,0.19856814595980232,0.19856814595980232,0.0,132,1.2262039389745516,19.95755147242602,0.05187132439282428,0.015654279462722433,0.9481286756071757,0.0,-18.486516028111385,1.4158464764658671,0.06317153596733392,0.9843457205372775,0.0,-5.53559256345892,1254.936736696568,0.0
0.5,0.95,120,0.1,60,skewed,3,132,0.15036377762184738,0.15036377762184738,0.0,132,1.2017446801455396,19.95755147242602,8.281423428210685e-07,0.027723521602874675,0.9999991718576572,0.0,-31.895505768098715,1.4511317955685674,1e-06,0.9722764783971253,0.0,-3.3517390706647867,699.9203831676165,0.0
0.5,0.95,120,0.1,60,skewed,4,132,0.2145486922917296,0.2154506919738259,-0.420417236041611,131,0.9094024243340141,19.95755147242602,5.521391778323962e-07,0.19032437145568132,0.9999994478608221,0.0,-72.30070532101975,1.6470519729932145,1e-06,0.8096756285443187,0.0,-1.5830800773969393,84.90317298331352,0.0
0.5,0.95,120,0.25,20,balanced,0,80,0.6125171139625631,0.5905137882553656,3.592279334833798,80,3.4812639257069486,19.95755147242602,0.37063789532733626,0.09151816369032331,0.6293621046726637,0.18422181350638683,1.7457688533389282,1.2579233574430881,0.21280192288426872,0.9084818363096767,0.00018621976004153627,0.16721576391999457,198.114475627657,0.07312333928410043
0.5,0.95,120,0.25,20,balanced,1,80,0.740448915591164,0.7315906377752642,1.19633881951565,80,3.1607724160486588,19.95755147242602,0.49578813939877253,0.12694289201377157,0.5042118606012276,0.1817246838669077,1.719777484847007,1.1148425125141206,0.34682612764531273,0.8730571079862284,0.0,-0.5909786818665566,137.259218650165,0.04619979375702149
0.5,0.95,120,0.25,20,balanced,2,80,0.6341869467654951,0.6242135027294041,1.5726347076296607,80,2.9447618148615367,19.95755147242602,0.42344364914197197,0.2206725797129561,0.576556350858028,0.02159315925734062,0.20934260311674358,1.2655120244568292,0.3157690506115686,0.7793274202870439,0.000747518199582956,0.65904329274939,70.48210124014103,0.007631944191218886
0.5,0.95,120,0.25,20,balanced,3,80,0.5527916238831171,0.5534040481955894,-0.11078755285225121,80,2.906249008017898,19.95755147242602,0.39618499380511707,0.3013373294692058,0.6038150061948829,0.10364303395384311,1.1488005440107163,1.1285114866942019,0.2547823361002929,0.6986626705307942,0.0014739493215368722,1.1351069262661735,46.27238262694523,0.038506957437655275
0.5,0.95,120,0.25,20,balanced,4,80,0.5917303938216211,0.5818195452105157,1.6748926055829771,80,2.8472308690523933,19.95755147242602,0.25574949872931835,0.24406894391105785,0.7442505012706817,0.0,-0.3112600389397395,1.1616240486646103,0.14020352320508503,0.7559310560889422,0.0014142393258753114,1.149493356121111,61.81258754083095,0.0008081412692519932
0.5,0.95,120,0.25,20,skewed,0,44,0.468432915749768,0.4673368788915688,0.23397947098676822,44,2.501845756573023,19.95755147242602,0.4774299775149788,0.33705224865108663,0.5225700224850212,0.24769256423049812,1.3414098807940524,1.244819361862728,0.4545843185423991,0.6629477513489134,0.002326398022683312,1.3044399545602003,39.25448924914737,0.06866219514094109
0.5,0.95,120,0.25,20,skewed,1,44,0.5109591586475629,0.5075679964932033,0.6636855601797155,44,2.4424826933463963,19.95755147242602,0.3546179141092941,0.17436032706584895,0.6453820858907059,0.052974006471552926,0.366505591327966,1.1615894580784694,0.2613240518627371,0.8256396729341511,0.00033872230138401634,0.2550636761280975,94.50398807773121,0.022295529689294078
0.5,0.95,120,0.25,20,skewed,2,44,0.5353726491891837,0.5251246172069182,1.9141866880547735,44,2.63701677837374,19.95755147242602,0.3618472621036317,0.06449069084373497,0.6381527378963683,0.10000617000192591,0.6497885474368965,1.4909703171957829,0.3206873499738222,0.9355093091562651,0.0,-1.1869871820857985,289.5065155319798,0.040726404353364574
0.5,0.95,120,0.25,20,skewed,3,44,0.3612226250344154,0.3690843418081822,-2.1764187038444294,44,2.865701087120468,19.95755147242602,0.5101281505946571,0.376649253900198,0.4898718494053429,0.1761102077387232,0.872276082598332,1.293416336153223,0.47001042281954963,0.623350746099802,0.001401556074363753,0.8821375068591025,33.029547972922245,0.042806543766517796
0.5,0.95,120,0.25,20,skewed,4,44,0.5289955067660309,0.5148804573726297,2.6682739669552964,44,2.7608925147155072,19.95755147242602,0.3344138863353695,0.9089151628535826,0.6655861136646305,0.10392047590055054,0.6076958547437273,1.38213772974595,0.25152902035739266,0.09108483714641735,0.0,-1.5141558870286624,2.0,0.046037277405418894
0.5,0.95,120,0.25,60,balanced,0,240,0.6467847276753104,0.6483070497929992,-0.23536766601778722,240,2.9901123018701767,19.95755147242602,0.4259248390651341,0.14072875177081856,0.5740751609348659,0.13643545383546385,2.0046939925339764,1.2052581097915316,0.29905893539638045,0.8592712482291814,1.8762679287477255e-05,0.03185108091808247,121.85818426953205,0.04497783402753329
0.5,0.95,120,0.25,60,balanced,1,240,0.6898078154115043,0.6761016140367535,1.9869594209474615,240,3.0183541333807113,19.95755147242602,0.27506555826001394,0.08091996735040159,0.7249344417399861,0.0,-0.9086846441515523,1.2612705485494944,0.15856111265712164,0.9190800326495984,0.0,-0.8416364623195728,226.67566064943938,0.0
0.5,0.95,120,0.25,60,balanced,2,240,0.59634025193737,0.5788451290273946,2.933748452018422,240,3.102152217328993,19.95755147242602,0.3706858643675598,0.9089151628535826,0.6293141356324402,0.07288159300889385,1.2757690073783297,1.2388264247500433,0.23523223717563485,0.09108483714641735,0.00010225770986697653,0.1670309858192411,2.0,0.028864603446685694
0.5,0.95,120,0.25,60,balanced,3,240,0.6481085837998584,0.6416970165490413,0.9892736203594226,240,2.991399116746237,19.95755147242602,0.3825547124181228,0.21976130336606678,0.6174452875818772,0.13201351988044396,2.170368443365658,1.1868232719857268,0.2458141070753182,0.7802386966339332,0.0009746184563611841,1.4124607104494227,70.85712411757893,0.05092198131803588
0.5,0.95,120,0.25,60,balanced,4,240,0.5742269213809844,0.5693893200601665,0.8424546360842382,240,3.2403397981779665,19.95755147242602,0.2526552620434186,0.24303551131213258,0.7473447379565814,0.0,-0.43211441790903354,1.1992219110617846,0.12511701314857962,0.7569644886878675,0.0009133441485614235,1.317165370239829,62.16028951581692,0.0005233418469903469
0.5,0.95,120,0.25,60,skewed,0,132,0.5113372607317815,0.5011008730785291,2.0018857297046924,132,2.605530765180246,19.95755147242602,0.2800079466193212,0.2731087833137293,0.7199920533806787,0.0,-1.3992708443724888,1.3138966419195872,0.19611407392139404,0.7268912166862707,0.0012528089792759331,1.4380944504837834,53.11791402624344,0.0006619477338616419
0.5,0.95,120,0.25,60,skewed,1,132,0.4644656951229105,0.4572104643938204,1.5620595461135591,132,2.7915788552101084,19.95755147242602,0.3983649337808086,0.28240728715111013,0.6016350662191914,0.05663051105993111,0.6216964772500178,1.3079306329549225,0.3102344195221565,0.7175927128488899,0.0010151958690463722,1.1709157722252146,50.71184121129448,0.021021013194394294
0.5,0.95,120,0.25,60,skewed,2,132,0.5387914202886447,0.5309037779718863,1.46395098729167,132,2.704646052154616,19.95755147242602,0.4518683519042509,0.1473288176779531,0.5481316480957491,0.14390326993033942,1.4374951851395392,1.3084594994344427,0.39882138699259534,0.8526711823220469,0.0,-0.3217614147670679,115.50509451209103,0.043235493339418445
0.5,0.95,120,0.25,60,skewed,3,132,0.5467821378249665,0.5392507675559118,1.3773987385567472,132,2.9244259519557545,19.95755147242602,0.44898180655854586,0.13848766152942057,0.5510181934414542,0.004653260472834986,0.05673219645249842,1.0811922508983505,0.301248859406388,0.8615123384705794,5.486628887204324e-06,0.007264159450846649,124.15313140011422,0.0014169000235897489
0.5,0.95,120,0.25,60,skewed,4,132,0.500672317432189,0.48757041300071663,2.6168621621959107,132,2.7134137154962006,19.95755147242602,0.4474376999111096,0.18078543861175836,0.5525623000888904,0.2197710722810985,2.0961817445379145,1.2236809593987725,0.3651790863710289,0.8192145613882417,0.00039726822950952694,0.5006954716584788,90.43602682502416,0.06736823530158349
0.5,0.95,120,0.5,20,balanced,0,80,1.2839646668076243,1.265587769111135,1.4312619475877457,80,6.01923938782498,19.95755147242602,0.7347985200272419,0.18116641265014363,0.2652014799727581,0.4987000813977895,4.509069582795625,1.0389086095091011,0.47828173292246023,0.8188335873498563,0.00171106425814058,0.9090197016254492,90.20388066326846,0.036221735653887
0.5,0.95,120,0.5,20,balanced,1,80,1.4227106267908038,1.4267127973949993,-0.28130601745930306,80,6.278422258253328,19.95755147242602,0.6912891063648943,0.9089151628535826,0.30871089363510573,0.4055707857852112,4.176707539475342,1.155510567062123,0.412129122110023,0.09108483714641735,0.0017973864580806981,0.9294170194038265,2.0,0.03866678760559295
0.5,0.95,120,0.5,20,balanced,2,80,0.9627181436951118,0.9493818181221538,1.3852783039665544,80,6.327875916446535,19.95755147242602,0.6222753434148081,0.12394192193076548,0.37772465658519194,0.2850834022296385,3.6391175682396804,1.1433577451260197,0.2976676833631412,0.8760580780692345,0.0015798595459420115,0.836127821912012,141.06586305534287,0.041887042663712806
0.5,0.95,120,0.5,20,balanced,3,80,0.9329277053636176,0.918034394674734,1.596405659651703,80,6.108478714281239,19.95755147242602,0.6230161851877181,0.1703596728362103,0.37698381481228194,0.2882534297542755,3.6669763992159603,1.083342205700862,0.2930999996252079,0.8296403271637897,0.0019521889325480948,1.021205499639969,97.19195427717648,0.04230935169469799
0.5,0.95,120,0.5,20,balanced,4,80,1.1000614958952717,1.093533277013307,0.593441267267675,80,6.366390811427406,19.95755147242602,0.7010139067696595,0.09593685741009442,0.2989860932303405,0.3699543618395606,4.177303805990124,1.0247727079932207,0.37741536088161814,0.9040631425899056,0.0006262176656420867,0.36125359672857693,188.07043705251493,0.03358303993053007
0.5,0.95,120,0.5,20,skewed,0,44,0.7265142498780235,0.7280178859678333,-0.2069658083185989,44,6.019522477153927,19.95755147242602,0.7425939996841939,0.295884324280945,0.257406000315806,0.5146316460362537,3.339360325727407,0.9464023334082411,0.45357553119841815,0.704115675719055,0.004125286372963721,1.3940151465336206,47.49296832420954,0.03614361577040209
0.5,0.95,120,0.5,20,skewed,1,44,0.8199900858350578,0.7926708403189526,3.331655588040916,44,4.7820100306671,19.95755147242602,0.5988974704968755,0.17145649908838745,0.4011025295031246,0.30879760514149535,2.656569531727415,1.0690042542538694,0.33378829925188036,0.8285435009116126,0.0010065118598462323,0.44632789631301917,96.44253588814531,0.05037131358694274
0.5,0.95,120,0.5,20,skewed,2,44,0.8136880111838567,0.8097600474942999,0.48273584415259285,44,5.02514085851525,19.95755147242602,0.5188102459901561,0.08268916769979952,0.4811897540098439,0.17680167700473912,2.1092980538323056,1.0455732494215237,0.22434315120524898,0.9173108323002005,0.00038100398174109595,0.1769835624581017,221.39874739469158,0.04125789242284125
0.5,0.95,120,0.5,20,skewed,3,44,0.7827576773080496,0.7595484531116385,2.9650586470424583,44,5.3566556864053485,19.95755147242602,0.598663607872109,0.2119689431303491,0.40133639212789096,0.3667937454472456,2.6263759447780517,1.2926446001781935,0.3599998666959042,0.7880310568696509,0.0013384017599052875,0.5794392321408082,74.19563520527154,0.059910936616405244
0.5,0.95,120,0.5,20,skewed,4,44,0.7048911705919335,0.6928902294381248,1.7025239717119545,44,5.652669338393823,19.95755147242602,0.6899840116458145,0.1592466634511745,0.3100159883541855,0.3700878686127463,2.8931975899875755,1.1233474957308835,0.44240128573119636,0.8407533365488256,0.00213115839617504,0.8306849080123816,105.36721854101332,0.03707555664714816
0.5,0.95,120,0.5,60,balanced,0,240,1.1652582996320018,1.1695327399106938,-0.3668234141770939,240,6.186044798292326,19.95755147242602,0.6601488875743,0.13452440536521412,0.33985111242570004,0.3661398224770555,7.08179568877419,1.0974089901449378,0.34459689677686717,0.8654755946347858,0.0009723415450488115,0.9468295421073974,128.39881121317129,0.043017032793548314
0.5,0.95,120,0.5,60,balanced,1,240,0.8836942315391122,0.8954005807595102,-1.324705854423122,240,6.297900074065387,19.95755147242602,0.6800340995781553,0.1987718684455206,0.3199659004218447,0.3853518500909143,7.109129078950234,1.1269602787110882,0.38031235542385494,0.8012281315544794,0.001672756682409661,1.5286878695076218,80.44675437076216,0.04052547386684707
0.5,0.95,120,0.5,60,balanced,2,240,1.051096873298584,1.0353761897480431,1.495645544183351,240,6.165843512727033,19.95755147242602,0.6896560072901625,0.10808232623188942,0.3103439927098375,0.3816651016295173,7.277444758998163,1.0436993562038146,0.37616161214561644,0.8919176737681106,0.0005131347312035284,0.5223949739581614,164.69383574519657,0.037167668709340324
0.5,0.95,120,0.5,60,balanced,3,240,0.940785143877136,0.9405782450678759,0.021992142478716607,240,6.363552404332308,19.95755147242602,0.6936906314068136,0.19221253492197268,0.3063093685931864,0.3773449777131645,7.1754290999799935,1.0913637159152465,0.3883988256280384,0.8077874650780273,0.0018054810332112682,1.6195132711235427,83.87309349840092,0.03658266807033689
0.5,0.95,120,0.5,60,balanced,4,240,0.9493786207588263,0.9474411234151734,0.20408057452402678,240,6.254238520966572,19.95755147242602,0.6875129013541624,0.11260760937004788,0.31248709864583757,0.39269996086204684,7.301493759229784,1.1047632309989,0.388636773903921,0.8873923906299521,0.0009664721281475615,0.9328328699948932,157.2733797592467,0.03910750236329232
0.5,0.95,120,0.5,60,skewed,0,132,0.7103945520117542,0.7021036168920709,1.16708878132642,132,5.9721971053491725,19.95755147242602,0.6731987934097041,0.05864541528513509,0.3268012065902959,0.364272140882765,4.954051775039057,1.1389009914166515,0.3928364272139277,0.9413545847148649,0.0005753736693819237,0.446726156248487,320.3512582681485,0.039413777290528654
0.5,0.95,120,0.5,60,skewed,1,132,0.725947568174578,0.7183798940845226,1.0424546374725818,132,5.30056363484827,19.95755147242602,0.6304304992259593,0.05265423464989337,0.36956950077404077,0.2879228268357801,4.619086325562632,1.046884324584066,0.3369138400896023,0.9473457653501066,0.0,-0.8671360200060102,359.0727697377681,0.03932496494441017
0.5,0.95,120,0.5,60,skewed,2,132,0.853962655700965,0.8303289067392795,2.7675389320491988,132,5.65786036190277,19.95755147242602,0.6622661039170654,0.11900599955510248,0.3377338960829346,0.3460127055792488,5.012574641739307,1.072347520600414,0.371659546468229,0.8809940004448975,0.0005676139274824535,0.44060802889582085,147.74451016342638,0.0399082109036781
0.5,0.95,120,0.5,60,skewed,3,132,0.8327460122249782,0.8291829762135278,0.4278658749659513,132,5.552080659031484,19.95755147242602,0.6552211877230021,0.2125415386423899,0.34477881227699786,0.36526025516547345,4.970706107250208,1.1381881004578775,0.3895936316750094,0.7874584613576101,0.0023065815264877373,1.552490555066673,73.94198270759816,0.044849663942455764
0.5,0.95,120,0.5,60,skewed,4,132,0.84167982989606,0.8317289979339864,1.1822585748909453,132,5.41326580321176,19.95755147242602,0.6367275128992593,0.2834513850636133,0.36327248710074067,0.31136695183193314,4.432997537955059,1.1399464292225074,0.36910218821239316,0.7165486149363867,0.003906519854265248,2.3758127823215385,50.4515293226707,0.04309590240469088
0.5,0.9,30,0.1,20,balanced,0,80,0.2688759542209437,0.2378682081811219,11.532361132725825,72,0.739655539574366,9.57608841724784,4.365179792971641e-07,0.8272300687492943,0.9999995634820207,0.0,-31.01519187750279,1.6944438743060715,1e-06,0.17276993125070572,0.0,-5.514036184589183,2.0,0.0
0.5,0.9,30,0.1,20,balanced,1,80,0.3540132400028442,0.3529915965134764,0.28858906219427755,67,0.6774508657105367,9.57608841724784,4.936290494150991e-07,0.1776542741522134,0.9999995063709506,0.0,-16.199816254660014,1.3723878928350264,1e-06,0.8223457258477866,0.0,-1.4266746102582943,44.32685573056979,0.0
0.5,0.9,30,0.1,20,balanced,2,80,0.211633898148149,0.211633898148149,0.0,70,0.447290428391454,9.57608841724784,2.538780288337117e-07,0.028834752642115054,0.9999997461219712,0.0,-30.236297397153308,1.761831525025172,1e-06,0.9711652473578849,0.0,-4.054829591193831,322.52623741513446,0.0
0.5,0.9,30,0.1,20,balanced,3,80,0.30605698539429305,0.30562438817508897,0.14134531797951405,72,0.7838142217595866,9.57608841724784,0.06034612615037935,0.1519947765561714,0.9396538738496206,0.0,-15.003340284039961,1.4526878370848868,0.11902636938013633,0.8480052234438286,0.0,-2.586215359402472,53.42665834957206,0.0
0.5,0.9,30,0.1,20,balanced,4,80,0.21519299440087858,0.23340842620081972,-8.4646955402312,70,0.4363425879997393,9.57608841724784,1.5836641261472767e-07,0.00321093361453525,0.9999998416335873,0.0,-48.573112302823816,2.755271850940771,1e-06,0.9967890663854647,0.0,-3.9882644300718195,2972.7616260402597,0.0
0.5,0.9,30,0.1,20,skewed,0,44,0.39954245451744996,0.39954245451744996,0.0,35,0.3486784401000001,9.57608841724784,0.21940108072546513,0.11285763197121389,0.7805989192745348,0.0,-4.798724418759304,0.7813563737664847,0.6298467338390417,0.8871423680287861,0.0,-2.02893195788933,75.27496020027385,0.0
0.5,0.9,30,0.1,20,skewed,1,44,0.18791241786555926,0.18791241786555926,0.0,36,0.5871328816513681,9.57608841724784,2.2423535695554755e-07,0.03755005285319766,0.999999775764643,0.0,-37.752035726145024,2.6183772174140487,1e-06,0.9624499471468023,0.0,-2.299118325985235,245.44588065122892,0.0
0.5,0.9,30,0.1,20,skewed,2,44,0.21563069059454923,0.21563069059454923,0.0,36,0.5427431197659385,9.57608841724784,2.591102285548313e-07,0.11354153544222981,0.9999997408897714,0.0,-18.421629882595578,2.0946412735720306,1e-06,0.8864584645577702,0.0,-3.322608640965086,74.76387034718313,0.0
0.5,0.9,30,0.1,20,skewed,3,44,0.3651106961499068,0.34439195693616526,5.674645917586289,34,0.42898482889343353,9.57608841724784,1.7447565994131194e-07,0.3750715168329301,0.9999998255243401,0.0,-21.483072260867768,2.458708304491569,1e-06,0.6249284831670698,0.0,-2.2504117744400025,15.95527823545739,0.0
0.5,0.9,30,0.1,20,skewed,4,44,0.16054203815142795,0.16837447939736414,-4.878747857024461,41,0.47513906079622503,9.57608841724784,2.689493116452671e-07,0.24417732481292054,0.9999997310506883,0.0,-29.241943085314283,1.7666486229002625,1e-06,0.7558226751870795,0.0,-0.5957838122567274,29.64167443024293,0.0
0.5,0.9,30,0.1,60,balanced,0,240,0.27224595178931443,0.27224595178931443,0.0,214,0.6533177144319826,9.57608841724784,2.8505217919943835e-07,0.06291875341251887,0.9999997149478208,0.0,-65.85216520825844,2.2919225877654825,1e-06,0.9370812465874812,0.0,-5.850895722540306,142.6215934799669,0.0
0.5,0.9,30,0.1,60,balanced,1,240,0.23315099056916155,0.249704449252763,-7.099887777955228,208,0.6561,9.57608841724784,4.118822511622995e-07,0.05705972105137987,0.9999995881177488,0.0,-40.54376406181574,1.5929303287835124,1e-06,0.9429402789486201,0.0,-4.019232326461047,158.24962542781245,0.0
0.5,0.9,30,0.1,60,balanced,2,240,0.18836560723853457,0.18836560723853457,0.0,209,0.6213799273528974,9.57608841724784,3.6114655053584554e-07,0.14262100529745056,0.9999996388534494,0.0,-42.339554319758825,1.7205749355577236,1e-06,0.8573789947025494,0.0,-5.339663120250917,57.56751639240791,0.0
0.5,0.9,30,0.1,60,balanced,3,240,0.2649176896396973,0.26493383866854875,-0.006095866558932197,209,0.5938645134983329,9.57608841724784,3.377103468379772e-07,0.19203125037264254,0.9999996622896532,0.0,-43.00101894467085,1.7585019780948077,1e-06,0.8079687496273574,0.0,-3.5781772658250985,40.29125556278222,0.0
0.5,0.9,30,0.1,60,balanced,4,240,0.28852175527849805,0.28852175527849805,0.0,220,0.6557903649248127,9.57608841724784,4.3403627817349033e-07,0.04073533583222186,0.9999995659637217,0.0,-25.43755243273962,1.5109107539132047,1e-06,0.9592646641677781,0.0,-8.456154545419984,225.5045417434861,0.0
0.5,0.9,30,0.1,60,skewed,0,132,0.4083121744241323,0.395061132499513,3.2453212896010375,108,0.35920525457443564,9.57608841724784,1.6618040236394475e-07,0.8272300687492943,0.9999998338195977,0.0,-39.49508574624381,2.1615376405432905,1e-06,0.17276993125070572,0.0,-5.5746697270494625,2.0,0.0
0.5,0.9,30,0.1,60,skewed,1,132,0.13067159380409474,0.13395666380810325,-2.5139893900227115,109,0.5417424322952847,9.57608841724784,3.692203522578485e-07,0.30756166456531603,0.9999996307796477,0.0,-23.58043107080389,1.4672599408125186,1e-06,0.6924383354346839,0.0,-2.4674227074490234,21.55941876887026,0.0
0.5,0.9,30,0.1,60,skewed,2,132,0.1710483345096372,0.1762141877194161,-3.0201131303548943,111,0.3912914108824419,9.57608841724784,0.0694854194271938,0.11079150459671619,0.9305145805728061,0.0,-20.1141955536616,1.4598602476151123,0.2786007444034159,0.8892084954032838,0.0,-2.884854891276228,76.85732948880045,0.0
0.5,0.9,30,0.1,60,skewed,3,132,0.18110060526007335,0.18110060526007335,0.0,113,0.5904900000000001,9.57608841724784,2.2678632560089085e-07,0.03095082840050915,0.9999997732136744,0.0,-50.15514816715795,2.6037278240669335,1e-06,0.9690491715994909,0.0,-4.386026347035438,299.8207488283204,0.0
0.5,0.9,30,0.1,60,skewed,4,132,0.18883114376556645,0.18998726579049638,-0.6122517726023268,111,0.5594846576582956,9.57608841724784,3.0466263777925254e-07,0.2318817574831964,0.9999996953373622,0.0,-29.686860301550126,1.8364066275151774,1e-06,0.7681182425168036,0.0,-3.1720669921969775,31.721202586516366,0.0
0.5,0.9,30,0.25,20,balanced,0,80,0.6904412792381754,0.6887653606395441,0.24273151809239354,80,1.4676123971926596,9.57608841724784,0.23785246405490273,0.13870884260971292,0.7621475359450973,0.0,-7.036033524043782,1.482818001266237,0.31534317639979204,0.861291157390287,0.00045365901139132053,0.20054338686424236,59.461243573130155,0.00033653444283283793
0.5,0.9,30,0.25,20,balanced,1,80,0.8576483969718086,0.8178267886439055,4.643115811619959,80,1.8359277003952172,9.57608841724784,0.1744876551863501,0.8272300687492943,0.8255123448136499,0.0,-6.285672317635236,1.3864261805984228,0.1596202632397257,0.17276993125070572,0.0,-1.7827617388715644,2.0,0.0
0.5,0.9,30,0.25,20,balanced,2,80,0.44777568100137505,0.43626438037086646,2.5707739653849675,78,1.5706270768047994,9.57608841724784,0.002237661829326127,0.04290067148691798,0.997762338170674,0.0,-8.236516680713148,1.3871315896445737,0.0019806698239105097,0.957099328513082,0.0,-1.7498681445378617,213.63926195711514,0.0
0.5,0.9,30,0.25,20,balanced,3,80,0.675869825601644,0.6753093463771432,0.0829270967973497,80,1.7363506696559887,9.57608841724784,1.2737423017410922e-06,0.09917750836978674,0.9999987262576983,0.0,-3.0984819941700836,1.3631866157006602,1e-06,0.9008224916302132,0.0,-0.9228789567979537,86.97895288851944,0.0
0.5,0.9,30,0.25,20,balanced,4,80,0.6672125040717967,0.6485691273734365,2.794218721109876,78,1.5824597051384242,9.57608841724784,1.1666879887252695e-06,0.020840761699644158,0.9999988333120113,0.0,-4.442329244043354,1.3563676589459253,1e-06,0.9791592383003559,0.0,-1.8780973691508285,449.91231969651824,0.0
0.5,0.9,30,0.25,20,skewed,0,44,0.7159201211785474,0.6864597939274456,4.115029928563013,43,1.468769304082385,9.57608841724784,0.2754377749954037,0.16024289457372878,0.7245622250045963,0.0,-3.3118857554295404,1.2690945364582074,0.3286745366703127,0.8397571054262712,0.0017020350166590415,0.5429788851011166,50.18374332269755,0.0012002614708535608
0.5,0.9,30,0.25,20,skewed,1,44,0.6852778225429034,0.6527566929124722,4.745685408255734,43,1.346255537295285,9.57608841724784,0.1604822720343201,0.4198383479039383,0.8395177279656799,0.0,-1.490710041365656,1.3530722532607737,0.19213224816712865,0.5801616520960617,0.0023335426578830285,0.6740960023817929,13.232900959394119,0.0007854413886823875
0.5,0.9,30,0.25,20,skewed,2,44,0.5611898073603461,0.5451209189333567,2.863360705457607,43,1.6172818191609535,9.57608841724784,0.13868588592277517,0.0015918337712053368,0.8613141140772249,0.0,-6.0557498076093434,1.4957018047309856,0.1489146460355732,0.9984081662287947,0.0,-1.0966037414959862,6006.182962854057,0.0
0.5,0.9,30,0.25,20,skewed,3,44,0.43291306707723004,0.4244343027086037,1.958537409339447,42,1.6380303917453753,9.57608841724784,0.30178061726357164,0.04102666289355383,0.6982193827364284,0.0,-3.4334459814078615,1.4733412568202362,0.3887597624535516,0.9589733371064462,0.0,-0.6457100111296656,223.8352529363881,0.0
0.5,0.9,30,0.25,20,skewed,4,44,0.5388615543248679,0.529992547060619,1.6458786478765848,44,1.457197753691255,9.57608841724784,0.16091209736397372,0.15629517920786581,0.8390879026360263,0.0,-4.378671179823391,1.2636569676534195,0.1663082423752014,0.8437048207921342,0.0,-0.8624832669740311,51.693161637560685,0.0
0.5,0.9,30,0.25,60,balanced,0,240,0.6205123487274997,0.6146778144973305,0.9402768924960552,237,1.5945453738652504,9.57608841724784,0.09594843788698229,0.03618250395990028,0.9040515621130177,0.0,-7.680742060942575,1.4213893418421164,0.09460655318388185,0.9638174960400997,0.0,-2.8918806303744975,255.08465556721106,0.0
0.5,0.9,30,0.25,60,balanced,1,240,0.6084574216624736,0.5914572230532263,2.7939832770546293,237,1.6843818882671746,9.57608841724784,0.09401312906199363,0.14801987190950344,0.9059868709380063,0.0,-7.456648803064189,1.4790736567494396,0.09112050827813227,0.8519801280904966,0.0,-1.3612681332134748,55.11852517559785,0.0
0.5,0.9,30,0.25,60,balanced,2,240,0.5909318676528111,0.5533759937451839,6.355364461354855,238,1.5814699647869825,9.57608841724784,0.04198689186701595,0.8272300687492943,0.9580131081329841,0.0,-14.472162885610167,1.5365912721450476,0.0425833537839058,0.17276993125070572,0.0,-4.428277624373487,2.0,0.0
0.5,0.9,30,0.25,60,balanced,3,240,0.5535442330792181,0.5500297909744812,0.6348981517135385,238,1.4150831596181872,9.57608841724784,0.06622623693549161,0.03654499585818304,0.9337737630645084,0.0,-11.013145814635003,1.490882539004507,0.074722284336275,0.963455004141817,0.0,-2.0968067195807736,252.45947055254726,0.0
0.5,0.9,30,0.25,60,balanced,4,240,0.5844136988028397,0.5520736612197639,5.533757618844963,231,1.6680763341497828,9.57608841724784,0.14088188126161405,0.8272300687492943,0.859118118738386,0.0,-8.484273328557334,1.3768322613222232,0.13535580091757363,0.17276993125070572,0.0,-0.24827544032070764,2.0,0.0
0.5,0.9,30,0.25,60,skewed,0,132,0.4292306589852671,0.4211556722241021,1.8812698003108246,130,1.2869654794252943,9.57608841724784,0.10898340135116333,0.09236619667590573,0.8910165986488368,0.0,-6.128551380032602,1.4094662869811296,0.13395611894733017,0.9076338033240943,0.0,-1.3119778680330285,94.09916034121727,0.0
0.5,0.9,30,0.25,60,skewed,1,132,0.4376479810678012,0.4318324448967463,1.3288159485771498,129,1.3253388808533961,9.57608841724784,0.0998881536491335,0.20855953018174433,0.9001118463508665,0.0,-6.355129828679479,1.3916427539616485,0.11652479767134592,0.7914404698182557,0.0,-0.2772485612912421,36.339283605804674,0.0
0.5,0.9,30,0.25,60,skewed,2,132,0.4861486934551367,0.48005372189289247,1.2537257930133094,131,1.3673620552471262,9.57608841724784,0.02650549479760738,0.11504276377825451,0.9734945052023927,0.0,-12.542766961911422,1.4034497469581486,0.02794575597964989,0.8849572362217455,0.0,-1.586249179498871,73.6632923377712,0.0
0.5,0.9,30,0.25,60,skewed,3,132,0.5728885345266064,0.5562860560105627,2.898029462181988,131,1.3900040294760236,9.57608841724784,0.009730527086452029,0.199440478481154,0.9902694729135479,0.0,-12.077358630852585,1.4281480468581271,0.01009578624857439,0.800559521518846,0.0,-0.47406364056153083,38.43868015017077,0.0
0.5,0.9,30,0.25,60,skewed,4,132,0.6161060831853931,0.6116010051850322,0.7312179060249907,131,1.314551001765968,9.57608841724784,0.10193476643048935,0.2597739174651994,0.8980652335695107,0.0,-11.546372895126149,1.4986982215095774,0.12940627250149167,0.7402260825348006,0.000337363242772901,0.20801318529900997,27.2870751778067,0.0001848530114530639
0.5,0.9,30,0.5,20,balanced,0,80,1.0691442549583985,1.0339407899088848,3.292676819451596,80,3.3906668499292874,9.57608841724784,0.289404248215726,0.8272300687492943,0.710595751784274,0.1287118564370225,1.5891664753762804,1.091149713325421,0.13106996752594952,0.17276993125070572,0.0,-0.49609234509829336,2.0,0.06499257856408339
0.5,0.9,30,0.5,20,balanced,1,80,1.0324080116962544,1.0411772715283525,-0.849398661454605,80,3.3631584370398953,9.57608841724784,0.5380562473464401,0.001627321595913554,0.46194375265355997,0.39606475471854496,3.0392140271009795,1.2186262741695606,0.4220511738276322,0.9983726784040865,0.0,-2.464070311304232,5874.994264053229,0.084517062264681
0.5,0.9,30,0.5,20,balanced,2,80,0.898853479647965,0.9109955992978532,-1.3508452628612677,80,3.141363007932572,9.57608841724784,0.4842141921537164,0.15506420475739863,0.5157858078462836,0.3229104312504125,2.4498821470153405,1.2442452091846792,0.37184019338152263,0.8449357952426013,0.0012816314891374407,0.35860216405892076,52.17954649688235,0.08682045430523125
0.5,0.9,30,0.5,20,balanced,3,80,0.8268355899871728,0.8622410758160415,-4.28204666775628,80,3.388028975108906,9.57608841724784,0.521008158046536,0.03607088178842585,0.47899184195346406,0.2723795494464735,2.5026187983104293,1.1545729168901107,0.37067398171807425,0.9639291182115741,0.0,-3.037996344278959,255.90365431309323,0.06249290746520806
0.5,0.9,30,0.5,20,balanced,4,80,0.8920390682312802,0.8699045921978051,2.4813348228528747,80,3.143840656286292,9.57608841724784,0.3583274232633896,0.18177315897316054,0.6416725767366104,0.17683068712005195,1.8137517479547007,1.1480635825387593,0.20394978333561442,0.8182268410268394,0.002586632706382999,0.681605339915999,43.105443175993514,0.07454065872066687
0.5,0.9,30,0.5,20,skewed,0,44,0.9067034476926686,0.9158364639292685,-1.0072771047514069,44,3.0594946000169387,9.57608841724784,0.5572261792404123,0.8272300687492943,0.44277382075958777,0.2940717056070363,1.4750590307590137,1.3557451336760526,0.5576801823653758,0.17276993125070572,0.0,-1.0991675582650255,2.0,0.05765236275482504
0.5,0.9,30,0.5,20,skewed,1,44,0.6681422243628797,0.6548403806482438,1.9908700916665127,44,2.9291560612997207,9.57608841724784,0.4841272525741887,0.006888087539154213,0.5158727474258114,0.23886678628147484,1.3922218505199362,1.2637959891166899,0.404915778105244,0.9931119124608457,0.0,-1.636952946220794,1380.662981979887,0.06356834981750958
0.5,0.9,30,0.5,20,skewed,2,44,0.6657619703938068,0.6889054049421388,-3.47623258424364,44,2.5736789626191356,9.57608841724784,0.3448132191504016,0.2624758484947101,0.6551867808495984,0.13106410167489646,0.808798404375232,1.2679966062789614,0.25931730030424976,0.7375241515052899,0.005620351186247478,1.0430703645458062,26.907605119381817,0.05931899429678794
0.5,0.9,30,0.5,20,skewed,3,44,0.7466901640383236,0.725581624130558,2.8269476316125846,44,3.0273121070026883,9.57608841724784,0.5457238356442389,0.8272300687492943,0.4542761643557612,0.4010942348873326,2.2155361931624826,1.2283346335857595,0.4875887057071697,0.17276993125070572,0.0,-2.7593022417586672,2.0,0.08277254718951901
0.5,0.9,30,0.5,20,skewed,4,44,0.6945082265761228,0.7284621687856675,-4.888918649234049,44,3.308294767789391,9.57608841724784,0.538827912112207,0.03631339846783661,0.4611720878877929,0.3536175692609314,1.958168895148961,1.2001287651513282,0.42386897726414824,0.9636866015321633,0.0011358054589468876,0.23580801104477564,254.1306650481306,0.07626208994320492
0.5,0.9,30,0.5,60,balanced,0,240,1.2724153765182007,1.2485290271289122,1.8772446348966918,240,3.310131189091103,9.57608841724784,0.4022946628993717,0.005482417316426472,0.5977053371006282,0.1742918816119337,3.0929358756454004,1.2036146421132194,0.2447382408662549,0.9945175826835735,0.0,-1.444089369524739,1737.1148080520654,0.06226606577305735
0.5,0.9,30,0.5,60,balanced,1,240,1.0458651396944845,1.0122978400507194,3.209524667164127,240,3.2533051701577773,9.57608841724784,0.40818657567873545,0.05185238632507212,0.5918134243212645,0.20236694405526623,3.564901480869661,1.1313649151536787,0.23985846481235265,0.9481476136749278,0.0,-0.93848737415325,175.10371314894402,0.07087763173394623
0.5,0.9,30,0.5,60,balanced,2,240,0.9037257424499823,0.9069500389845105,-0.3567782108084326,240,3.3032025155666433,9.57608841724784,0.4532556108655883,0.048570142908555276,0.5467443891344117,0.20131462775893372,3.409052951661349,1.183223720263089,0.2969626087006541,0.9514298570914447,0.0,-1.2548163170514353,187.58389184628732,0.06017886633275423
0.5,0.9,30,0.5,60,balanced,3,240,1.0591090922781856,1.0400073162274677,1.803570207260639,240,3.3647907485881254,9.57608841724784,0.4462296537442622,0.0030142238916170535,0.5537703462557378,0.2574227862019936,4.122149050912862,1.2306587882112257,0.2947191811726303,0.9969857761083829,0.0,-4.077128836513005,3167.390441468001,0.0789416825644313
0.5,0.9,30,0.5,60,balanced,4,240,1.297285630497809,1.3062399906496427,-0.690238135791077,240,3.2173700973327146,9.57608841724784,0.42973855285726204,0.06316596981316773,0.570261447142738,0.17317633403136157,2.8577348611089732,1.2096350426787663,0.2833242360191775,0.9368340301868323,0.0,-1.1316358925620404,142.0259283897764,0.056316617925993344
0.5,0.9,30,0.5,60,skewed,0,132,0.8958239269259385,0.8885746225637713,0.809233170076571,132,2.7860383761355862,9.57608841724784,0.3728979066014353,0.05783953330388511,0.6271020933985647,0.14855760813312446,1.894416751239881,1.1921279057401155,0.25444306899278357,0.9421604666961149,0.0,-1.384714005542719,155.9869420957354,0.058421324582067835
0.5,0.9,30,0.5,60,skewed,1,132,0.7722194894657082,0.7574946998542823,1.9068140356848313,132,2.9944913046251473,9.57608841724784,0.3579348852413181,0.040318479841705016,0.642065114758682,0.12466645141359511,1.7340543269136186,1.1073727248941487,0.20615601361440578,0.959681520158295,0.0,-1.2110255957188714,227.93505919656755,0.051393446840665276
0.5,0.9,30,0.5,60,skewed,2,132,0.9082096089893658,0.8975566557657652,1.1729619592392286,132,2.941542952354582,9.57608841724784,0.36156109937911174,0.0684980404816409,0.6384389006208884,0.07676555650379913,0.9725198934091267,1.2642419506254676,0.2433984144358709,0.9315019595183591,0.0,-0.11290416983803292,130.22482194331144,0.03128996553589598
0.5,0.9,30,0.5,60,skewed,3,132,0.9712111342080813,0.9508978113030448,2.0915455135921337,132,2.7868429078624617,9.57608841724784,0.3238388612559745,0.03518764826491475,0.6761611387440255,0.06276644075710569,0.8908341169806575,1.2421146169658317,0.21346613470942435,0.9648123517350853,0.0,-1.00579125865671,262.56737354852555,0.02869643293173548
0.5,0.9,30,0.5,60,skewed,4,132,0.9172047665234433,0.8751908029835973,4.580652551457509,132,2.9483919488001,9.57608841724784,0.29695671890925723,0.05202437805809278,0.7030432810907428,0.003726493500318395,0.05571906941953094,1.2714191499961789,0.18214446280222282,0.9479756219419072,0.0,-1.692030623087044,174.49316478083455,0.0018418934023844136
0.5,0.9,60,0.1,20,balanced,0,80,0.4828486827830953,0.48316180328143216,-0.06484857668702214,76,0.566610287585972,9.982029897000858,3.545825420811382e-07,0.23234763939847947,0.999999645417458,0.0,-156.68776952377647,1.5979638571507704,1e-06,0.7676523606015205,0.0,-4.006749699520545,32.97958539137974,0.0
0.5,0.9,60,0.1,20,balanced,1,80,0.3571710350547559,0.3571710350547559,0.0,80,0.704116283405375,9.982029897000858,3.73200317029518e-07,0.03625551250263898,0.999999626799683,0.0,-106.30241066439544,1.886697272800761,1e-06,0.963744487497361,0.0,-5.7229225754152075,265.34244376129544,0.0
0.5,0.9,60,0.1,20,balanced,2,80,0.3894232073694203,0.3894232073694203,0.0,77,0.453906664656332,9.982029897000858,0.01580593472213386,0.03782331248319452,0.9841940652778661,0.0,-86.71064312542183,1.130061907321385,0.03999374677400448,0.9621766875168055,0.0,-3.3157317372545276,253.93007196969916,0.0
0.5,0.9,60,0.1,20,balanced,3,80,0.25324973198708406,0.25324973198708406,0.0,77,0.5604866244474784,9.982029897000858,3.292844738892696e-07,0.024574750850771054,0.9999996707155261,0.0,-272.76257816045637,1.7021344285178115,1e-06,0.9754252491492289,0.0,-3.557113096244789,396.20845226154614,0.0
0.5,0.9,60,0.1,20,balanced,4,80,0.39059733621669984,0.39059733621669984,0.0,79,0.5211574651838778,9.982029897000858,3.351182818768443e-07,0.13621367458904193,0.9999996648817181,0.0,-232.04358473927869,1.555144313638069,1e-06,0.8637863254109581,0.0,-3.533118357871703,63.30011249521304,0.0
0.5,0.9,60,0.1,20,skewed,0,44,0.26399069972340616,0.2568810206021694,2.6931551485282927,39,0.2905981664988423,9.982029897000858,1.4843073387128056e-07,0.45829238911531794,0.9999998515692661,0.0,-161.93832112539354,1.957802914415422,1e-06,0.5417076108846821,0.0,-1.3061819893316706,11.798890175161036,0.0
0.5,0.9,60,0.1,20,skewed,1,44,0.2385257436222927,0.24234301217622534,-1.6003591461294457,43,0.23376768245388457,9.982029897000858,0.15836011410357187,0.336504974332021,0.8416398858964281,0.0,-51.151905114046066,0.6365908314766817,0.5123901794971583,0.663495025667979,0.0,-1.7089418669244254,19.681810635566844,0.0
0.5,0.9,60,0.1,20,skewed,2,44,0.4964250849464774,0.5005598032608928,-0.8328987474235218,43,0.39131908363455004,9.982029897000858,0.05719516318521928,0.2649806244853454,0.9428048368147808,0.0,-95.9524583198522,1.3429945115907576,0.20820990702010203,0.7350193755146546,0.0,-0.35030804032023144,27.68876175574094,0.0
0.5,0.9,60,0.1,20,skewed,3,44,0.16893560889761494,0.16893560889761494,0.0,44,0.3289827962622174,9.982029897000858,1.477376153424114e-07,0.056322770009858296,0.9999998522623846,0.0,-199.96923685325643,2.2268042359672076,1e-06,0.9436772299901417,0.0,-2.6670385219504986,167.24700012502544,0.0
0.5,0.9,60,0.1,20,skewed,4,44,0.30298773106241705,0.30298773106241705,0.0,43,0.4759918445912247,9.982029897000858,1.687608525377432e-07,0.021112863503775097,0.9999998312391474,0.0,-99.97800260082751,2.82051054306382,1e-06,0.9788871364962249,0.0,-7.859865449490015,462.8117195257629,0.0
0.5,0.9,60,0.1,60,balanced,0,240,0.3003036247431126,0.3015649721834933,-0.42002404781483704,231,0.44274657317464006,9.982029897000858,2.9658539096896195e-07,0.27218979003947474,0.9999997034146091,0.0,-266.6442391331048,1.4928127120960264,1e-06,0.7278102099605253,0.0,-3.467675620414347,26.69102053429269,0.0
0.5,0.9,60,0.1,60,balanced,1,240,0.29971059536192823,0.2995682291575955,0.047501225027030476,238,0.5427916680979905,9.982029897000858,3.4805584895718485e-07,0.2167761721978412,0.999999651944151,0.0,-206.34846406342805,1.559495353410468,1e-06,0.7832238278021588,0.0,-2.762407386926244,36.06560437846157,0.0
0.5,0.9,60,0.1,60,balanced,2,240,0.3115314799320785,0.31151419541602365,0.005548240601123279,229,0.4668458705879601,9.982029897000858,2.589460991492729e-07,0.2088620437803765,0.9999997410539009,0.0,-244.3611037332255,1.8028684395434718,1e-06,0.7911379562196235,0.0,-3.7584347822023116,37.81042543057989,0.0
0.5,0.9,60,0.1,60,balanced,3,240,0.31878376386950347,0.3206213278795308,-0.5764296110072741,233,0.5358314437415987,9.982029897000858,2.908409202236499e-07,0.09259756921499362,0.9999997091590798,0.0,-261.4460699182574,1.8423517828503855,1e-06,0.9074024307850064,0.0,-5.845269758469513,97.8180990008163,0.0
0.5,0.9,60,0.1,60,balanced,4,240,0.22172897139771755,0.22172897139771755,0.0,229,0.5446893584651289,9.982029897000858,3.0104100797932165e-07,0.056948533412365256,0.9999996989589921,0.0,-260.97309101975736,1.8093521482252428,1e-06,0.9430514665876347,0.0,-5.756368886504252,165.29956734310394,0.0
0.5,0.9,60,0.1,60,skewed,0,132,0.22934099248304754,0.23031768005096753,-0.4258669840683573,126,0.39459962891222244,9.982029897000858,2.821154949704294e-07,0.16682834728689488,0.999999717884505,0.0,-123.31876327500031,1.39871621596035,1e-06,0.8331716527131051,0.0,-3.2217955717497304,49.85210536440499,0.0
0.5,0.9,60,0.1,60,skewed,1,132,0.2261905156101767,0.2271905807342046,-0.4421339777797911,128,0.5611876610475816,9.982029897000858,4.166942234265315e-07,0.10120678130320758,0.9999995833057765,0.0,-189.3526911505453,1.3467607556159793,1e-06,0.8987932186967924,0.0,-3.0158338846492665,88.64802007065377,0.0
0.5,0.9,60,0.1,60,skewed,2,132,0.2639036825025003,0.2636724358513758,0.08762539761919201,126,0.3522100881954857,9.982029897000858,2.0516083864964392e-07,0.18587238583330926,0.9999997948391613,0.0,-208.96055522409307,1.7167507119822554,1e-06,0.8141276141666908,0.0,-1.6040066795128152,43.7216434714185,0.0
0.5,0.9,60,0.1,60,skewed,3,132,0.15173619608602495,0.15173619608602495,0.0,125,0.44852101047319204,9.982029897000858,3.3071407461214117e-07,0.1513573629103127,0.9999996692859254,0.0,-88.34623384897628,1.3562194553274698,1e-06,0.8486426370896873,0.0,-5.235072332522276,55.96804815051205,0.0
0.5,0.9,60,0.1,60,skewed,4,132,0.16158063763338004,0.16158063763338004,0.0,130,0.4443023633676037,9.982029897000858,2.2390665418310405e-07,0.02667604976187833,0.9999997760933459,0.0,-181.49699315772077,1.9843191594624001,1e-06,0.9733239502381217,0.0,-4.870707711007023,364.21242490813955,0.0
0.5,0.9,60,0.25,20,balanced,0,80,0.5997180163125148,0.5790889496863839,3.4397943808613176,80,1.4616310562128891,9.982029897000858,0.03534704547422281,0.21598319226135834,0.9646529545257772,0.0,-4.475037397653768,1.4393723581065985,0.036084368991958014,0.7840168077386417,0.0,-0.5743279778743757,36.234667765851256,0.0
0.5,0.9,60,0.25,20,balanced,1,80,0.558896850466587,0.540845311890639,3.229851547897957,80,1.5779721093704442,9.982029897000858,0.042283888475203035,0.036557232332227935,0.957716111524797,0.0,-6.894779564683557,1.2932938467669064,0.036186002030370285,0.963442767667772,0.0,-3.7557053925782125,263.0700930395857,0.0
0.5,0.9,60,0.25,20,balanced,2,80,0.497010363883775,0.4866872016497134,2.0770517043937646,80,1.2860082973864726,9.982029897000858,1.1099192937891678e-06,0.2851743539079655,0.9999988900807062,0.0,-14.02881280441197,1.1586489911620035,1e-06,0.7148256460920345,0.000847946071568715,0.4181464213707595,25.021222535096754,0.0004332798411374803
0.5,0.9,60,0.25,20,balanced,3,80,0.8195850309308674,0.7976319660631467,2.678558543557942,80,1.5489148603641134,9.982029897000858,0.029646402194613408,0.04065015398878387,0.9703535978053865,0.0,-16.632435253786582,1.5894764932495673,0.03135263491059905,0.9593498460112161,0.0,-1.106652887373512,235.57743095412127,0.0
0.5,0.9,60,0.25,20,balanced,4,80,0.5144240640747922,0.5198129896151874,-1.0475648237971358,80,1.2919709602235088,9.982029897000858,0.1424829081443783,0.20896630543737102,0.8575170918556216,0.0,-10.09344439837181,1.275986375198372,0.1641282561340873,0.791033694562629,0.0006717953658930687,0.3337107402219656,37.78657986096109,0.0004203654070063755
0.5,0.9,60,0.25,20,skewed,0,44,0.5101491452217557,0.5285360743951345,-3.604226204355636,44,1.2976381156148131,9.982029897000858,0.28275133082074155,0.21903841100242147,0.7172486691792586,0.0,-10.206909086993432,1.577598184777396,0.47932251576347057,0.7809615889975785,0.0009394445747092795,0.34194473814277715,35.59002228927302,0.0005729681888380715
0.5,0.9,60,0.25,20,skewed,1,44,0.4339276117494226,0.4239885980195254,2.2904773655281168,44,1.3658754308640786,9.982029897000858,8.876117613152799e-07,0.04256354627701426,0.9999991123882387,0.0,-10.881466401187762,1.5388194229811936,1e-06,0.9574364537229857,0.0,-2.1276224027051565,224.5386050152148,0.0
0.5,0.9,60,0.25,20,skewed,2,44,0.42793248164440983,0.4160399055501573,2.77907768266459,44,1.4271650549447443,9.982029897000858,8.815098875525708e-07,0.011699946439076918,0.9999991184901125,0.0,-15.238825401772077,1.618999193357901,1e-06,0.9883000535609231,0.0,-2.849767218500024,843.1868242493437,0.0
0.5,0.9,60,0.25,20,skewed,3,44,0.901540899113459,0.8789380028452966,2.507140418187273,44,1.0027442602287548,9.982029897000858,6.516126821620667e-07,0.35860079430532354,0.9999993483873177,0.0,-11.40694568654977,1.5388644731417003,1e-06,0.6413992056946765,0.0,-0.7938245144582432,17.85402081877602,0.0
0.5,0.9,60,0.25,20,skewed,4,44,0.609967456247028,0.6013257862653769,1.4167427939223214,44,1.449063240417968,9.982029897000858,0.17851862574961153,0.33973334495096436,0.8214813742503885,0.0,-5.705271062143546,1.414723998870344,0.21216386734631534,0.6602666550490357,0.00045170415123258097,0.15675494309954693,19.39992523148858,0.00019692135332952508
0.5,0.9,60,0.25,60,balanced,0,240,0.5355727980440989,0.5231926088121225,2.3115791685441405,240,1.528555275804014,9.982029897000858,1.0502835097580425e-06,0.06650475782229144,0.9999989497164903,0.0,-21.617582638176806,1.4553724361762204,1e-06,0.9334952421777085,0.0,-4.173599272341753,140.1129441148438,0.0
0.5,0.9,60,0.25,60,balanced,1,240,0.6520176157348619,0.6153399094630752,5.625263089011617,240,1.458819247772945,9.982029897000858,9.670838255748661e-07,0.833083374253589,0.9999990329161744,0.0,-18.113213090677856,1.5084709291929452,1e-06,0.16691662574641097,0.0,-5.9898581081799485,2.0,0.0
0.5,0.9,60,0.25,60,balanced,2,240,0.6119460630074721,0.5982943285377915,2.230872178928277,240,1.4801368060506146,9.982029897000858,0.08903009806986642,0.05502508832111597,0.9109699019301336,0.0,-27.536782379892273,1.427348191615406,0.09424560950479935,0.944974911678884,0.0,-1.762424750900334,171.42667296136852,0.0
0.5,0.9,60,0.25,60,balanced,3,240,0.6315868631963555,0.6282641180947558,0.5260947140008314,240,1.4387492819908552,9.982029897000858,0.157724910559994,0.21554150496861973,0.842275089440006,0.0,-62.538051467859894,1.3445848030210612,0.17500596058756618,0.7844584950313802,0.0,-0.03410009640953521,36.32937494567259,0.0
0.5,0.9,60,0.25,60,balanced,4,240,0.7638483523848172,0.7288758075130196,4.578467016733034,240,1.520120138578018,9.982029897000858,0.13281115625541695,0.0048557794291735085,0.867188843744583,0.0,-14.200809484247578,1.3395201857550414,0.13495612285576325,0.9951442205708265,0.0,-2.6053813949628752,2045.7188194926669,0.0
0.5,0.9,60,0.25,60,skewed,0,132,0.38055449038484085,0.3658463636668189,3.8649200284427527,132,1.3265509812813359,9.982029897000858,0.02246434346462961,0.833083374253589,0.9775356565353703,0.0,-24.240905624285947,1.6221695818346396,0.028101756278692984,0.16691662574641097,0.0,-3.541749112110768,2.0,0.0
0.5,0.9,60,0.25,60,skewed,1,132,0.4396017367374763,0.4424946279394382,-0.6580709219739712,132,1.1203788072980798,9.982029897000858,0.11601798864661758,0.18230384447438833,0.8839820113533824,0.0,-64.73936786549379,1.466971900308756,0.1718457618349227,0.8176961555256117,0.0,-0.8976180630984245,44.772876264087934,0.0
0.5,0.9,60,0.25,60,skewed,2,132,0.4152583715433011,0.3999892212208344,3.677024081590245,132,1.2868143422188059,9.982029897000858,0.0867213982211772,0.060388707598368285,0.9132786017788228,0.0,-18.16163711480718,1.563756669651684,0.11539223403680045,0.9396112924016318,0.0,-2.1271730168572844,155.31426959311398,0.0
0.5,0.9,60,0.25,60,skewed,3,132,0.7105664997654564,0.7020343916962293,1.2007473012087373,132,1.3532630917063104,9.982029897000858,9.93395220392549e-07,0.08923037953456275,0.9999990066047796,0.0,-28.845771237388977,1.3622591689585162,1e-06,0.9107696204654372,0.0,-0.9635978406995628,101.88603509463564,0.0
0.5,0.9,60,0.25,60,skewed,4,132,0.42216783930389434,0.4168496856690043,1.2597249576516862,132,1.4835803451314384,9.982029897000858,0.08791832581068484,0.1589837089197516,0.9120816741893152,0.0,-14.019927520732397,1.5055884038843237,0.09782297617339075,0.8410162910802483,0.0,-1.0369562516022295,52.80446542900373,0.0
0.5,0.9,60,0.5,20,balanced,0,80,0.9793367134202711,1.0008810620578088,-2.1998918596950654,80,3.0489963109473184,9.982029897000858,0.48366751413276876,0.04653009527738012,0.5163324858672312,0.2917440501920786,2.5565181635950194,1.1983406686408624,0.36818827946408816,0.9534699047226198,0.0,-2.045615111247491,204.54643469123877,0.07777874087761927
0.5,0.9,60,0.5,20,balanced,1,80,1.0370893773739986,1.0754638666571945,-3.700210427414023,80,2.901116746500561,9.982029897000858,0.44787469413935665,0.18859648626557463,0.5521253058606433,0.20493971461255833,1.7669099323442174,1.324865288256411,0.3704464397997881,0.8114035137344253,0.0016975724974069017,0.5031288212123574,42.94594397280142,0.06359194531876268
0.5,0.9,60,0.5,20,balanced,2,80,0.8813364552812927,0.8592144997143463,2.5100465814597253,80,3.1220101263857947,9.982029897000858,0.2570157635419306,0.19481584453374703,0.7429842364580694,0.08935658425094894,1.0129966677179159,1.1554875451503852,0.12803022659462493,0.805184155466253,0.0003920837790617887,0.12149467830031424,41.25625578192255,0.0495813162102909
0.5,0.9,60,0.5,20,balanced,3,80,1.1369570515178355,1.0794635430691184,5.056788061779767,80,3.1169133083116503,9.982029897000858,0.24326613946553421,0.021486379728069487,0.7567338605344658,0.1006726110302707,1.0565172033559822,1.2569745831334689,0.1296403983812573,0.9785136202719306,0.0,-2.1770438576231346,454.5927390186058,0.05764978167523948
0.5,0.9,60,0.5,20,balanced,4,80,1.113333145495523,1.1056577798928804,0.6894042123596837,80,3.2300571661453237,9.982029897000858,0.4016943999312874,0.032551757107276494,0.5983056000687126,0.17782423380589696,1.654689057118307,1.1715146997204182,0.24351167432849163,0.9674482428927235,0.0,-1.248064464164261,296.66900169261226,0.06365566825847001
0.5,0.9,60,0.5,20,skewed,0,44,0.9362677652179635,0.9330675376842985,0.3418068689911573,44,2.352477481448604,9.982029897000858,0.27792740871382005,0.12187943111990197,0.72207259128618,0.004667885986728959,0.03403962369673179,1.1701066175275776,0.1914481608138696,0.878120568880098,0.0,-0.5242053351455039,71.91882741156981,0.002433783599595236
0.5,0.9,60,0.5,20,skewed,1,44,0.879952176474739,0.8650454779416975,1.6940350773107526,44,2.8518033564427654,9.982029897000858,0.5668173785454587,0.0325528095024521,0.4331826214545414,0.6409336567728303,2.7070901791742235,1.1588071460548248,0.5317345022587919,0.9674471904975479,0.0,-1.389300926507516,296.6590880147709,0.12026939552315177
0.5,0.9,60,0.5,20,skewed,2,44,0.4081224125613553,0.41596005970169636,-1.9204157623082752,44,2.352285251479385,9.982029897000858,0.1734756257033653,0.07198749279182967,0.8265243742966347,0.0,-0.6158803703543613,1.3371589450450656,0.11930989930074394,0.9280125072081703,0.0,-0.29354949116316903,128.6813616155562,0.0
0.5,0.9,60,0.5,20,skewed,3,44,0.7102711412028062,0.7326009963491806,-3.1438494190486193,44,2.7484248781505514,9.982029897000858,0.5175672170362215,0.833083374253589,0.48243278296377845,0.3463656859375993,1.9004094592776328,1.1044454885108221,0.4311207641262533,0.16691662574641097,0.0,-1.2124093986521034,2.0,0.08061363122049785
0.5,0.9,60,0.5,20,skewed,4,44,0.9590360571481477,0.9504308733800669,0.8972742686724067,44,2.461878690489029,9.982029897000858,0.24456313200562593,0.08705445848456977,0.755436867994374,0.0,-1.045291930526868,1.3102245031900492,0.1722947227339879,0.9129455415154302,9.943282679163168e-05,0.025415438866782873,104.68217077423935,8.287423457186212e-05
0.5,0.9,60,0.5,60,balanced,0,240,1.2411924353200057,1.2257747799114813,1.242164790067332,240,3.0318390041900996,9.982029897000858,0.4365009525865673,0.833083374253589,0.5634990474134327,0.17180042099602416,2.796555273137032,1.2135360860308764,0.31005490639861366,0.16691662574641097,0.0,-0.4708349950596011,2.0,0.054551989791041186
0.5,0.9,60,0.5,60,balanced,1,240,0.8919620461330093,0.874937855702767,1.908622738383157,240,3.0227024672556677,9.982029897000858,0.3410628758736136,0.032011894444998135,0.6589371241263864,0.14188285879580054,2.528378207684952,1.2395200978917953,0.21225046335654313,0.9679881055550019,0.0,-5.051464905025107,301.8404995116125,0.061605272472151855
0.5,0.9,60,0.5,60,balanced,2,240,0.9799466938070884,0.9634999869450924,1.6783266851078018,240,2.954253819859324,9.982029897000858,0.32921152015747546,0.026044532275658075,0.6707884798425245,0.11160482385077325,2.061474395364977,1.14409141041523,0.19006527352542155,0.9739554677243419,0.0,-2.3142828306111722,373.2857435976429,0.05021739233765535
0.5,0.9,60,0.5,60,balanced,3,240,1.2320693164589054,1.182945157628117,3.9871262253309236,240,2.8551702288831438,9.982029897000858,0.3585023678915056,0.04645068468692794,0.6414976321084944,0.12497331932407962,2.0868892396577974,1.2542195696286456,0.24549337361451018,0.9535493153130721,0.0,-2.9916390688341155,204.9131856262696,0.051428921889370253
0.5,0.9,60,0.5,60,balanced,4,240,0.9960497189190911,0.9654665869818153,3.070442303870582,240,3.049260814411103,9.982029897000858,0.2914259807699398,0.04897769320578628,0.7085740192300602,0.037249313047771127,0.6839377349760364,1.2456660453096289,0.16801591011027892,0.9510223067942137,0.0,-0.5397357257471898,193.82564750952855,0.018702028589101218
0.5,0.9,60,0.5,60,skewed,0,132,0.6466552414902506,0.6115316642479764,5.431576980854589,132,2.5400727944460897,9.982029897000858,0.16191070740022107,0.1030676244277171,0.8380892925997789,0.0,-2.2137359801238663,1.2144937008396635,0.09237073200398224,0.8969323755722829,0.0,-0.7854366650194935,86.86729550878076,0.0
0.5,0.9,60,0.5,60,skewed,1,132,0.7266443228048433,0.6864238228429523,5.535101383114094,132,2.762359477211083,9.982029897000858,0.3549774210167594,0.04338969648281704,0.6450225789832406,0.04940786225111271,0.5741112472911739,1.3256631966588575,0.26411343317905067,0.9566103035171829,0.0,-0.9613102337944277,220.07327599696612,0.02055634501549671
0.5,0.9,60,0.5,60,skewed,2,132,0.8726372739489677,0.8615065021437157,1.2755324735192264,132,2.8688046793706947,9.982029897000858,0.41194927107296797,0.016925545515158222,0.588050728927032,0.10374835409128869,1.2495923193458485,1.260788041718335,0.307874051986964,0.9830744544848418,0.0,-1.612175503506379,579.7791620280173,0.03587656054212387
0.5,0.9,60,0.5,60,skewed,3,132,0.8810364431695588,0.8831129233168504,-0.23568606762978636,132,2.9106859055393803,9.982029897000858,0.25256264082454505,0.005909552481905135,0.747437359175455,0.0,-0.7490798427968721,1.3481502550614377,0.15650870239296752,0.9940904475180948,0.0,-2.1147953660812955,1679.152625826173,0.0
0.5,0.9,60,0.5,60,skewed,4,132,0.8865226656720657,0.852638805083065,3.822108774095882,132,2.837924617056177,9.982029897000858,0.31951896645901934,0.0037379126613802435,0.6804810335409807,0.08330677735489045,0.9694096584269105,1.3576901432865196,0.22463957415503877,0.9962620873386198,0.0,-2.3520549579454877,2660.500349248515,0.03857557288710301
0.5,0.9,120,0.1,20,balanced,0,80,0.24294142514632353,0.24252464365205276,0.17155637167261237,80,0.3481440664978682,9.999967707539822,2.151168604125469e-07,0.15697150647439762,0.9999997848831396,0.0,-628.6932155768898,1.6183947221721475,1e-06,0.8430284935256024,0.0,-2.0421581541540768,53.70565589345962,0.0
0.5,0.9,120,0.1,20,balanced,1,80,0.3761788355337433,0.3770400683099738,-0.22894237922994623,80,0.48621289786419364,9.999967707539822,2.1313643567278953e-07,0.34021051297229793,0.9999997868635644,0.0,-406.88281198053016,2.2812279500470782,1e-06,0.6597894870277021,0.0,-2.6848557133203608,19.39350288269465,0.0
0.5,0.9,120,0.1,20,balanced,2,80,0.22064780432730213,0.22064780432730213,0.0,80,0.48095700426232535,9.999967707539822,2.4185912462478296e-07,0.1086019049704629,0.9999997581408753,0.0,-1031.6876374237165,1.988582769739635,1e-06,0.891398095029537,0.0,-2.256928317418849,82.07915107273914,0.0
0.5,0.9,120,0.1,20,balanced,3,80,0.26581033066792004,0.2659955048765729,-0.0696640375818287,80,0.5002505145662459,9.999967707539822,3.485946094404545e-07,0.08722424561991762,0.9999996514053906,0.0,-6150.456088717386,1.4350489841808187,1e-06,0.9127757543800824,0.0,-2.706331480661084,104.64668399427018,0.0
0.5,0.9,120,0.1,20,balanced,4,80,0.24346197599594885,0.24349693234730985,-0.01435803320744434,79,0.4374339908353204,9.999967707539822,1.8282662083358526e-07,0.1688625517913338,0.9999998171733792,0.0,-14280.96054920186,2.3926160690637994,1e-06,0.8311374482086662,0.0,-1.4341148033365338,49.21960230048034,0.0
0.5,0.9,120,0.1,20,skewed,0,44,0.17426169367941838,0.17471779209467028,-0.2617318847428217,44,0.3481137658002701,9.999967707539822,2.2474121702122623e-07,0.12755232174285325,0.999999775258783,0.0,-140.14183466719734,1.54895346817267,1e-06,0.8724476782571468,0.0,-0.928960286499879,68.39897925714074,0.0
0.5,0.9,120,0.1,20,skewed,1,44,0.18968104688479304,0.1891950306855462,0.25622812992066607,44,0.464884743246048,9.999967707539822,2.966575054722235e-07,0.25222476734129795,0.9999997033424946,0.0,-307.2552259414304,1.5670751506861458,1e-06,0.747775232658702,0.0,-2.5536224036262896,29.647081283522837,0.0
0.5,0.9,120,0.1,20,skewed,2,44,0.2022791641701257,0.2021130778527274,0.08210747660526513,44,0.4933156205700219,9.999967707539822,3.3538951813842624e-07,0.12755232174285325,0.9999996646104818,0.0,-255.94812794112892,1.4708732003415164,1e-06,0.8724476782571468,0.0,-1.6087308365882727,68.39897925714074,0.0
0.5,0.9,120,0.1,20,skewed,3,44,0.16008445458681841,0.16008445458681841,0.0,43,0.24636349525642515,9.999967707539822,1.6344292650518928e-07,0.06028612438921921,0.9999998365570735,0.0,-770.4333690792688,1.5073362929630023,1e-06,0.9397138756107808,0.0,-2.5431527360585062,155.87514549393325,0.0
0.5,0.9,120,0.1,20,skewed,4,44,0.27487811626816,0.2621442315371971,4.632556750549109,44,0.36392717948763464,9.999967707539822,2.3949572770777237e-07,0.833332884825735,0.9999997605042723,0.0,-96.1924018566187,1.5195556695513908,1e-06,0.16666711517426502,0.0,-3.50909661922495,2.0,0.0
0.5,0.9,120,0.1,60,balanced,0,240,0.2587101153913252,0.2586984273121234,0.004517828452181727,240,0.4489250092208197,9.999967707539822,3.4492338103564556e-07,0.23799284575590063,0.999999655076619,0.0,-1468.7074140950128,1.3015205087763697,1e-06,0.7620071542440994,0.0,-4.137575835466262,32.017966385304184,0.0
0.5,0.9,120,0.1,60,balanced,1,240,0.21526433274133944,0.21526991167839774,-0.0025916681074155345,238,0.40876929694372105,9.999967707539822,2.442844555431088e-07,0.13812402109529986,0.9999997557155444,0.0,-25000.09568980176,1.6733328208606488,1e-06,0.8618759789047001,0.0,-3.6737535805104384,62.39850164081673,0.0
0.5,0.9,120,0.1,60,balanced,2,240,0.2652019612384039,0.2651444554554609,0.021683769861455326,239,0.47794492949358913,9.999967707539822,2.6723660261937745e-07,0.07606259767542982,0.9999997327633974,0.0,-18681.16408854399,1.7884705803106693,1e-06,0.9239374023245702,0.0,-4.128543622376804,121.47026882331258,0.0
0.5,0.9,120,0.1,60,balanced,3,240,0.24908175276571531,0.24908175276571531,0.0,240,0.48934700310344925,9.999967707539822,2.7126672768703213e-07,0.09401973024757194,0.9999997287332724,0.0,-4013.88184295596,1.8039325151163264,1e-06,0.9059802697524281,0.0,-3.31957978602081,96.36034284863804,0.0
0.5,0.9,120,0.1,60,balanced,4,240,0.28876819136240633,0.2900574819111787,-0.44647942098106286,240,0.5074598523031888,9.999967707539822,3.2040908622968057e-07,0.16172833165753236,0.9999996795909138,0.0,-3088.5106253051017,1.583786825941807,1e-06,0.8382716683424676,0.0,-4.651742119955744,51.831917930872876,0.0
0.5,0.9,120,0.1,60,skewed,0,132,0.16016273435315143,0.16679705155277064,-4.142235224949924,132,0.47000607986824944,9.999967707539822,2.8511430354267604e-07,0.12153481515539932,0.9999997148856965,0.0,-17273.70715139789,1.648482520949133,1e-06,0.8784651848446007,0.0,-4.325914669009358,72.28071618335564,0.0
0.5,0.9,120,0.1,60,skewed,1,132,0.2683875150857871,0.27111551888912744,-1.0164421405624404,131,0.23761319912157244,9.999967707539822,1.787326396009789e-07,0.18178817650946388,0.9999998212673604,0.0,-12056.401310511581,1.3294334886299006,1e-06,0.8182118234905361,0.0,-3.7910804927422936,45.00893275865317,0.0
0.5,0.9,120,0.1,60,skewed,2,132,0.199697979759057,0.20228954885663245,-1.297744273979266,132,0.47839881466439665,9.999967707539822,0.03347483518477547,0.022689715245710073,0.9665251648152245,0.0,-1637.3271571038254,1.40780826260586,0.10191983147773956,0.9773102847542899,0.0,-2.7858572930903875,430.72692547947395,0.0
0.5,0.9,120,0.1,60,skewed,3,132,0.240059715554897,0.240059715554897,0.0,132,0.3560456133612583,9.999967707539822,2.954351035676163e-07,0.053464880811225246,0.9999997045648964,0.0,-465.2967521273302,1.205156407774606,1e-06,0.9465351191887748,0.0,-4.7723353129793855,177.03809458325415,0.0
0.5,0.9,120,0.1,60,skewed,4,132,0.17060144465722096,0.1752172134316057,-2.705585983553026,132,0.37541525004833526,9.999967707539822,2.1515975660634495e-07,0.10971332754301763,0.9999997848402433,0.0,-2569.5902494699963,1.744820570508974,1e-06,0.8902866724569823,0.0,-2.4063503813327505,81.14636730466663,0.0
0.5,0.9,120,0.25,20,balanced,0,80,0.632768791437932,0.6245432167633155,1.2999336860347244,80,1.223786284666763,9.999967707539822,0.03242698620491815,0.17524320969038631,0.9675730137950819,0.0,-7.249243129744989,1.1409237760957474,0.031244827764972494,0.8247567903096137,0.0,-0.10795431813217299,47.06339996991497,0.0
0.5,0.9,120,0.25,20,balanced,1,80,0.5260813358491475,0.499318627096319,5.087180808197808,80,1.2697757297000076,9.999967707539822,8.734124524123384e-07,0.08746734887252165,0.9999991265875476,0.0,-15.562116748872345,1.453808698461486,1e-06,0.9125326511274784,0.0,-1.844715348597942,104.32803967398226,0.0
0.5,0.9,120,0.25,20,balanced,2,80,0.5252711288254018,0.5193900263072243,1.1196317854607205,80,1.549811044204375,9.999967707539822,0.050689320271176216,0.04405905200398186,0.9493106797288238,0.0,-7.885027570718993,1.5041106053253,0.0518238752232344,0.9559409479960181,0.0,-2.4492886986937186,216.96741476442236,0.0
0.5,0.9,120,0.25,20,balanced,3,80,0.5721291441760704,0.5497336219450897,3.9144173057697973,80,1.4653331884228316,9.999967707539822,0.030467501684746254,0.03337037297438055,0.9695324983152538,0.0,-13.383533202949101,1.3785208280185595,0.029563260971583103,0.9666296270256195,0.0,-4.540435752167716,289.6660778358259,0.0
0.5,0.9,120,0.25,20,balanced,4,80,0.615129764333448,0.594674158593111,3.3254130959672565,80,1.3705699324974776,9.999967707539822,0.08030974966914681,0.16253094918134478,0.9196902503308532,0.0,-14.406376738883598,1.3166298003788253,0.08388594241485163,0.8374690508186552,0.0,-0.12148635177679895,51.52657697769612,0.0
0.5,0.9,120,0.25,20,skewed,0,44,0.4286330392320132,0.40695440491751245,5.057620932194727,44,1.349408740229678,9.999967707539822,8.456474844617897e-07,0.0013491663650843778,0.9999991543525155,0.0,-15.48707765164214,1.5957093515915115,1e-06,0.9986508336349156,0.0,-2.98209111328192,7401.960459362858,0.0
0.5,0.9,120,0.25,20,skewed,1,44,0.4468672749586195,0.441920838729291,1.1069139555557175,44,1.1067760380856115,9.999967707539822,0.023882892659704745,0.32437018607330836,0.9761171073402952,0.0,-8.062825660321652,1.4802924784948674,0.032727665051648015,0.6756298139266916,0.0,-0.22941836207523247,20.828906636909974,0.0
0.5,0.9,120,0.25,20,skewed,2,44,0.3991064201953557,0.38345691663938564,3.9211355077450007,44,1.3323331528273934,9.999967707539822,0.0009164316276139171,0.04362684826361831,0.9990835683723861,0.0,-10.81151827177327,1.3471733843312808,0.0009274894111747627,0.9563731517363817,0.0,-0.508890690047581,219.21594188818233,0.0
0.5,0.9,120,0.25,20,skewed,3,44,0.49675382077619007,0.484270612957816,2.5129565785460426,44,1.1145902032680088,9.999967707539822,0.0427109944686976,0.35027886159583066,0.9572890055313024,0.0,-36.38659671425807,1.3763684782301913,0.055103015313111334,0.6497211384041693,0.0018039095072241735,0.6880031489137,18.548622584152646,0.0007614979536719585
0.5,0.9,120,0.25,20,skewed,4,44,0.3816157066698671,0.3668804262376469,3.8612877234027483,44,1.2161117167747006,9.999967707539822,0.022875220224743822,0.005385496898586914,0.9771247797752562,0.0,-12.1773403569935,1.6647922658169496,0.03204874746426484,0.9946145031014131,0.0,-1.6730004137161638,1846.832910640916,0.0
0.5,0.9,120,0.25,60,balanced,0,240,0.6597944934963178,0.6570008053128061,0.4234179295294858,240,1.3612062660723308,9.999967707539822,8.575291318776818e-07,0.06873009296298609,0.9999991424708681,0.0,-29.007925095840044,1.5873572665869606,1e-06,0.931269907037014,0.0,-2.928861687019049,135.4962374689206,0.0
0.5,0.9,120,0.25,60,balanced,1,240,0.5445661381418816,0.5321105621578938,2.2872476108205335,240,1.444773089656565,9.999967707539822,8.867503349972955e-07,0.12389772214399222,0.9999991132496651,0.0,-23.178106996222073,1.6292881451211114,1e-06,0.8761022778560078,0.0,-2.5675282473825844,70.71150571178582,0.0
0.5,0.9,120,0.25,60,balanced,2,240,0.6147590488153568,0.5932032295622155,3.506385029171912,240,1.3934441217832756,9.999967707539822,0.018054117608029358,0.04373512774009601,0.9819458823919707,0.0,-55.85793803861741,1.4385069029462811,0.018980653022413977,0.956264872259904,0.0,-4.805586966183137,218.64844889173156,0.0
0.5,0.9,120,0.25,60,balanced,3,240,0.6577337507118866,0.6402352025781737,2.6604303207450783,240,1.4060247142466324,9.999967707539822,9.784085657569165e-07,0.02245450879755169,0.9999990215914343,0.0,-16.18080044631564,1.4370513380437369,1e-06,0.9775454912024483,0.0,-4.471772485363744,435.3434507434646,0.0
0.5,0.9,120,0.25,60,balanced,4,240,0.6522687991731257,0.6494191177073251,0.4368875944109514,240,1.2812980681738435,9.999967707539822,0.03546097950910042,0.05247669233034119,0.9645390204908996,0.0,-26.884382625062308,1.3776154185382865,0.03952838855742014,0.9475233076696588,0.0,-4.493228617943223,180.5602079336753,0.0
0.5,0.9,120,0.25,60,skewed,0,132,0.41603060612763626,0.40870843326445855,1.7600082194268425,132,1.2549138701944114,9.999967707539822,0.048907788005138744,0.047757013926964215,0.9510922119948613,0.0,-22.400239752492094,1.547640768670243,0.06341830847094698,0.9522429860730358,0.0,-2.5717896575151857,199.39268240314297,0.0
0.5,0.9,120,0.25,60,skewed,1,132,0.49344096091522527,0.47180880997033187,4.383939044049056,132,1.2141568936507148,9.999967707539822,7.452576056596347e-07,0.0579548398919254,0.9999992547423944,0.0,-15.269814162102845,1.6291762466692252,1e-06,0.9420451601080746,0.0,-2.7013040844683585,162.54761807110842,0.0
0.5,0.9,120,0.25,60,skewed,2,132,0.49953666778654116,0.4901983393746907,1.8693979869843798,132,1.1510848787475243,9.999967707539822,7.309502058892787e-07,0.1937939378511539,0.9999992690497941,0.0,-55.39772242252567,1.5747776361267738,1e-06,0.806206062148846,0.0,-0.9902677588152379,41.60106697095685,0.0
0.5,0.9,120,0.25,60,skewed,3,132,0.4138725219495741,0.4064435054467713,1.7950011437840516,132,1.2956350669266405,9.999967707539822,0.08979164640560461,0.08805320624011648,0.9102083535943954,0.0,-85.57017328513582,1.5589796315063669,0.11870186519848669,0.9119467937598835,0.0,-2.751517268735837,103.5673643015915,0.0
0.5,0.9,120,0.25,60,skewed,4,132,0.5095479469929193,0.49401125831484377,3.0491122120626275,132,1.2110781892129745,9.999967707539822,7.33919391591734e-07,0.833332884825735,0.9999992660806084,0.0,-37.574901535971996,1.6501502947760933,1e-06,0.16666711517426502,0.0,-4.116297563246749,2.0,0.0
0.5,0.9,120,0.5,20,balanced,0,80,1.058123359798477,1.055183683694278,0.27781979076227414,80,3.0193679598762984,9.999967707539822,0.48168890362536176,0.02674446486492211,0.5183110963746382,0.2944073477127499,2.4628876388851224,1.1583419626980291,0.3565320473920311,0.9732555351350779,0.0,-1.9750151017541757,363.9079701796648,0.07909147192534771
0.5,0.9,120,0.5,20,balanced,1,80,1.0211228605849667,0.9943898419392481,2.618002169729527,80,3.0813668620117616,9.999967707539822,0.09719248485903245,0.120493267851826,0.9028075151409676,0.0,-0.5183367924246475,1.2481881128624377,0.043613537639619546,0.879506732148174,0.00022286615082565617,0.07181840045221821,72.99195280238499,0.00017239411986052458
0.5,0.9,120,0.5,20,balanced,2,80,1.0691980004029944,1.0380681177774425,2.911517101025132,80,2.7926216807212483,9.999967707539822,0.20696867387879425,0.02515406773684967,0.7930313261212057,0.0065808312049043804,0.07124872772394449,1.3155735863983247,0.12295765077366504,0.9748459322631503,0.0,-2.2170271195656497,387.54876326332743,0.004138676085769566
0.5,0.9,120,0.5,20,balanced,3,80,1.1920990488254342,1.1612415841061465,2.5884983927880194,80,3.04892135452784,9.999967707539822,0.4765866427330374,0.03291772826851689,0.5234133572669626,0.23863674939045276,2.143810014944084,1.1782760657034708,0.3518829823902925,0.9670822717314831,0.0,-0.6178143617017836,293.7867221262168,0.06537729197581864
0.5,0.9,120,0.5,20,balanced,4,80,0.8788357406373474,0.8546602462106628,2.750854717077396,80,2.7981332211239045,9.999967707539822,0.27443384311841257,0.11052122906575947,0.7255661568815874,0.0,-5.3083450216458425,1.2938581036307615,0.17489574905008573,0.8894787709342405,0.0018634369718880418,0.572644515354332,80.48009473901423,0.0014743000577193013
0.5,0.9,120,0.5,20,skewed,0,44,0.8426479470173116,0.8826580335392192,-4.74813789833937,44,2.4904286483914406,9.999967707539822,0.37973383923799675,0.22392376624791366,0.6202661607620032,0.2500218791493096,1.1322886416170053,1.5044795556578932,0.37007449029212947,0.7760762337520863,0.0013939646700078905,0.3363053402966831,34.65794366605022,0.09703052211798908
0.5,0.9,120,0.5,20,skewed,1,44,0.8231498581456127,0.7966562663688548,3.2185623935406524,44,2.414059674456344,9.999967707539822,0.25713038294181534,0.2225132855242209,0.7428696170581848,0.0,-0.15363845641018148,1.2745531546610038,0.18275089485442858,0.7774867144757791,0.003974703007729681,0.8256411450827223,34.94102394597343,0.002402650697417607
0.5,0.9,120,0.5,20,skewed,2,44,0.8359929673651403,0.8059091008210151,3.598578901798984,44,2.553536196735762,9.999967707539822,0.4723112329080479,0.02017224273563376,0.5276887670919521,0.23285566235501187,1.2295150886874564,1.3709340145391362,0.480567686109491,0.9798277572643662,0.0,-0.8096900271610278,485.72913086587414,0.06483992473349093
0.5,0.9,120,0.5,20,skewed,3,44,0.8863139180400785,0.8698841850413462,1.8537148818630367,44,2.6478230275233345,9.999967707539822,0.4201258880846645,0.292158783749734,0.5798741119153354,0.12121874032515711,0.7505722433014961,1.2324863718378738,0.3372434045235126,0.7078412162502661,0.003458233268115604,0.7513536895819554,24.22788462397142,0.04249299495875686
0.5,0.9,120,0.5,20,skewed,4,44,1.056748627143478,1.0035483182390128,5.034339060205099,44,2.53086597766627,9.999967707539822,0.32745272809504244,0.016099937638532364,0.6725472719049576,0.11821208107445857,0.8169678206506772,1.2611731160851691,0.24262268343293225,0.9839000623614677,0.0,-1.3506780007573616,611.1184448015038,0.05346966876389279
0.5,0.9,120,0.5,60,balanced,0,240,1.1802699236689203,1.1362439806918767,3.730158847070083,240,2.7694583403182698,9.999967707539822,0.3806403101603103,0.0038546767139955767,0.6193596898396896,0.18132125210286443,2.8265528678610243,1.2126217635213496,0.2690929783980292,0.9961453232860045,0.0,-4.471261340162694,2584.2429350064276,0.0695559973679268
0.5,0.9,120,0.5,60,balanced,1,240,1.1113072401817767,1.073052841873437,3.442288228238518,240,2.969025751501011,9.999967707539822,0.35408514050905743,0.01601161796765146,0.6459148594909426,0.09719918652357695,1.7783143047849714,1.1746883794078105,0.21689081814247718,0.9839883820323485,0.0,-3.925302757355707,614.5445179117726,0.04055208436787984
0.5,0.9,120,0.5,60,balanced,2,240,1.0096965891399587,0.9862201566990131,2.3250977267282305,240,2.930978771338147,9.999967707539822,0.29612172840356,0.037338152435738535,0.70387827159644,0.09799260068974558,1.7370272744336306,1.2399796180165785,0.17798139912398436,0.9626618475642614,0.0,-2.693634681310916,257.82173891681543,0.048549906931641656
0.5,0.9,120,0.5,60,balanced,3,240,0.993168688590082,0.960795274684799,3.2596087932696354,240,2.7631154308350334,9.999967707539822,0.24856001100202424,0.01947133020031701,0.7514399889979757,0.0,-0.3487185491488517,1.2778016131803882,0.15296966019213484,0.980528669799683,0.0,-2.6722677170631157,503.57396918645907,0.0
0.5,0.9,120,0.5,60,balanced,4,240,1.2382213382837055,1.2154325296212256,1.8404470959987969,240,2.8769008341922353,9.999967707539822,0.2445927601639581,0.833332884825735,0.7554072398360419,0.06690246475111783,1.2215529086699033,1.2611504006056018,0.1419398888433363,0.16666711517426502,0.0,-3.9294047092273536,2.0,0.03817722904179913
0.5,0.9,120,0.5,60,skewed,0,132,0.786727533313247,0.7383889162316328,6.14426406026995,132,2.513926308697898,9.999967707539822,0.33804872064466585,0.14311076237680687,0.6619512793553342,0.010453103211286785,0.1207680994567363,1.2149974074174963,0.24681795871672682,0.8568892376231931,0.0,-0.3691584951696633,59.87575331762089,0.00458033549926808
0.5,0.9,120,0.5,60,skewed,1,132,0.9716968932749069,0.9174038581056333,5.5874455856589185,132,2.581209222096166,9.999967707539822,0.24602684673779884,0.033646597138804336,0.7539731532622012,0.0,-3.237673259328621,1.3476155293330632,0.17036224888662477,0.9663534028611956,0.0,-0.49879295771140975,287.2059478353114,0.0
0.5,0.9,120,0.5,60,skewed,2,132,0.7796061951237988,0.7596058486015488,2.5654422254910423,132,2.445879695774263,9.999967707539822,0.35400464384133024,0.053691700239430463,0.6459953561586698,0.07481328861837766,0.8034421487588037,1.2074710791426746,0.2705347228556172,0.9463082997605695,0.0,-1.4196091361357812,176.24795632813786,0.031220333486694337
0.5,0.9,120,0.5,60,skewed,3,132,0.7897953035199428,0.7615161615722151,3.580565979779033,132,2.6289881603735585,9.999967707539822,0.24151742431970857,0.02728710244710833,0.7584825756802914,0.0,-1.291461972086971,1.3605692871738042,0.1647915389195506,0.9727128975528917,0.0,-2.0500301819753317,356.47235110766434,0.0
0.5,0.9,120,0.5,60,skewed,4,132,0.7342371548479846,0.71984077522436,1.960726112614829,132,2.5616966593913464,9.999967707539822,0.2748661288892754,0.833332884825735,0.7251338711107245,0.0,-1.4996009185106973,1.221281542237696,0.18071490794943335,0.16666711517426502,0.0,-2.339439519244754,2.0,0.0
1.0,1.0,30,0.1,20,balanced,0,80,0.7934158990686636,0.7952728721357186,-0.23404787693752863,65,2.0,30.0,0.7324664282750383,0.7371195233636463,0.2675335717249617,1.4286920929222515,4.23486752427428,0.9434763807517194,1.2915477678470983,0.2628804766363537,0.008250539146741679,4.751346905845373,10.698962717882015,0.10282767369599434
1.0,1.0,30,0.1,20,balanced,1,80,0.8028726219755821,0.7920965997619138,1.3421832951723167,66,2.0,30.0,0.6811152304855972,0.6185834404728054,0.3188847695144028,1.3461750824209961,4.121389597702592,1.1178196976599202,1.1937917608488813,0.38141655952719455,0.004400902484763243,3.931571758138277,18.49790349555741,0.13752941071274571
1.0,1.0,30,0.1,20,balanced,2,80,0.5935266203039611,0.6007593716730274,-1.2186060610663472,69,2.5,30.0,0.7839558219970684,0.6485017116897559,0.21604417800293158,1.4270101983814676,4.538621258486811,0.8765469825511273,1.31376472032506,0.3514982883102441,0.005586023206751055,4.154107341904177,16.260479285137244,0.067295983957811
1.0,1.0,30,0.1,20,balanced,3,80,0.734385873624521,0.7374051413084445,-0.4111282354904291,67,2.0,30.0,0.7160178303640755,0.6679720172049803,0.2839821696359245,1.6282706759113528,4.361354947190222,1.1336829469977057,1.4292045255353982,0.33202798279501966,0.005849326066572903,4.2432838141511215,14.912061025445487,0.13195815440846592
1.0,1.0,30,0.1,20,balanced,4,80,0.5510837522565138,0.5624003291198796,-2.053513067120547,69,3.0,30.0,0.8057850013483414,0.7227866384640743,0.1942149986516586,1.4482076146437874,4.519276679457423,0.9510872979901324,1.3153324666201909,0.2772133615359257,0.00915282466010314,4.712252828052395,11.506024604647054,0.0553289868337188
1.0,1.0,30,0.1,20,skewed,0,44,0.5568189060340676,0.5559720288259037,0.152092035487043,34,2.0,30.0,0.8192289201199904,0.6243238529166028,0.18077107988000962,1.7262706591146013,3.2757711159889737,0.7850617915538042,1.7788944009987329,0.37567614708339725,0.003814403727194424,2.9197138987555586,18.05198433449475,0.0569497256516368
1.0,1.0,30,0.1,20,skewed,1,44,0.33977281795511327,0.34949892074457317,-2.862531160672422,32,2.0,30.0,0.6679737793010379,0.6321203003399603,0.33202622069896215,1.163385073409846,2.541311799522993,1.2758719996964059,1.283406231814277,0.36787969966003975,0.0037317359642941037,2.9665868590303006,17.459320613284717,0.1287582485519353
1.0,1.0,30,0.1,20,skewed,2,44,0.3277559095631672,0.3414498721863544,-4.178097853807893,34,2.0,30.0,0.8465332632478052,0.5712985965918322,0.1534667367521948,2.033302112368634,3.4506463503443046,0.7568652182536051,2.0874607638316895,0.42870140340816776,0.0028745399733771824,2.5688850419431724,22.511944154894685,0.04841670825990801
1.0,1.0,30,0.1,20,skewed,3,44,0.9908926202547123,0.9806290402374775,1.035791346856173,34,2.5,30.0,0.7983039517380242,0.7627460486912451,0.2016960482619758,1.5381812394173529,3.2126338005562762,0.8920265299445547,1.4591379082165352,0.23725395130875493,0.009450121368726019,3.6108202096242663,9.331570516131006,0.06310714814003715
1.0,1.0,30,0.1,20,skewed,4,44,0.36195419850515503,0.3626089896494416,-0.1809044202252139,29,1.0,30.0,0.6171975382542682,0.6861584233740191,0.38280246174573185,1.2827383028653947,2.7861557541930893,0.8663767714651172,1.3968708772414598,0.3138415766259809,0.003909834781927804,3.1056670390767214,13.721681433978771,0.18835465749058267
1.0,1.0,30,0.1,60,balanced,0,240,0.5753356162742556,0.5784709814443749,-0.5449628149954084,198,2.0,30.0,0.7320274059051175,0.6929598969379804,0.2679725940948825,1.2920324914045247,7.5941669427481475,0.8726510566969955,1.1919213071991914,0.30704010306201956,0.006091699597086627,7.45006026456229,13.292548576855069,0.09335424984036186
1.0,1.0,30,0.1,60,balanced,1,240,0.7104423721792058,0.7295730637192226,-2.692785831641128,203,3.0,30.0,0.7293050390177933,0.6469003880052384,0.2706949609822067,0.9817315197019127,6.94440579685567,1.0238770343341836,0.9195081649162989,0.3530996119947616,0.005202687380546516,6.982679736403587,16.37499150759061,0.07258579269651429
1.0,1.0,30,0.1,60,balanced,2,240,0.7286880630373084,0.7328980050746668,-0.5777426927800415,201,2.0,30.0,0.6764612881614678,0.7035427997056277,0.3235387118385322,1.090906646650418,6.963383258126344,1.04291681768332,1.0902757971778754,0.2964572002943723,0.007194530321814145,7.81610025130171,12.641329017299913,0.11482546496768979
1.0,1.0,30,0.1,60,balanced,3,240,0.6581381797286852,0.665695770045193,-1.1483288083398244,205,2.0,30.0,0.7366789321278611,0.6381875985397402,0.26332106787213894,1.4348851968974166,7.644995181675781,0.9745907535210732,1.3632795912748847,0.36181240146025984,0.005257120073350896,7.17485682012875,17.00812123056618,0.1001802481499588
1.0,1.0,30,0.1,60,balanced,4,240,0.5288866589548793,0.545744016510534,-3.187328942833628,200,3.0,30.0,0.7379947694496998,0.6755051577301008,0.2620052305503002,1.1797944472902104,7.000606756957118,1.1171015637922808,1.048853247816504,0.3244948422698992,0.005937993310604885,7.384992467626658,14.411207903739724,0.08161429596616895
1.0,1.0,30,0.1,60,skewed,0,132,0.511817771409252,0.5189029201420342,-1.3843108091525977,94,1.5,30.0,0.5724909027120244,0.738931745663714,0.42750909728797554,1.0554308643779224,4.383964541059657,1.143725398585465,1.0925642131857578,0.261068254336286,0.006568687297058798,6.057989058668326,10.599148941765625,0.19334249594001385
1.0,1.0,30,0.1,60,skewed,1,132,0.5437519402328587,0.5442028738389212,-0.08293002244174254,101,2.0,30.0,0.7626430158981863,0.7193922383184435,0.23735698410181372,1.517030856178414,5.381897335943455,0.9340212838530219,1.500534756805838,0.28060776168155654,0.006732633801972226,5.97234374759711,11.701867774003308,0.08599712938856838
1.0,1.0,30,0.1,60,skewed,2,132,0.46725045667318543,0.47901496771353164,-2.5178169164583175,101,2.0,30.0,0.7669851217685263,0.6843113101514781,0.2330148782314737,1.647175540310651,5.347412088623533,1.023108627479737,1.6838175767696195,0.31568868984852194,0.004893260424430907,5.463302744807977,13.839696282908502,0.08992259270991353
1.0,1.0,30,0.1,60,skewed,3,132,0.5195723878833134,0.5152184685168697,0.8379812838363352,93,1.0,30.0,0.5878368465481332,0.7569573900058647,0.4121631534518668,1.5509078720883722,4.990193905097116,1.0921510190432866,1.557651637736003,0.2430426099941353,0.006981614276779671,6.117507513748018,9.632349714912706,0.26387825069766213
1.0,1.0,30,0.1,60,skewed,4,132,0.7752051549266201,0.777806320788082,-0.33554548043583193,99,2.0,30.0,0.7883506736087941,0.6898434127166665,0.21164932639120593,1.639581443369225,5.555680156893886,0.8444205070080626,1.5726472813771857,0.3101565872833335,0.00512399653875481,5.575177462524244,13.48812998279893,0.07393868149778494
1.0,1.0,30,0.25,20,balanced,0,80,1.3341648851793373,1.3061574173306223,2.0992508617066665,74,5.5,30.0,0.8851410069609915,0.8109185108016268,0.11485899303900848,1.3586742350809469,5.256140796837103,0.9377544571400969,1.3236258260607814,0.1890814891983732,0.02244303797468354,5.139821131118172,6.995085943153217,0.018726809012257952
1.0,1.0,30,0.25,20,balanced,1,80,1.4472984190323608,1.4582190837950735,-0.7545551504170139,75,5.5,30.0,0.8984211229018333,0.7737662612081657,0.10157887709816676,1.6476180816956116,5.3510857583503615,0.9587384267550016,1.5532919769400506,0.22623373879183428,0.017125826300984526,4.8747365754045555,8.771398423546826,0.01787709435981274
1.0,1.0,30,0.25,20,balanced,2,80,0.9385251486490541,0.9959876466712856,-6.122638067285144,79,6.0,30.0,0.8746662153103953,0.7525372205245855,0.12533378468960465,1.0759810383598614,5.068459264896931,0.9416929324847823,1.0952979082759753,0.2474627794754145,0.016316414674167837,4.775137075570487,9.865137805525857,0.017901291883794822
1.0,1.0,30,0.25,20,balanced,3,80,0.845365352844391,0.8931937641333139,-5.657720786402613,78,6.0,30.0,0.8841833952385691,0.723335180829909,0.11581660476143085,1.2629078503026192,5.210529039615574,0.9009255648451219,1.1463287531508077,0.276664819170091,0.01303106540084388,4.536164137166482,11.474548445963732,0.01793743903186687
1.0,1.0,30,0.25,20,balanced,4,80,0.9447130927183557,0.9600031541502797,-1.6184873005123468,79,6.5,30.0,0.8967608977892145,0.7884396858912013,0.10323910221078542,1.5164043084228132,5.2776944895586215,0.9661947706470269,1.2980626783310227,0.21156031410879872,0.019690646976090014,4.988601308252805,8.049835056298488,0.017043619958648018
1.0,1.0,30,0.25,20,skewed,0,44,1.5425711927768446,1.5595173824317319,-1.0985677506645082,39,4.0,30.0,0.861031089277997,0.8157507313044124,0.13896891072200301,1.8512491499377075,3.635669836828989,1.1444797284463308,1.8743925890771,0.18424926869558755,0.019150536371466603,3.823694763421552,6.775940062019937,0.03640210504826979
1.0,1.0,30,0.25,20,skewed,1,44,0.752783940766461,0.7698266086331264,-2.263952104147306,42,4.5,30.0,0.8818573369142211,0.7619099834722872,0.11814266308577892,1.5435306666358575,3.8082601535337313,0.9065506732253772,1.5203075698553903,0.23809001652771278,0.01618675123326286,3.6540326490686326,9.374730152871383,0.022461696797229286
1.0,1.0,30,0.25,20,skewed,2,44,1.4081121978426672,1.3757058382395528,2.301404650337046,40,4.0,30.0,0.861932729945531,0.8308579811385353,0.13806727005446895,1.419633769702079,3.6351974941414027,0.9369995472894158,1.4623860119677052,0.16914201886146474,0.02382828282828283,3.963127904143907,6.107253803942063,0.027743573495170277
1.0,1.0,30,0.25,20,skewed,3,44,0.7724812928802006,0.7624420295335074,1.299612487606244,43,4.0,30.0,0.841413878486663,0.6560168915083507,0.15858612151333695,1.372985611880306,3.736316887932064,0.9930809811441595,1.3172529096841168,0.34398310849164926,0.009171638869313284,3.136487087075269,15.73052979020452,0.03561520966512035
1.0,1.0,30,0.25,20,skewed,4,44,0.8730518485951898,0.9104791417419751,-4.286949647607846,41,3.5,30.0,0.8227852561890694,0.7781368759584194,0.17721474381093055,1.2489749349122774,3.396073131527774,1.0552105964145517,1.4237519900220217,0.2218631240415806,0.016064697361208993,3.732008191715486,8.553628451356266,0.040014896090889276
1.0,1.0,30,0.25,60,balanced,0,240,1.3270950291395711,1.3270647915208702,0.002278481799492314,229,6.0,30.0,0.8927843962359172,0.7955481354221883,0.10721560376408279,1.4969931976103048,9.018126088475567,0.9872918265587727,1.370196604377424,0.20445186457781173,0.01906198990133788,8.68484145601913,7.709848925834444,0.0180050167304944
1.0,1.0,30,0.25,60,balanced,1,240,1.3291230479999219,1.3453020547589827,-1.217269295224934,233,6.0,30.0,0.8912706472254219,0.7703093983244553,0.10872935277457807,1.3716630148935174,9.178767571499854,0.9130123596050426,1.2473496437174547,0.22969060167554467,0.01769042047626427,8.504930626547413,8.945390079953247,0.017149206312994394
1.0,1.0,30,0.25,60,balanced,2,240,1.558573443046494,1.5653962425323156,-0.4377592545453195,232,6.0,30.0,0.9033292500535888,0.7726838277444465,0.09667074994641123,1.5201583272875396,9.335620303332206,0.9153564148396881,1.4255746510832668,0.22731617225555345,0.017662200397747813,8.487784120343525,8.82571230664096,0.015118887687308949
1.0,1.0,30,0.25,60,balanced,3,240,1.1916270544862448,1.1899042680551977,0.14457429651007142,229,6.0,30.0,0.9027859610278979,0.7843480482259202,0.09721403897210212,1.549922489562051,9.194999200980092,0.9785294421061278,1.5145320095166284,0.2156519517740798,0.018463434319954543,8.60833531709309,8.248326196330298,0.015506306135522202
1.0,1.0,30,0.25,60,balanced,4,240,1.4590651245629203,1.4636114315475206,-0.3115904086846188,228,6.0,30.0,0.8848933583462002,0.7829816762919469,0.1151066416537998,1.336734087224368,9.010275161723353,0.9824458240590893,1.2587744317708085,0.21701832370805307,0.018464602381321346,8.613042691340754,8.315072891710981,0.018580736865523036
1.0,1.0,30,0.25,60,skewed,0,132,0.7801361208201963,0.7882583312784754,-1.041127341948968,126,4.0,30.0,0.8773471219816275,0.7738285289893408,0.12265287801837255,1.6970525116786241,6.760714908538802,0.9303643448749993,1.663745061587822,0.22617147101065915,0.017140081904712952,6.447698165606699,8.768278599370737,0.02640677298010218
1.0,1.0,30,0.25,60,skewed,1,132,0.9525695522833054,0.9542227985436429,-0.17355648796191797,122,4.0,30.0,0.8828063814020931,0.812567465727837,0.11719361859790689,1.615096847611936,6.5767474337224066,0.8862549563239491,1.66901479012354,0.187432534272163,0.019991666024108772,6.686395329081356,6.920011279467423,0.02288462240369941
1.0,1.0,30,0.25,60,skewed,2,132,1.231592766779071,1.2253637156611727,0.5057719796608365,125,4.0,30.0,0.8567447948810236,0.7841591756390957,0.14325520511897638,1.3723359852154,6.4048213203332836,0.9713565933553384,1.4523114616313348,0.21584082436090435,0.017427279581223597,6.493442972742486,8.257538688557425,0.028975042141994107
1.0,1.0,30,0.25,60,skewed,3,132,1.0890222674583963,1.0855688914339618,0.3171079350373647,124,3.0,30.0,0.8321496913220126,0.7932626831120513,0.16785030867798745,1.6207334940370113,6.392865118787245,1.019679653037726,1.6850849927052882,0.20673731688794872,0.01796248104454211,6.613371271141272,7.81849397264839,0.04642982373524874
1.0,1.0,30,0.25,60,skewed,4,132,1.0638389278266596,1.0629872893653338,0.08005332753385652,127,4.0,30.0,0.8608766116706285,0.7631755222453501,0.13912338832937154,1.3674110231432481,6.405150089154529,0.9707836993137149,1.5017693857335277,0.23682447775464988,0.015734983422006323,6.354176897494938,9.309436853709034,0.02734918372531578
1.0,1.0,30,0.5,20,balanced,0,80,2.5870420599787547,2.598231450099235,-0.43251674542052665,80,11.0,30.0,0.9484918380135313,0.7524891203958801,0.05150816198646868,1.7985234437589206,5.849129403264869,1.0463002026841626,1.751544475644178,0.24751087960411988,0.02215768870135959,4.8075107636316385,9.867686039390414,0.00612906216373847
1.0,1.0,30,0.5,20,balanced,1,80,1.6962397542634733,1.7473853384380333,-3.0152331971943465,80,11.5,30.0,0.9377203363975085,0.7847213192091879,0.062279663602491486,1.400242274739879,5.708577150335564,1.0749195983999704,1.4098594783183542,0.21527868079081214,0.02611167955930614,4.9864264615011455,8.230132488604808,0.006641342272185753
1.0,1.0,30,0.5,20,balanced,2,80,2.1718576375658136,2.187073202107692,-0.7005783564585725,80,12.0,30.0,0.9470964295462712,0.7956302980345171,0.05290357045372884,1.6562131665336182,5.786319442710676,1.0896230576111376,1.6255646808019613,0.20436970196548288,0.02802933075480543,5.066809855259517,7.705954730621,0.00580608950881493
1.0,1.0,30,0.5,20,balanced,3,80,1.8375220961057008,1.8973918099887919,-3.258176541657604,80,13.0,30.0,0.9418216883835485,0.7770493858603028,0.058178311616451484,1.4534477973893087,5.764029186175672,1.1483510498087541,1.430009402972809,0.2229506141396972,0.025870727848101256,4.9597008582133135,8.60758472485733,0.0062054635886550375
1.0,1.0,30,0.5,20,balanced,4,80,1.5352124044885682,1.5468192582449352,-0.7560422077382564,80,11.0,30.0,0.9334134096809178,0.8051707228306948,0.0665865903190822,1.1668605657282978,5.740319502201603,0.9285306874511248,1.183289022355414,0.1948292771693052,0.031199290904828876,5.1609064415089385,7.259178891317156,0.006357872687803479
1.0,1.0,30,0.5,20,skewed,0,44,0.9863637270173816,1.0064713231150715,-2.0385579423619182,44,8.0,30.0,0.9199589839695055,0.8281607657928121,0.08004101603049452,1.3510963185552458,4.158691967228488,0.9040729030636848,1.3178459578271935,0.17183923420718794,0.034005089656252444,3.943035664106776,6.224850583546418,0.009660012222057
1.0,1.0,30,0.5,20,skewed,1,44,1.171753547106972,1.227687041704528,-4.773486262162749,44,8.0,30.0,0.937560000847421,0.7852976351962505,0.06243999915257903,1.863988402448986,4.291088940294324,0.9944390600960151,1.8664844224053323,0.2147023648037495,0.026419642158014237,3.7499386591371713,8.202076073363985,0.008485100327718528
1.0,1.0,30,0.5,20,skewed,2,44,2.0786533597056254,2.115469092749489,-1.7711338387405497,44,8.0,30.0,0.9314092577676005,0.7520194219061761,0.06859074223239947,1.6346033810230123,4.280570359433024,0.9801147227254122,1.6636500362682392,0.2479805780938239,0.022919270221595803,3.6308275560039913,9.892586715324057,0.009099708066823085
1.0,1.0,30,0.5,20,skewed,3,44,1.3620617551907905,1.3584619436463934,0.2642913605553005,44,8.5,30.0,0.9362150445785912,0.8088949064823246,0.06378495542140883,1.594394530539945,4.311177666795628,0.9440835385177798,1.6355293071323427,0.19110509351767535,0.03295446715214157,3.8865079269901672,7.087636180653266,0.007690362154436222
1.0,1.0,30,0.5,20,skewed,4,44,1.5161112818988078,1.522174111825941,-0.399893464254157,44,9.5,30.0,0.942736939330554,0.8444263313474344,0.05726306066944592,1.6350303941195297,4.2285030137153345,0.9573847444508123,1.663468805358166,0.1555736686525656,0.038465351186281416,4.004766094683093,5.527077835350763,0.006292342980310205
1.0,1.0,30,0.5,60,balanced,0,240,1.5729093516094188,1.5953967387868875,-1.4296683502109848,239,12.0,30.0,0.9404599918290164,0.7934945705971305,0.059540008170983594,1.3302441430161258,10.046659318372674,0.9924555853373036,1.3063551724142066,0.20650542940286953,0.02809393176300429,8.791574462840455,7.807442056502072,0.005913783670944016
1.0,1.0,30,0.5,60,balanced,1,240,1.999710934055417,2.0176794461562846,-0.8985554759370796,238,11.0,30.0,0.9388956481024119,0.7729870516477021,0.061104351897588116,1.3593678615340843,10.081503746031293,0.9491172421337617,1.3257827433423546,0.2270129483522979,0.024600891058422437,8.539641230911833,8.81048192987436,0.006343332571584248
1.0,1.0,30,0.5,60,balanced,2,240,1.7897361220027923,1.8166499115270462,-1.5037853454137273,240,12.0,30.0,0.9423205284935982,0.7994268032029084,0.05767947150640185,1.340750072558033,10.02722465679123,0.9636952518462685,1.3120060963771651,0.20057319679709162,0.028973575597913113,8.859333668772802,7.526887864911234,0.0056261657206456515
1.0,1.0,30,0.5,60,balanced,3,240,2.1026639624065897,2.109839533452481,-0.34126095154445985,240,12.0,30.0,0.9378007317701111,0.7811389299865275,0.06219926822988886,1.2863882533951556,10.017470314294922,1.014320926012714,1.2744401096337457,0.21886107001347255,0.02650196226561289,8.673532744260338,8.40546008956105,0.00624616167218872
1.0,1.0,30,0.5,60,balanced,4,240,1.6924660286646807,1.7346230816731019,-2.4908655355216918,240,12.0,30.0,0.942654251639585,0.7766739582219585,0.05734574836041495,1.395397080959516,10.103289778971915,0.9931406430425583,1.360444142775629,0.2233260417780415,0.02577294281729428,8.618141659812482,8.626246808479415,0.005874225113452853
1.0,1.0,30,0.5,60,skewed,0,132,1.4366272547878933,1.4362843749543497,0.02386700046243134,130,9.0,30.0,0.9291670006933632,0.7819273260808021,0.07083299930663678,1.3866110251985129,7.336969848282387,0.9782711662322374,1.4258534460405534,0.21807267391919793,0.025297782746892164,6.472861247175001,8.3667369068259,0.008160116161253674
1.0,1.0,30,0.5,60,skewed,1,132,1.3841370488981262,1.4165385777728143,-2.340919123614395,132,8.5,30.0,0.9292113352545622,0.7981898743531619,0.07078866474543777,1.4848112549529031,7.338748431728182,0.9961317914638627,1.543290183449988,0.2018101256468381,0.02801000248455719,6.612280876558899,7.585042060714487,0.008581213776006714
1.0,1.0,30,0.5,60,skewed,2,132,1.3188879700168268,1.3343735657633868,-1.1741403438809503,131,9.5,30.0,0.9336585094325731,0.7848130643200852,0.06634149056742683,1.4961556375326206,7.371429089869182,1.0258046096471658,1.5235922149640668,0.21518693567991476,0.02568430488086977,6.458519488906264,8.225663363530003,0.007774192728699159
1.0,1.0,30,0.5,60,skewed,3,132,1.6600145221304168,1.6792778165582145,-1.1604292716111753,132,10.0,30.0,0.9398462632070886,0.8058685055530033,0.06015373679291136,1.408738773022946,7.413044060267546,0.9258043524740579,1.4464833068128515,0.19413149444699673,0.02975503337017332,6.640927877421243,7.226917038299433,0.006218860923758659
1.0,1.0,30,0.5,60,skewed,4,132,1.4752322353033172,1.4890738458716184,-0.9382665479415395,132,10.0,30.0,0.9325544283737986,0.8071882132948005,0.06744557162620135,1.4435003280694159,7.298714960875683,1.0420168347624301,1.4407727449970216,0.1928117867051995,0.0294379888794647,6.662285826287218,7.166053103705851,0.007660744061307358
1.0,1.0,60,0.1,20,balanced,0,80,0.5841973479909912,0.5940448796951612,-1.685651559021083,74,4.0,60.0,0.8404390281250491,0.7879342688572395,0.15956097187495089,1.3326436624205964,4.8739097837234,1.007940517714734,1.3272552478871804,0.2120657311427605,0.004995209944913268,4.953470994173589,16.14848391734438,0.034153356797655056
1.0,1.0,60,0.1,20,balanced,1,80,0.4776518668470724,0.47236176478356917,1.1075225348584117,72,4.0,60.0,0.8429257415704791,0.8105951202067344,0.15707425842952094,1.3115811203029706,4.82941309871879,0.9727597997397563,1.3050583268128262,0.1894048797932656,0.005684823312236287,5.118478041013386,14.019690600527653,0.03256369113316113
1.0,1.0,60,0.1,20,balanced,2,80,0.4617227959969448,0.45696751778819517,1.0298989458560595,73,4.0,60.0,0.8435441983021256,0.8128895530792605,0.15645580169787443,1.335644638592965,4.825572182130412,1.0100745665229274,1.3614748241939525,0.18711044692073953,0.0057712889709329585,5.097849619737502,13.810765278896044,0.032896522279153184
1.0,1.0,60,0.1,20,balanced,3,80,0.5006719458139866,0.5002698268912404,0.08031584875248969,76,5.0,60.0,0.8918850081117639,0.7880184355879668,0.10811499188823614,1.7027929325022169,5.19143184593826,0.9763809815638633,1.6109136105055029,0.2119815644120332,0.005329651605719644,4.961128717598021,16.140350644502373,0.020143187877223835
1.0,1.0,60,0.1,20,balanced,4,80,0.7250966228550144,0.7213833278839493,0.5121103662632258,76,5.0,60.0,0.8606289580851274,0.7672130193151078,0.1393710419148726,1.3232712118171333,5.044821093661596,0.9991533476306551,1.2339727001020233,0.23278698068489223,0.005043942657055789,4.901188879606199,18.20513793361079,0.025976930361221222
1.0,1.0,60,0.1,20,skewed,0,44,0.5239491716362878,0.5235151917886778,0.08282861603822216,39,2.5,60.0,0.8346812054755259,0.7847696978546966,0.16531879452447407,1.985412843439018,3.6105374631584457,0.9955654885370404,2.080460340228989,0.21523030214530336,0.0039812906193720165,3.6594312146265824,16.45555143632628,0.05444636586227074
1.0,1.0,60,0.1,20,skewed,1,44,0.24552790776991398,0.25104498547710596,-2.2470267259239938,42,3.5,60.0,0.8670888476341229,0.777996989454165,0.13291115236587714,1.764520093100498,3.7761411497380073,0.9405784235315998,1.7848494245946749,0.22200301054583504,0.005005765014485945,3.713549933863316,17.121121049704065,0.031417618936061896
1.0,1.0,60,0.1,20,skewed,2,44,0.39084946643059165,0.39352685776478286,-0.6850185465627759,39,3.0,60.0,0.852722957624702,0.8333184838237538,0.14727704237529804,2.018418577671159,3.6600808529315696,0.98664455878714,1.904199171674841,0.16668151617624616,0.005946896288466057,3.8534320267675546,12.001283020490336,0.04394578408283577
1.0,1.0,60,0.1,20,skewed,3,44,0.19405044679249364,0.20489171414658378,-5.586829370036525,39,3.0,60.0,0.8501693499848275,0.8171443071109175,0.14983065001517248,1.7320111435770187,3.5110582852861127,1.0025804071475453,1.8962811969509996,0.18285569288908254,0.005593940862109465,3.88360677304527,13.42644313601725,0.0390693457354774
1.0,1.0,60,0.1,20,skewed,4,44,0.7481923200107953,0.7348448373095687,1.7839641418711647,42,2.0,60.0,0.7489116512909932,0.783551253689486,0.25108834870900676,1.2680083024524653,3.3502347085143356,0.8990705497226308,1.3408117371471726,0.21644874631051403,0.00516665687886618,3.8703646223607135,16.574441962130315,0.08018409664593278
1.0,1.0,60,0.1,60,balanced,0,240,0.701813389916597,0.7016159329477675,0.028135252428430086,224,4.0,60.0,0.8394086332568386,0.7913580676024714,0.16059136674316143,1.3525550194719758,8.59003543943688,1.0269446971045095,1.3419560809976767,0.2086419323975286,0.005213762413476935,8.62895598250269,15.819028650050017,0.035108798113793555
1.0,1.0,60,0.1,60,balanced,1,240,0.7170114108038784,0.7173635642647166,-0.04911406646141792,223,4.5,60.0,0.834668957245676,0.8133865761303799,0.16533104275432398,1.2457216700955194,8.337974389100244,1.0537998027892965,1.1945700295467336,0.1866134238696201,0.006049872313910843,8.859644730347958,13.765662921860713,0.03426168094163866
1.0,1.0,60,0.1,60,balanced,2,240,0.7265869626377558,0.719970435373484,0.9106311569714282,224,5.0,60.0,0.8720848607696106,0.7924012379027288,0.12791513923038944,1.4484501256794013,8.617852898828463,1.0237865103820445,1.3959703624388768,0.20759876209727124,0.005034254012991374,8.570442505576334,15.719215379829208,0.023916913126018388
1.0,1.0,60,0.1,60,balanced,3,240,0.9287129467757572,0.9402009847964158,-1.2369848035974902,229,4.5,60.0,0.8509868098092668,0.794800715806351,0.14901319019073322,1.5035126330413535,8.73756127578037,1.0622801085351299,1.3624442254066846,0.20519928419364897,0.00571048817733354,8.76304373358954,15.490621493877317,0.03362584412656988
1.0,1.0,60,0.1,60,balanced,4,240,0.8550018686684345,0.8455673208934127,1.1034534684368638,224,5.0,60.0,0.8620121428806798,0.8035375467422842,0.13798785711932016,1.315847916976605,8.553812411594892,0.9653212668249861,1.20607518828929,0.19646245325771583,0.00538696342786301,8.657759372486522,14.669815048784015,0.02526252124295232
1.0,1.0,60,0.1,60,skewed,0,132,0.673357704170296,0.6515670689550662,3.2361158237700582,106,3.0,60.0,0.8384818309864956,0.8466917543270063,0.16151816901350435,1.7752870602104505,5.959128323582902,1.0194287829249677,1.7640378947002462,0.15330824567299373,0.0058980241880210085,6.8698879723474215,10.864041953132118,0.046452523675519546
1.0,1.0,60,0.1,60,skewed,1,132,0.37572895428826747,0.37027391715166724,1.4518543418974847,112,3.0,60.0,0.816906029237029,0.8261181611153748,0.18309397076297096,1.437941534347615,5.839979674619574,0.9618572196272767,1.4304985188833197,0.17388183888462516,0.005101051599540786,6.68965184771524,12.628835467061544,0.048358922048866625
1.0,1.0,60,0.1,60,skewed,2,132,0.3662775469724801,0.3722715960071959,-1.6364773337215082,121,3.0,60.0,0.8132290060758296,0.8002290682931918,0.1867709939241704,1.420237993419394,5.957841606489727,1.0695168017855208,1.5522790190332678,0.19977093170680815,0.005456213963211419,6.695045269829188,14.978530994848725,0.04976048485063934
1.0,1.0,60,0.1,60,skewed,3,132,0.48703077295437036,0.48672343999335016,0.06310339676400596,118,3.0,60.0,0.8040425046837918,0.8269296109971731,0.1959574953162082,1.567243089038374,5.981155849843453,1.0938411437858642,1.4960638471735357,0.1730703890028269,0.006738228339373378,6.93790318037287,12.557566208866977,0.060382932768737095
1.0,1.0,60,0.1,60,skewed,4,132,0.44166661748661307,0.4536995451765106,-2.7244367614589464,116,3.0,60.0,0.8232944134918959,0.8084841563002165,0.17670558650810408,1.4943686388942652,6.048369177285063,0.9931107277620812,1.5423442089985355,0.19151584369978347,0.005051874502017631,6.635799912763129,14.212957090676792,0.04684675222983228
1.0,1.0,60,0.25,20,balanced,0,80,1.3430831945342523,1.3483340163692354,-0.39095283571052414,80,11.0,60.0,0.9352161598671919,0.8620621545045098,0.06478384013280813,1.3881697771594788,5.716374519098333,1.0214231653783343,1.3404738089092374,0.13793784549549015,0.017443297292545713,5.499066643751189,9.600549898268511,0.006157964501030694
1.0,1.0,60,0.25,20,balanced,1,80,1.0581751006582347,1.0811959611991986,-2.175524686476161,79,13.0,60.0,0.9501498457137353,0.8925710929750895,0.049850154286264714,1.5631728852760391,5.6489353989032836,1.014424150877716,1.4873111138229451,0.10742890702491048,0.019809207249179565,5.582852556522387,7.221536157988167,0.004113161304461394
1.0,1.0,60,0.25,20,balanced,2,80,1.5790504538925083,1.5824322227827603,-0.21416471411129462,80,12.0,60.0,0.940212429223052,0.8805331631490456,0.05978757077694796,1.4046247413391293,5.634038399141032,1.0207063167646575,1.3376257990546436,0.11946683685095438,0.01901576930965776,5.553634732703561,8.140534066226826,0.00529230569481503
1.0,1.0,60,0.25,20,balanced,3,80,1.2777568022214327,1.3029380674832804,-1.970740067129289,80,13.0,60.0,0.9500087517012288,0.8688790886455439,0.04999124829877122,1.496759899058971,5.815770333035186,0.9969846346094812,1.4573999071721822,0.13112091135445614,0.0182483854899203,5.485460270677188,9.054487309081495,0.0040543288394143335
1.0,1.0,60,0.25,20,balanced,4,80,1.0805052763078071,1.086131612390342,-0.5207134297169345,79,13.0,60.0,0.9403193307987291,0.8715253420204847,0.05968066920127091,1.3101234316981967,5.601286588919331,1.0498337446645585,1.2723859235967452,0.1284746579795153,0.017154391555321145,5.46964425320455,8.844813922335426,0.004949520306955137
1.0,1.0,60,0.25,20,skewed,0,44,0.6425542278972793,0.6531636977598781,-1.6511399975248269,43,7.5,60.0,0.9274437497358909,0.8823972952329292,0.07255625026410911,1.5246564216495226,4.113136697019482,0.9298838013410996,1.5913824157039682,0.1176027047670708,0.018311188434734945,4.163366490453127,7.996581952533761,0.008279666668144866
1.0,1.0,60,0.25,20,skewed,1,44,1.4031200622410065,1.4246682786336327,-1.5357357486721575,44,7.0,60.0,0.9321001799770651,0.8641623815689952,0.06789982002293493,1.9300855785808204,4.157866067550555,1.003670893651817,1.9682817175038223,0.13583761843100484,0.014625888242894059,4.075545414546219,9.431395394766518,0.009168313500886309
1.0,1.0,60,0.25,20,skewed,2,44,1.191639819459716,1.1896914203668356,0.1635057054205989,44,7.5,60.0,0.9073674267480665,0.8612183803166619,0.09263257325193358,1.2532360809386311,3.982496973740536,1.042347845573372,1.3668676425392061,0.13878161968333813,0.015671127456737925,4.078627674166262,9.66874067171972,0.011055591387850368
1.0,1.0,60,0.25,20,skewed,3,44,0.5116559551297529,0.5194116195398093,-1.5157967638800534,43,8.0,60.0,0.9354924879627301,0.8414253333312449,0.0645075120372699,1.6591207584158316,4.215909630574356,0.9306634517726943,1.687068374788279,0.15857466666875508,0.012795828928823114,3.9718210674221517,11.30757492463057,0.007225727957848228
1.0,1.0,60,0.25,20,skewed,4,44,0.7454819523744234,0.7641479737649661,-2.503886422882523,44,8.0,60.0,0.930727364609658,0.8481228573133663,0.06927263539034201,1.6078718208737983,4.2001982872758425,0.9560912129115376,1.6057210937359385,0.15187714268663366,0.013645583744420956,4.005930791518675,10.744467599970683,0.008030449442500243
1.0,1.0,60,0.25,60,balanced,0,240,1.5002935143853429,1.4936033267550968,0.44592525169896524,238,11.5,60.0,0.9383270077888484,0.8660593354803006,0.06167299221115158,1.367342386057465,9.912568043017142,0.9986917668835943,1.3236218733822558,0.13394066451969944,0.01647662093535307,9.472216566665583,9.279317873440052,0.005496358281653722
1.0,1.0,60,0.25,60,balanced,1,240,1.3133495874253442,1.3191247322775304,-0.4397263993897885,240,12.0,60.0,0.9385428606440336,0.8666628318531729,0.06145713935596642,1.3765195245016972,9.895631657311727,1.0349666647695825,1.317124672038825,0.13333716814682706,0.016942720682240817,9.50276718528872,9.231075563380102,0.005500307932521427
1.0,1.0,60,0.25,60,balanced,2,240,1.2553934757998457,1.267304757098927,-0.9488086029356144,238,12.0,60.0,0.9433878276980572,0.8687218742357388,0.05661217230194282,1.4068003734608971,9.990518068017037,0.9831237077492642,1.3652348680794935,0.13127812576426123,0.017601399865695543,9.531071912316113,9.066984243703104,0.00481204962968426
1.0,1.0,60,0.25,60,balanced,3,240,1.3084461436305592,1.3038982408608555,0.3475804328548536,240,12.0,60.0,0.9442280765411869,0.861766600662108,0.0557719234588131,1.4491888766739147,10.02773784951342,1.0069167466375164,1.4206058711255436,0.13823339933789203,0.017087619292060537,9.504356857662996,9.624420294196959,0.004834231098605453
1.0,1.0,60,0.25,60,balanced,4,240,1.1901161532373987,1.2137303741697743,-1.9841946408457054,240,12.0,60.0,0.9444265124283666,0.8592785387103732,0.055573487571633384,1.4210517253421497,9.992010462642678,0.9847844727481205,1.3946346926255169,0.14072146128962681,0.016130089041272794,9.434861404266922,9.826019500090744,0.004708210508136019
1.0,1.0,60,0.25,60,skewed,0,132,0.8428347652483413,0.8521087756999025,-1.1003355383458333,131,7.0,60.0,0.9175116419041864,0.8676194466861097,0.08248835809581356,1.5841555638089022,7.133541610294504,1.0364581018652523,1.6469204984273615,0.13238055331389031,0.015256813523273445,7.13249020011554,9.154743164380687,0.011046485714481774
1.0,1.0,60,0.25,60,skewed,1,132,1.4791817625832944,1.4926163409313118,-0.9082439148353756,132,7.5,60.0,0.9181858115979711,0.8675678222381509,0.08181418840202898,1.524748700010551,7.217448962353433,1.047389032484518,1.5737118325594766,0.13243217776184912,0.016720311415683555,7.1732065823574755,9.158858203399067,0.010499244611338688
1.0,1.0,60,0.25,60,skewed,2,132,0.8537922677998915,0.8537625885809207,0.0034761639441020006,132,8.0,60.0,0.9146017808439881,0.8665828660696373,0.08539821915601187,1.3185265006884694,7.130461084618887,1.0317403760511457,1.3812225750005496,0.1334171339303627,0.01712188279101447,7.183986269701519,9.237464008639297,0.00992059545154037
1.0,1.0,60,0.25,60,skewed,3,132,0.8094225747921493,0.8101963883617954,-0.0956006903865792,132,8.0,60.0,0.9147785933811405,0.8657935306245997,0.08522140661885946,1.33417500114262,7.0806526626607935,1.013938208523015,1.360469459739613,0.13420646937540026,0.015650310087730573,7.109871251162253,9.30058712348529,0.009971580591731866
1.0,1.0,60,0.25,60,skewed,4,132,1.1178423433339661,1.1269290740918971,-0.8128812450268968,131,8.0,60.0,0.9243894598100105,0.8689047320369616,0.07561054018998947,1.5067514392317616,7.2183573648053185,0.9970751443648872,1.5237388725392842,0.1310952679630384,0.01624674410560225,7.13525644894508,9.052449351199657,0.008893244392958572
1.0,1.0,60,0.5,20,balanced,0,80,1.7710548427131378,1.790836278845155,-1.1169296204127352,80,25.5,60.0,0.9775439453995258,0.86615534257538,0.02245605460047423,1.6104691857192592,6.100291511155974,0.9365026932592677,1.5993184209746911,0.13384465742462004,0.024491366326769803,5.4893554570035485,9.271638758931182,0.0012508663082327757
1.0,1.0,60,0.5,20,balanced,1,80,2.0464127427284797,2.0629590830396247,-0.8085534245200103,80,23.5,60.0,0.9713415959243298,0.8760305837968985,0.02865840407567022,1.4947446532167374,6.052330601901119,1.03067164692254,1.4871797537189837,0.12396941620310153,0.025893923611111112,5.5368395137770525,8.49075946635052,0.0016255885421682325
1.0,1.0,60,0.5,20,balanced,2,80,1.7537043312851697,1.7458007245604008,0.4506806868052183,80,25.0,60.0,0.9735585809407927,0.863678214936843,0.026441419059207272,1.4659628005230991,6.068930156351155,0.988167342872622,1.4553512334643206,0.13632178506315695,0.023324710648148148,5.451121703593859,9.470317720573206,0.0014583836721587147
1.0,1.0,60,0.5,20,balanced,3,80,2.12209737965604,2.147591849005419,-1.2013807468868989,80,24.5,60.0,0.970146146596998,0.868608090860001,0.029853853403002006,1.3359022741763003,6.03827481805552,0.9910668288499326,1.3150708204524062,0.13139190913999899,0.02448468339779653,5.4966886918137385,9.076031677985572,0.0016133258303057435
1.0,1.0,60,0.5,20,balanced,4,80,2.359243667428062,2.36963703423998,-0.4405380824121756,80,23.0,60.0,0.9694958439697451,0.8744287407390376,0.030504156030254914,1.3634220176047838,6.037266418225471,0.9756857309609293,1.348245736472631,0.12557125926096235,0.025656669010782934,5.539779728019791,8.616225890848492,0.0016732269857011716
1.0,1.0,60,0.5,20,skewed,0,44,0.9359345264379623,0.9557279906443098,-2.1148342803079108,44,17.0,60.0,0.96313027253444,0.884416699527736,0.036869727465560054,1.396008689540612,4.425853633365856,0.9195357438902706,1.4129760494854906,0.11558330047226395,0.02771293115261139,4.164559452945179,7.841324154144774,0.0022679327155511334
1.0,1.0,60,0.5,20,skewed,1,44,1.3163092563473142,1.337853815964858,-1.636739961650717,44,17.0,60.0,0.9641935033266824,0.8947526235940131,0.03580649667331759,1.6545260806011757,4.4399151844286715,1.0522128919205642,1.6666985845721294,0.10524737640598691,0.03161228809411949,4.218386885657662,7.057640757725816,0.0024714461370587155
1.0,1.0,60,0.5,20,skewed,2,44,1.4446769450478454,1.4746198619121467,-2.0726375517337283,44,17.0,60.0,0.9634252617388314,0.8820046757156514,0.03657473826116864,1.4938233264387815,4.446698643458993,0.9763034300678736,1.5127692795746657,0.11799532428434856,0.028615552325581398,4.1709615896797265,8.026850255999479,0.0023967159860205254
1.0,1.0,60,0.5,20,skewed,3,44,0.9419179920651166,0.9966106025561321,-5.806515105535268,44,18.5,60.0,0.9653010396496451,0.8467629501001204,0.03469896035035491,1.5606352149771725,4.450498851790755,1.0430620846270557,1.5696075698794014,0.15323704989987963,0.020850021533161067,4.001520921892203,10.85808370914866,0.002368624384543716
1.0,1.0,60,0.5,20,skewed,4,44,1.9840839202393816,1.9857594128910527,-0.08444666249142108,44,18.0,60.0,0.9660383359517145,0.9116436620678706,0.03396166404828549,1.6666843537326455,4.444298506353636,1.0637711090066182,1.6860794830890011,0.08835633793212938,0.03902058129747083,4.292925254935352,5.815189088138562,0.00222697230565296
1.0,1.0,60,0.5,60,balanced,0,240,1.7663959652676213,1.7752887732749711,-0.5034436322437192,240,22.0,60.0,0.9695050857491601,0.8704395594911565,0.030494914250839944,1.4714387323704852,10.523616079237746,1.009313712061384,1.4585662754224995,0.12956044050884352,0.024702105448370267,9.586763556268547,8.930690644477288,0.0017829966965398375
1.0,1.0,60,0.5,60,balanced,1,240,1.5889006940795962,1.6194297845272911,-1.9213970112449053,240,23.0,60.0,0.9707719262534751,0.872584310782099,0.02922807374652492,1.4245092197248903,10.526102058151446,0.982290348487141,1.418499068381999,0.12741568921790103,0.025206429341649877,9.606980231121556,8.761263821282654,0.0016261504332088293
1.0,1.0,60,0.5,60,balanced,2,240,1.595737325462893,1.6085639960730145,-0.8038083966232139,240,23.0,60.0,0.967491610468392,0.8785962589044148,0.03250838953160795,1.3428304967320766,10.459620323395505,1.0246660325492067,1.3258862181184952,0.12140374109558516,0.02591902700294437,9.649515763621,8.29075288212396,0.0018011142052240608
1.0,1.0,60,0.5,60,balanced,3,240,2.1028430764408124,2.102170290656627,0.03199410320832088,240,24.0,60.0,0.9707640437222457,0.8842445280290059,0.029235956277754327,1.436525191332952,10.489041241857194,1.0241769761238169,1.4169683348469893,0.11575547197099412,0.027270608147373317,9.705897375465433,7.854533557296513,0.0015932650374628182
1.0,1.0,60,0.5,60,balanced,4,240,2.105518987551581,2.114638121191707,-0.43310621723390064,240,24.0,60.0,0.9705520277624072,0.875594088517711,0.029447972237592768,1.3643123910038923,10.51442368574794,0.9817803607729177,1.3482378801805488,0.12440591148228897,0.02583769064130379,9.629068131050996,8.524903019358788,0.001582994172798799
1.0,1.0,60,0.5,60,skewed,0,132,1.2027516017038178,1.2534369473257034,-4.21411582824623,132,18.0,60.0,0.9658723469420396,0.8924924647205185,0.034127653057960394,1.5551864501480646,7.716658840416088,1.0027630539090753,1.576663916405944,0.10750753527948154,0.028872779962474622,7.298096246376196,7.227458350350142,0.0021450283728590264
1.0,1.0,60,0.5,60,skewed,1,132,1.89513996858769,1.908020732952601,-0.6796735111080077,132,18.0,60.0,0.9654667108378211,0.8884226462907764,0.034533289162178904,1.5839029106956963,7.722821533567672,1.0293430064290374,1.5987736130873957,0.11157735370922361,0.027923433069027854,7.274383860994048,7.5354238779301586,0.0022365132875918053
1.0,1.0,60,0.5,60,skewed,2,132,1.0545633304662967,1.0753772631668643,-1.9737015406523128,132,18.0,60.0,0.9632943950464296,0.8878885472036696,0.03670560495357045,1.4578664122792095,7.723067684186416,1.0099938161251447,1.472559516811869,0.11211145279633039,0.028374434013587954,7.273401508987841,7.576049031114286,0.002320823141882395
1.0,1.0,60,0.5,60,skewed,3,132,1.5017436537620936,1.4933412026403887,0.5595130101369497,132,16.0,60.0,0.9615102278400457,0.8940459478248859,0.038489772159954305,1.4926413011731319,7.726762148380734,0.966918211750432,1.5096571405697543,0.10595405217511411,0.030106837030183096,7.3317182166569,7.110644755980729,0.0025492794201521763
1.0,1.0,60,0.5,60,skewed,4,132,1.4869345235405376,1.501037081870111,-0.9484316966421589,132,16.0,60.0,0.960921541728775,0.889873859047301,0.039078458271225025,1.6122737241831895,7.720578815634702,1.0560101475698511,1.6229256219008237,0.11012614095269901,0.028755864411716833,7.297364459033224,7.425286617853914,0.0028108893846705368
1.0,1.0,120,0.1,20,balanced,0,80,0.8179447805913228,0.8205279860403757,-0.3158166064933366,78,8.0,120.0,0.9192434558939336,0.8931288606024932,0.08075654410606636,1.369011400904142,5.457899888768333,0.9509364413147708,1.3530514931111373,0.10687113939750681,0.005620972423669714,5.604759213112115,14.359111314631075,0.00899237093453029
1.0,1.0,120,0.1,20,balanced,1,80,0.9435033781492612,0.942452793482671,0.11134932750861302,80,9.0,120.0,0.9284223632256751,0.8592550904428115,0.07157763677432494,1.4683521758474156,5.566826697251107,1.0227611662702176,1.4740083973401186,0.14074490955718855,0.004415857488718941,5.454288182070172,19.655849973677526,0.007610368286653279
1.0,1.0,120,0.1,20,balanced,2,80,0.6318501716711483,0.6341243582262766,-0.35992497226254644,78,10.0,120.0,0.9371624394268693,0.8946574164980979,0.06283756057313072,1.4006929948720794,5.631410797399777,0.9166778699680466,1.3671378407315538,0.10534258350190207,0.006522717691484998,5.630616185551856,14.129553711976776,0.005603101946372472
1.0,1.0,120,0.1,20,balanced,3,80,0.754821432337337,0.754129699747345,0.09164188513434501,79,9.0,120.0,0.9343917489737501,0.8697592895397553,0.0656082510262499,1.489594103949226,5.645284704784556,0.9544641946987107,1.5103850070804221,0.13024071046024466,0.00469937212479489,5.467995730093913,17.969207622375144,0.006491586091889518
1.0,1.0,120,0.1,20,balanced,4,80,0.7329351605555849,0.7388712850064342,-0.8099112677783787,80,9.0,120.0,0.9353759499692422,0.8775414367696965,0.06462405003075777,1.6850433306366885,5.637324238243813,1.0317509441466908,1.6592980116940406,0.12245856323030346,0.0052825954861111125,5.5462715607095925,16.745679431081943,0.007116410603380352
1.0,1.0,120,0.1,20,skewed,0,44,0.5181515646107636,0.5215615516327529,-0.658106093831992,44,5.0,120.0,0.8606903124017007,0.8899140471825222,0.13930968759829931,1.384948798438932,3.803214238652696,1.1394962555567603,1.4080189326154078,0.1100859528174778,0.005522927922637226,4.20588368922697,14.844483441879945,0.02694489507310739
1.0,1.0,120,0.1,20,skewed,1,44,0.2530425050879089,0.2570267020626464,-1.5745168873321769,43,6.0,120.0,0.9106844147317698,0.8607362397544793,0.08931558526823025,1.450765364306006,3.9765799904425343,0.833732594324044,1.4168249162498352,0.13926376024552067,0.0034574487608644597,4.020988355379367,19.41553109722602,0.011640207616399608
1.0,1.0,120,0.1,20,skewed,2,44,0.43896796924470805,0.44255541769313983,-0.8172460634438495,43,5.0,120.0,0.8835067767112057,0.9052735979667221,0.1164932232887943,1.5091956134645073,3.906895518011225,0.9833073237739915,1.4915179778146774,0.09472640203327787,0.007429957276250881,4.314139171938556,12.556610807522063,0.020547466938518597
1.0,1.0,120,0.1,20,skewed,3,44,0.43972951338295235,0.4414597937608393,-0.39348743380344886,42,5.0,120.0,0.9108353613502354,0.8821264817133739,0.08916463864976465,1.9406009373536708,4.05310659644496,0.9763615589166558,1.994747350050925,0.11787351828662607,0.004941517586230523,4.183941888503458,16.034913912709357,0.015497081523081591
1.0,1.0,120,0.1,20,skewed,4,44,0.3326285996379867,0.34073307013634496,-2.4364923843526083,43,6.0,120.0,0.930079973135613,0.8548319146146789,0.06992002686438703,2.035144973028415,4.154879680950618,0.9454576907955617,2.0960882098475526,0.1451680853853211,0.0036881157138242892,4.034775933422546,20.3784743508211,0.010027159927936175
1.0,1.0,120,0.1,60,balanced,0,240,0.5703144382509627,0.5718904858161677,-0.2763471270407309,237,10.0,120.0,0.9277445562108064,0.8766135578298633,0.07225544378919357,1.3289831530187721,9.583040584604115,1.026541636526181,1.3180576646784534,0.12338644217013672,0.005041269009649904,9.59909607905382,16.890422157137195,0.0070151699331316856
1.0,1.0,120,0.1,60,balanced,1,240,0.6008629286990849,0.6002564454741381,0.10093537077745875,235,9.0,120.0,0.9272882138151692,0.8884695445811646,0.07271178618483076,1.442732264138699,9.624186494490619,0.9820881052240418,1.3916110481997341,0.11153045541883544,0.005639300791540756,9.73872621438163,15.06371797647771,0.00769787853742947
1.0,1.0,120,0.1,60,balanced,2,240,0.6092398578744154,0.6089438595389243,0.0485848605709763,237,10.0,120.0,0.9275033018398807,0.8817526747383208,0.07249669816011928,1.4093906200132607,9.612976590265422,1.0782817280836572,1.3795247073215926,0.11824732526167925,0.005524283460696575,9.681256985113322,16.092584052112574,0.00748467759880853
1.0,1.0,120,0.1,60,balanced,3,240,0.5938494964316462,0.5975898395430128,-0.6298469787112367,237,9.0,120.0,0.9209877222626606,0.8891058096666251,0.07901227773733943,1.3132396809668474,9.503281605027142,0.9883527981965802,1.2800553400194,0.11089419033337489,0.005681883981207061,9.737397795222908,14.967063194643437,0.008268349667684064
1.0,1.0,120,0.1,60,balanced,4,240,0.6717127852864624,0.6701799753647008,0.2281942454181432,235,10.0,120.0,0.9279963911601863,0.8825656359915449,0.07200360883981372,1.3705606218941426,9.621246836370876,0.999360964626862,1.287995676304618,0.11743436400845508,0.005208672514641123,9.627129742478127,15.9672245398297,0.0071775304414016675
1.0,1.0,120,0.1,60,skewed,0,132,0.4401871781524292,0.44437508709605833,-0.9513927600542097,128,6.5,120.0,0.9113255205314652,0.897068879056144,0.08867447946853485,1.5333607258077815,6.9298823857791545,1.0065083346325185,1.6000305783918,0.10293112094385604,0.006060182307061283,7.370977735182429,13.768992327834049,0.012121272313059078
1.0,1.0,120,0.1,60,skewed,1,132,0.6867314409602645,0.6857716028698866,0.1397690615469368,126,6.0,120.0,0.8939149554227002,0.8916941180924906,0.10608504457729984,1.327568804295734,6.682385199588723,0.98892746466938,1.3888496316306322,0.10830588190750945,0.004866565289772191,7.252206597286172,14.575296130363222,0.014997593631944863
1.0,1.0,120,0.1,60,skewed,2,132,0.3891790334662047,0.39400029159742994,-1.2388278187252124,129,6.0,120.0,0.9072886368363654,0.892192453548812,0.0927113631636346,1.6280485027870162,6.877409045911948,1.0250853257929775,1.6719422448036318,0.10780754645118795,0.005145785777355831,7.265656247479162,14.500128893361886,0.014053529713984596
1.0,1.0,120,0.1,60,skewed,3,132,0.36299298764939886,0.36673493102512156,-1.0308583093998778,127,5.0,120.0,0.8978835089998185,0.8959749808012344,0.1021164910001815,1.743186066491835,6.962187209216457,0.9989248902180586,1.7566568864076113,0.10402501919876561,0.005343720850628849,7.3157476477121355,13.932311249013715,0.01823538234746716
1.0,1.0,120,0.1,60,skewed,4,132,0.4824736826092765,0.4841003169786021,-0.33714468331798003,131,6.0,120.0,0.9053507691823721,0.8816723752370533,0.09464923081762788,1.6106445960806388,7.011994334001548,1.0158689251230244,1.6195196108191847,0.11832762476294667,0.005217621340365058,7.282104258167245,16.10497886784291,0.014501976542201584
1.0,1.0,120,0.25,20,balanced,0,80,1.2841563056857412,1.2963948657661652,-0.9530428676194992,80,22.0,120.0,0.9687590531119186,0.9273550307966383,0.031240946888081433,1.4443480701214042,6.000766658505335,1.0075179338881115,1.4201090335405142,0.07264496920336172,0.016854252739685886,5.856252544736357,9.400279305019549,0.0014986238458836113
1.0,1.0,120,0.25,20,balanced,1,80,1.2762244794896125,1.2717092490892032,0.3537959405241132,80,23.5,120.0,0.9702651622851982,0.9280662137788693,0.029734837714801787,1.346181430701311,6.009191866946695,0.9625187975002678,1.3370788645644986,0.07193378622113067,0.01713968588842007,5.8483502896543085,9.301119056352636,0.001278929329961873
1.0,1.0,120,0.25,20,balanced,2,80,1.238135379253023,1.2428076707363942,-0.3773651542200545,80,20.0,120.0,0.9655414851321716,0.9304031045177573,0.03445851486782836,1.3603799044983653,6.0125779172226705,0.9616473069662358,1.347287270654286,0.06959689548224268,0.017918860429852322,5.867717412079652,8.976353816228816,0.001702094553792497
1.0,1.0,120,0.25,20,balanced,3,80,1.1794861551406888,1.188805699283979,-0.7901359505299703,80,23.0,120.0,0.9648742264164107,0.9169480740903424,0.03512577358358926,1.2109294840985703,5.946914839341438,0.9950451633817113,1.1883921248862455,0.0830519259096576,0.014717504596665494,5.786920516971588,10.868915471626797,0.0015955847688939916
1.0,1.0,120,0.25,20,balanced,4,80,1.0630550737099482,1.06842085866136,-0.504751360875942,80,24.5,120.0,0.9698762908740681,0.9297234021551027,0.03012370912593193,1.3655658185486168,5.996056367010654,1.0146127495113428,1.3338825708702906,0.07027659784489726,0.01732341552390999,5.849513809663895,9.070645873643173,0.0013247230006055058
1.0,1.0,120,0.25,20,skewed,0,44,1.3204197114385434,1.3206961168209852,-0.02093314572990187,44,16.0,120.0,0.9678780739964123,0.9159456845811069,0.03212192600358765,1.818157250293286,4.476078081056499,0.9803996276162845,1.8462998280716163,0.08405431541889308,0.015224758486023024,4.309147391929385,11.01213534826585,0.001983572480938313
1.0,1.0,120,0.25,20,skewed,1,44,0.774652042302552,0.7881728146235106,-1.7453994287254284,44,15.0,120.0,0.9566392810446503,0.9415240179711627,0.04336071895534965,1.512309262080126,4.375517652082648,1.045215109051147,1.5438920703843553,0.0584759820288373,0.021767115804361446,4.417716834922233,7.452935569908536,0.002917802562358453
1.0,1.0,120,0.25,20,skewed,2,44,0.9047252837058161,0.913293699445986,-0.9470737575801094,44,14.0,120.0,0.9573356734637649,0.9186184148130356,0.042664326536235087,1.6691433000152587,4.405550627433093,1.0410453840028608,1.6685567222641706,0.08138158518696437,0.014117728275976823,4.312708943958424,10.630954120839519,0.0031317505271747457
1.0,1.0,120,0.25,20,skewed,3,44,0.8458848363268473,0.8483562151970787,-0.29216493358162976,44,16.5,120.0,0.9566946851457858,0.937516154456491,0.04330531485421413,1.316475027217901,4.350765892371,1.0011350795389076,1.3415986387628738,0.06248384554350905,0.019474632468091772,4.3910047192724875,7.997794416212448,0.00254488529305426
1.0,1.0,120,0.25,20,skewed,4,44,1.0284097484438601,1.0275854393812005,0.08015375815981202,44,15.5,120.0,0.9612658434287225,0.9095951522629915,0.0387341565712776,1.4932702644479687,4.443991035764403,0.9376143626365191,1.5027149573179217,0.09040484773700852,0.014268680628964057,4.3020222136455155,11.92682447949587,0.002357023918421667
1.0,1.0,120,0.25,60,balanced,0,240,1.2554690059640137,1.2610987872939863,-0.44842057456048223,240,25.0,120.0,0.9714157755525457,0.9258762633192892,0.028584224447454343,1.3905791528172045,10.418317630516912,1.001042590915865,1.3607905529894726,0.07412373668071082,0.015863464798753165,10.106635168666017,9.606951548576328,0.001223342748878658
1.0,1.0,120,0.25,60,balanced,1,240,1.3496941695250828,1.348281565779602,0.10466102450290385,240,24.0,120.0,0.9726170317351703,0.928355149006,0.027382968264829666,1.5135490065123975,10.474037428687753,1.0035814713672975,1.4852608720523657,0.07164485099399998,0.016819943162740842,10.16499818662828,9.260876215837563,0.001221236347202274
1.0,1.0,120,0.25,60,balanced,2,240,1.456143709827217,1.463017511375005,-0.4720551619595075,240,23.0,120.0,0.969307551823284,0.9261063558150348,0.030692448176716014,1.3891827451519723,10.447140230553318,1.003583896298204,1.378021244508211,0.07389364418496525,0.01661379047092115,10.161393182024382,9.574750509504998,0.0013993625782488907
1.0,1.0,120,0.25,60,balanced,3,240,1.2342768552344376,1.236224032431345,-0.15775854409401893,240,23.0,120.0,0.9702053322497862,0.9297373571233782,0.029794667750213777,1.45321138281302,10.487256351863383,1.0117469824709857,1.4324160946753965,0.07026264287662176,0.018136747271537138,10.205130554728736,9.068708577314629,0.0013795862450748035
1.0,1.0,120,0.25,60,balanced,4,240,1.268995138228078,1.2748094751100876,-0.4581843308027387,240,24.0,120.0,0.9703730434662038,0.9298448269401709,0.02962695653379621,1.3930452104971982,10.471485648141392,1.007593947376597,1.3750737499516443,0.0701551730598291,0.018023030853704994,10.193971980987966,9.053791044773076,0.0013114593843658573
1.0,1.0,120,0.25,60,skewed,0,132,1.1549420031400852,1.1596026267400246,-0.40353745792151735,132,15.0,120.0,0.9592632683101885,0.9292188514965879,0.04073673168981151,1.548827242900717,7.686320470818978,1.000821537939154,1.5711477081487062,0.0707811485034121,0.0167613622642348,7.599735071221629,9.140729126114426,0.002654223798691053
1.0,1.0,120,0.25,60,skewed,1,132,1.2491358437946627,1.242183008935097,0.5566115882516219,132,16.0,120.0,0.9611685607352791,0.9836065573770492,0.03883143926472088,1.5011473018442516,7.696051542503955,0.9841251032019276,1.5224617715358388,0.016393442622950838,0.018937075275925072,7.647084852783661,2.0,0.002268640250891411
1.0,1.0,120,0.25,60,skewed,2,132,0.9152370953211088,0.9179086513999776,-0.2918977052532503,132,15.0,120.0,0.958395492227393,0.9298200786768664,0.04160450777260705,1.484298480933199,7.669145731586008,0.9806926202063057,1.506072998312988,0.07017992132313355,0.017407655160328904,7.613159674578987,9.057225964360697,0.0026549608455130424
1.0,1.0,120,0.25,60,skewed,3,132,1.1147231688477832,1.1220684194459616,-0.6589304684292758,132,16.0,120.0,0.9642956586873785,0.9319644848669164,0.03570434131262146,1.6534725400757262,7.695533069594958,0.9963870615935175,1.681888816849663,0.06803551513308359,0.017454805322360586,7.616708763831064,8.760271392890973,0.0021886421247369068
1.0,1.0,120,0.25,60,skewed,4,132,0.9537089434153183,0.9510825535174091,0.2753869423205635,132,15.0,120.0,0.9569373301781612,0.9312015858422655,0.04306266982183882,1.5126274579768282,7.662078414323768,1.039341501268729,1.5397476677321824,0.06879841415773447,0.017778117229065464,7.628357241036393,8.865759921854968,0.00288915434654202
1.0,1.0,120,0.5,20,balanced,0,80,1.8751508670294421,1.8927315692645197,-0.9375620140329506,80,44.5,120.0,0.985744200551254,0.9397337097358585,0.014255799448745943,1.5599697249369024,6.1722619526347,1.0019954432061409,1.5571571318167148,0.06026629026414154,0.028749684826242388,5.929355153546129,7.695749079523555,0.00042144883859375856
1.0,1.0,120,0.5,20,balanced,1,80,1.8226374765060664,1.8244649464052092,-0.10026513350564523,80,48.0,120.0,0.9835082092183354,0.933951718666047,0.016491790781664628,1.2700371527304184,6.153791073808523,1.0158218876098697,1.2620788866951576,0.06604828133395302,0.02625608655283052,5.888362456587692,8.48629923974515,0.0004599625498569351
1.0,1.0,120,0.5,20,balanced,2,80,2.091976335349956,2.110295151075952,-0.8756703131123831,80,46.0,120.0,0.9837766242368411,0.9225030359031663,0.01622337576315891,1.3938838815891292,6.165371700587337,1.0537102968613064,1.3896986185628126,0.07749696409683371,0.02295500075084974,5.832115406269245,10.08087272310747,0.0005047300116140923
1.0,1.0,120,0.5,20,balanced,3,80,1.7610413876697624,1.7554979582219337,0.31478132692632854,80,46.0,120.0,0.9849124141987359,0.9296466211676448,0.015087585801264125,1.3956555499306744,6.168296650760562,0.9808411291686774,1.3919341676570995,0.07035337883235515,0.024602188910132442,5.864377006778659,9.081306022796998,0.00043947133636543337
1.0,1.0,120,0.5,20,balanced,4,80,2.023448078204217,2.042384240301454,-0.9358363232153019,80,45.0,120.0,0.9846350943080218,0.9405670748202853,0.015364905691978237,1.4826121742717024,6.164531384269962,1.0362173313414185,1.4756513175369808,0.05943292517971466,0.029407194971870602,5.936199693709775,7.5826075699369575,0.00045388979570989415
1.0,1.0,120,0.5,20,skewed,0,44,1.0028968592263197,1.0125329565026935,-0.9608263489634964,44,41.0,120.0,0.9816378178642761,0.9327854202725967,0.018362182135723937,1.2748661805566988,4.531055824999436,0.9841157296046402,1.2839348728168838,0.0672145797274033,0.02579620698261687,4.35178421598195,8.646950726278797,0.0005463883863233022
1.0,1.0,120,0.5,20,skewed,1,44,1.1744098493224775,1.191712350533502,-1.473293264783713,44,32.0,120.0,0.9790236191638848,0.934573421481613,0.020976380836115194,1.484001335124579,4.538256027351025,1.0241324481627767,1.4937184942331956,0.06542657851838696,0.027261155033865787,4.374438357735196,8.400826774807769,0.0007696683938067771
1.0,1.0,120,0.5,20,skewed,2,44,1.0616776316582361,1.0787362908245608,-1.606764488357987,44,35.5,120.0,0.9825428358376938,0.9333371950413129,0.017457164162306305,1.501138264875311,4.542069526717169,0.9521780955915133,1.5099142641375456,0.06666280495868715,0.025849030212493147,4.3629851548087455,8.570896603652852,0.0005723470296295547
1.0,1.0,120,0.5,20,skewed,3,44,1.4591049487052659,1.4559548612161664,0.21589176925859455,44,32.5,120.0,0.9777053948340431,0.9385789515296894,0.022294605165956938,1.3864132176380344,4.530013793681017,1.0325233911751401,1.393558729927583,0.0614210484703106,0.029233663549252206,4.393045637749412,7.852856495902488,0.0007994012019829092
1.0,1.0,120,0.5,20,skewed,4,44,1.5554384828103438,1.582545183844536,-1.742704795705974,44,39.0,120.0,0.9842127095980507,0.9334263312410521,0.01578729040194926,1.5806295920017108,4.545478613999584,0.9972290601146923,1.5940857882844428,0.06657366875894788,0.025675842729621798,4.35527801317304,8.558618911523567,0.0005077505143516809
1.0,1.0,120,0.5,60,balanced,0,240,1.7348194883523782,1.7457112175960265,-0.6278306945924741,240,46.0,120.0,0.9842379029637399,0.9329902063646363,0.01576209703626008,1.3596452013803355,10.71215014136305,0.9936381414892345,1.348827808163665,0.06700979363536375,0.025236926502208275,10.223444823586048,8.618713445638212,0.0004511169736678754
1.0,1.0,120,0.5,60,balanced,1,240,1.951934422580971,1.9593703024148816,-0.380949264887624,240,49.0,120.0,0.9840582800494638,0.9412261732421844,0.01594171995053617,1.3222061531101672,10.691202880274915,1.0439249781738529,1.3151002292558265,0.05877382675781562,0.028948615277858487,10.314658447561058,7.493267199150772,0.0004360224196469477
1.0,1.0,120,0.5,60,balanced,2,240,1.5873590729087748,1.5913460899979355,-0.251172980153423,240,47.0,120.0,0.9845789134300841,0.9344805133314951,0.01542108656991592,1.3461826554052796,10.720325226605203,0.9845810535065408,1.3374857743059048,0.06551948666850493,0.026526375410016012,10.253624124956172,8.413592673206992,0.0004340080849427463
1.0,1.0,120,0.5,60,balanced,3,240,1.9044414002149743,1.9149136958100859,-0.5498880455932862,240,47.0,120.0,0.9854790022277683,0.93242288495005,0.014520997772231703,1.4395798632675847,10.731862058201767,0.993407755267734,1.4344341117986974,0.06757711504995001,0.02559441934307041,10.229741137557511,8.696969944520859,0.0004204300889543201
1.0,1.0,120,0.5,60,balanced,4,240,1.7754930131288014,1.785470951788485,-0.5619812967948763,240,45.5,120.0,0.9846453019666819,0.9324210390407992,0.015354698033318182,1.423937875005771,10.723870498579775,1.0062052697569532,1.4182910637435677,0.0675789609592008,0.025161064005678885,10.217735672065825,8.697224725266253,0.00045062567229165883
1.0,1.0,120,0.5,60,skewed,0,132,1.201943861661517,1.202464250591887,-0.04329561030002034,132,33.0,120.0,0.9809891063444371,0.9379111777065965,0.019010893655562855,1.553644962975935,7.920876962950535,0.9966036052593716,1.5583685186872598,0.06208882229340351,0.027303688791005903,7.643877497134066,7.943885148513706,0.0006667654781637943
1.0,1.0,120,0.5,60,skewed,1,132,1.15873554001223,1.1705596685203283,-1.0204337486682806,132,37.5,120.0,0.9833290940083514,0.9338665624335649,0.0166709059916485,1.5471735722460247,7.934516387456769,0.9880879633984695,1.554461446554672,0.06613343756643508,0.026133186723040408,7.612937006817249,8.498015484451791,0.0005442860272555224
1.0,1.0,120,0.5,60,skewed,2,132,1.540835837013028,1.5474460263280891,-0.4290002319698966,132,35.0,120.0,0.9820496842448514,0.9436001324644789,0.017950315755148605,1.5788421888929245,7.922369258981674,1.0132319522032691,1.5838067893320043,0.056399867535521064,0.030396563372807814,7.6866449263838845,7.172512880626696,0.0006054145957048855
1.0,1.0,120,0.5,60,skewed,3,132,1.3718319803397547,1.3774775728014395,-0.41153672917630246,132,38.0,120.0,0.9828135732708856,0.9336690581941528,0.017186426729114412,1.512312966842102,7.923653978008934,1.0100431917325812,1.519994105738685,0.0663309418058472,0.02578685628416266,7.609448552715487,8.525197388566005,0.0005601536682289572
1.0,1.0,120,0.5,60,skewed,4,132,1.2766508301436914,1.2850841313121113,-0.660580087311007,132,33.5,120.0,0.9796319691527808,0.9402571428766502,0.02036803084721911,1.4816025118667615,7.899747646872256,1.0373424062984162,1.4896560920044708,0.05974285712334981,0.028440071904905717,7.6680355508072635,7.624661943932154,0.000716161259988632
1.0,0.95,30,0.1,20,balanced,0,80,0.5947233909655536,0.618903479107461,-4.065770492505806,66,1.1410277288748145,15.707224721141241,0.4533332238034136,0.5487313394521582,0.5466667761965863,0.5775655338762102,1.8517539528633493,1.2410960146384948,0.901996899543991,0.45126866054784176,0.003084600870872216,2.3312600471817593,12.917392813594429,0.17323047888784415
1.0,0.95,30,0.1,20,balanced,1,80,1.2193323084634244,1.1821335235918042,3.0507503666902167,68,1.2893521727193271,15.707224721141241,0.30365096291477445,0.4760755789529884,0.6963490370852256,0.0,-0.08176005884574451,1.5523746054965661,0.5250168090794356,0.5239244210470115,0.0024744013912544336,2.057834689869966,17.285907914826844,0.0006792152612648863
1.0,0.95,30,0.1,20,balanced,2,80,1.3104598529084397,1.2870754400411673,1.78444328648245,66,1.0703838055773367,15.707224721141241,0.48718721481943406,0.5129212412867691,0.5128127851805659,0.5995472207152279,2.068371881699525,1.034554659982917,0.918282872341048,0.4870787587132309,0.003269190422076798,2.4635191446185867,14.91584848545168,0.15844270249657463
1.0,0.95,30,0.1,20,balanced,3,80,0.6908758576512688,0.6775713641649064,1.925743002743351,71,1.0295084350061368,15.707224721141241,0.3608848899689856,0.6333280964050836,0.6391151100310144,0.1712843512609048,0.559682936152629,1.4624670318951192,0.8023305952666864,0.3666719035949164,0.005214361291269931,3.110816570669248,9.0938614935697,0.07066525954021102
1.0,0.95,30,0.1,20,balanced,4,80,0.5849716422225709,0.5923501057367091,-1.2613369574812328,64,1.005803911377666,15.707224721141241,0.2188622982392338,0.6193539788048333,0.7811377017607662,0.0,-0.2536560882346754,1.4380592274882056,0.4005991041169211,0.38064602119516666,0.0056105116700017775,3.33110952752906,9.653433736969344,0.0008129148538436452
1.0,0.95,30,0.1,20,skewed,0,44,0.9649069619878947,0.9772180500935352,-1.2758834365001681,31,0.8496977737868738,15.707224721141241,0.669189452716295,0.6410923470969914,0.33081054728370496,1.8485873255118155,2.442236169326188,0.9437518321429488,2.249376018175927,0.35890765290300863,0.006111480044915714,2.805060694832215,8.793496262765437,0.2030885452420307
1.0,0.95,30,0.1,20,skewed,1,44,0.3573454096660223,0.36505972934362085,-2.1587851610598325,29,0.8114309832404167,15.707224721141241,0.3570007714348079,0.6278323317401358,0.6429992285651922,0.22245637025303688,0.5223803329169849,1.2092639223714852,0.8280609452902203,0.37216766825986425,0.0056852187813212504,2.640367836943924,9.31095915863157,0.09276159581299653
1.0,0.95,30,0.1,20,skewed,2,44,0.6826336850834074,0.6784042718170636,0.6195728922792567,32,0.6333547874084675,15.707224721141241,0.32840708394108054,0.7055374159738593,0.6715929160589196,0.05940970235189713,0.11474295863734535,1.5257568021982162,1.1788711636873126,0.2944625840261407,0.005007344811372394,2.58952080484767,6.555555913193261,0.02723015450964789
1.0,0.95,30,0.1,20,skewed,3,44,0.40990471685455504,0.41242814759151225,-0.6156139788585526,36,0.8553622272839068,15.707224721141241,0.5600021706848346,0.635499223385906,0.4399978293151654,0.8370202731576661,1.711750241380532,0.973538738489034,1.4485840287657368,0.36450077661409397,0.0040213091068198375,2.170665321680391,9.009130772503555,0.16257980041885314
1.0,0.95,30,0.1,20,skewed,4,44,0.5000195714998195,0.5107721813276939,-2.1504377909892045,33,0.5440962873483431,15.707224721141241,0.4531417853028915,0.5269608914233544,0.5468582146971085,0.7125571847608754,1.4300869053311254,0.9480459150219182,1.4504650008842432,0.47303910857664555,0.002785923953914311,1.9636410907911868,14.099967760856883,0.2137164051052038
1.0,0.95,30,0.1,60,balanced,0,240,0.7664026311360507,0.7650914037418817,0.17108858201926422,202,1.0615670576167784,15.707224721141241,0.43334689991819797,0.5328428539549733,0.566653100081802,0.3709168775164291,2.010948358961755,1.3212841753639328,0.9518474935310767,0.46715714604502667,0.002798911683568493,3.903582343037752,13.770931182716566,0.11971065044663962
1.0,0.95,30,0.1,60,balanced,1,240,0.9013345413832654,0.9008473586011727,0.05405127172259772,202,1.0993744925980797,15.707224721141241,0.4479842448960538,0.5456439106910594,0.5520157551039462,0.39351321661103045,2.309371377385701,1.2188171788862279,0.8997191839460373,0.45435608930894056,0.004213729749979912,4.968995472032857,13.079360107136237,0.12078177595395045
1.0,0.95,30,0.1,60,balanced,2,240,0.4931013177248557,0.49240266604439686,0.14168521870563916,203,1.202565630927523,15.707224721141241,0.41489006109971777,0.4656011618038057,0.5851099389002822,0.3345486824785222,1.947833884221114,1.3547234498470893,0.7987991619673138,0.5343988381961944,0.0025648560537525024,3.6342039212383876,18.028139383813308,0.11526643642929593
1.0,0.95,30,0.1,60,balanced,3,240,0.7238660846119692,0.743430413428362,-2.702755279228247,187,0.9844350167884643,15.707224721141241,0.4122260622160939,0.5931486570214543,0.5877739377839061,0.4021032498696142,2.0356843075549285,1.3398261047683115,0.9545770830610273,0.40685134297854575,0.0041411512079036865,5.054956354936139,10.773868231199557,0.13960338429881322
1.0,0.95,30,0.1,60,balanced,4,240,0.5650698665542497,0.6008261726185058,-6.327767269257361,197,1.2125997369194983,15.707224721141241,0.49229262828334996,0.44141876343604325,0.50770737171665,0.560519796176961,3.086548189405576,1.25485175048622,1.0034250474599333,0.5585812365639568,0.0024877708141908305,3.5320708127191374,19.87627562414267,0.145259597179464
1.0,0.95,30,0.1,60,skewed,0,132,0.5199532890304834,0.5129812925571567,1.3408890029961793,100,0.6950569593306675,15.707224721141241,0.37930621840353707,0.5648274050321043,0.6206937815964629,0.35552682230419386,1.1578039562392326,1.3456541268154116,1.1831429233762203,0.43517259496789573,0.003255795728832951,3.632066999390527,12.10166801530177,0.13758710442510064
1.0,0.95,30,0.1,60,skewed,1,132,0.36229205389599745,0.35362511748958436,2.392251310292631,102,0.6330624526274924,15.707224721141241,0.31782326289681173,0.588102631609851,0.6821767371031883,0.005838853833545432,0.022981391609225885,1.2091519913116866,0.8898685158166045,0.411897368390149,0.0028264736814726044,3.472837314102437,11.001080729124894,0.003196736749769337
1.0,0.95,30,0.1,60,skewed,2,132,0.8477686947364634,0.8385705101435548,1.084987526670586,93,0.6302494097246091,15.707224721141241,0.3778542708974668,0.5670560974733276,0.6221457291025332,0.4667990562998352,1.3958890758197102,1.3652467686087053,1.3156213752744463,0.43294390252667236,0.002707359348849315,3.4704075689974974,11.992371123307034,0.1811891891939247
1.0,0.95,30,0.1,60,skewed,3,132,0.5660206060798885,0.5780660566932484,-2.128094010001436,94,0.7759839552089842,15.707224721141241,0.4006989220655627,0.540270784304889,0.5993010779344374,0.41348753988790765,1.3628518949651733,1.3683021300241878,1.1789727829028533,0.45972921569511105,0.003011841474818325,3.526114794716462,13.36564980297377,0.14914547722873295
1.0,0.95,30,0.1,60,skewed,4,132,0.3673714968679405,0.3672720903361557,0.027058858031258955,92,0.7515918886217745,15.707224721141241,0.44742114955411705,0.5464128776938979,0.552578850445883,0.7077574028595739,2.378186655722918,1.1588833081935594,1.2484917586648863,0.4535871223061021,0.003495932370604092,3.7398783252673686,13.038848737874988,0.21682829941952259
1.0,0.95,30,0.25,20,balanced,0,80,1.5675867909670267,1.563419847100921,0.2658190213209866,75,2.9353768107343328,15.707224721141241,0.7160666631536801,0.5900439539838583,0.28393333684632,0.8441039835849532,3.4418713957573823,1.177874103751743,1.0125350321685078,0.40995604601614166,0.00980750934846368,3.258776603833185,10.913206884147165,0.06969838178688881
1.0,0.95,30,0.25,20,balanced,1,80,1.1394530554571956,1.1613666131733984,-1.9231645929818693,79,2.6411647267926774,15.707224721141241,0.692616790867892,0.5762754223832426,0.3073832091321081,1.0090111327018187,3.70369428925719,1.2903483731953482,1.1010321674775894,0.4237245776167574,0.011585095065994751,3.482573582287899,11.549229590553153,0.09741586619439725
1.0,0.95,30,0.25,20,balanced,2,80,1.2094818621467804,1.233620358490657,-1.9957716687897926,78,2.9500860588873694,15.707224721141241,0.7334825511525129,0.667952141218415,0.266517448847487,1.0535178180920557,3.856201064129017,1.1251768331419918,1.0496786171594743,0.33204785878158505,0.014138405713080577,3.793640340912609,7.808269506468555,0.07639184509800291
1.0,0.95,30,0.25,20,balanced,3,80,1.1959002837460642,1.1710596516155258,2.0771491125269237,77,2.875591324149191,15.707224721141241,0.6673487630517569,0.5260768511281826,0.33265123694824306,0.7786933367311809,3.349057108269575,1.2005402888700742,0.8378666863627227,0.4739231488718174,0.007893023787657171,2.919159347017621,14.150056943042948,0.08794054622422345
1.0,0.95,30,0.25,20,balanced,4,80,1.1689374249569615,1.1650086846564451,0.33609500531313946,76,3.086867863452559,15.707224721141241,0.7847575431015075,0.58842604164566,0.21524245689849247,1.351385238850858,4.079111101921076,1.1725620904701104,1.3849312103287683,0.41157395835433996,0.009261652332268989,3.1440672105384744,10.98640134138415,0.06417761297172805
1.0,0.95,30,0.25,20,skewed,0,44,0.8424884060347956,0.883486801819083,-4.86634539901243,39,2.1284069198641475,15.707224721141241,0.7652627014462104,0.7484646576131879,0.23473729855378955,1.354942760436208,2.889961095402102,1.0182861783529005,1.5597136138158905,0.2515353423868121,0.020196266975377665,3.337498182646471,5.278702351528704,0.07593733149031119
1.0,0.95,30,0.25,20,skewed,1,44,0.5381829803134154,0.5837806569430357,-8.47252297035966,41,2.1148671041716804,15.707224721141241,0.7258288428445061,0.6104893253849365,0.27417115715549384,0.9942444074784236,2.444335981177109,1.1441293165492508,1.4332708354853991,0.3895106746150635,0.009411549046077397,2.5231702313442654,10.021684971484824,0.07616508326419398
1.0,0.95,30,0.25,20,skewed,2,44,0.661406486167479,0.708873490737986,-7.176676607082378,40,1.77659086850942,15.707224721141241,0.7461183866169758,0.7188644303771328,0.2538816133830241,1.7075248861777288,3.048600349316277,1.2005430268296344,1.9873527381352873,0.28113556962286723,0.01648593656606194,3.138265699192111,6.1428266340230016,0.11136301066198352
1.0,0.95,30,0.25,20,skewed,3,44,0.8163793377464744,0.8428841647550724,-3.2466312880678347,43,2.0466340464408006,15.707224721141241,0.7492795431669568,0.6796865398575636,0.2507204568330432,1.1596147197749014,2.858245878941943,0.964635400394461,1.4091215506968,0.32031346014243645,0.01458474623396744,2.9990556206138015,7.402287973391267,0.07439065342642409
1.0,0.95,30,0.25,20,skewed,4,44,0.7945509573150699,0.8013840671889494,-0.8599964308104079,44,2.220508643868471,15.707224721141241,0.7377034283476932,0.6992767819263969,0.2622965716523068,1.058811778920243,2.563540990932093,1.2081496493706054,1.5329120738801492,0.30072321807360314,0.015670611636624712,3.019735932858655,6.75487487534518,0.07426287518996703
1.0,0.95,30,0.25,60,balanced,0,240,1.3109891495115988,1.2965744609320045,1.0995276799174492,235,2.6378284488392163,15.707224721141241,0.7596997223404035,0.6474112238397315,0.2403002776595965,1.16830666659982,6.952963221664433,1.042347292712327,1.2492885254929826,0.3525887761602685,0.012841796439281095,6.412624746812973,8.554363806754917,0.06905943850842201
1.0,0.95,30,0.25,60,balanced,1,240,1.3678287868276902,1.3718838985991788,-0.2964634032080425,233,2.763782962341967,15.707224721141241,0.7599677456375521,0.627661734848353,0.2400322543624479,1.1228560474036335,6.783518019442053,1.0920262522842694,1.251052870286827,0.37233826515164703,0.012448371453093039,6.2815476420266725,9.317759038520654,0.06641968339359221
1.0,0.95,30,0.25,60,balanced,2,240,1.4869701609563017,1.4648118347144923,1.4901661663176202,235,3.0220048000912234,15.707224721141241,0.7538068129429066,0.6099872509141937,0.24619318705709337,1.1119089531664708,6.841351515542933,1.1093022181862995,1.1239286953901324,0.3900127490858063,0.010230840106818245,5.731062024747889,10.04286218247957,0.06895022098582312
1.0,0.95,30,0.25,60,balanced,3,240,1.4076298520980088,1.445092123447452,-2.661372326937186,232,3.224280817755123,15.707224721141241,0.7559856665672331,0.6474441213674613,0.24401433343276685,1.0471969646603148,6.585348159828563,1.193374631449009,1.1466798129045954,0.3525558786325387,0.013736600180333021,6.432513469184114,8.553131042018897,0.06406064316234095
1.0,0.95,30,0.25,60,balanced,4,240,1.3940822610764803,1.3783712762685865,1.1269768826813782,230,3.08495389500757,15.707224721141241,0.7418989581996361,0.6586660530925261,0.25810104180036386,0.9570446024825131,6.794137735903476,1.0314546797595525,0.9612419571143135,0.3413339469074739,0.014439630248275227,6.63314581704012,8.13979858815745,0.06543696957639088
1.0,0.95,30,0.25,60,skewed,0,132,1.1929737864295686,1.2063316362685481,-1.1197102560784642,127,2.0401843619553084,15.707224721141241,0.7234993319729811,0.6973023799638512,0.2765006680270189,0.8900421591113606,3.927948027854577,1.0372519612729032,1.3303681121848077,0.30269762003614875,0.011213418126198933,4.800125515768197,6.818475997040039,0.06907349341572444
1.0,0.95,30,0.25,60,skewed,1,132,0.801105415541815,0.8256176329376419,-3.0597992374384866,123,2.2807466570425854,15.707224721141241,0.7630300392378644,0.645660637120335,0.23696996076213567,1.3945508598807335,5.001582736101198,1.156491214981798,1.6327283264187573,0.35433936287966505,0.011300973636091708,4.758316377624313,8.620144516041803,0.07972958144329341
1.0,0.95,30,0.25,60,skewed,2,132,0.9333448858888225,0.9491201073324513,-1.6901813769093672,126,1.9353378137828035,15.707224721141241,0.7299964932685787,0.6693280125833401,0.27000350673142126,1.12086237069105,4.652083773694666,0.9852976113038772,1.3764797779868705,0.33067198741665993,0.011561833243072025,4.844831909479448,7.75993103186183,0.08297720601071265
1.0,0.95,30,0.25,60,skewed,3,132,1.15122347142761,1.1139713287748447,3.235874144102496,122,1.9519822532888051,15.707224721141241,0.6780515654739103,0.6615419531879307,0.3219484345260896,0.9993097652890243,4.137947026136255,1.2032263151356761,1.298251618620896,0.33845804681206926,0.010073405170011061,4.647506343609684,8.036129189293423,0.10473319845693282
1.0,0.95,30,0.25,60,skewed,4,132,0.9680274869499673,1.0044315579095433,-3.7606443463993844,128,2.4897565215785953,15.707224721141241,0.705212510445067,0.671711755904479,0.29478748955493295,0.8048552821088294,3.7543091406930476,1.2236524154360717,1.176135269085239,0.32828824409552104,0.010786905116257501,4.61270703154356,7.6766517453216965,0.07110419255428771
1.0,0.95,30,0.5,20,balanced,0,80,1.7288330088518657,1.736285875684963,-0.43109234928634516,80,5.825748819305225,15.707224721141241,0.8800333229139019,0.5620092669025885,0.11996667708609815,1.2501859820575756,5.11745847668242,1.0204592203735614,1.285148246551155,0.43799073309741154,0.015137244577376792,3.3942656381742364,12.241112870707989,0.02089654783707164
1.0,0.95,30,0.5,20,balanced,1,80,1.7142708430400226,1.735112230152203,-1.2157581281159224,80,6.004892937921348,15.707224721141241,0.8833549519306527,0.536538670579964,0.11664504806934733,1.3887402277406715,5.336920295363662,1.0862184926571294,1.3705494000039908,0.46346132942003604,0.01462678784594078,3.3075001480565573,13.56787804854866,0.022037074345728245
1.0,0.95,30,0.5,20,balanced,2,80,1.7307579005381646,1.7704670560994007,-2.294321785206867,79,5.4742406742383425,15.707224721141241,0.8691418942767387,0.5775889683563886,0.1308581057232613,1.4030470715605676,5.313488471965844,1.099762164734081,1.3343356382663538,0.4224110316436114,0.01590508095672715,3.471289124520152,11.48724328581945,0.02686351971152152
1.0,0.95,30,0.5,20,balanced,3,80,1.2840758352440824,1.3394515611015083,-4.312496531554139,80,5.150600669308364,15.707224721141241,0.8515516564315533,0.5885112890863508,0.14844834356844672,1.2511416025777835,5.00096675564434,1.1777124206049692,1.3116494800164766,0.41148871091364925,0.017191883726678257,3.6204267549047255,10.982534697962377,0.03048227640632507
1.0,0.95,30,0.5,20,balanced,4,80,1.4209372122319586,1.4573094451106057,-2.559735403193141,80,5.380050247730944,15.707224721141241,0.8280672285399554,0.6725303477691909,0.1719327714600446,1.1029560565040621,4.933946783035651,1.1452667621949797,1.0267660212876188,0.32746965223080915,0.02464121613336315,4.190824280984315,7.648189310720237,0.03524678396522062
1.0,0.95,30,0.5,20,skewed,0,44,1.3835229456777944,1.4037980081338362,-1.4654662952560475,44,5.25400602276442,15.707224721141241,0.8336534058511882,0.6709712393197022,0.1663465941488118,0.9500788447370079,3.203530938993874,1.2014768050246016,1.1463638941373693,0.32902876068029785,0.024508417969246517,3.0988494449733515,7.702459331884338,0.02894309114322896
1.0,0.95,30,0.5,20,skewed,1,44,0.8663729152487917,0.9303373379105281,-7.3830127345760905,43,4.433789862357333,15.707224721141241,0.8302702571782713,0.7308245751757145,0.1697297428217287,1.1885556774945243,3.5052505376126533,1.1835877663302115,1.306748936212315,0.26917542482428547,0.03143245576432746,3.398796190682005,5.785244545323561,0.03651758399984186
1.0,0.95,30,0.5,20,skewed,2,44,1.130279749001199,1.1776373410418608,-4.189900074075507,44,4.227709894610699,15.707224721141241,0.8746029683868599,0.5069545717811867,0.12539703161314003,1.5731114279905871,3.9129544294506537,0.9981319188435449,1.6490129045111337,0.49304542821881325,0.013365783415914921,2.439560003842228,15.276270833408844,0.02798539678453533
1.0,0.95,30,0.5,20,skewed,3,44,1.3057957411498649,1.2556776566794507,3.8381258945048207,44,3.7491280492512065,15.707224721141241,0.7952571850323071,0.6111244690809474,0.20474281496769292,1.096706608073041,3.4588430157226124,1.1536493489075432,1.1952160519103632,0.3888755309190526,0.01746013771980904,2.8177374305328997,9.994944829953457,0.048613919553975794
1.0,0.95,30,0.5,20,skewed,4,44,1.8577242953135413,1.7995653761495387,3.130653957140972,44,4.674574466155346,15.707224721141241,0.874379319525989,0.5374280584781066,0.12562068047401104,1.481129431737287,3.708937453467831,1.1206879611555283,1.669007432024553,0.4625719415218934,0.015138841394834197,2.5732536385433904,13.519430778798778,0.026612345295343003
1.0,0.95,30,0.5,60,balanced,0,240,1.8799613590030642,1.9183807127717467,-2.043624651362844,240,5.874145932067288,15.707224721141241,0.8790354368390922,0.6276440985236811,0.12096456316090781,1.330062859259382,9.128370249498793,1.0602188490038118,1.3115995186368388,0.3723559014763189,0.019865132086312107,6.651784574574369,9.3184622216455,0.0222163248096406
1.0,0.95,30,0.5,60,balanced,1,240,2.1408046351108228,2.1707266177996556,-1.3976979588930996,239,5.27984417190442,15.707224721141241,0.8512540669820565,0.6321858327320313,0.14874593301794342,1.2042675247294148,8.865188376224781,1.0836572838831684,1.174589847915937,0.3678141672679687,0.020015048249452348,6.6932707097111575,9.138673285243161,0.02935262466589792
1.0,0.95,30,0.5,60,balanced,2,240,2.088753616567944,2.0972114895708494,-0.40492439777567885,240,5.44975363391011,15.707224721141241,0.8806411269709336,0.6187328973406747,0.11935887302906645,1.4276565622264585,9.178743790251708,1.019107197668753,1.3797721609729396,0.3812671026593253,0.0175707755964176,6.317193172646797,9.678890658615,0.02289333596387839
1.0,0.95,30,0.5,60,balanced,3,240,1.7231616797475848,1.7178462362487485,0.3084703868075169,240,5.448562769070833,15.707224721141241,0.8553892062149862,0.621788763806682,0.1446107937850138,1.181646540601792,8.884603048390622,1.0567712324404896,1.1472993593806244,0.378211236193318,0.019181397752277424,6.572382986357807,9.554127100302598,0.027454704159476113
1.0,0.95,30,0.5,60,balanced,4,240,1.9625764743761642,1.9617789252577706,0.040637861953740924,239,5.830839002219832,15.707224721141241,0.8649484550596424,0.5815369193268366,0.13505154494035765,1.1880540765468273,9.041804129293707,1.0476704233160554,1.1507609166769515,0.4184630806731634,0.015960474813317235,6.028507053657721,11.302624867296384,0.024463683298632806
1.0,0.95,30,0.5,60,skewed,0,132,1.1459671838482575,1.184748349601138,-3.3841427834477735,132,4.518229377099098,15.707224721141241,0.8623241816964378,0.6365424690864602,0.13767581830356218,1.4088970652342017,6.539934216780711,1.0906196076023826,1.5121674951719766,0.36345753091353983,0.01916729186150337,4.985932626781911,8.968622506591432,0.029237149555796357
1.0,0.95,30,0.5,60,skewed,1,132,1.1188987242021868,1.1284664629905194,-0.8551031993672832,131,4.073578901590009,15.707224721141241,0.8414787895748337,0.7049316882373158,0.15852121042516626,1.2702811525599664,6.333724966856025,1.0962283919637787,1.4286269753195289,0.2950683117626842,0.025071411146023785,5.550557052794717,6.574685686968248,0.03410371240045943
1.0,0.95,30,0.5,60,skewed,2,132,1.1682036638171334,1.1665628078661443,0.14045975045374587,132,4.692215317976202,15.707224721141241,0.8655769023662481,0.6580610921253297,0.13442309763375193,1.4207757304416568,6.40599699803221,1.1002935668374794,1.5099537177877411,0.3419389078746703,0.020707336739415036,5.136704525189715,8.16172135256122,0.028093953060771427
1.0,0.95,30,0.5,60,skewed,3,132,1.314843147066319,1.286546454843051,2.152096414420517,132,4.590058014141426,15.707224721141241,0.8659442530587167,0.6132132949425642,0.13405574694128325,1.4541492650030077,6.641951429086945,1.1050052644694126,1.5551966817217389,0.38678670505743584,0.019261632122927724,4.9691623100051014,9.9073939616002,0.029014050323009
1.0,0.95,30,0.5,60,skewed,4,132,1.602895134909152,1.627377853870704,-1.5274061557956866,132,4.465067189366035,15.707224721141241,0.8949557295079869,0.5903664138808766,0.10504427049201309,1.936365238939223,6.996185603356654,1.055240170100123,2.0135043185053516,0.40963358611912337,0.016675952645993454,4.709444974059486,10.898666724964338,0.024164651993387853
1.0,0.95,60,0.1,20,balanced,0,80,0.5732603152162483,0.5739834265952207,-0.12614014258071074,74,1.0022768203278245,19.078604020260943,0.4976357370772117,0.62159793034836,0.5023642629227882,0.0,-1.5319754126041436,1.123124359328297,1.1138314671062008,0.37840206965164,0.0026995509726372643,2.6311863206707176,11.614233083570447,0.00038654364566820547
1.0,0.95,60,0.1,20,balanced,1,80,0.7822504150675179,0.7747222480027708,0.9623730355064564,77,1.5354225533289576,19.078604020260943,0.48989790520149923,0.4734158420198234,0.5101020947985008,0.0,-4.821931785172571,1.3232336197014936,0.8277239020517938,0.5265841579801767,0.0017442786259708317,1.852888421494689,21.221281042440573,0.0004836725471992173
1.0,0.95,60,0.1,20,balanced,2,80,0.7471980088423947,0.7553419946983473,-1.0899367717226276,78,0.9580727313629591,19.078604020260943,0.4561212699521207,0.5862929279886535,0.5438787300478793,0.0,-1.800661601879726,1.3607579506312573,1.191203870727395,0.4137070720113465,0.0018823388702963683,2.147749096902666,13.46247418396084,0.00032216896382671273
1.0,0.95,60,0.1,20,balanced,3,80,0.4490353586961208,0.44470445276688503,0.9644910685456026,70,1.507931137348086,19.078604020260943,0.5864111905954157,0.4427390164714858,0.4135888094045843,0.2876141564702772,0.8765902996989429,1.2228026161945993,1.1503325061333927,0.5572609835285143,0.0021911977060236386,2.252460364505276,24.013609022791897,0.04987849590954207
1.0,0.95,60,0.1,20,balanced,4,80,0.5986561676714235,0.5938261783394986,0.8068052402620336,75,1.3055599336285266,19.078604020260943,0.46581674120759653,0.48122011867323683,0.5341832587924034,0.0,-1.2809559279726992,1.1284575235189116,0.7564397325237888,0.5187798813267632,0.0017970208836150404,1.9342625474310904,20.567710171386352,0.00048363684025001867
1.0,0.95,60,0.1,20,skewed,0,44,0.46248541953862693,0.4798010454852172,-3.74403715556357,40,0.6733065549505903,19.078604020260943,0.4575331641778716,0.5689316507827438,0.5424668358221284,0.0,-1.366119459677253,1.252714089324575,1.5705248359029267,0.43106834921725623,0.0015595639186250366,1.6261246776811045,14.455483939184349,0.00028979804524019984
1.0,0.95,60,0.1,20,skewed,1,44,0.42325687355872427,0.4281814480563024,-1.1634954575391925,39,0.9079434950959714,19.078604020260943,0.41064816712875946,0.40769296070322325,0.5893518328712406,0.0,-4.415207425455078,1.5727465016801176,1.2072789967286104,0.5923070392967767,0.0008136236388383098,1.0241207676381934,27.717896923372123,0.00028544165194968954
1.0,0.95,60,0.1,20,skewed,2,44,0.25788777979239896,0.24899124966685512,3.449768008668574,39,0.8017393368266579,19.078604020260943,0.30106037550335685,0.2779986606896359,0.698939624496643,0.0,-3.9646554695565053,1.5197522133555394,0.8171334206467166,0.7220013393103641,0.00039664171252939626,0.5867202813247333,49.54979862359472,0.000206763745565744
1.0,0.95,60,0.1,20,skewed,3,44,0.6140854493071667,0.6138676680449631,0.035464325437010245,36,1.1044609543304515,19.078604020260943,0.5124958613212232,0.5099942596758219,0.48750413867877684,0.0,-0.6047779747849976,1.1691221155404714,1.1133851550774418,0.4900057403241781,0.0024371502043922205,1.964792440592812,18.33084453390174,0.0005851734743864785
1.0,0.95,60,0.1,20,skewed,4,44,0.6740163344249924,0.6783529716622603,-0.6434023948347574,36,0.7999339967575403,19.078604020260943,0.4626194662785684,0.4937567110728613,0.5373805337214316,0.0,-0.3064041034599151,1.4036126207823019,1.5221743833702899,0.5062432889271387,0.0015402458256920698,1.6127089733227669,19.56108146129113,0.0003947376928447942
1.0,0.95,60,0.1,60,balanced,0,240,0.6765761664300542,0.6616970357258125,2.1991804385825895,219,1.2126056606799347,19.078604020260943,0.5040121800227144,0.5173846021271319,0.4959878199772855,0.0,-1.5097170999881588,1.3299726728474317,1.1145342116529304,0.4826153978728681,0.0019416831726447206,3.715565458601519,17.79648646720769,0.0004522522277624025
1.0,0.95,60,0.1,60,balanced,1,240,0.48282394344562957,0.48631653324837426,-0.7233671507299622,222,1.2037113308337934,19.078604020260943,0.44668688543734436,0.5458387898668301,0.5533131145626558,0.0,-5.800676017720126,1.4060742890579812,0.9430141292967051,0.4541612101331699,0.0025389779552314434,4.386903756830969,15.874214237517341,0.0005236956987538832
1.0,0.95,60,0.1,60,balanced,2,240,0.5876286817625679,0.5869030315030805,0.12348788988835344,217,1.2674245716079056,19.078604020260943,0.37008512948022354,0.5138558753912553,0.6299148705197765,0.0,-4.670136241917985,1.4316421614459944,0.663747388403919,0.4861441246087447,0.0024574154311961197,4.272666373874536,18.049713342529333,0.0005807760033964863
1.0,0.95,60,0.1,60,balanced,3,240,0.6292162193178438,0.6294094255534504,-0.030705857489823296,218,1.3003322826953196,19.078604020260943,0.40508062423720614,0.5564421375651377,0.594919375762794,0.0,-2.4968195870964918,1.3506289904692677,0.7072405774696491,0.4435578624348623,0.0028852751781344296,4.6294336292840175,15.208166754764303,0.0005676593601212275
1.0,0.95,60,0.1,60,balanced,4,240,0.7800462917879449,0.7742699252578835,0.7405158630805616,221,1.3329579637817763,19.078604020260943,0.46285366284669216,0.47960746132401944,0.5371463371533078,0.0,-4.97036323581927,1.422822558086036,0.9197833956075304,0.5203925386759806,0.002113456654391106,3.8348336109212813,20.701019023116963,0.0005723418030186622
1.0,0.95,60,0.1,60,skewed,0,132,0.5754472558375633,0.5751175903997413,0.057288558504315384,113,1.088890405507813,19.078604020260943,0.3958368263024272,0.5029302562428254,0.6041631736975728,0.0,-6.647734539804571,1.51271888031274,0.9103024420953848,0.4970697437571746,0.0026630299689665037,3.6538480284857418,18.856286122934954,0.0006579769978951465
1.0,0.95,60,0.1,60,skewed,1,132,1.6395397377938508,1.6286834346405041,0.6621555368920039,118,0.73949157739521,19.078604020260943,0.35805678133409913,0.6022339238845628,0.6419432186659009,0.0,-7.467780299301627,1.368682052452944,1.0323446838298278,0.39776607611543724,0.002779408177348026,3.855598717760482,12.601119196257768,0.0004397519897286448
1.0,0.95,60,0.1,60,skewed,2,132,0.7372472973909133,0.7386434719288419,-0.18937669122282583,122,0.8643710742274653,19.078604020260943,0.4360576424367424,0.6060937831568167,0.5639423575632576,0.0,-4.268108794647247,1.3923236422634087,1.2459617641722331,0.3939062168431833,0.0018024033814756286,2.9666392393447967,12.399369439375535,0.00027966470753716416
1.0,0.95,60,0.1,60,skewed,3,132,0.3835920812378724,0.3982632881003191,-3.824689710773456,112,0.7578652472759115,19.078604020260943,0.4083856496437267,0.5860940572207006,0.5916143503562733,0.0,-5.008242151946969,1.3411547594493096,1.2215749635237443,0.4139059427792994,0.0028162376036883568,3.8839881674942838,13.473515874509923,0.0004824725584013901
1.0,0.95,60,0.1,60,skewed,4,132,0.40538556154115674,0.40952998334532026,-1.022340753431782,122,0.9368406668276167,19.078604020260943,0.37355764713456396,0.4633843519932545,0.626442352865436,0.0,-7.0676880252105825,1.6441082337343491,1.0465062251756825,0.5366156480067454,0.0012643271138042728,2.361863912165845,22.09370561469771,0.00036407102555704264
1.0,0.95,60,0.25,20,balanced,0,80,1.1813291673905646,1.190908987988027,-0.8109357545639269,80,3.3403319221826506,19.078604020260943,0.7701829630320423,0.6990742355583112,0.2298170369679578,1.075954029422904,3.7374436940223164,1.2196372988911628,1.2236473361157292,0.30092576444168884,0.011590821547282335,3.852590827675879,8.212637810478162,0.05787707075653533
1.0,0.95,60,0.25,20,balanced,1,80,1.218494968781904,1.2281348538714059,-0.7911304795241456,79,3.369315252141253,19.078604020260943,0.7121288624697711,0.6710021908143589,0.28787113753022886,0.7277746867802745,3.304912497139991,1.098211693973015,0.8063155422677956,0.32899780918564114,0.013295441549629382,4.091408324591415,9.354394085313466,0.06174962951020822
1.0,0.95,60,0.25,20,balanced,2,80,1.1592886045973927,1.1530518722664012,0.5379792664448279,79,3.0169838167374534,19.078604020260943,0.6680880234831775,0.5817666657953842,0.33191197651682247,0.6849320588761196,3.0130385472275516,1.2892669433498634,0.8602643142450438,0.41823333420461584,0.008653185520865827,3.4422007891032056,13.715650346611229,0.07696953154684086
1.0,0.95,60,0.25,20,balanced,3,80,1.3622735236091512,1.3552175868420668,0.5179530134587563,79,3.011298215899436,19.078604020260943,0.6540938000246567,0.6572241405167589,0.34590619997534333,0.2345619481102239,1.1575946282291685,1.220994912130713,0.7667513964042902,0.3427758594832411,0.011331179959588678,3.8417460388816362,9.950463605374223,0.029396955191146403
1.0,0.95,60,0.25,20,balanced,4,80,0.9900948120200559,1.0134350773980254,-2.357376798121908,80,2.912302751889701,19.078604020260943,0.7100114351277387,0.6327386035113816,0.2899885648722614,1.0836054194010727,3.6840415412461542,1.3560542218837952,1.1401558739585838,0.36726139648861844,0.01086293001210931,3.8052331488762197,11.073822138636697,0.09258923117577648
1.0,0.95,60,0.25,20,skewed,0,44,0.6357421358201818,0.6202505590153589,2.4367704973396154,44,2.183984549160576,19.078604020260943,0.6768687441693704,0.7303974753375098,0.32313125583062957,0.0,-1.1385078666071884,1.1526150479733444,1.1063177711083887,0.26960252466249024,0.012127666650541349,3.101305664590703,7.042247522174774,0.000881505772700447
1.0,0.95,60,0.25,20,skewed,1,44,1.2598949891289586,1.2249834675607771,2.7709866194735713,44,2.279450594963099,19.078604020260943,0.7645478579006851,0.5313993771574201,0.23545214209931487,1.4039540503993675,2.8757906120894314,1.1738243486035704,1.6723382947116465,0.46860062284257986,0.0043315649683440755,1.933985717553802,16.823967266737682,0.07878315259133839
1.0,0.95,60,0.25,20,skewed,2,44,0.6828624150809096,0.6865338347195602,-0.5376514445030005,44,2.521587087410821,19.078604020260943,0.7145862210711674,0.6748377597303769,0.2854137789288326,0.4183763627820052,1.2482717257505593,1.1183706439554753,1.1104673370018476,0.32516224026962315,0.01213405453027791,3.0439126143331316,9.192789726116802,0.035364306872821785
1.0,0.95,60,0.25,20,skewed,3,44,0.6959006148245317,0.7501850279973543,-7.800598536115706,44,1.682713359202068,19.078604020260943,0.6737047614920519,0.7543424259653582,0.3262952385079481,0.9417946686502234,2.4474456978044183,1.1456971720806017,1.4072340227534188,0.24565757403464183,0.013847468137971244,3.2558528218441416,6.213098214099523,0.10110720561320666
1.0,0.95,60,0.25,20,skewed,4,44,0.427111098060202,0.4554160024289176,-6.627058977691563,43,2.8290938797813445,19.078604020260943,0.7276239651578713,0.5352324198552664,0.2723760348421287,0.9353469033788456,2.7670599663883206,1.0788831141032336,1.0190072583228937,0.4647675801447336,0.005813668938597539,2.2001502404959155,16.566852630926295,0.07064797913842308
1.0,0.95,60,0.25,60,balanced,0,240,1.2237439596604194,1.2277679239361627,-0.32882403577787517,239,3.3653604764105536,19.078604020260943,0.7667267947412924,0.6443765727856168,0.23327320525870765,0.8903845366164872,5.620923737061481,1.1262834088933351,1.1000008764586289,0.3556234272143832,0.009826023051742492,6.3093407501103185,10.52924459810956,0.0496941883727426
1.0,0.95,60,0.25,60,balanced,1,240,1.0591948677372236,1.0715092942750517,-1.162621431893418,238,3.0366092226778694,19.078604020260943,0.7645223891899154,0.5695166155326524,0.23547761081008456,1.0422871464079724,6.716505741560703,1.1154101863033785,1.1925782385106944,0.4304833844673476,0.006700788717495396,5.322782042215447,14.421040239313959,0.059036277983347527
1.0,0.95,60,0.25,60,balanced,2,240,1.0720294572559033,1.0854400113864109,-1.250950152511192,238,3.1043988657414685,19.078604020260943,0.748119932048703,0.6145211827479284,0.251880067951297,0.7844385008527766,4.972779918844427,1.218118126203241,1.165445901891989,0.38547881725207156,0.009805128269013332,6.328107237940859,11.967687882888686,0.051224560297148176
1.0,0.95,60,0.25,60,balanced,3,240,1.2741185810355862,1.271720520668476,0.18821327958038167,240,3.4791940713238443,19.078604020260943,0.7868826119440269,0.6271900323541617,0.2131173880559732,0.7461377451640686,5.036464974250752,1.1170411848937243,1.185489596444729,0.3728099676458383,0.00978079495604164,6.248452995495774,11.340572044526446,0.03524825199369286
1.0,0.95,60,0.25,60,balanced,4,240,1.4423942215512613,1.441163900693653,0.08529712884492446,240,3.1184617196257136,19.078604020260943,0.754086640548532,0.6125976933028535,0.24591335945146792,1.0274390417552424,6.59674336839736,1.1786967358387095,1.1590597086539243,0.3874023066971465,0.009467254229796326,6.180858835598886,12.06516982811518,0.06355356266100899
1.0,0.95,60,0.25,60,skewed,0,132,0.9334622849180148,0.9200698975433532,1.434700425613636,131,2.400951243506971,19.078604020260943,0.7503636877460196,0.6149587125161161,0.24963631225398036,0.8525060200764923,3.886076078661515,1.0966568113187878,1.3729539845411602,0.3850412874838839,0.008994648676113904,4.757278572287024,11.945599120467719,0.054460233785741406
1.0,0.95,60,0.25,60,skewed,1,132,0.8682769261551186,0.8765683383799006,-0.9549271637906733,132,2.1853705146431226,19.078604020260943,0.7062661786056974,0.6920291819783263,0.29373382139430265,0.6269949565847102,2.797080559033811,1.2083051058156167,1.3294408744459074,0.3079708180216737,0.011230358070417473,5.28414868931865,8.490470401890327,0.055162002435864374
1.0,0.95,60,0.25,60,skewed,2,132,0.7427697046656223,0.7471127225390207,-0.5847058443711756,130,2.2467207065106996,19.078604020260943,0.7088940181920571,0.6868406249390817,0.29110598180794295,0.5832072387960254,2.6635488205724966,1.188044967002189,1.2877551633870936,0.3131593750609183,0.010685685670246407,5.117083556219736,8.69873373105959,0.05047048409402007
1.0,0.95,60,0.25,60,skewed,3,132,0.6316968564927321,0.6326466218165914,-0.15035144058377808,131,1.9407748588741733,19.078604020260943,0.659492674737959,0.6785833346517529,0.340507325262041,0.6655989748367026,2.9742146572272508,1.2612432415431045,1.2591135404151093,0.3214166653482471,0.008801617589104525,4.897161846210657,9.036740177002654,0.07808231535211198
1.0,0.95,60,0.25,60,skewed,4,132,0.9776279154476638,1.0104288674025805,-3.355157052762441,131,2.788849691098034,19.078604020260943,0.7468667740319088,0.6415206543138208,0.2531332259680911,0.8756389611682728,3.902520947226654,1.260971422652705,1.334255882312847,0.35847934568617923,0.010371681198131855,4.998681982596603,10.661052671958387,0.05744065689109557
1.0,0.95,60,0.5,20,balanced,0,80,1.4552672369082555,1.5097653762249073,-3.744888769188132,80,6.116529356939448,19.078604020260943,0.8842216292569038,0.6272340746838618,0.11577837074309616,1.403894145564315,5.39628426618922,1.09117706657907,1.362515191509713,0.37276592531613817,0.017587065699570522,3.9545064037099182,11.338436109258378,0.021262483948502154
1.0,0.95,60,0.5,20,balanced,1,80,1.8151820412377382,1.796833700645484,1.0108264722442286,80,6.510993239319291,19.078604020260943,0.8624364885080413,0.5267578833674593,0.1375635114919586,1.0533269421495626,5.088325013589168,1.1020752899230544,1.0612884884410283,0.4732421166325407,0.01174268053143391,3.336128781712989,17.140320504029397,0.022562732231314005
1.0,0.95,60,0.5,20,balanced,2,80,1.8044064814928988,1.8493660248652983,-2.491652730885872,80,6.485732052022455,19.078604020260943,0.8736959984526079,0.6127254541221604,0.12630400154739208,1.1305271516444795,5.221232859072542,1.0047926568620105,1.0718472615362276,0.3872745458778396,0.015116708347050497,3.7385572867253694,12.058675966898202,0.020302189114092168
1.0,0.95,60,0.5,20,balanced,3,80,1.6651246393319523,1.6929382582004049,-1.670362578960539,80,5.868186951197179,19.078604020260943,0.8747226966215966,0.6060858187788178,0.12527730337840337,1.379540245793966,5.341752309023503,1.1185345719840587,1.3320701209241708,0.39391418122118216,0.015813841296686993,3.8144753690803586,12.399783081258422,0.024104868385818372
1.0,0.95,60,0.5,20,balanced,4,80,1.6830093059492404,1.6729545190055015,0.5974290758937788,80,6.476243713369408,19.078604020260943,0.8819465369209358,0.6032530862245481,0.11805346307906411,1.2245562388691806,5.292055857506078,1.0615601672046686,1.224654935862956,0.3967469137754519,0.017504148251411798,3.9682736456211862,12.547598076215923,0.0198214701035211
1.0,0.95,60,0.5,20,skewed,0,44,1.7007125642343057,1.6473617265792038,3.136969690061739,44,4.738550261943313,19.078604020260943,0.8699105729977108,0.47296562065319053,0.13008942700228926,1.5303005990124694,3.9000960516851935,1.1319220500370937,1.6001455751558464,0.5270343793468095,0.008022747233445615,2.1127578363722503,21.25964296249519,0.028126113698955187
1.0,0.95,60,0.5,20,skewed,1,44,1.722370655310003,1.6974758021899476,1.4453830273585757,44,5.303697756681581,19.078604020260943,0.8521241471916885,0.5813614367681899,0.14787585280831145,1.00563362717768,3.6837036611467218,1.0114676859291853,1.099382990409892,0.41863856323181015,0.01569282529449912,2.865881135008744,13.738509076059348,0.024740756923914888
1.0,0.95,60,0.5,20,skewed,2,44,1.3509179284605815,1.3867608961787217,-2.6532305895876696,44,5.325204934490934,19.078604020260943,0.8509132580807801,0.6273964035286732,0.1490867419192199,1.1575637500840255,3.62623973422753,1.1729621094247076,1.2571698048390136,0.3726035964713268,0.015232084987896239,2.857542019755009,11.330566183707262,0.027843726255915337
1.0,0.95,60,0.5,20,skewed,3,44,1.0875771253818205,1.1508244309018647,-5.815431755963026,44,5.168581503729351,19.078604020260943,0.88132338528838,0.6629684370150626,0.11867661471162011,1.5107128941999841,3.8682426412367654,1.1141843850709658,1.600882493626527,0.3370315629849374,0.01606597160893593,2.907616175768266,9.698940965379872,0.023102028333162425
1.0,0.95,60,0.5,20,skewed,4,44,0.9348389267612559,0.9233509430656898,1.228873056812706,44,4.629630875796531,19.078604020260943,0.8525732414563068,0.6155004188969034,0.1474267585436932,1.3403691854752,3.790539557915583,1.1156880559159503,1.3936463480439014,0.38449958110309657,0.017340166625926107,2.9785189103443774,11.918294494371288,0.03169602294047159
1.0,0.95,60,0.5,60,balanced,0,240,1.956648425427912,1.9622703574604556,-0.28732458828489793,240,6.376175980400836,19.078604020260943,0.8720925537866587,0.5752490919997512,0.12790744621334127,1.162943250235866,9.152881412268384,1.0530365737298417,1.1260314385242183,0.42475090800024884,0.013335153461389545,6.134514485333693,14.087209338848533,0.021431957158025504
1.0,0.95,60,0.5,60,balanced,1,240,1.6359279001493665,1.6634028645151786,-1.6794728155992402,240,6.562166584410713,19.078604020260943,0.8922826198366904,0.6063005942528075,0.1077173801633095,1.3974902546556223,9.268014158402815,1.0823348872277903,1.3662619472800035,0.39369940574719253,0.014561365047693816,6.389520655327216,12.388632200698112,0.018472127179308885
1.0,0.95,60,0.5,60,balanced,2,240,1.770175579743022,1.7948668786653106,-1.3948502738848625,240,6.017279223027618,19.078604020260943,0.8803481997386667,0.6083082424430255,0.11965180026133326,1.3878217846491512,9.260586416539974,1.134877160734703,1.3876779355721385,0.3916917575569745,0.015480856049712116,6.55146421361677,12.284778372256707,0.022243935157960415
1.0,0.95,60,0.5,60,balanced,3,240,1.7886680015516367,1.8038732565013633,-0.8500881626180093,240,6.667843689017981,19.078604020260943,0.8865465737826634,0.599625028588471,0.1134534262173365,1.2776290863509598,9.228890651902264,1.078393624452195,1.2638538771100363,0.400374971411529,0.0151860748189493,6.472958023572016,12.73895380445553,0.018879562237946294
1.0,0.95,60,0.5,60,balanced,4,240,1.8471695772972994,1.8792716777619518,-1.7379075997788405,240,6.233154361585777,19.078604020260943,0.8873184730145833,0.6349482508867113,0.11268152698541661,1.3776325939650098,9.333134764039654,1.0864895496497242,1.3726560606691895,0.36505174911328875,0.017566852359589324,6.901758902580718,10.968890391476537,0.019832982921880352
1.0,0.95,60,0.5,60,skewed,0,132,1.1368009954841523,1.160300356002866,-2.0671481298893095,132,4.7776262833807195,19.078604020260943,0.8559627094119326,0.6277215049218454,0.1440372905880674,1.3380599607881212,6.452191209796053,1.1810626412387175,1.4690986637748438,0.3722784950781546,0.015518117035313448,5.103467360196546,11.314817060057674,0.029911059226410505
1.0,0.95,60,0.5,60,skewed,1,132,1.199545953523303,1.2128959649328217,-1.112922049406029,132,5.279252740109245,19.078604020260943,0.883114907402776,0.6416315541554645,0.11688509259722402,1.4598982371847065,6.757750589071014,1.0571493536650025,1.5129588480745237,0.35836844584453553,0.016281774932658158,5.098869208887188,10.655912458394472,0.022036346878660396
1.0,0.95,60,0.5,60,skewed,2,132,1.1542460468233304,1.161926422559704,-0.6654019528601463,132,4.755677395270586,19.078604020260943,0.8450956332271842,0.6317454103091836,0.15490436677281577,1.202440440946809,6.331360286335681,1.1375672445663072,1.3050066637740871,0.36825458969081637,0.01561459730225318,5.092600231846215,11.121226020330328,0.030970512749707853
1.0,0.95,60,0.5,60,skewed,3,132,1.2860909905919793,1.3137807534572483,-2.1530174045091175,132,4.956946867734063,19.078604020260943,0.8635370433738507,0.6316112070384179,0.13646295662614927,1.3021562717255213,6.716508709430272,1.0841220991263867,1.3841347235254553,0.3683887929615821,0.01737161460936753,5.225441077282379,11.127642809524145,0.026606441559688224
1.0,0.95,60,0.5,60,skewed,4,132,1.3662353618553869,1.3447039194188082,1.575968756023,132,4.7487173146806265,19.078604020260943,0.859001802130088,0.5653898022593972,0.14099819786991197,1.3519602098638086,6.6339108051241755,1.0822261117273062,1.3885090683832408,0.43461019774060283,0.01236413577461526,4.626300963548699,14.665556104345981,0.029213046316006103
1.0,0.95,120,0.1,20,balanced,0,80,0.5345852405676116,0.5284523430916792,1.1472253647370794,80,1.044481428927105,19.95755147242602,0.34293237582391245,0.607355669098611,0.6570676241760876,0.0,-17.70748319553834,1.4687584804767588,0.7340438469286668,0.39264433090138895,0.0025650010795996397,2.6307442757799264,12.902191982418865,0.00039544511500219637
1.0,0.95,120,0.1,20,balanced,1,80,0.46157373785832817,0.4613524249654307,0.04794746207276198,79,1.2830778858359269,19.95755147242602,0.4027265863215912,0.6084993778039219,0.5972734136784088,0.0,-51.6569970804048,1.2050162210110829,0.6334022670695482,0.39150062219607806,0.0028809443787277266,2.8018987495362406,12.840430251816572,0.0004415702305906919
1.0,0.95,120,0.1,20,balanced,2,80,0.7307034551257582,0.7301852014820532,0.07092530356459754,77,1.2879959784976585,19.95755147242602,0.41415930476466534,0.5511888738171361,0.5858406952353347,0.0,-35.978552899624326,1.5555769339011856,0.8538205211667163,0.4488111261828639,0.002193003726440624,2.4204107663317487,16.25063853368646,0.00044173987000152104
1.0,0.95,120,0.1,20,balanced,3,80,0.8208322026164415,0.816136311653074,0.5720890272578437,79,1.4555223677388787,19.95755147242602,0.35741618569393463,0.07812325559667843,0.6425838143060654,0.0,-22.402942631434257,1.4818101363338199,0.5663124931654909,0.9218767444033216,0.0,-0.09137747103866692,235.50481143087515,0.0
1.0,0.95,120,0.1,20,balanced,4,80,0.7222384161904221,0.731650519720523,-1.3031851143763253,80,1.2482518967616105,19.95755147242602,0.48004965582822573,0.5046234699275569,0.5199503441717743,0.0,-38.65766518582397,1.0978170435131118,0.8127791956479391,0.4953765300724431,0.0019964018581803984,2.2846223816067455,19.59184062241868,0.0004899128366232402
1.0,0.95,120,0.1,20,skewed,0,44,0.5892679721873662,0.5873695072272038,0.3221734507502952,43,1.0282076226664405,19.95755147242602,0.5297023799511384,0.6060003443436036,0.47029762004886155,0.0,-29.16804209237007,1.030766082026371,1.12996769010665,0.3939996556563964,0.0028826950060187834,2.154109439963375,12.975683068955764,0.00044749725975625556
1.0,0.95,120,0.1,20,skewed,1,44,0.770541921578777,0.7518822329119305,2.421631859901193,44,0.8852881474899705,19.95755147242602,0.32690783264321427,0.5992715456235501,0.6730921673567858,0.0,-33.97743495927043,1.5264029280585258,0.8375080758759508,0.4007284543764499,0.0018421486111194624,1.7391832230954192,13.345467197782856,0.00029581829228177083
1.0,0.95,120,0.1,20,skewed,2,44,0.8207312974897524,0.7960741851642189,3.004285617101295,43,0.6868291696180401,19.95755147242602,0.38128321241303464,0.7153830949657348,0.6187167875869652,0.0,-12.818684712268805,1.4789428994220364,1.3269676277443574,0.2846169050342652,0.0037823608421791526,2.7509791260866954,7.94016041491169,0.0003063968825754866
1.0,0.95,120,0.1,20,skewed,3,44,0.6345040320152122,0.6419123809337401,-1.167581062487293,40,0.41946851017643827,19.95755147242602,0.44524065074911057,0.7641670917711905,0.5547593492508894,0.0,-10.63353406358434,1.1420986132443331,2.197055222178921,0.23583290822880953,0.0052973724845391795,3.1207753472924336,6.1591861983474026,0.0002946248162500149
1.0,0.95,120,0.1,20,skewed,4,44,0.4175404506097142,0.4110942576603537,1.54384873128997,42,0.5575589417149085,19.95755147242602,0.2561879021842295,0.6164425075752032,0.7438120978157705,0.0,-89.9930870290277,1.328206167096417,0.8205044424547603,0.38355749242479675,0.0019372653328402407,2.0405055497987075,12.417813995036147,0.00028500340473968863
1.0,0.95,120,0.1,60,balanced,0,240,0.806983356908729,0.80542791197132,0.1927480813690342,237,1.3112039416471095,19.95755147242602,0.5046679718035912,0.5571112647027727,0.49533202819640876,0.0,-32.13453563236986,1.315387527147044,1.022151059903944,0.4428887352972273,0.002721625416155005,4.680735117501791,15.86572609686469,0.0005338480007213881
1.0,0.95,120,0.1,60,balanced,1,240,0.7322286535899015,0.7326824611828731,-0.06197621340637907,237,1.4493617864167114,19.95755147242602,0.5105549837961312,0.5115220751353269,0.4894450162038688,0.0,-55.30366548827878,1.2633561340749864,0.9092690022904558,0.4884779248646731,0.001900655845522941,3.798347867794079,19.058460626653194,0.0004535167896004087
1.0,0.95,120,0.1,60,balanced,2,240,0.6242787195054181,0.6130009050691065,1.806535139504097,236,1.1886965115738732,19.95755147242602,0.4230358670026348,0.5779934112454712,0.5769641329973653,0.0,-63.92102309930232,1.3541148017745608,0.8352513690056613,0.4220065887545288,0.0029618171315692154,5.087280691034145,14.57147789733982,0.0005274687125819666
1.0,0.95,120,0.1,60,balanced,3,240,0.8595277440541725,0.8542452559767025,0.6145802871416179,235,1.3425702732448301,19.95755147242602,0.41726808126136405,0.5581799920380617,0.582731918738636,0.0,-41.95689563751774,1.4010572289517873,0.7472551412533861,0.4418200079619383,0.002978090154244845,4.87288658688444,15.797136544168335,0.0005813378486309827
1.0,0.95,120,0.1,60,balanced,4,240,0.6249722427177635,0.6411304940250363,-2.5854350326034905,237,1.3214079209175342,19.95755147242602,0.4986939536925757,0.5134030883172512,0.5013060463074244,0.0,-57.07114293893572,1.354008205020795,1.0193410222075279,0.48659691168274877,0.0023430713769679976,4.305209291486829,18.915513233592055,0.0005547843674904296
1.0,0.95,120,0.1,60,skewed,0,132,0.34992298692324936,0.3574460280130708,-2.14991337264491,128,0.7809470722481492,19.95755147242602,0.4420028501086857,0.5806650613407536,0.5579971498913143,0.0,-46.39927040682729,1.3151697374331168,1.3343290146705422,0.4193349386592464,0.0017675695109375567,3.1387041615353715,14.412609229759344,0.00031081258813201444
1.0,0.95,120,0.1,60,skewed,1,132,0.5371097237142217,0.540997899708787,-0.7239072060877503,127,0.7877025390634262,19.95755147242602,0.4305533016165832,0.6442278267387761,0.5694466983834168,0.0,-45.104381827090904,1.4232382336582434,1.366132744078706,0.3557721732612239,0.0023161972493183267,3.6506646114480996,11.02147589038686,0.00029316997834591857
1.0,0.95,120,0.1,60,skewed,2,132,0.4020521313602139,0.3979900162807567,1.0103453663370314,130,1.0221253576410279,19.95755147242602,0.45876844847161524,0.35774715956718456,0.5412315515283848,0.0,-12.509213529708683,1.3267255070683794,1.10024492880841,0.6422528404328154,0.0006044427551524898,1.4154988795277081,35.82919885864967,0.0002493258129727463
1.0,0.95,120,0.1,60,skewed,3,132,0.5392459959837621,0.5225254942904395,3.100718747631853,129,0.9487210461430864,19.95755147242602,0.4198388338828914,0.5314434064180388,0.5801611661171087,0.0,-56.050135850585995,1.518478718147837,1.1582557309088695,0.4685565935819612,0.0016548036551797562,3.024831219321297,17.595932551284317,0.0003633043341202024
1.0,0.95,120,0.1,60,skewed,4,132,0.5906021136823161,0.5892020727429748,0.23705315421447984,129,0.7611426270862292,19.95755147242602,0.4138611669788268,0.6232319384542236,0.5861388330211732,0.0,-67.20222605862581,1.3139811936401544,1.2189573403907774,0.37676806154577636,0.002239681252262901,3.5222451869379623,12.065119769240301,0.0003179320981589939
1.0,0.95,120,0.25,20,balanced,0,80,1.0913726743284935,1.090715553580844,0.060210482001840634,80,3.0545269143765643,19.95755147242602,0.6836817898950633,0.6576510283546624,0.31631821010493666,0.48537831612174687,2.03496626975458,1.232487274753375,0.8725270817371091,0.3423489716453376,0.007123446092239135,3.355532852765088,10.389168310490795,0.049400488085627796
1.0,0.95,120,0.25,20,balanced,1,80,1.7271632087759043,1.7374459430680427,-0.5953539445427414,80,2.726371691456108,19.95755147242602,0.7510666297028328,0.6130322107835132,0.24893337029716717,1.0827679458043553,3.4942441894448115,1.1211658777237947,1.2420453832628984,0.3869677892164868,0.007986639523510808,3.552343510635334,12.597918079358832,0.06829272415756645
1.0,0.95,120,0.25,20,balanced,2,80,1.893060634296219,1.8841847393551936,0.468864799162931,80,3.1414681352790748,19.95755147242602,0.7343019995081577,0.5528686070407466,0.2656980004918423,0.0,-0.38968813277908393,1.1879238856542802,1.0450641607650204,0.4471313929592534,0.006146094156647692,3.010298785930481,16.14063029855513,0.001228766986280651
1.0,0.95,120,0.25,20,balanced,3,80,1.9407294514187592,1.9292581632380779,0.5910812644336029,80,3.2842875482966214,19.95755147242602,0.7585140851743115,0.6232472529462585,0.24148591482568854,0.6889580954539913,2.6671077611850604,1.1454009868107506,1.1009943049582973,0.3767527470537415,0.008039654523648621,3.4184889021166645,12.064332905052215,0.04131806906822836
1.0,0.95,120,0.25,20,balanced,4,80,1.0193223149139152,1.0214561408903962,-0.20933770852069863,80,3.4045030387726887,19.95755147242602,0.7762645345477576,0.6109571376536126,0.22373546545224243,0.8469262128606239,3.295362475647707,1.1230654534270534,1.1445311985811808,0.3890428623463874,0.00856436208065556,3.5095214350718495,12.708490451682128,0.04369131189152653
1.0,0.95,120,0.25,20,skewed,0,44,1.1524674535704755,1.1388734651929133,1.1795550785791373,44,1.8216975021408006,19.95755147242602,0.7282469324501881,0.7305220778266548,0.27175306754981193,1.1345846342771744,2.4838593704743843,1.1486683089264997,1.6904426107385504,0.2694779221733452,0.009859466777185346,2.9938172877754963,7.362021854913907,0.08450474680348673
1.0,0.95,120,0.25,20,skewed,1,44,1.3610123497374964,1.3340582726557597,1.9804432404258072,44,1.9231645426026787,19.95755147242602,0.6169903710686004,0.6533941927241205,0.3830096289313995,0.1223085797264738,0.3417386572702428,1.3962757578797418,1.1698854947415542,0.34660580727587953,0.007143389511208641,2.593759401055123,10.586875911018147,0.018800400664109165
1.0,0.95,120,0.25,20,skewed,2,44,0.7472588771124504,0.7537779422899962,-0.8723971540808785,44,1.926879717776414,19.95755147242602,0.6868428743436389,0.7184407380829437,0.3131571256563611,0.2590054629582823,0.6321797988808764,1.2142488447836266,1.3827079879380817,0.28155926191705627,0.008522040343102534,2.8944862854688704,7.82142933214234,0.0260755785580933
1.0,0.95,120,0.25,20,skewed,3,44,1.1305496641399737,1.145679436068369,-1.3382668986863857,44,2.4761951331665193,19.95755147242602,0.7653492265635072,0.7002644024843893,0.23465077343649277,0.8488400191258658,2.021242654177289,1.1910102583889857,1.5688268800959173,0.29973559751561074,0.011349743059868442,3.0088872413073777,8.542471378401283,0.047757645091807716
1.0,0.95,120,0.25,20,skewed,4,44,0.8769923461487837,0.8771585278810637,-0.01894905160914697,44,2.3271787870556313,19.95755147242602,0.7503158983583527,0.5909260336624089,0.2496841016416474,1.081602362305135,2.971613182940608,1.0100577746172392,1.3042813037080698,0.4090739663375911,0.0073027939628686036,2.551780544520151,13.815798042629531,0.06865147794225876
1.0,0.95,120,0.25,60,balanced,0,240,1.293108093143953,1.2795888779887619,1.0454822165965714,240,3.2251713013603447,19.95755147242602,0.7309315475952529,0.6175121458038981,0.269068452404747,0.5670463678128154,4.198282241893547,1.1808923984218638,0.9947103111713141,0.3824878541961019,0.007956821211086443,5.8652965421389895,12.36173424209965,0.042216986461560344
1.0,0.95,120,0.25,60,balanced,1,240,1.185318665436983,1.192057123135078,-0.568493342303936,240,3.449502339437407,19.95755147242602,0.7462760399453037,0.6370087647197114,0.2537239600546964,0.9291897082433596,6.114093690300065,1.2233175225110497,1.0430884827328877,0.36299123528028865,0.007844779306602863,5.87923175768828,11.372553508480312,0.060851024140804254
1.0,0.95,120,0.25,60,balanced,2,240,1.2927580876916174,1.2993882592752513,-0.5128702459307672,240,2.9315459947624354,19.95755147242602,0.7316779447156372,0.6706724910435373,0.26832205528436276,0.0,-0.3581273369215046,1.176384363857938,1.094249001397074,0.3293275089564627,0.009869989693132932,6.533224790482436,9.799970625092747,0.0010704656046466362
1.0,0.95,120,0.25,60,balanced,3,240,1.13186270666937,1.138860437987298,-0.6182491283346108,240,2.9600015891040545,19.95755147242602,0.714603982281943,0.604498317486344,0.28539601771805706,0.5024609844280894,3.530366599086743,1.2350317857337902,1.0447292444198946,0.395501682513656,0.007331160872460949,5.7535981283471935,13.057513905116368,0.042072644602340836
1.0,0.95,120,0.25,60,balanced,4,240,1.2213253641063928,1.2351307628064907,-1.1303620726978751,240,2.9429141258030582,19.95755147242602,0.7448933174723988,0.657553270601597,0.25510668252760116,0.11444541593841229,0.795148135123894,1.0946314207514938,1.086084156322689,0.34244672939840304,0.009309307954206985,6.403094401051195,10.393679925399455,0.008539741562904483
1.0,0.95,120,0.25,60,skewed,0,132,1.006279816156812,1.0148987387005708,-0.8565135070159866,132,2.12813496768439,19.95755147242602,0.7167270643551548,0.7101958388452636,0.28327293564484524,0.4888359265305786,2.2993958034748836,1.1129322073919963,1.3232741473334426,0.2898041611547364,0.00968620026490014,5.145674160823406,8.143924741340333,0.04003944267091615
1.0,0.95,120,0.25,60,skewed,1,132,0.848017697276342,0.8568641932869117,-1.0431970982424965,132,2.016695074401102,19.95755147242602,0.7392437189357475,0.6580246364176034,0.2607562810642525,1.083402833127872,4.350198144418193,1.1017792524581944,1.548843663018748,0.34197536358239655,0.006571857719219454,4.46189060533603,10.37193828813717,0.07443327687429352
1.0,0.95,120,0.25,60,skewed,2,132,1.0543288066445247,1.0623191435770687,-0.7578600605605984,132,2.211083194116643,19.95755147242602,0.6942659614454205,0.6261175574909748,0.3057340385545794,0.5277995990520388,2.6142641684473484,1.1942210419281474,1.2271202055132964,0.37388244250902525,0.006203383668528349,4.262488726076559,11.917535296265497,0.050202330589907446
1.0,0.95,120,0.25,60,skewed,3,132,0.9815003184023174,0.987529494036542,-0.6142815770084343,132,2.1353274541369993,19.95755147242602,0.6746790940386397,0.6494317240519965,0.3253209059613603,0.0,-0.8637926372768221,1.2174939210235094,1.1825926630696006,0.35056827594800355,0.007398566769308443,4.658459262628608,10.773240900796768,0.0009092699177966204
1.0,0.95,120,0.25,60,skewed,4,132,1.0583956258259466,1.0345517799784418,2.25282921297956,132,2.198551824071729,19.95755147242602,0.7264299527810978,0.6587911074038861,0.27357004721890227,0.0,-0.5034717577991595,1.177454703026352,1.4229672561585454,0.34120889259611387,0.00872301166952249,4.889429770435429,10.336651421528057,0.0010155636222636403
1.0,0.95,120,0.5,20,balanced,0,80,1.9679410813936578,1.9949943046286998,-1.3746968082948618,80,5.733245057851601,19.95755147242602,0.8701425285647892,0.614400033527722,0.12985747143521076,1.3212421235228033,5.236638686303767,1.1091251783421732,1.2967020152783235,0.385599966472278,0.014695919540219069,3.8370725508644514,12.525440687966702,0.02446515399364966
1.0,0.95,120,0.5,20,balanced,1,80,1.9890105430310359,1.9847634593245023,0.21352746074746795,80,6.4745677831969015,19.95755147242602,0.8760113714433659,0.5637265740940239,0.12398862855663406,1.2851531653287214,5.310113689393003,1.1726214354421585,1.2796020716900758,0.43627342590597606,0.011213575525072749,3.319829523614174,15.44534132981626,0.021891221267666697
1.0,0.95,120,0.5,20,balanced,2,80,1.7308748226016712,1.7223661809268649,0.4915804172376287,80,6.320038244250979,19.95755147242602,0.8688584630658567,0.5812848161412413,0.13114153693414327,1.2052564213846049,5.199424809031289,1.1535927663168188,1.2093210987179182,0.4187151838587587,0.012054983317549882,3.4535245184602363,14.375964418993217,0.02284163239600057
1.0,0.95,120,0.5,20,balanced,3,80,2.1579880789598365,2.186385121029334,-1.315903565286849,80,6.284066140163039,19.95755147242602,0.8697647240453861,0.6437429394501993,0.13023527595461393,1.249963753243249,4.96915093138214,1.1983129342851537,1.2739805764105638,0.35625706054980066,0.014595653503595526,3.7728091140599695,11.044810261391422,0.023053386196459965
1.0,0.95,120,0.5,20,balanced,4,80,1.9699699760817615,1.945780711824265,1.2279001482859462,80,5.772620636188218,19.95755147242602,0.8690914563682764,0.6332772966660438,0.13090854363172355,1.2275752566523312,5.210949950141762,1.0502521861209067,1.2082248035429783,0.3667227033339562,0.014914639916911106,3.8390218764011323,11.55716029364342,0.023042818038733717
1.0,0.95,120,0.5,20,skewed,0,44,1.2748657167741808,1.2905339940206964,-1.2290139298875575,44,4.644914224938953,19.95755147242602,0.8391329772178509,0.6549370776545976,0.1608670227821492,1.369303944587972,3.728333922289877,1.2902523405871498,1.4489767534376674,0.34506292234540237,0.016110200708120997,2.9976138613905885,10.514920087584333,0.03735333614554641
1.0,0.95,120,0.5,20,skewed,1,44,0.9304355118418918,0.9207227036978249,1.0438991225559888,44,4.893436534690805,19.95755147242602,0.8496688068532767,0.6363462803651562,0.15033119314672333,1.1920345325761739,3.750919359763767,1.0708275171326416,1.2441544603579102,0.36365371963484383,0.013346935626911187,2.7930096620906997,11.405170504944113,0.028704398362421984
1.0,0.95,120,0.5,20,skewed,2,44,1.4897928680771662,1.5014647711273088,-0.7834581102007321,44,5.285025681764964,19.95755147242602,0.87629535893283,0.6371039515137511,0.12370464106717,1.4722852869853331,3.7708568147020936,1.1962858785754777,1.6034622535663097,0.3628960484862489,0.012729953423715806,2.7595743611343693,11.36787262046671,0.024206596218668136
1.0,0.95,120,0.5,20,skewed,3,44,1.2234352437285876,1.2361640782540446,-1.0404175121409904,44,4.4687040944763075,19.95755147242602,0.8464077773216659,0.5914473677443147,0.15359222267833406,1.387000423814143,3.7815115785037055,1.147788851655661,1.4203334836774821,0.4085526322556853,0.010633594456406579,2.5496699394827362,13.786028363833823,0.03449504090334807
1.0,0.95,120,0.5,20,skewed,4,44,1.027504996204645,1.0332016519159182,-0.5544163514839607,44,4.689613160895423,19.95755147242602,0.8548341216781025,0.6252710606679218,0.14516587832189753,1.3270379907621006,3.8416198680522786,1.0992282726073486,1.3803504920710428,0.3747289393320782,0.014165072342523807,2.8445247454198337,11.960688036543308,0.02995393169564628
1.0,0.95,120,0.5,60,balanced,0,240,1.8289639482444733,1.8318616662305809,-0.15843494284777862,240,6.206493035162923,19.95755147242602,0.8733983987211984,0.5584125221037842,0.12660160127880166,1.2939570372414928,9.209970264395256,1.1383794289845446,1.265362817975396,0.4415874778962158,0.01144104914564965,5.896663131429795,15.78224783801421,0.022970497552115908
1.0,0.95,120,0.5,60,balanced,1,240,1.6218845988851118,1.6398786617858463,-1.10945395949278,240,6.266710517819449,19.95755147242602,0.8708640810765929,0.6202198820327569,0.1291359189234072,1.2051369202117481,9.059303159991975,1.0902701565557962,1.1732698813259264,0.3797801179672431,0.013314521514942616,6.353527601193158,12.22063573275609,0.022017358944584967
1.0,0.95,120,0.5,60,balanced,2,240,1.8363079349831377,1.811898960786255,1.3292418843197367,240,5.907451229222538,19.95755147242602,0.8634391737422009,0.5446040362057718,0.13656082625779914,1.222314315339318,9.074021622085759,1.1181042867360913,1.196861061884822,0.4553959637942282,0.009717522429272695,5.474037869455688,16.688433767546215,0.024810040739006313
1.0,0.95,120,0.5,60,balanced,3,240,1.6792349572312573,1.667359691982183,0.7071830655940143,240,6.111148083022931,19.95755147242602,0.8732438606822598,0.6032627146687244,0.1267561393177402,1.301599973905866,9.099258422859032,1.1169089202077007,1.259143583704077,0.3967372853312756,0.012868711565780682,6.2805672896083715,13.125135368887403,0.022938502776785642
1.0,0.95,120,0.5,60,balanced,4,240,1.7489937292283049,1.7555859067880653,-0.3769125897706333,240,6.104084160901062,19.95755147242602,0.8633106924159384,0.6132128906868546,0.13668930758406167,1.1728604964320877,8.889985949043167,1.0994824835217503,1.1376417641151277,0.3867871093131454,0.012557656999070662,6.188884829132435,12.588325784119803,0.023792365667801234
1.0,0.95,120,0.5,60,skewed,0,132,1.3654286061434804,1.3581900059122614,0.5301339226855476,132,4.659462347318471,19.95755147242602,0.851498822056004,0.6365766800659627,0.14850117794399603,1.238064145724986,6.456756354979703,1.0889146421749194,1.3402567563363668,0.3634233199340373,0.013379295252541763,4.92712882942356,11.393819222394281,0.029069623811388542
1.0,0.95,120,0.5,60,skewed,1,132,1.2656757396341105,1.269852428949824,-0.32999679024589673,132,4.547676194386998,19.95755147242602,0.8423028654605458,0.5924852725952021,0.15769713453945422,1.2686206480803823,6.451241522606862,1.1367599077341808,1.3351324744444124,0.4075147274047979,0.011272562548818288,4.603794800388016,13.72691697859221,0.03342056304088135
1.0,0.95,120,0.5,60,skewed,2,132,1.3028509639604924,1.2869177942189738,1.2229464598992883,132,4.440108068648133,19.95755147242602,0.8482433500530995,0.6464745566330931,0.15175664994690052,1.277908069643921,6.486494941777139,1.092111695773636,1.3748378082034713,0.35352544336690694,0.01416847440159498,5.058257595256021,10.913812709896996,0.031201105421344473
1.0,0.95,120,0.5,60,skewed,3,132,1.335794816971422,1.3253518777416482,0.781777193405386,132,4.696458019467882,19.95755147242602,0.8466219634793908,0.6414392507288943,0.15337803652060927,1.247402523135241,6.389250465384508,1.134275541944787,1.333172369933232,0.3585607492711057,0.014337516409108516,5.020387936066998,11.156153293453865,0.031188236851213465
1.0,0.95,120,0.5,60,skewed,4,132,1.2857933027694277,1.3050846289555789,-1.500344273422501,132,5.029338689205236,19.95755147242602,0.8720227068540234,0.6678397572149067,0.1279772931459766,1.4072064950648309,6.634613072356543,1.1190580673632082,1.5163347480357319,0.33216024278509326,0.01629344232099987,5.239847809677713,9.926191232044033,0.024845154359924217
1.0,0.9,30,0.1,20,balanced,0,80,0.9174813466266857,0.8492056105544803,7.441648413151458,70,0.5560050186590428,9.57608841724784,0.19570684676794492,0.34227647969277997,0.8042931532320552,0.0,-9.547320763575444,1.6924930543325694,0.7410154308894447,0.65772352030722,8.015238361118796e-05,0.06819952389405246,18.40155242399002,3.467393951834672e-05
1.0,0.9,30,0.1,20,balanced,1,80,0.911228595364594,0.8880655057991605,2.541962541920187,64,0.6466058165988484,9.57608841724784,0.20878705838634506,0.3144390514695434,0.7912129416136549,0.0,-5.478274635382118,1.1841059450734033,0.48324604461699383,0.6855609485304566,0.0005340285929228434,0.40979056957125537,20.878425335079076,0.00025099013525295384
1.0,0.9,30,0.1,20,balanced,2,80,0.3913509221964762,0.3814290667923584,2.5352835119005035,63,0.6237566314828322,9.57608841724784,0.26152095244849927,0.5749267954092642,0.7384790475515006,0.0,-8.306743761574344,1.2373707694568803,0.7025279112457418,0.42507320459073583,0.0033501373883442504,1.944083085984896,7.080098933406186,0.0006053270423437312
1.0,0.9,30,0.1,20,balanced,3,80,0.8718856653255737,0.8619425837398594,1.140411177880914,67,0.5804366822294298,9.57608841724784,0.13407291470627503,0.22423044492334088,0.865927085293725,0.0,-9.14676599074124,1.8899750173663554,0.5045041801974833,0.7757695550766591,0.0004049017051434437,0.3161288816763915,33.13037109373284,0.00024367729739289932
1.0,0.9,30,0.1,20,balanced,4,80,1.130241929261892,1.1120102099420481,1.6130811331473147,65,0.531441,9.57608841724784,0.25094399567665104,0.44531701498611576,0.749056004323349,0.0,-4.013040242876233,1.2766625485878602,0.8047918707932502,0.5546829850138842,0.0034021582546898002,1.9344071061409422,11.927892106708573,0.0010467529642940517
1.0,0.9,30,0.1,20,skewed,0,44,0.5817109810357566,0.5622387840145512,3.347400626086596,28,0.33050737996797014,9.57608841724784,0.20510900906269816,0.31193663774674324,0.7948909909373019,0.0,-3.9630563701122807,1.4149880920760232,1.1053969420303071,0.6880633622532568,0.002547407885577305,1.4209961417516188,21.122737108410757,0.0012060223478949194
1.0,0.9,30,0.1,20,skewed,1,44,0.511845794124881,0.5038175112308775,1.568496407737352,36,0.3537064420694871,9.57608841724784,0.04496306361831223,0.30535914381810764,0.9550369363816877,0.0,-16.254010284210118,2.703275977123277,0.3598686851976139,0.6946408561818924,0.0005901811433932551,0.4209605026084147,21.7839956382406,0.0002847776986378116
1.0,0.9,30,0.1,20,skewed,2,44,0.7591530195148629,0.8045030799759617,-5.973770675387654,31,0.41083018048991665,9.57608841724784,1.3359451688419609e-07,0.37659526851773467,0.9999998664054831,0.0,-19.791844780521618,3.075201999764581,1e-06,0.6234047314822653,9.87440833235655e-05,0.07473677819192229,15.851975124121058,3.837525468097452e-05
1.0,0.9,30,0.1,20,skewed,3,44,0.2993418725308681,0.3000902317160261,-0.2500015045776334,30,0.45169691655254174,9.57608841724784,0.1956837968792124,0.511859687407435,0.8043162031207876,0.0,-3.194710951619975,1.633029256403598,0.8797048379811249,0.48814031259256496,0.0019151820790443298,1.0796225690500936,9.13233627966597,0.0004563514335201556
1.0,0.9,30,0.1,20,skewed,4,44,0.25244938600441025,0.25244938600441025,0.0,31,0.4351998314564064,9.57608841724784,0.08924476918985672,0.01620598964508374,0.9107552308101432,0.0,-6.591233590892243,1.6381051523319226,0.36916006451958155,0.9837940103549163,0.0,-2.467485323947861,581.3220070997296,0.0
1.0,0.9,30,0.1,60,balanced,0,240,0.6651091214543456,0.6539593517995795,1.6763820093739983,198,0.6510675542227062,9.57608841724784,0.14841835454901883,0.27178664866801744,0.8515816454509813,0.0,-16.76598131208926,1.5365047866412942,0.41131356800774077,0.7282133513319826,0.0004474136118077423,0.6081788931067859,25.657755718138155,0.00023726106036431948
1.0,0.9,30,0.1,60,balanced,1,240,0.6124148688457792,0.6141169110553617,-0.27792307080824524,196,0.574550152871401,9.57608841724784,0.21078437771060293,0.29566741878560804,0.7892156222893971,0.0,-13.516105041802398,1.463831544877082,0.6805003554176786,0.7043325812143919,0.0008122924320539708,1.0527760219634665,22.811952363774353,0.00040296559156326065
1.0,0.9,30,0.1,60,balanced,2,240,0.6765083428181621,0.6675868757099063,1.318751971496943,201,0.5904900000000001,9.57608841724784,0.1786941849423031,0.2812222793259309,0.8213058150576968,0.0,-14.87169400883647,1.5892937200964359,0.5855947066009421,0.7187777206740691,0.0005968558887558904,0.7857833313546447,24.475582169453254,0.0003083604689706298
1.0,0.9,30,0.1,60,balanced,3,240,0.693452436877744,0.6767439090241402,2.409469916759353,205,0.7290000000000001,9.57608841724784,0.23138402374433772,0.12760285960816922,0.7686159762556622,0.0,-11.834982195594817,1.51185069762863,0.624317254874238,0.8723971403918308,0.0,-0.4456332650125762,65.46994461565743,0.0
1.0,0.9,30,0.1,60,balanced,4,240,0.600297851369299,0.5865096157732175,2.2968990418056867,195,0.6149855054271989,9.57608841724784,0.28721552271380135,0.3367581799626645,0.7127844772861986,0.0,-7.516907973396081,1.4559770706144268,0.9541685092392517,0.6632418200373356,0.0006378356091550717,0.8611878135331317,18.86000901714712,0.00028057732231662137
1.0,0.9,30,0.1,60,skewed,0,132,0.4338235491680114,0.4160876742894852,4.088269277345633,101,0.35314658556601763,9.57608841724784,0.23898068654630855,0.29889837259338575,0.7610193134536914,0.0,-8.12007709848502,1.4167244752443606,1.2597909053267438,0.7011016274066142,0.0014397319093814335,1.518366905605726,22.46185255299265,0.0007076908502123623
1.0,0.9,30,0.1,60,skewed,1,132,0.24876514489341744,0.2466784952981702,0.8388030389632173,100,0.40362085141827053,9.57608841724784,0.14503968449959184,0.24079705133129836,0.8549603155004082,0.0,-13.011186100787375,1.796084949616741,0.7550120767188875,0.7592029486687016,0.0007105693537781017,0.8142875398147276,30.192207599270525,0.00040956444258132116
1.0,0.9,30,0.1,60,skewed,2,132,0.40967536031082125,0.4014381771503778,2.01066111327611,95,0.22180976969689098,9.57608841724784,0.12767522490085864,0.3246422825999507,0.8723247750991414,0.0,-11.256082286127793,1.350113732976855,0.8909896992189482,0.6753577174000494,0.0007898490201897722,1.013922732653256,19.921265841587985,0.0003602564935906292
1.0,0.9,30,0.1,60,skewed,3,132,0.4565289184935664,0.43860545527721523,3.926030200998926,101,0.42452073473039387,9.57608841724784,0.1881454156182817,0.3137894743872629,0.8118545843817183,0.0,-10.51651783952967,1.478831076308294,0.8073131682417104,0.6862105256127371,0.00074020185519126,0.883812140067455,20.941469368739337,0.00034854986580028094
1.0,0.9,30,0.1,60,skewed,4,132,0.49690129962217694,0.4881910007501272,1.7529233428595707,109,0.3874204890000001,9.57608841724784,0.3028279987085512,0.5272252980306207,0.6971720012914489,0.0,-6.839524274853762,1.110961051963002,1.2455820409920901,0.4727747019693793,0.0010894384240188112,1.2133173061525342,8.587092395619132,0.0002435068303448127
1.0,0.9,30,0.25,20,balanced,0,80,1.9771081397321846,1.9023633859368718,3.780509133174554,78,1.5311108622939362,9.57608841724784,0.6581934470230307,0.3761646299954252,0.34180655297696927,0.6393429748824639,1.8870831338730205,1.107947801136332,1.395008415321583,0.6238353700045748,0.005732550223730841,1.7726355786961299,15.881085526416939,0.07692647903841628
1.0,0.9,30,0.25,20,balanced,1,80,0.9801943029700881,0.9973256133360207,-1.7477463717165984,78,1.513896279422171,9.57608841724784,0.5231472555960204,0.52398612306563,0.47685274440397957,0.3048361587749455,0.979158653640399,1.4643000236875536,1.06114232896927,0.47601387693437003,0.009105630245936212,2.4638389164656114,8.699373461822615,0.07137948660937332
1.0,0.9,30,0.25,20,balanced,2,80,1.4009080941550702,1.4234879795277613,-1.611803477108873,78,1.654906897758348,9.57608841724784,0.5578887276604376,0.5301641670911118,0.4421112723395624,0.45698109180791957,1.7038857519299055,1.162347640407674,0.8871340019648571,0.4698358329088882,0.009459083289674873,2.460012645658383,8.486408091691311,0.0914106625637471
1.0,0.9,30,0.25,20,balanced,3,80,1.0299050367365852,1.0941801298121163,-6.240875690752693,78,1.5874763616309024,9.57608841724784,0.5161304340480577,0.48613443531300726,0.4838695659519423,0.09963299421085736,0.41358119778019925,1.2618374605517297,0.8478731707609302,0.5138655646869927,0.009052578758324646,2.3842858139390644,10.122348314727514,0.025717452908642056
1.0,0.9,30,0.25,20,balanced,4,80,0.7937013173600601,0.8370900733949317,-5.466635255084049,78,1.403885774489061,9.57608841724784,0.44339369387892996,0.476047651602668,0.55660630612107,0.0,-3.266898478856356,1.3311974815700611,0.7565701323877374,0.5239523483973321,0.009050389007498504,2.5016830177781113,10.539730629456542,0.0024845676663864612
1.0,0.9,30,0.25,20,skewed,0,44,1.2472666338004639,1.1616785740827913,6.862049973780093,41,1.338336747519729,9.57608841724784,0.47770411518455164,0.2922229356162147,0.5222958848154484,0.0,-0.0023092297483684483,1.4496465250730897,0.9915737116367705,0.7077770643837853,0.0015038647778581483,0.49332276059270913,23.193715900317464,0.0007533586134811281
1.0,0.9,30,0.25,20,skewed,1,44,0.6832385216941607,0.6501357936433299,4.844973900000423,40,0.9874842235870138,9.57608841724784,0.5609840431536652,0.6266134043069127,0.43901595684633477,0.0,-0.09853176297316854,1.043330207549976,1.3502088764197633,0.3733865956930873,0.01056256111950292,2.1741339320969373,5.706202627642593,0.001472606391350916
1.0,0.9,30,0.25,20,skewed,2,44,0.7590617223206185,0.7637770048009435,-0.6211988223973774,43,1.2301255151330945,9.57608841724784,0.5466194546563723,0.6172654444415551,0.4533805453436277,0.0,-1.4604305624511311,1.3028261611349436,1.2769138124388464,0.38273455555844493,0.01696159443309163,2.6368835737767533,5.937639920341837,0.002484631712425443
1.0,0.9,30,0.25,20,skewed,3,44,0.5374973097045689,0.5942219240048807,-10.553469436245193,42,0.9644957696569503,9.57608841724784,0.46256148010915654,0.6516759839799494,0.5374385198908433,0.0,-2.217160978633386,1.3251229972931953,1.1824913797171026,0.3483240160200506,0.011088628568849646,2.2941492025653276,5.118466319546751,0.0013453790920914556
1.0,0.9,30,0.25,20,skewed,4,44,1.122667847042747,1.0324121258167007,8.039396644679144,41,1.2740247318602056,9.57608841724784,0.503979154825872,0.23470973769571427,0.49602084517412803,0.546083240931327,1.1746411055524333,1.6554717246008612,1.3203247173848274,0.7652902623042858,0.0005572437528390088,0.19391288353165195,31.223618110747218,0.1346828674677833
1.0,0.9,30,0.25,60,balanced,0,240,1.3700165022092279,1.342351779867693,2.019298475377781,227,1.6596302844925526,9.57608841724784,0.5691056202426341,0.4752925106675303,0.4308943797573659,0.0013274075542974995,0.00849556727271863,1.188434196666126,0.9457713092005318,0.5247074893324697,0.008283418419305697,4.06348913494616,10.571690481684499,0.002527033489054088
1.0,0.9,30,0.25,60,balanced,1,240,1.4052566600946381,1.425787646322462,-1.4610132661773767,229,1.7831833509651895,9.57608841724784,0.5492525840421498,0.5129856571594383,0.4507474159578502,0.0,-1.0794716979549352,1.2694985237937186,0.8675503070081925,0.48701434284056166,0.01021993237393084,4.509348694322365,9.091272518871953,0.0024239939150014333
1.0,0.9,30,0.25,60,balanced,2,240,1.1581447499155557,1.109046225515182,4.239411731906015,228,1.51466162443544,9.57608841724784,0.41831885518876677,0.4844474924609454,0.5816811448112331,0.0,-4.475828642491119,1.3614374668689198,0.646406081295713,0.5155525075390546,0.006201914037122374,3.4321132802601797,10.190942202731755,0.0016484339461104106
1.0,0.9,30,0.25,60,balanced,3,240,1.3404823799776946,1.302587538063422,2.826955615403403,234,1.6568901916948098,9.57608841724784,0.5221954323561744,0.3997684009879532,0.47780456764382556,0.11329792079427103,0.7043132051980824,1.3389196826079204,0.8831833211365963,0.6002315990120468,0.005964511959523501,3.150188730977499,14.37800198505089,0.02801448090937555
1.0,0.9,30,0.25,60,balanced,4,240,1.528395407352674,1.4831539698917082,2.960061070801582,233,1.4764661193637842,9.57608841724784,0.5606251242616745,0.5412588542500077,0.43937487573832545,0.25185592345460983,1.6121955977792652,1.161381470868542,1.003666835330519,0.45874114574999225,0.00883448352819824,4.203581953457677,8.116164267499265,0.0504800159964738
1.0,0.9,30,0.25,60,skewed,0,132,1.4034766757872104,1.384294311837433,1.3667746875107893,125,1.1638223485450263,9.57608841724784,0.4686435329670916,0.4178912044238698,0.5313564670329084,0.0,-3.2432363094047063,1.3989483573320542,1.060178785436076,0.5821087955761302,0.003097637643126346,1.6448738690733558,13.339178321735137,0.0010496365284880852
1.0,0.9,30,0.25,60,skewed,1,132,0.925062599282189,0.9050071196393288,2.168013241311722,122,1.3554767639927987,9.57608841724784,0.5129277043228279,0.5116144411536488,0.48707229567717214,0.0,-3.8865341176418573,1.382732299773388,1.0742850024229076,0.48838555884635115,0.008577612066278049,3.2792500637778996,9.14130430461228,0.00204593592505361
1.0,0.9,30,0.25,60,skewed,2,132,0.8797670670195346,0.8738954481471928,0.6674060774101928,125,1.0732686686238306,9.57608841724784,0.48943384374187937,0.5725000468064319,0.5105661562581206,0.0,-3.906345665717018,1.3775472463545664,1.230740278964536,0.42749995319356815,0.008500187736306215,3.402151031537053,7.150702210396624,0.0015534620948100748
1.0,0.9,30,0.25,60,skewed,3,132,0.862280205346941,0.821248404427056,4.758522886812151,126,1.041189396813359,9.57608841724784,0.5045217475576431,0.5672912393715999,0.49547825244235694,0.0,-0.8927042235466852,1.4190332219765713,1.3878450647536378,0.43270876062840014,0.008642945072385708,3.4782550954365403,7.304285811438417,0.0016182779961121643
1.0,0.9,30,0.25,60,skewed,4,132,0.8000170772370833,0.7789151549737413,2.6376839774744516,126,1.2504294836652319,9.57608841724784,0.5151719011073965,0.4960623948751366,0.4848280988926035,0.0,-2.5616793833903584,1.2811129644897958,1.0886754429886771,0.5039376051248634,0.006597034283080026,2.8024939562899847,9.728113062604768,0.0016753373720344977
1.0,0.9,30,0.5,20,balanced,0,80,2.0167754870366883,2.036707122024229,-0.9882922078167011,80,3.4924768048599395,9.57608841724784,0.7430174344898798,0.5046685534075411,0.2569825655101202,0.951005189114229,3.9025193058223433,1.1838000610218122,0.9803864703016018,0.49533144659245887,0.015094271682376946,2.672702855522737,9.398916767025542,0.06650784824828625
1.0,0.9,30,0.5,20,balanced,1,80,1.492637632039306,1.5868001970100813,-6.308467839051223,80,3.458881694660416,9.57608841724784,0.7764001083853526,0.4785764242916062,0.22359989161464744,1.0408968410673864,4.0004385777422975,1.1356090335511098,1.1400447449086333,0.5214235757083938,0.016847718751084918,2.82831742959738,10.433439698188407,0.0566222279314078
1.0,0.9,30,0.5,20,balanced,2,80,1.447629542191352,1.5443289937161757,-6.679847896613428,80,3.3343668226209866,9.57608841724784,0.7751201915222579,0.3758183525315331,0.22487980847774208,1.2046616801591745,4.356078496973947,1.2076269146377743,1.248567204687772,0.6241816474684669,0.012981091877100955,2.432835104257493,15.904541660402124,0.06597832822727985
1.0,0.9,30,0.5,20,balanced,3,80,2.3333792225701706,2.2283039512828235,4.503137349942147,79,3.310201321157228,9.57608841724784,0.7456502063307622,0.5628941235454564,0.2543497936692378,0.8378610445807084,3.869791592895504,0.9945182247083977,0.8810568577175182,0.4371058764545436,0.01781236919687869,2.9813657211993956,7.436148905344363,0.057607688360236615
1.0,0.9,30,0.5,20,balanced,4,80,2.0326410533938364,1.9904658462366898,2.0748969468430256,80,3.199843903416879,9.57608841724784,0.7007518285758849,0.46448361066040145,0.29924817142411503,0.9519578777077321,3.705575526497036,1.3320495138870765,0.9749738424031237,0.5355163893395986,0.013129448570004573,2.4831871151681635,11.040545189334285,0.08901255602178339
1.0,0.9,30,0.5,20,skewed,0,44,1.567484730218524,1.6433473468467499,-4.839767505591577,44,2.241721554623849,9.57608841724784,0.7204443552507909,0.5576493038940608,0.2795556447492092,1.1959600141909532,2.962461907256311,1.230391995321225,1.4165174903426963,0.44235069610593925,0.019172931973835367,2.401212793605106,7.596152900688162,0.09721754677756787
1.0,0.9,30,0.5,20,skewed,1,44,0.9524606110820463,1.0320309017430622,-8.354181761975422,44,2.299322883563188,9.57608841724784,0.7070646958240983,0.5691594565498101,0.29293530417590175,0.8931683911236483,2.7323468494142653,1.141901633906428,1.1988926780539577,0.43084054345018985,0.020204019682665577,2.444567623652726,7.2488774285226345,0.08039409770886054
1.0,0.9,30,0.5,20,skewed,2,44,1.3922729734705495,1.33473765099701,4.132474275509348,44,2.4112255441993256,9.57608841724784,0.6721921637149543,0.5674825734720523,0.32780783628504573,0.5068101551998878,1.708238994382415,1.1810278035247632,1.0045491540273346,0.43251742652794767,0.021911099593740838,2.569780866561318,7.2985943746096416,0.058559732686168826
1.0,0.9,30,0.5,20,skewed,3,44,1.5793152226218747,1.5768464838166658,0.1563170398060552,44,2.34658757493283,9.57608841724784,0.6785674064233702,0.49900250566846743,0.32143259357662973,0.7199011777289394,2.1067866524537506,1.3001129459334961,1.1702875613070023,0.5009974943315325,0.015094108726158871,2.150775210286234,9.61437317055449,0.07816800507209413
1.0,0.9,30,0.5,20,skewed,4,44,1.2236592347006547,1.1648653715804647,4.804757848664698,44,2.4234945963301033,9.57608841724784,0.6558759442429515,0.34025663040907905,0.3441240557570485,0.7510243571561285,2.3324892783392257,1.3417483931577614,1.0553115722299709,0.659743369590921,0.008728140195697193,1.468567135261196,18.567634765265407,0.09273635185435976
1.0,0.9,30,0.5,60,balanced,0,240,1.6901974296581213,1.7269899887266777,-2.1768201999927657,239,3.2730893485331087,9.57608841724784,0.743497472576257,0.45456928929749507,0.256502527423743,1.047254092850078,6.873292110579572,1.2673955203455591,1.1224028504452246,0.5454307107025049,0.013510186117080023,4.351377481050953,11.490201459147052,0.07292176916138274
1.0,0.9,30,0.5,60,balanced,1,240,1.6589452164043277,1.702203744581409,-2.607592327300711,239,3.3599785695883737,9.57608841724784,0.7669611022156575,0.4084256771666463,0.23303889778434245,0.9932037373607397,6.592820292563222,1.1618563080422544,1.1381560408987608,0.5915743228333536,0.012772398720089905,4.205689024918365,13.870254338867845,0.05840787332418865
1.0,0.9,30,0.5,60,balanced,2,240,1.6222027806205384,1.6013971892020755,1.2825518281077108,240,3.3903773681422233,9.57608841724784,0.7670618752387393,0.3436534171344123,0.2329381247612608,1.0138666301373536,6.932840312528743,1.1624182439242263,1.1290271768686757,0.6563465828655877,0.008120250539868368,3.0812049324597965,18.289452676738634,0.05851070520083403
1.0,0.9,30,0.5,60,balanced,3,240,1.5511842533849913,1.5638479206218685,-0.8163870416581747,240,3.3220579354241906,9.57608841724784,0.7464137080377398,0.4279422822053925,0.2535862919622603,0.9158957878716467,6.4438029694343655,1.2003303212142216,1.0635390940238307,0.5720577177946076,0.011675748186385441,3.9881858884963224,12.800967591094334,0.0627184903510068
1.0,0.9,30,0.5,60,balanced,4,240,1.6749149076297263,1.6517881774390317,1.3807704549852382,240,3.2587542290921987,9.57608841724784,0.7502044533875378,0.3404296750607579,0.24979554661246217,1.0746772083559697,7.02940019588549,1.1818427123462867,1.0891891714170172,0.6595703249392422,0.007591083074492966,2.9493484571499056,18.553328959597337,0.07035988149308538
1.0,0.9,30,0.5,60,skewed,0,132,1.3847282989600047,1.373340841579055,0.8223604146389097,132,2.6761479740061747,9.57608841724784,0.7223087721711015,0.4718583632713089,0.27769122782889855,1.0343545190279742,4.681333749042571,1.3086233740954063,1.2719782718004082,0.5281416367286911,0.01114353765861241,3.023743660810827,10.718324403706621,0.08286988499215114
1.0,0.9,30,0.5,60,skewed,1,132,0.9816060398504924,0.993114370105708,-1.1723980688798945,132,2.424001783806636,9.57608841724784,0.7144292353432686,0.5100705735819616,0.2855707646567314,0.8412803493722982,4.203899937372615,1.1473129996692089,1.1841240666610668,0.4899294264180384,0.015412434435467404,3.6974256267337626,9.197957593679487,0.0723064287330222
1.0,0.9,30,0.5,60,skewed,2,132,1.728339496513943,1.7267251600530715,0.09340389802625605,132,2.4961204909108243,9.57608841724784,0.7232349458756658,0.5509949604712431,0.27676505412433416,0.8708291737843742,4.360781539460962,1.1684054405948645,1.2234597786440131,0.4490050395287569,0.018249536205895457,4.049930775885093,7.803541351158406,0.07038375994359301
1.0,0.9,30,0.5,60,skewed,3,132,1.352227034697064,1.3609526051336946,-0.6452740710501664,132,2.756602650135414,9.57608841724784,0.7330801504954667,0.39093853753506863,0.26691984950453324,0.9463431220780374,4.310322319407553,1.2749353542861717,1.2702367778368524,0.6090614624649313,0.00939976537385626,2.6639438886856004,14.919036769505666,0.070910255174203
1.0,0.9,30,0.5,60,skewed,4,132,1.6827925223968299,1.7137450486448738,-1.8393548721001975,132,2.4283965589365595,9.57608841724784,0.7106726908735779,0.4868717598431844,0.28932730912642207,1.0315603434619947,4.587203528528086,1.3521358936784427,1.3676779851394185,0.5131282401568156,0.014618403805865147,3.588941407904763,10.092516761931545,0.09020125172636398
1.0,0.9,60,0.1,20,balanced,0,80,0.9118840845510368,0.8996125938896068,1.3457292291126883,70,0.5916957428044896,9.982029897000858,0.1170696888297402,0.2949991724958415,0.8829303111702598,0.0,-114.00616741744425,1.8323874929495474,0.41061700854379535,0.7050008275041585,0.0014835619286089974,1.1354511370718186,23.855454501846303,0.0007373690985595709
1.0,0.9,60,0.1,20,balanced,1,80,0.8898530874847785,0.865090121462016,2.7828150928549875,76,0.8657435064313672,9.982029897000858,0.22139665223692245,0.02791690810747146,0.7786033477630776,0.0,-36.234978767083206,1.8938880001700398,0.622306894425436,0.9720830918925285,0.0,-2.3599416484110414,347.58012772350395,0.0
1.0,0.9,60,0.1,20,balanced,2,80,0.8515027815931674,0.8348432241590933,1.956488903407216,76,0.6014276411631385,9.982029897000858,0.2724162830418495,0.3020495949675537,0.7275837169581505,0.0,-97.03369245729965,1.4126917486571273,0.8798858945655643,0.6979504050324463,0.0003538931877224835,0.2930293466073021,23.065622089002083,0.0001723936758572591
1.0,0.9,60,0.1,20,balanced,3,80,0.6781168105920135,0.6680992766516666,1.4772578682426871,75,0.4774883196631313,9.982029897000858,0.2823760363157826,0.5609715631121345,0.7176239636842174,0.0,-66.9065662450749,1.215877024225401,1.0019989072100153,0.4390284368878655,0.0026642762046622916,1.8688278929942124,7.812151757454088,0.0005135284971425925
1.0,0.9,60,0.1,20,balanced,4,80,0.5130827788911628,0.5028250470083842,1.9992352705633465,77,0.6363466175140453,9.982029897000858,0.2933780147158559,0.2088219662663598,0.7066219852841442,0.0,-74.79214231109754,1.33105309072755,0.8684563661919149,0.7911780337336403,0.0006602126614719409,0.5222650787075955,37.81959785066831,0.00041326848764647013
1.0,0.9,60,0.1,20,skewed,0,44,0.6054378679968715,0.6118809966843874,-1.0642097278839597,39,0.2738362031181731,9.982029897000858,0.1941098975571064,0.5749485317302179,0.8058901024428936,0.0,-72.22855962011266,1.3832376354591867,1.2166901701233528,0.42505146826978213,0.004893322568055568,1.9726626690920293,7.379576135736538,0.0008840704750365184
1.0,0.9,60,0.1,20,skewed,1,44,0.6336924628716456,0.6150774067177113,2.93755366279381,36,0.32474235749498037,9.982029897000858,0.19893714484752834,0.17120353200324706,0.8010628551524717,0.0,-57.38082149702968,1.4077192472333413,1.0765337343792274,0.828796467996753,0.0,-0.22195754860986608,48.323016618111566,0.0
1.0,0.9,60,0.1,20,skewed,2,44,0.39893817218019195,0.388404799081761,2.6403522733525837,38,0.21271005632276996,9.982029897000858,0.037995592197964244,0.008939754421638788,0.9620044078020358,0.0,-108.41050567319314,2.5001451295422696,0.4649027172631482,0.9910602455783613,9.281128886587386e-05,0.0841593673808353,1106.606796395501,9.115928601064399e-05
1.0,0.9,60,0.1,20,skewed,3,44,0.20442330720658997,0.20920961633386354,-2.3413715357009317,40,0.21906989719326184,9.982029897000858,0.03286422568580197,0.610559480921555,0.9671357743141981,0.0,-153.62201964409098,2.0834932481389448,0.3233782118698294,0.389440519078445,0.00207519949869954,1.3138107304868591,6.3669585454263515,0.00031473288639707225
1.0,0.9,60,0.1,20,skewed,4,44,0.31203085728387087,0.3094815337441207,0.817010074561609,36,0.2013921776889234,9.982029897000858,0.16797956899295824,0.5612670049858676,0.8320204310070418,0.0,-43.98831540693681,1.0504764150412935,1.0530920697447081,0.43873299501413243,0.0029689120391045093,1.6630907559139105,7.8027851880266335,0.0005714759055765713
1.0,0.9,60,0.1,60,balanced,0,240,0.6171460961220407,0.608028406875877,1.4773955961897094,224,0.6014647460136497,9.982029897000858,0.219670611875502,0.3849222638418602,0.7803293881244979,0.0,-93.58776994464048,1.4652261005452434,0.6857861791603238,0.6150777361581399,0.0008226580275536594,1.1291473386128434,15.95055658779087,0.0003112284962803972
1.0,0.9,60,0.1,60,balanced,1,240,0.8954833093020018,0.9159843545210328,-2.289383286776256,229,0.5897049022889065,9.982029897000858,0.25719782439799965,0.36536037876904887,0.7428021756020003,0.0,-140.4868136741953,1.4744953309561681,0.8657709014251384,0.6346396212309511,0.0,-0.2828774106681498,17.339022075387987,0.0
1.0,0.9,60,0.1,60,balanced,2,240,0.5023609533672059,0.49292291668091365,1.8787361205187854,226,0.46674841268169487,9.982029897000858,0.1512914023407534,0.20830185117918712,0.8487085976592466,0.0,-153.54855317623685,1.6075535435136636,0.6139575258947154,0.7916981488208129,0.00029377046346061673,0.45954824048192106,37.93895515662709,0.0001841312016208852
1.0,0.9,60,0.1,60,balanced,3,240,0.48602894804397373,0.48493706825738014,0.22465324153795002,220,0.39809878613540606,9.982029897000858,0.1078191643950212,0.3199475180560134,0.8921808356049787,0.0,-110.47673719338157,1.8031069106701352,0.5473735100564159,0.6800524819439866,0.0002699786166411684,0.47415947303466427,21.21693035013973,0.00012485738292207822
1.0,0.9,60,0.1,60,balanced,4,240,0.5907942760000887,0.5830686642615122,1.3076652994815736,221,0.5414023687000922,9.982029897000858,0.16861341627126059,0.3340965522187575,0.8313865837287394,0.0,-148.76680414689704,1.516873062770107,0.5682226600449707,0.6659034477812424,0.0008741301161031426,1.2326778722416392,19.895650164973834,0.00038761324618985526
1.0,0.9,60,0.1,60,skewed,0,132,0.5032337964990597,0.49115602480569065,2.4000319091032405,114,0.3118566670695795,9.982029897000858,0.14095970369725053,0.4202558844981251,0.8590402963027495,0.0,-127.29025521395927,1.6866336852304906,0.8874616227890557,0.5797441155018749,0.0008782946884489679,1.1721645717377582,13.770236912829834,0.0002951976899873763
1.0,0.9,60,0.1,60,skewed,1,132,0.6443601848258613,0.6393735346861301,0.7738917234743256,113,0.2292518849237615,9.982029897000858,0.18729764159519566,0.5407406842802257,0.8127023584048043,0.0,-50.61593173645107,1.09563375894881,1.1022624320372008,0.4592593157197743,0.0025945092887721035,2.762598827976764,8.477890333132802,0.0005472316136207426
1.0,0.9,60,0.1,60,skewed,2,132,0.4800149281107171,0.4824146299841356,-0.4999223425953496,121,0.3487050486665241,9.982029897000858,0.16025969499120374,0.3153781708519816,0.8397403050087963,0.0,-131.19291635767368,1.7697852462444066,0.9686577462789929,0.6846218291480184,0.0005213473886537178,0.6654696693883392,21.66895555337068,0.0002443591960115762
1.0,0.9,60,0.1,60,skewed,3,132,0.3192109763475031,0.3169393241121588,0.7116460283844752,115,0.3121869166006633,9.982029897000858,0.1390987356337432,0.40589981811810577,0.8609012643662568,0.0,-126.12601677438283,1.7100922419476023,0.885198827895688,0.5941001818818943,0.00045874612569921005,0.6477728039868801,14.610318883250038,0.00016191675077498934
1.0,0.9,60,0.1,60,skewed,4,132,0.6415617753875389,0.6157461540944367,4.023871477927149,112,0.2656095250005979,9.982029897000858,0.11033828836487101,0.3491467084618561,0.889661711635129,0.0,-109.663713932338,1.7571184819511327,0.8211210331882456,0.650853291538144,0.0011341541821189138,1.448904699832531,18.607756731594513,0.00048043906114673377
1.0,0.9,60,0.25,20,balanced,0,80,1.7057887265173268,1.640615468013357,3.820711058223067,80,1.3740418130470802,9.982029897000858,0.4528640112157105,0.5616682211389906,0.5471359887842895,0.0,-51.28990752846495,1.3131584982879185,0.7911324528771543,0.4383317788610094,0.011223487336644525,2.9675133382325583,7.790080970796845,0.002156421915141746
1.0,0.9,60,0.25,20,balanced,1,80,0.9294226558431489,0.9103900560154339,2.0477873772561628,80,1.3058099928424363,9.982029897000858,0.5094580471801591,0.42801017107511885,0.4905419528198409,0.0,-28.27572372520621,1.1331348748760794,0.9022517278920501,0.5719898289248811,0.003983414645353789,1.5708464795698076,13.339915635104125,0.0013032631878801535
1.0,0.9,60,0.25,20,balanced,2,80,1.2466994211123599,1.2357580405496957,0.8776277888139035,80,1.3391721518403972,9.982029897000858,0.5481884534017785,0.5904628526314016,0.4518115465982215,0.0,-10.470163805174217,1.3780296277022441,1.248527590721981,0.40953714736859836,0.009834871196261072,2.846243510350926,6.923402599752958,0.001649511236310702
1.0,0.9,60,0.25,20,balanced,3,80,0.8434412750439872,0.9124883703710029,-8.186354802640498,80,1.4090031898597228,9.982029897000858,0.5087186756176209,0.579782906622535,0.49128132438237915,0.0,-26.900991958894704,1.2760564711145754,0.9380384169201744,0.42021709337746505,0.01042086037829893,2.7946326777602413,7.234810722102827,0.0018401405936737483
1.0,0.9,60,0.25,20,balanced,4,80,1.0262236242757614,0.9962571940997427,2.92006824508323,80,1.300045098606291,9.982029897000858,0.3852101938879754,0.40423968593258547,0.6147898061120246,0.0,-7.494853975217801,1.4090823069646468,0.6791245225651537,0.5957603140674146,0.0056476500576724264,1.9230696667235958,14.711314780358578,0.0020045224219129533
1.0,0.9,60,0.25,20,skewed,0,44,1.1582374815681138,1.165168338720634,-0.5983968972525938,44,1.0756695316761684,9.982029897000858,0.41912939189243303,0.5733905496234408,0.580870608107567,0.0,-36.15145406071512,1.434941599536974,0.9626855745221183,0.4266094503765592,0.008825596811579933,2.112619086821537,7.426750041134319,0.0016062199913993492
1.0,0.9,60,0.25,20,skewed,1,44,0.9470274823062049,0.9225166901850741,2.5881817137388725,44,1.336148873231156,9.982029897000858,0.5098835425987809,0.45013621172915314,0.4901164574012192,0.0,-21.830267455221414,1.352764666892159,1.0548268612251173,0.5498637882708468,0.005363834890186521,1.4498518976403756,12.193546377247088,0.0016217564748522452
1.0,0.9,60,0.25,20,skewed,2,44,1.7099281951210255,1.5431307956297886,9.75464349714587,44,1.1213873822473688,9.982029897000858,0.5687737364090808,0.4280940154390143,0.43122626359091926,0.0,-23.854318454012198,1.4785323387117364,1.745160612455559,0.5719059845609857,0.005468495126398748,1.5769147304131188,13.335347914889823,0.0017886160010934008
1.0,0.9,60,0.25,20,skewed,3,44,1.6039802386420297,1.6152335189357787,-0.7015847217217819,44,0.7374095581263616,9.982029897000858,0.4843002837621694,0.6730197625434116,0.5156997162378306,0.0,-13.550710109120107,1.2540764274289198,1.5971120870733537,0.32698023745658844,0.010195651800567482,2.4065402057618046,4.849674092311031,0.0010900790795894731
1.0,0.9,60,0.25,20,skewed,4,44,1.17505393202156,1.1219509398885017,4.519196156528755,43,1.0300749501532382,9.982029897000858,0.2526242412302368,0.5096691930551006,0.7473757587697631,0.0,-50.804622138411965,1.398648647309004,0.45897012746674,0.4903308069448994,0.006639218524176243,1.8801701728020328,9.603281581540275,0.0015962294678104477
1.0,0.9,60,0.25,60,balanced,0,240,0.8956684335020089,0.8891526882235894,0.7274729168408118,238,1.3802858378961116,9.982029897000858,0.4149956354129472,0.49502252165007227,0.5850043645870527,0.0,-25.534399476480377,1.427693699457724,0.7337539668670168,0.5049774783499277,0.007721324626338712,4.177930903208977,10.182769602883473,0.0019689551808074342
1.0,0.9,60,0.25,60,balanced,1,240,1.1992142517830169,1.186740837614946,1.040132249056011,239,1.4802532780643447,9.982029897000858,0.507489678415729,0.4517014830441231,0.49251032158427105,0.0,-29.048512574090378,1.3625290011898994,0.9484901104187827,0.548298516955877,0.00395466544588639,2.630189770604038,12.116701835579692,0.0011888960704917863
1.0,0.9,60,0.25,60,balanced,2,240,1.2733717516376817,1.249636991146371,1.8639301885553448,239,1.5402977813244938,9.982029897000858,0.4737058076594358,0.26545246892941154,0.5262941923405642,0.0,-14.35425175439923,1.3591282879123356,0.7942119274855374,0.7345475310705885,0.0018075862594201866,1.3498087335019044,27.621801543177817,0.000975301378428189
1.0,0.9,60,0.25,60,balanced,3,240,1.242733122751316,1.1913581953602024,4.13402736682302,239,1.57500105163904,9.982029897000858,0.45469743033469934,0.45436751006124104,0.5453025696653007,0.0,-31.73868625744446,1.3582689289358287,0.7192557878179375,0.545632489938759,0.006098103013105361,3.4513340966941146,11.987036279529786,0.0018154956047676534
1.0,0.9,60,0.25,60,balanced,4,240,1.257297342202136,1.2308029310305013,2.1072510282436627,240,1.4086404484716406,9.982029897000858,0.4730041725259727,0.4671827839756731,0.5269958274740272,0.0,-18.183122360657183,1.3455889368467995,0.8573923376958713,0.532817216024327,0.00541182930904905,3.3367659087959782,11.384403626201568,0.0015363868747961154
1.0,0.9,60,0.25,60,skewed,0,132,0.7887553247599843,0.819208395764111,-3.8609021135157993,131,1.0162542330048123,9.982029897000858,0.5902476670313921,0.5752182151781139,0.40975233296860786,0.0,-22.4553237538764,1.220991908951239,1.7307710818869126,0.4247817848218861,0.006912466703173503,3.2014158778699344,7.371436376507124,0.0012472824830376996
1.0,0.9,60,0.25,60,skewed,1,132,1.0142862888408792,0.9857540950548551,2.8130315966935284,132,1.0153791402386632,9.982029897000858,0.4230912653517652,0.535198169903691,0.5769087346482347,0.0,-13.712796268375662,1.396710218448802,1.0088006457668146,0.46480183009630904,0.004795044927064847,2.5080161313998017,8.669061340469417,0.0010359250604223028
1.0,0.9,60,0.25,60,skewed,2,132,0.7137528137846518,0.7213658856703564,-1.066625831614802,132,1.0764833736300978,9.982029897000858,0.4313487743019697,0.5569229074461984,0.5686512256980303,0.0,-47.27193806963657,1.4633593402939005,1.0311878403953425,0.44307709255380157,0.009161521586434579,3.749933139550853,7.941509902742738,0.001798565272860406
1.0,0.9,60,0.25,60,skewed,3,132,0.8279876567077455,0.8051696781308214,2.755835596348532,131,1.0594281341054832,9.982029897000858,0.5800844436160697,0.6045115372832027,0.41991555638393036,0.0,-14.269159628635071,1.2150020626243405,1.584667650881776,0.3954884627167973,0.008006001333471019,3.39881775441784,6.530524920169586,0.001252227668451318
1.0,0.9,60,0.25,60,skewed,4,132,0.6914479384287154,0.6858048312650435,0.8161290026398226,131,1.0830085184821747,9.982029897000858,0.48112257257870605,0.527183298390216,0.518877427421294,0.0,-20.060415847214244,1.3753150310199909,1.1776021156014347,0.47281670160978395,0.006730958395805769,3.14930854790688,8.952617553860255,0.0015047436670327073
1.0,0.9,60,0.5,20,balanced,0,80,1.766813355135709,1.7540961928654955,0.7197796096145522,80,2.986158164550642,9.982029897000858,0.7207853650682419,0.39456250227465367,0.2792146349317581,1.0610046102027182,3.970544617441186,1.2335372212065154,1.0663741071371973,0.6054374977253463,0.007156705227661656,1.7236916186543743,15.316952746951454,0.08534010429109955
1.0,0.9,60,0.5,20,balanced,1,80,1.8331557489224635,1.7806762955404196,2.8627929412376165,80,3.066341259407669,9.982029897000858,0.7718926154276005,0.30863345222402133,0.22810738457239949,0.8864794200085231,3.70051946175722,0.9996113491154643,1.103205893096766,0.6913665477759787,0.006304478685129306,1.5926600818705052,22.360640105456977,0.04913962824118636
1.0,0.9,60,0.5,20,balanced,2,80,2.4216092826240105,2.3301870045006616,3.7752695605909405,80,2.847731859754444,9.982029897000858,0.7366210266091533,0.4347296582123798,0.26337897339084676,0.8916688808661202,3.246741483520247,1.1665403682786077,1.1466710362040824,0.5652703417876201,0.009974079651516435,2.239989503778791,12.979435253656767,0.06504074141036172
1.0,0.9,60,0.5,20,balanced,3,80,1.963632484048389,1.8876328505944497,3.870359350404106,80,2.823258934504314,9.982029897000858,0.6704480864198668,0.39792753131326924,0.3295519135801332,0.646007620719937,2.902571574796676,1.218570684290927,0.8786511752560594,0.6020724686867307,0.009310437360026638,2.127644715542266,15.1030147694424,0.07353426337001925
1.0,0.9,60,0.5,20,balanced,4,80,1.7143998083707872,1.7091409697758049,0.30674516931846024,80,2.9588369256383227,9.982029897000858,0.7306670044896575,0.3876380018078839,0.26933299551034245,0.7037890581629083,2.877785992304862,1.1598370441261054,1.0635579586825559,0.6123619981921161,0.00739005830861391,1.8061160856059641,15.768876491036977,0.05382422040041291
1.0,0.9,60,0.5,20,skewed,0,44,1.3302140239176234,1.3406373338179143,-0.7835814171912776,44,2.2271864308336853,9.982029897000858,0.7134547350339762,0.49087709227263787,0.28654526496602384,0.7917778021786506,1.9883838934980729,1.2180236970932763,1.3620747485714875,0.5091229077273621,0.008904121733207992,1.6154599285033224,10.353060198131843,0.06731944430945326
1.0,0.9,60,0.5,20,skewed,1,44,0.7275592487935442,0.7959160574715846,-9.3953597306874,44,2.2962223451756216,9.982029897000858,0.708226032866754,0.3959431934638941,0.29177396713324594,0.9415136020508719,2.537712227105082,1.2581181658592568,1.3299451178563362,0.6040568065361058,0.009703281434933327,1.6556156552111654,15.228732812855185,0.08369355927788949
1.0,0.9,60,0.5,20,skewed,2,44,1.3377242049165017,1.3503067661175607,-0.9405945676107753,44,2.3911338503154838,9.982029897000858,0.7537985761355477,0.3396154453249663,0.24620142386445226,1.2032085106614585,3.0895390340258864,1.0659237383921627,1.364919410024462,0.6603845546750338,0.0066663326945361895,1.2711795716258674,19.410125360983358,0.07583989308115147
1.0,0.9,60,0.5,20,skewed,3,44,0.8997956762062777,0.9401327699804476,-4.482917048928193,44,2.503778176390674,9.982029897000858,0.7468087211419534,0.5523370600817941,0.2531912788580466,1.4620439386962962,3.0693911848688122,1.3422881051614601,1.5814823217729155,0.44766293991820594,0.012486611943005533,1.9265133972786002,8.090322328509139,0.09622787431312815
1.0,0.9,60,0.5,20,skewed,4,44,1.6085619191444331,1.5672926788106083,2.5655984915877688,44,2.634491082242651,9.982029897000858,0.764447757246244,0.565524356236415,0.23555224275375597,1.3209214155730855,3.000395470440163,1.220947882709104,1.5040715333296726,0.43447564376358505,0.011930211232428677,1.901376488439293,7.668898461649558,0.07554319363924836
1.0,0.9,60,0.5,60,balanced,0,240,2.10282749358439,2.0939844716335863,0.42053007095366235,240,2.961439972300103,9.982029897000858,0.6912835909668994,0.4300960690909524,0.3087164090331006,0.7585848904777565,5.71149805302131,1.2528570686883433,0.9474139607189647,0.5699039309090477,0.008316858028504997,3.383042035330179,13.226807882192976,0.07499879233987894
1.0,0.9,60,0.5,60,balanced,1,240,1.8179741873535387,1.794385096908799,1.2975481505091482,240,3.0369998280162225,9.982029897000858,0.7268482197284245,0.29522488903386934,0.2731517802715755,0.8918981270491178,6.528940694284438,1.160367148681743,1.016695550105336,0.7047751109661307,0.005166501518164734,2.328311048905036,23.82958378390286,0.06911245187865028
1.0,0.9,60,0.5,60,balanced,2,240,1.743858704353645,1.755023416258495,-0.6402303051833589,240,2.9659072168324183,9.982029897000858,0.7028022146777066,0.40914249328420244,0.2971977853222933,0.8213502178425173,5.963320466260205,1.199833578401089,0.9566590113786118,0.5908575067157975,0.008742248420945321,3.506212648931098,14.415411241109052,0.07559903841752873
1.0,0.9,60,0.5,60,balanced,3,240,1.7561708672679952,1.7936540158153125,-2.134367973295691,240,2.7915560359215625,9.982029897000858,0.707474989618798,0.43666210195516914,0.292525010381202,0.8781288034636718,5.985391956580152,1.235861602883855,1.0707160658551493,0.5633378980448309,0.008887889417159133,3.5401251388242096,12.877819520445687,0.07796282399641218
1.0,0.9,60,0.5,60,balanced,4,240,1.5996902676857412,1.6007536729761649,-0.06647569919657773,240,2.927569952925281,9.982029897000858,0.7051201829481097,0.46505236461381916,0.2948798170518903,0.734977173219959,5.313715578640598,1.2339837012019172,1.007906900423954,0.5349476353861808,0.01053048456005918,3.9741769030679928,11.482283923422278,0.0669227813461738
1.0,0.9,60,0.5,60,skewed,0,132,0.9513914195860492,0.9382635710585452,1.3798577806404824,132,2.2577509205665205,9.982029897000858,0.6870288556801889,0.4832557952279446,0.31297114431981105,0.7411408601926655,3.6743542051740916,1.2534368865356655,1.2187025608710833,0.5167442047720554,0.009058943485556813,2.848887101851869,10.673759429420944,0.07501440235349105
1.0,0.9,60,0.5,60,skewed,1,132,1.5109215922088528,1.4707613767170733,2.6579946768163074,132,2.2462993900097135,9.982029897000858,0.6552118372049547,0.42378865916591807,0.3447881627950453,0.7506803426189234,3.799935208058037,1.311980744193787,1.1099301103669064,0.5762113408340819,0.008699623081730105,2.7499381074401437,13.572233958589434,0.09212848085607989
1.0,0.9,60,0.5,60,skewed,2,132,1.3906289494001698,1.3474672619906536,3.103752976531479,132,2.2575308546562947,9.982029897000858,0.6490367628040429,0.5439731586041371,0.3509632371959571,0.45703038845510524,2.1540232013909906,1.3652626021866483,1.1184859166464958,0.4560268413958629,0.011504924850790747,3.3427197969370126,8.368195181411568,0.05868737639444964
1.0,0.9,60,0.5,60,skewed,3,132,1.5822300021800286,1.5704722976645964,0.7431096932324774,132,2.3683653913622456,9.982029897000858,0.7033726918906297,0.462593705422972,0.2966273081093703,0.7378191422998253,3.23220363640916,1.2800343036829656,1.281641879454096,0.5374062945770279,0.010554617048225308,3.144255202884864,11.596365528578488,0.06796728527680888
1.0,0.9,60,0.5,60,skewed,4,132,1.4978526559325192,1.454593211689678,2.8880974421285153,132,2.3920489336467066,9.982029897000858,0.6957382253816741,0.4236518409705048,0.30426177461832593,0.6065967045757894,3.0734080034180216,1.1999475875724965,1.147078733360224,0.5763481590294952,0.006172598823723206,2.1816925482356706,13.579840798837381,0.05820622451970921
1.0,0.9,120,0.1,20,balanced,0,80,0.6575544940753889,0.6937020162443224,-5.497266385466927,79,0.5099492548950204,9.999967707539822,0.0941386895216228,0.14207253997541966,0.9058613104783773,0.0,-44869.18767680363,2.00563033297989,0.40879580040546276,0.8579274600245803,0.0,-0.05206706701472658,60.38638358363821,0.0
1.0,0.9,120,0.1,20,balanced,1,80,0.5896023679841883,0.578272953600128,1.9215347493930262,80,0.6082924429652741,9.999967707539822,0.29438845156806054,0.2720893311894049,0.7056115484319394,0.0,-2871.049022170642,1.518928593056695,1.0420403204532613,0.7279106688105951,0.0006010557879542258,0.4735577783428755,26.75254906269221,0.00031847177847019073
1.0,0.9,120,0.1,20,balanced,2,80,0.6989024275845022,0.6987007841109019,0.028851448448563174,78,0.4329048602528428,9.999967707539822,0.18359754369374925,0.1302602670295186,0.8164024563062507,0.0,-1274.2848258037545,1.2665192202143132,0.6579489852417513,0.8697397329704815,0.0,-0.3870916346616955,66.76916485744798,0.0
1.0,0.9,120,0.1,20,balanced,3,80,0.4797750410151231,0.47189059839588104,1.6433623980438596,78,0.5445218887064275,9.999967707539822,0.16491442739141313,0.071849101570894,0.8350855726085868,0.0,-4926.959556912395,1.628861442620013,0.5907831235999498,0.928150898429106,0.0,-1.1411156402621805,129.1801680060959,0.0
1.0,0.9,120,0.1,20,balanced,4,80,0.6305296229995297,0.6178684532421375,2.008021399083692,79,0.511288734557414,9.999967707539822,0.18388937491142476,0.07975345613021641,0.8161106250885752,0.0,-1249.9320245157332,1.46815193555191,0.6472231682350739,0.9202465438697836,0.0,-0.4771985724303849,115.38604304053993,0.0
1.0,0.9,120,0.1,20,skewed,0,44,0.6069789472235395,0.6024668518766261,0.7433693322565457,43,0.21554754411951493,9.999967707539822,0.11984242360085615,0.26334645693652986,0.8801575763991438,0.0,-9693.129915180765,2.0905329386977716,1.32058413363725,0.7366535430634702,0.001571139590784372,1.093440070442644,27.9727007834965,0.0008525921632976471
1.0,0.9,120,0.1,20,skewed,1,44,0.1735151126125157,0.1842538216987654,-6.188918604589086,43,0.3025217889839289,9.999967707539822,0.2696159470351841,0.2650229034214702,0.7303840529648159,0.0,-18729.630412072518,1.2117166426770154,1.4796772775872267,0.7349770965785298,0.0008827891410007772,0.6733180900557973,27.732498348937987,0.0004768750423893312
1.0,0.9,120,0.1,20,skewed,2,44,0.5461886938273883,0.5306806413641402,2.839321399089443,44,0.3428696580424861,9.999967707539822,0.1756565454455887,0.20327340371946426,0.8243434545544113,0.0,-622.6500664542177,1.4091559373266225,0.8759929470029388,0.7967265962805358,0.0,-0.7853106669673148,39.19470077619691,0.0
1.0,0.9,120,0.1,20,skewed,3,44,0.6022719078031487,0.5845303218026615,2.9457767780007336,41,0.21973608210521084,9.999967707539822,0.15785281587297934,0.36567115076881906,0.8421471841270207,0.0,-16819.905599950187,1.268081664161192,1.087008360957691,0.6343288492311809,0.0008341882121367132,0.6796580235512076,17.346919479253597,0.00033565488769727025
1.0,0.9,120,0.1,20,skewed,4,44,0.5898737307823952,0.5898737307823952,0.0,44,0.17425497874486223,9.999967707539822,0.07948260936460055,0.013141034461361297,0.9205173906353994,0.0,-22007.75486149303,2.0015818014383435,0.9928900409708903,0.9868589655386387,0.0,-0.7162922044081974,750.9726739016743,0.0
1.0,0.9,120,0.1,60,balanced,0,240,0.7057390393878259,0.7024012485618766,0.4729497221585746,238,0.46084504861164,9.999967707539822,0.19147907146058235,0.349009696511803,0.8085209285394177,0.0,-36979.26769897156,1.4729083837634347,0.7569216762553836,0.650990303488197,0.0,-0.7331474366480122,18.652438822952195,0.0
1.0,0.9,120,0.1,60,balanced,1,240,0.6836115205562436,0.6730574588763449,1.543868317390413,236,0.5701519563782462,9.999967707539822,0.19264383555156916,0.3833516487122278,0.8073561644484308,0.0,-13347.05496899071,1.546096076955228,0.6470968381623241,0.6166483512877722,0.0007794800980799885,1.129464232585608,16.0856582213747,0.00029640135213089227
1.0,0.9,120,0.1,60,balanced,2,240,0.5898350828214631,0.580381919284265,1.6026790898871532,235,0.5482186413725743,9.999967707539822,0.21553539318519405,0.3023027630237388,0.784464606814806,0.0,-2172.9224371594464,1.5736023040451634,0.788670884969117,0.6976972369762612,0.0002118417401381573,0.33533719308986365,23.07934525512258,0.00010312062614810446
1.0,0.9,120,0.1,60,balanced,3,240,0.6742754501976889,0.6673953040540167,1.02037618923468,237,0.48144849769599846,9.999967707539822,0.10260446067527829,0.40833394935103606,0.8973955393247217,0.0,-19219.726577996822,1.7579247098644375,0.41750256828433097,0.5916660506489639,0.0005494461165368707,0.8863157006734088,14.489712181758488,0.00019234389624732918
1.0,0.9,120,0.1,60,balanced,4,240,0.6911419312351768,0.681492828016569,1.396110231854022,236,0.5965171835016935,9.999967707539822,0.17255009753392353,0.24256662167934007,0.8274499024660764,0.0,-16412.130396366596,1.5705528739612176,0.5490395261384864,0.7574333783206599,5.906284186508234e-05,0.09537959660747111,31.22568666447529,3.3884666745540116e-05
1.0,0.9,120,0.1,60,skewed,0,132,0.36588883471824707,0.36253214523058297,0.9174069195767945,128,0.2531879222730157,9.999967707539822,0.08030736841433245,0.5469714103295442,0.9196926315856675,0.0,-5973.02056713877,1.6516953173187234,0.569639613448371,0.4530285896704558,0.001360137684225514,1.7513098127635731,8.28246446110854,0.0002791477257686471
1.0,0.9,120,0.1,60,skewed,1,132,0.5057958966563142,0.5085472639233746,-0.543967890061773,130,0.27415888050304593,9.999967707539822,0.11438927446592163,0.833332884825735,0.8856107255340784,0.0,-40894.3157573188,1.7545876862166108,0.8266388160235514,0.16666711517426502,0.0,-0.051559523966457764,2.0,0.0
1.0,0.9,120,0.1,60,skewed,2,132,0.53828560604383,0.5340773819933049,0.7817827568256519,129,0.3850120507591275,9.999967707539822,0.06733263743062491,0.20764432828813206,0.9326673625693751,0.0,-27765.23553572675,2.01403770725751,0.3776613110241149,0.7923556717118679,0.0,-0.03582794961343741,38.15915028996038,0.0
1.0,0.9,120,0.1,60,skewed,3,132,0.47099318667325796,0.4772133322296947,-1.3206444875288272,130,0.344821535831597,9.999967707539822,0.16469611443760812,0.22672532424055536,0.8353038855623919,0.0,-11744.845872737944,1.6844106424533147,0.9632016674172492,0.7732746757594446,0.0,-0.07428906763262384,34.10612295981706,0.0
1.0,0.9,120,0.1,60,skewed,4,132,0.46134001505742406,0.4544362174980069,1.4964662362006116,129,0.26378498118025584,9.999967707539822,0.1005805540087239,0.2637347728273144,0.8994194459912761,0.0,-12703.740917991792,1.7244389842267664,0.7310857092864819,0.7362652271726856,2.619398804107765e-05,0.044449362716707054,27.916790861446838,1.4199406898604895e-05
1.0,0.9,120,0.25,20,balanced,0,80,1.4676367061876472,1.446847811807296,1.4164877651740295,80,1.4670293341893865,9.999967707539822,0.5952157626369003,0.49317680768106176,0.4047842373630996,0.0,-32.86105332399165,1.0835337542240469,1.0860647056132924,0.5068231923189382,0.006061674600301149,2.0264961248252176,10.27667051184461,0.0015570608286883112
1.0,0.9,120,0.25,20,balanced,1,80,1.1491901337521606,1.1574082426713679,-0.7151217781843244,80,1.4019602415111934,9.999967707539822,0.5539300572736576,0.23392457610837636,0.44606994272634237,0.0,-27.859926036245994,1.2309586139304853,1.0904230508644077,0.7660754238916236,0.0034065031659266543,1.3933761988063802,32.74871596606818,0.0019991798104088735
1.0,0.9,120,0.25,20,balanced,2,80,1.4921362760827612,1.4595847972193807,2.1815352515144557,80,1.0806072233278528,9.999967707539822,0.5669678856343138,0.5716810548560339,0.4330321143656862,0.0,-10.759563690479533,1.0366813307662555,1.2580979888148833,0.42831894514396607,0.005662687773759277,2.0600673142388617,7.492246915626426,0.0010388603834636779
1.0,0.9,120,0.25,20,balanced,3,80,1.1609018498731927,1.1503302120724566,0.910640102941594,80,1.7795639300308603,9.999967707539822,0.6031947613845907,0.3707456807275595,0.39680523861540934,0.0,-133.66556296878184,1.2525144545747733,1.0718099168787867,0.6292543192724405,0.006046757089148038,1.958264654957005,16.972612763028753,0.0023942799736358703
1.0,0.9,120,0.25,20,balanced,4,80,1.2470363158218414,1.205216026704981,3.35357427736973,80,1.5080393878009022,9.999967707539822,0.38216285314016285,0.28341028273026686,0.6178371468598371,0.0,-20.208406432225235,1.4597575632240885,0.598745916330794,0.7165897172697331,0.002438987396340169,1.086699511010308,25.284453207622246,0.0012524220350553954
1.0,0.9,120,0.25,20,skewed,0,44,1.3313159421882115,1.2581964637323289,5.492270928244134,44,0.930219412493438,9.999967707539822,0.481826078248465,0.5500196198455581,0.5181739217515349,0.0,-7.084594109960743,1.3888540889849479,1.3884108191308806,0.44998038015444186,0.00561163065066809,1.6906743616622146,8.18114319600894,0.0011362561195263942
1.0,0.9,120,0.25,20,skewed,1,44,0.8761765550128345,0.928827749874086,-6.009199237302147,44,0.7798935227537308,9.999967707539822,0.44514463058935094,0.6867112502571184,0.5548553694106491,0.0,-15.262364665990876,1.3340187434163933,1.3723041671952052,0.31328874974288157,0.0131013785538442,2.6756337980545233,4.562146578188909,0.001285898218212724
1.0,0.9,120,0.25,20,skewed,2,44,0.676356660677934,0.6634998780702233,1.9008880011359628,44,1.2051155142801915,9.999967707539822,0.5204711188685992,0.3721249801202128,0.4795288811314008,0.0,-2.4167876647941235,1.3251192777282013,1.1935846403356485,0.6278750198797872,0.0023545753719547164,0.8215783904970132,16.8726375776775,0.0009282372807295534
1.0,0.9,120,0.25,20,skewed,3,44,1.324934205827757,1.2982260986892111,2.015806295970734,44,1.1742975964520945,9.999967707539822,0.620514349750177,0.33836295835709107,0.379485650249823,0.0,-5639.2895823943645,1.2457050778582075,1.7346016316081556,0.6616370416429089,0.0032828568715571552,1.113582470685686,19.55399929905658,0.001437115159892472
1.0,0.9,120,0.25,20,skewed,4,44,0.5636907101683474,0.5293946853131808,6.084191957842273,44,0.9879305390369972,9.999967707539822,0.2845682980401708,0.2248799294677044,0.7154317019598292,0.0,-43.42043678914587,1.399282897415457,0.5633858380567072,0.7751200705322956,0.00039851174687759346,0.19142866544647583,34.46806343783611,0.00023943029046591074
1.0,0.9,120,0.25,60,balanced,0,240,1.1650409436933482,1.1214587143758963,3.7408324190985045,240,1.429108025300701,9.999967707539822,0.49568692779550116,0.36026990195585856,0.5043130722044988,0.0,-188.21405282993626,1.2348016923149396,0.8493006882488602,0.6397300980441414,0.003579483969235374,2.4971779501405327,17.756910269919008,0.001464920274106659
1.0,0.9,120,0.25,60,balanced,1,240,1.3144309770865574,1.280738713455795,2.5632584911717045,240,1.4240020648739822,9.999967707539822,0.5277917353231414,0.4313520647835808,0.47220826467685867,0.0,-505.3737532516265,1.2614252183059222,0.9901045343003406,0.5686479352164192,0.004845558017847166,3.074055413309795,13.182876479277816,0.0015668619385401567
1.0,0.9,120,0.25,60,balanced,2,240,1.2301946248315494,1.1943158971353096,2.916508247721588,240,1.4893431337229548,9.999967707539822,0.5118928887932657,0.3158749819477345,0.4881071112067343,0.0,-631.2158529340768,1.3189630525675866,0.9287592758441846,0.6841250180522656,0.002061890689172301,1.5684510176892787,21.658024469866756,0.0009650205967270128
1.0,0.9,120,0.25,60,balanced,3,240,1.3797029349171053,1.3473518816319086,2.3447839724382713,240,1.4603561290886482,9.999967707539822,0.5256832197618968,0.37975750914601525,0.4743167802381032,0.0,-42.023786113970594,1.3074428524867192,0.9923463467986924,0.6202424908539848,0.003354005851420828,2.2793296163252093,16.33254045017214,0.0012902885580293396
1.0,0.9,120,0.25,60,balanced,4,240,1.4546877372422313,1.4186856754776656,2.474899653228519,240,1.58600774728586,9.999967707539822,0.5727209204649961,0.42809528733247443,0.4272790795350039,0.0,-384.6451949069943,1.2763022771409893,1.0787216516936438,0.5719047126675256,0.004410896592878726,2.8676710705162938,13.359242270806616,0.0014426940047536857
1.0,0.9,120,0.25,60,skewed,0,132,0.9991065883572706,0.9543153954851061,4.483124562896747,132,1.0395410121583861,9.999967707539822,0.49401352017795874,0.4734826144645864,0.5059864798220413,0.0,-76.94038721626464,1.4015993524964458,1.3163863615086662,0.5265173855354136,0.004494625459158059,2.515763192995057,11.12006374038942,0.0012460025745124343
1.0,0.9,120,0.25,60,skewed,1,132,1.0375584791521952,1.0224523391825884,1.4559314268194612,132,1.0440503054273518,9.999967707539822,0.47737544098766094,0.47406652910765323,0.5226245590123391,0.0,-73.15802321610715,1.276943928025589,1.117173781448608,0.5259334708923468,0.00494450650780052,2.609805291331827,11.09404989029186,0.001367680245243958
1.0,0.9,120,0.25,60,skewed,2,132,0.9839452230274,0.9545823915009733,2.984193717215591,132,1.0117473758675137,9.999967707539822,0.4023957451555539,0.528613022953545,0.5976042548444461,0.0,-495.19478789518826,1.4015789409168886,0.9328115563564678,0.47138697704645505,0.005927276952357974,2.9332201328440055,8.917401470515086,0.001317074618366175
1.0,0.9,120,0.25,60,skewed,3,132,1.070976719582919,1.0318145115525181,3.656681542587793,132,0.9917638725629588,9.999967707539822,0.48762814394419957,0.5126277095200423,0.5123718560558005,0.0,-5620.260795383639,1.123040655385808,1.0784665592877885,0.48737229047995767,0.0036514216331646025,2.0738797932575106,9.507303401356117,0.0008673285687888075
1.0,0.9,120,0.25,60,skewed,4,132,0.8582188500665134,0.8345985744474878,2.752243861480679,132,0.9160031929228165,9.999967707539822,0.5108356120360127,0.5807142345696408,0.4891643879639873,0.0,-16.721124823144137,1.221680254579787,1.3930960881453878,0.4192857654303592,0.007264722902710033,3.437915438574671,7.220150402619227,0.0012771423043603373
1.0,0.9,120,0.5,20,balanced,0,80,1.3588366486481553,1.3939515562323646,-2.5841890281030784,80,2.9234834611681544,9.999967707539822,0.709656311261941,0.3127730439371947,0.2903436887380591,0.8557957625437324,3.281009160659638,1.226333592341643,1.0254904039651775,0.6872269560628053,0.007251150332772828,1.7848733744928433,21.97199375582667,0.07556769831672175
1.0,0.9,120,0.5,20,balanced,1,80,1.7576638126667377,1.7232829899491835,1.956052259242419,80,2.7427031557374653,9.999967707539822,0.6908619994158414,0.3506670122491328,0.3091380005841587,1.0284445196659826,3.6542367004032204,1.3449197330495453,1.0959629752500024,0.6493329877508671,0.003815527442210538,1.0939442048285357,18.51702236632348,0.09989339453906433
1.0,0.9,120,0.5,20,balanced,2,80,2.075789029856999,2.0007533245051032,3.614804022596889,80,2.6872501188414786,9.999967707539822,0.7072594507520823,0.3838325952718716,0.2927405492479177,0.8350043670978273,2.74076216613145,1.306826434506624,1.1752023818525523,0.6161674047281285,0.0064436004419947575,1.7146363571757444,16.052972638646168,0.07400378558254216
1.0,0.9,120,0.5,20,balanced,3,80,1.7753626664129394,1.7255573268463547,2.805361434529585,80,2.7508564759427263,9.999967707539822,0.7423627828408226,0.4970357197883005,0.2576372171591774,1.0759531671536622,3.661054068571911,1.214576504256486,1.2724078694107894,0.5029642802116995,0.014263131033786368,2.764768359458993,10.119245679777793,0.07502666216032514
1.0,0.9,120,0.5,20,balanced,4,80,1.602439740380503,1.5502568626777056,3.256464276803729,80,2.618312167770503,9.999967707539822,0.6624371513107596,0.412264707118589,0.3375628486892404,0.5331739888707021,2.3167886652391005,1.2184684848873943,0.9133299223556514,0.587735292881411,0.008353345014196052,2.0684632232318854,14.256214145696784,0.06363998968869213
1.0,0.9,120,0.5,20,skewed,0,44,1.4235841126616346,1.3801202304913838,3.053130600691216,44,2.143458990998497,9.999967707539822,0.7776385583171902,0.43764658092142855,0.2223614416828098,1.2014358401714205,2.4687952804656197,1.1749334168157144,1.923450103952447,0.5623534190785715,0.008629280751784266,1.613284816396516,12.849445822632678,0.06213346300444365
1.0,0.9,120,0.5,20,skewed,1,44,0.9643602852818358,0.9295898432965954,3.6055447861043612,44,2.6613119367074125,9.999967707539822,0.6798936611440407,0.2787936128481463,0.32010633885595924,0.9130147999475153,2.621055314426263,1.3183870670625855,1.052190833894193,0.7212063871518537,0.002433669248165772,0.5644642185265513,25.86874393682134,0.09482070821077429
1.0,0.9,120,0.5,20,skewed,2,44,1.0362173474323657,0.9885518435211137,4.599952319787154,44,2.0366500238593908,9.999967707539822,0.6967788015647787,0.3742402393799885,0.30322119843522133,0.7558144194726705,2.007517792025853,1.1816657948517448,1.3375300791864886,0.6257597606200115,0.005046540789193553,1.1185220735571308,16.720749776253406,0.07146801772088736
1.0,0.9,120,0.5,20,skewed,3,44,0.9485557997069503,0.9130018565552229,3.7482184140048984,44,2.1957281643457716,9.999967707539822,0.6439701257524044,0.35667603656285757,0.3560298742475955,0.44423338244936006,1.5300273978921044,1.23200362665936,1.0156963112798743,0.6433239634371424,0.004457000979760439,1.0158943441186457,18.03658838943114,0.05815441133300659
1.0,0.9,120,0.5,20,skewed,4,44,1.3986519959717603,1.347626394484214,3.6481985250444353,44,2.3567767553107326,9.999967707539822,0.6767582442883457,0.4497596931610754,0.3232417557116543,0.6927886451505679,2.088910628369724,1.2698681516778088,1.1281231135976022,0.5502403068389246,0.00861624815007794,1.5479103465231785,12.23405606025581,0.07499487591648281
1.0,0.9,120,0.5,60,balanced,0,240,1.506408128632467,1.5176892966284898,-0.7488785928328671,240,2.77495664134159,9.999967707539822,0.6990859961435019,0.41101209411788786,0.30091400385649814,0.7413625485663885,5.151505558153017,1.2441377261489495,1.0416109952413581,0.5889879058821121,0.008979132285973617,3.617954205521901,14.330138025727477,0.07024473527313814
1.0,0.9,120,0.5,60,balanced,1,240,1.789023773091291,1.7851979799515831,0.2138480883961207,240,2.8691020716742983,9.999967707539822,0.726857024171868,0.40080120745158143,0.27314297582813196,0.8503845020614421,5.829367570520922,1.1781222535929163,1.0927094119669452,0.5991987925484186,0.008909957775541374,3.59010060817826,14.949976358553998,0.06664373308500353
1.0,0.9,120,0.5,60,balanced,2,240,2.0508831190150834,2.012913009665554,1.851402890661281,240,2.909838686457457,9.999967707539822,0.751095868583717,0.4325429226837982,0.24890413141628304,1.1040057800413219,7.085083167357225,1.1262109663814035,1.1679291051465206,0.5674570773162018,0.00992679628457404,3.816133176890607,13.11905050571181,0.07159326765672414
1.0,0.9,120,0.5,60,balanced,3,240,1.8461412358480285,1.8106219418384157,1.92397490072296,240,2.8568674674997907,9.999967707539822,0.7311843563163934,0.2198824587375218,0.26881564368360655,0.8829909209759499,5.9915499174977676,1.1706398365336983,1.1145688937726521,0.7801175412624782,0.003289173604935181,1.619170668885616,35.47872925153406,0.06580829412206808
1.0,0.9,120,0.5,60,balanced,4,240,1.6636490685813958,1.6202902286939334,2.6062491607340506,240,2.7652938191221916,9.999967707539822,0.7075927593887903,0.2879270664435181,0.2924072406112097,0.6457659829674679,4.737308776491608,1.1345707706450863,0.9928571450966656,0.7120729335564819,0.004586482957053422,2.2000937868952737,24.730937695205593,0.05753984581546768
1.0,0.9,120,0.5,60,skewed,0,132,1.2793309732565332,1.264239492136435,1.179638532606058,132,2.124048081706242,9.999967707539822,0.6688388347425402,0.4687649271974302,0.33116116525745976,0.06617134618980991,0.30884744292163735,1.285264248733949,1.2221116624616513,0.5312350728025699,0.009846782824170033,3.10950721313232,11.332617405697814,0.010035727991163985
1.0,0.9,120,0.5,60,skewed,1,132,1.3367160053397085,1.3188469559885139,1.3367872666904606,132,2.001609178141027,9.999967707539822,0.6792076360880095,0.6072526781902841,0.32079236391199056,0.5810206770654114,2.489855942251943,1.2757137624273693,1.3494489422570857,0.39274732180971594,0.015913461096057048,4.067253080567502,6.467588660167642,0.06224618387747488
1.0,0.9,120,0.5,60,skewed,2,132,1.3170509355966076,1.2959124815833007,1.604983789311943,132,2.109706661152106,9.999967707539822,0.638905918350289,0.5036224407015407,0.36109408164971096,0.46983789676934906,2.5302264111099535,1.2452742972278543,1.044448172571186,0.4963775592984593,0.009661294458113392,3.0234377113028454,9.85611275942661,0.06364211628391589
1.0,0.9,120,0.5,60,skewed,3,132,1.236518644054809,1.2451406905606617,-0.6972839873711162,132,2.122295634526047,9.999967707539822,0.7439499477148735,0.4977859239287138,0.25605005228512645,0.8318837810336133,3.321568765822413,1.1748396407009956,1.6086509622029646,0.5022140760712862,0.010098519994439333,3.1046524511038798,10.088924378070622,0.057086694446562225
1.0,0.9,120,0.5,60,skewed,4,132,1.3751694663141658,1.3789946329839269,-0.27815965693403405,132,2.1094216564221595,9.999967707539822,0.6774957400637515,0.4762510330934979,0.32250425993624854,0.7190158120889195,3.6025919056448874,1.1600408594241658,1.155460154693326,0.5237489669065021,0.00961834251551158,3.0086335136461893,10.997294267063856,0.07742255013062124
2.0,1.0,30,0.1,20,balanced,0,80,3.1058324333449834,3.0952284342876863,0.3414221238547798,66,2.0,30.0,0.9179474789626496,0.6454079985053863,0.08205252103735039,4.660180392945231,5.284281791303712,0.8089516008927309,4.524998581727061,0.3545920014946137,0.005143067276136896,4.12837257379199,16.482225304726576,0.03202187211980585
2.0,1.0,30,0.1,20,balanced,1,80,2.2191958005135515,2.301566979590837,-3.711758063809595,68,2.0,30.0,0.8988339366158566,0.6922191319049801,0.10116606338414336,4.203901438173642,5.230416456918148,0.9376500503392661,4.165387372612723,0.3077808680950199,0.006685079699953117,4.400812892220957,13.33887726772345,0.043658404884571754
2.0,1.0,30,0.1,20,balanced,2,80,3.443434573978873,3.3823530835210476,1.7738536668999707,66,2.5,30.0,0.8973262535564561,0.7209236959508962,0.10267374644354382,3.5285237665492586,5.130000118755838,0.956069350056582,3.4671702803146465,0.2790763040491038,0.007712793014533521,4.512987627676599,11.613280529543541,0.037798038332753026
2.0,1.0,30,0.1,20,balanced,3,80,2.745741381868349,2.7554389135204964,-0.3531844519729875,62,2.0,30.0,0.917952880169082,0.7447324324490798,0.08204711983091795,5.223827943185908,5.1453666053991025,0.9042914383133037,5.05865978003004,0.25526756755092017,0.007589510079699954,4.585791967270714,10.282924031311358,0.03565994271086311
2.0,1.0,30,0.1,20,balanced,4,80,1.1889667321576822,1.2201794317959735,-2.62519537293091,68,3.0,30.0,0.9300905687636073,0.672078199943469,0.0699094312363927,4.580378223639318,5.298610058328224,0.9934932198897874,4.405884669196842,0.32792180005653104,0.006284587435536802,4.253724918617153,14.637662704315382,0.02306161207936758
2.0,1.0,30,0.1,20,skewed,0,44,2.180587315871991,2.1884957230592312,-0.36267326374307185,33,1.0,30.0,0.8572934853434216,0.6879158945012939,0.14270651465657835,5.502776799524254,3.6407623728325005,0.9407838798451099,5.651654328803573,0.31208410549870613,0.005359858272648969,3.32618691205194,13.609982324581361,0.11258690260359741
2.0,1.0,30,0.1,20,skewed,1,44,1.41994149191528,1.4892840687256286,-4.883481270542793,30,2.0,30.0,0.9051880106073719,0.7567067194344472,0.09481198939262814,4.738440751125456,3.4872240087304176,0.988983248877935,4.721005145607875,0.24329328056555277,0.006934578341555087,3.4865238766719426,9.645478531526203,0.04300579754837746
2.0,1.0,30,0.1,20,skewed,2,44,1.8871999323739452,1.9502508066991222,-3.3409748084223416,31,1.0,30.0,0.8534188892726344,0.7609880185325635,0.14658111072736557,5.180478264663062,3.559100716151105,0.8977534879876741,5.226865731588684,0.23901198146743652,0.007757830240388379,3.5973691620988655,9.422434084901777,0.11175104953186214
2.0,1.0,30,0.1,20,skewed,3,44,2.8338600492734902,2.8184330597029303,0.5443807845950211,33,2.0,30.0,0.9024643516399609,0.6770122884759329,0.09753564836003914,6.000789625386962,3.5967311953689367,1.2911918367190642,5.973480585611675,0.32298771152406713,0.004919270221595802,3.1909618159766793,14.312341903771026,0.057599911565219396
2.0,1.0,30,0.1,20,skewed,4,44,0.9782902843711881,1.0678303942540635,-9.15271380216442,36,2.0,30.0,0.9301904536428107,0.622334812476188,0.06980954635718928,6.3987046331361,3.866077213080888,0.9653811095973546,6.431701243837723,0.37766518752381195,0.004426513193955054,3.021247851365074,18.205562984069562,0.031814630851246826
2.0,1.0,30,0.1,60,balanced,0,240,4.071834697084843,4.026528518666797,1.1126723403207375,203,2.0,30.0,0.8986339010186748,0.7055341818076399,0.1013660989813252,4.846231127643899,9.137775685980356,1.0602936346013714,4.699874093323046,0.29446581819236006,0.0073041860375019346,7.803985144647977,12.52097314851194,0.05042878855620492
2.0,1.0,30,0.1,60,balanced,1,240,2.926345120910973,3.0357530163092297,-3.7387215409574694,183,2.0,30.0,0.9018944011203402,0.7160833333888263,0.09810559887965975,4.536508388107099,8.731047173059027,0.9784117346180426,4.4973175614822445,0.28391666661117365,0.005999784983728498,7.576450598156338,11.894565340637934,0.044146205695703336
2.0,1.0,30,0.1,60,balanced,2,240,2.1483013083303075,2.1595373372639606,-0.5230192287312745,201,2.0,30.0,0.8938563151053999,0.6284310486826626,0.10614368489460013,4.640352258085055,9.005907721586906,1.0780552997914894,4.53925515544491,0.37156895131733736,0.004572922800764502,6.898092226765078,17.737934118447782,0.05291179812203447
2.0,1.0,30,0.1,60,balanced,3,240,3.847712253229125,3.8328327716467223,0.38670983179459806,188,2.0,30.0,0.8997763596606639,0.7214445645067501,0.10022364033933606,4.599665212640958,8.803588548663322,0.9882217333682072,4.435972145778308,0.2785554354932499,0.006586310630714397,7.762910508016545,11.58323657273782,0.0467136687776923
2.0,1.0,30,0.1,60,balanced,4,240,3.1115535850237888,3.077393574682786,1.097844192862953,202,2.0,30.0,0.9000917155532075,0.6969630247349202,0.09990828444679245,4.551854124707516,9.115596820412907,0.9838886995144209,4.432015184541494,0.3030369752650798,0.006704591533653595,7.6440701639299515,13.043890328916754,0.046050776455400684
2.0,1.0,30,0.1,60,skewed,0,132,1.1691343959255538,1.1947828650349719,-2.1937998915097605,106,2.0,30.0,0.9311213506541262,0.5799151405645855,0.06887864934587384,6.1557855649520805,6.707008338196979,0.9182374144530385,6.206498455518013,0.4200848594354145,0.00358351753326308,4.997117554795962,21.731706764532877,0.029837086495937908
2.0,1.0,30,0.1,60,skewed,1,132,1.8157501199367305,1.8999021882352292,-4.6345621776101495,102,2.0,30.0,0.9126923863286742,0.6763002444934778,0.08730761367132578,5.588108676653405,6.451883946467225,1.080883092684142,5.649643414364703,0.3236997555065222,0.005106471843113063,5.568809791955312,14.358996236159602,0.043131089577184395
2.0,1.0,30,0.1,60,skewed,2,132,2.3798461118141243,2.4068604773395847,-1.1351307713282248,99,1.5,30.0,0.8790322985191608,0.7147359138723416,0.12096770148083918,5.759629881998577,6.367735182963821,1.0708676179712766,5.756837422622289,0.2852640861276584,0.006084616307262617,5.894288944662782,11.973544938387237,0.08477686774753768
2.0,1.0,30,0.1,60,skewed,3,132,2.083815281288526,2.0406814998033695,2.069942661063724,94,1.0,30.0,0.8635025046098856,0.7032266565264594,0.13649749539011435,6.00909073646475,6.260284823650905,0.9485466226273901,6.000640392976175,0.29677334347354056,0.005156396449653449,5.8056746656203515,12.660498889764753,0.11241291875849821
2.0,1.0,30,0.1,60,skewed,4,132,0.862928870020818,0.9030527859118707,-4.649736181625805,92,1.0,30.0,0.8495076242805536,0.7363012942669517,0.1504923757194464,5.474330385555967,6.150353558430652,0.974140122818066,5.498879644203856,0.2636987057330483,0.0062797418630751965,6.080364769934157,10.744190229717656,0.12441906350305444
2.0,1.0,30,0.25,20,balanced,0,80,5.130052344184163,5.127796187466167,0.04397921437495095,79,5.5,30.0,0.9652910700291135,0.767118058638422,0.03470892997088654,4.755419383881767,5.934107204212202,0.9336676547743659,4.759114808329124,0.23288194136157803,0.018535402015939992,4.946684197055898,9.107409429583488,0.006734149395879376
2.0,1.0,30,0.25,20,balanced,1,80,3.291345200200289,3.4618489282190743,-5.180366009873702,79,6.0,30.0,0.9602680268991158,0.747245868259559,0.039731973100884166,4.967914622899272,5.883738580603232,1.2098106191885685,4.873247603636508,0.25275413174044103,0.016512435536802622,4.81150945322064,10.14742840917171,0.008897388686929283
2.0,1.0,30,0.25,20,balanced,2,80,2.9565493405562018,2.9684730487575646,-0.4032981299449459,80,6.0,30.0,0.9632728054567065,0.7037624096110291,0.03672719454329354,4.422376882199766,5.909403382518794,1.0096851755031617,4.41363356557897,0.2962375903889709,0.012683690811064229,4.510821303678121,12.628022739351845,0.007078364860864223
2.0,1.0,30,0.25,20,balanced,3,80,6.491123699875279,6.366054828744689,1.9267676432201208,77,5.0,30.0,0.9566345265760959,0.8167952262944351,0.043365473423904066,4.787878220213577,5.801770535256496,1.0867892395859735,4.794874943651555,0.18320477370556487,0.024265705578996717,5.22933615619608,6.7289120139712,0.009818366660964105
2.0,1.0,30,0.25,20,balanced,4,80,5.075465809978564,5.154543486141647,-1.558037806256399,76,5.5,30.0,0.96237395681058,0.8055519594082081,0.03762604318941998,4.871065125155876,5.816906640076453,1.033275911113208,4.843707870627256,0.19444804059179188,0.021900005860290665,5.123141849941524,7.241545563416224,0.007724100170431915
2.0,1.0,30,0.25,20,skewed,0,44,3.1749328036523705,3.215648977206248,-1.282426308583247,44,5.0,30.0,0.9644412801673816,0.6748353815871925,0.03555871983261838,5.7265324471543675,4.374712118086796,1.08375928628394,5.878851648074129,0.3251646184128075,0.011311682718659462,3.3221267626024216,14.455286160961064,0.008436763960631092
2.0,1.0,30,0.25,20,skewed,1,44,4.238959721294102,4.083671756746094,3.663350792599666,41,4.0,30.0,0.9616044895096021,0.7960723940605094,0.03839551049039791,6.371292777371519,4.264994840468377,1.0221546484941535,6.3998921124573664,0.20392760593949055,0.018559392373345855,3.7431483993041494,7.685014860243602,0.010164476406196063
2.0,1.0,30,0.25,20,skewed,2,44,6.004915068987642,6.365236723891018,-6.000445481140201,40,4.0,30.0,0.9523537659578502,0.8122424677010702,0.04764623404214985,5.122685389540208,4.130683461507677,1.0450815187935465,5.222276955170851,0.18775753229892977,0.019328067496672145,3.81791531761367,6.934783876679678,0.012310704255284109
2.0,1.0,30,0.25,20,skewed,3,44,2.9732103445698495,3.1471093681512907,-5.848863801346695,41,3.0,30.0,0.9473862883961162,0.7971066787227117,0.05261371160388384,6.537751622153517,4.235120410314854,1.0810177513517965,6.48843152556892,0.20289332127728832,0.01937158405763057,3.842951777024978,7.636116721631503,0.01889526617156134
2.0,1.0,30,0.25,20,skewed,4,44,4.021815460453994,3.6755587689741045,8.609462440148938,43,3.0,30.0,0.941079163766499,0.7174381277725224,0.05892083623350097,5.426756934033456,4.284515469538257,1.0469733297225599,5.574059753194313,0.28256187222747764,0.013290736825620542,3.5780753522264472,11.815452564729148,0.01990103033081077
2.0,1.0,30,0.25,60,balanced,0,240,6.36008969580675,6.2739772159648295,1.3539507139136004,233,6.0,30.0,0.9675088347984849,0.7750957370171109,0.03249116520151507,5.144177985954073,10.238525912109743,1.0261926211157104,5.092925112496757,0.22490426298288912,0.018294668500439072,8.59040929106392,8.704896140252833,0.0063559638896238
2.0,1.0,30,0.25,60,balanced,1,240,4.313141621260035,4.341549006417389,-0.6586239834400509,230,6.0,30.0,0.9666249225559683,0.7910515934704246,0.033375077444031676,5.002686231897415,10.149822737943282,1.0061987853015952,4.857001578243989,0.20894840652957536,0.019020735187767965,8.657099140804528,7.924201465023182,0.006402905736238148
2.0,1.0,30,0.25,60,balanced,2,240,4.954799211562022,4.996029519506143,-0.8321287338528373,233,6.0,30.0,0.9691142861384577,0.7681297797210891,0.030885713861542263,5.252343864850638,10.28945431640739,0.9859593930526571,5.156145101276602,0.2318702202789109,0.017309134640219024,8.412155648677649,9.055900177302217,0.0059409591471507725
2.0,1.0,30,0.25,60,balanced,3,240,4.170178591960561,4.188932835492379,-0.4497227904812639,233,6.0,30.0,0.967702674723675,0.7784059713235842,0.032297325276325006,5.154042777366495,10.241802485560868,1.002881965874365,5.0081111077855605,0.22159402867641576,0.01854919352755824,8.609631568248243,8.540300441154974,0.006287108769019572
2.0,1.0,30,0.25,60,balanced,4,240,5.112231777190271,5.208639328791143,-1.8858212186509888,234,6.0,30.0,0.9698954439380175,0.7637502948252138,0.03010455606198248,5.088990817011239,10.304328764857072,0.9382992781968545,5.038286082565853,0.23624970517478616,0.017271510021178778,8.46084641391895,9.279853904168476,0.0055760631921497935
2.0,1.0,30,0.25,60,skewed,0,132,3.279003950310935,3.3244826941594794,-1.3869682543149011,121,4.0,30.0,0.9602563500587363,0.8146697419003045,0.03974364994126367,5.583469241134953,7.353863432747493,0.9355181085825899,5.650822242603581,0.1853302580996955,0.021002317492139374,6.75008447246096,6.824738243035501,0.009540784887554159
2.0,1.0,30,0.25,60,skewed,1,132,3.5653127577377006,3.6218948745905846,-1.587016923833269,128,4.0,30.0,0.9596863353932572,0.7863423535016603,0.040313664606742794,5.86892573028132,7.526550041533246,1.0092200065017969,6.006242914736626,0.21365764649833974,0.019118159971213407,6.6141366364188485,8.151321579471121,0.010410864690519214
2.0,1.0,30,0.25,60,skewed,2,132,3.61311562521776,3.5263612358738134,2.4010964038472418,125,4.0,30.0,0.9560808465703374,0.7701396046288237,0.04391915342966257,5.814994263364184,7.389068346318621,1.0817869343809292,5.8873844738837136,0.2298603953711763,0.01495487101721198,6.316685354561479,8.953976421533067,0.012006648729925053
2.0,1.0,30,0.25,60,skewed,3,132,4.42447430863529,4.488179560315422,-1.439837757805447,125,4.0,30.0,0.9636623415503766,0.800023723669278,0.036337658449623444,6.268439985367628,7.488419393712111,0.9567721747493578,6.343318155237171,0.199976276330722,0.019523359121323497,6.6472349407566504,7.4988879859789135,0.009057756620017622
2.0,1.0,30,0.25,60,skewed,4,132,4.084292447455778,4.003485794826887,1.978473717748277,122,4.0,30.0,0.9543840519287937,0.808114999087468,0.04561594807120628,5.549017066241035,7.282713585653867,1.0741508806695883,5.618388487048792,0.19188500091253202,0.018909223704389102,6.641882351317686,7.1234292568215185,0.012242711232297636
2.0,1.0,30,0.5,20,balanced,0,80,5.819153790316908,5.7455839168422935,1.2642709941269286,80,12.0,30.0,0.9823672823364586,0.7986853991069685,0.017632717663541353,5.024595460648433,6.119819105603495,1.0797498008333322,5.012986359069934,0.20131460089303155,0.028663144631973746,5.083698380265607,7.561723343814478,0.002723858261316389
2.0,1.0,30,0.5,20,balanced,1,80,5.401295533471432,5.5380254568213445,-2.5314282935012082,80,12.5,30.0,0.9851981382611696,0.7819669086734579,0.014801861738830357,5.561595491532936,6.153137388357967,1.0332968162867635,5.5107087622692115,0.21803309132654214,0.02669811298640412,4.99266691214019,8.364794810681335,0.0024877047275218217
2.0,1.0,30,0.5,20,balanced,2,80,8.22101307040832,8.20204572552692,0.23071785337105383,80,12.0,30.0,0.9837271403379426,0.7740561069955357,0.016272859662057382,5.243358056225377,6.143526251223775,1.0359770512184414,5.218908268200097,0.22594389300446427,0.02560680379746836,4.959961221242847,8.756880449459484,0.0026957162655483918
2.0,1.0,30,0.5,20,balanced,3,80,5.096740760843965,5.262950211494437,-3.261092891507972,80,12.0,30.0,0.9815493130678984,0.7955851467206174,0.018450686932101612,4.738501293253886,6.118852905660768,1.0656212070040751,4.724122953500119,0.20441485327938258,0.02909861111111111,5.093810182593779,7.708094631554234,0.002829015842167373
2.0,1.0,30,0.5,20,balanced,4,80,4.791488837179795,4.897222862333641,-2.2067050294137744,79,12.0,30.0,0.9828261448719471,0.7780096249901278,0.017173855128052917,4.893568009277288,6.100069175442879,1.0182203959611178,4.855896841112594,0.22199037500987218,0.024685290670417245,4.915241218186322,8.559934268654668,0.0026597996853019506
2.0,1.0,30,0.5,20,skewed,0,44,3.7648579618231324,3.8652040196532713,-2.665334491969688,44,10.0,30.0,0.9839137397572462,0.8161172227432268,0.016086260242753836,5.949161867899199,4.531484368389998,0.9767380419250333,5.974203855284119,0.18388277725677316,0.0326927805183619,3.8834893557101346,6.759425195268591,0.0026448882678798712
2.0,1.0,30,0.5,20,skewed,1,44,7.382114339767724,7.282303455942017,1.3520636396543149,43,9.0,30.0,0.9820355993532692,0.8026635822054792,0.01796440064673077,5.888244859579457,4.479245694937182,0.9770032734460535,5.9342796535108535,0.19733641779452082,0.02783650458069063,3.7852155956056794,7.375558907966132,0.0029842523059791406
2.0,1.0,30,0.5,20,skewed,2,44,4.012574447979992,4.213204366884322,-5.000029818894241,44,9.0,30.0,0.982458741955502,0.7932530945362354,0.01754125804449802,6.2394109196926495,4.5349686121540715,1.0095368366208342,6.282510815664172,0.20674690546376462,0.028789953801581707,3.799437934032144,7.818951109846086,0.003150446051827874
2.0,1.0,30,0.5,20,skewed,3,44,5.751487710423747,5.99219155675302,-4.185071036369096,44,8.5,30.0,0.9821190040152892,0.7897661873382544,0.017880995984710768,6.492412878143061,4.522125703844582,1.007219091403964,6.530642559990953,0.21023381266174557,0.02682217524077989,3.7752435362688623,7.985926063901107,0.003261312649931927
2.0,1.0,30,0.5,20,skewed,4,44,6.0043895703632035,6.3205108579519615,-5.264836398175875,44,9.0,30.0,0.9806516852822622,0.8292939688740611,0.01934831471773779,6.102891011588038,4.49870492456213,1.0945038040358117,6.163769676720675,0.17070603112593885,0.03483787487275858,3.94368998500719,6.17535051018306,0.003299856495955232
2.0,1.0,30,0.5,60,balanced,0,240,7.353083876457989,7.3540461670145625,-0.013086897589387471,239,11.0,30.0,0.9827270513535985,0.8164674858222934,0.017272948646401498,5.1702116005411645,10.661616085186795,0.9935809433900903,5.138980825227043,0.18353251417770655,0.032161865927992146,9.049128458506177,6.743655468148779,0.0026259034170692443
2.0,1.0,30,0.5,60,balanced,1,240,6.434420639557365,6.5470008047112165,-1.7496550421608188,239,13.0,30.0,0.9844503663755104,0.7866886231830367,0.015549633624489578,5.1483554022904645,10.668183476497374,1.0498364804752893,5.112719560308587,0.21331137681696333,0.02690538444651066,8.688264207306059,8.13452885414358,0.0024690684473625485
2.0,1.0,30,0.5,60,balanced,2,240,6.479667392903684,6.5185950991453945,-0.6007670437581862,240,11.0,30.0,0.9824671555572468,0.7704667612210329,0.01753284444275316,5.252089292979398,10.673108175720092,1.0265137881837316,5.229230228236579,0.22953323877896714,0.024365180923601418,8.535889726023527,8.937435733705255,0.0028981875070879406
2.0,1.0,30,0.5,60,balanced,3,240,7.457725827155565,7.436662950720406,0.2824302867030074,240,12.0,30.0,0.9851008650508339,0.7894308093987873,0.01489913494916606,5.330175974912373,10.717308122857268,0.9611421455657903,5.295732281684568,0.2105691906012127,0.02814114429980887,8.782490389479463,8.002063819687152,0.002430975972323936
2.0,1.0,30,0.5,60,balanced,4,240,6.987600581350622,7.031448235593104,-0.6275065915975222,240,12.0,30.0,0.9839836609607984,0.7787652647471471,0.016016339039201632,5.1125449384715935,10.697377205848865,0.994453084595429,5.091288259023708,0.22123473525285287,0.026182209824887646,8.651586211042538,8.522519375258124,0.0025929691944768917
2.0,1.0,30,0.5,60,skewed,0,132,3.3544053933920113,3.474994787892387,-3.594955897040055,132,10.0,30.0,0.9805277482435341,0.8100119192863421,0.01947225175646594,5.164908792530115,7.872425501133517,1.0337332505934906,5.205377113883759,0.18998808071365791,0.030791614191105286,6.702616936930287,7.036492038822571,0.003069808987753612
2.0,1.0,30,0.5,60,skewed,1,132,4.99355403318266,5.180784790461256,-3.7494489102236397,132,9.0,30.0,0.9802863411503696,0.7963048853017195,0.01971365884963039,5.826441432177778,7.862023474906731,1.062156805358136,5.868563947884357,0.2036951146982805,0.02687515314296484,6.566972643067144,7.674012245489386,0.003379416077418212
2.0,1.0,30,0.5,60,skewed,2,132,5.491370385125474,5.628186133403801,-2.4914682252889326,132,9.0,30.0,0.9825786342716116,0.7921972409100494,0.01742136572838837,5.992520226549702,7.912034105274906,0.9622685791813148,6.03029993983987,0.2078027590899506,0.027610539234585035,6.579403417045644,7.8693568353469825,0.0030110316996176433
2.0,1.0,30,0.5,60,skewed,3,132,4.519590171479744,4.556051149535715,-0.8067319529556746,131,9.0,30.0,0.9809093469294888,0.813773691420743,0.019090653070511165,5.935143202299307,7.867654231681638,1.0453134200515963,5.96777037323677,0.18622630857925704,0.031003713984630015,6.724937176359799,6.865286155446858,0.003238297131301127
2.0,1.0,30,0.5,60,skewed,4,132,3.6726002298816764,3.767347296164999,-2.5798360930336077,132,9.0,30.0,0.9790791863765013,0.7980151455253283,0.020920813623498735,5.422169305458048,7.860924491166802,1.0503924839172443,5.461957843288894,0.20198485447467174,0.028117992906160846,6.626608453114302,7.593271466359439,0.0035203320026763628
2.0,1.0,60,0.1,20,balanced,0,80,3.431027217003645,3.416477518079521,0.4240624747019778,75,4.0,60.0,0.9431110907751934,0.8241197538658624,0.056888909224806605,4.3380364341875435,5.624134765111423,1.0373969631507416,4.299522502785756,0.17588024613413755,0.006831130596577589,5.222501136706977,12.804953064825908,0.014250708750637466
2.0,1.0,60,0.1,20,balanced,1,80,3.1780860593807825,3.178361568703559,-0.008669032796120255,78,5.0,60.0,0.9684704001085772,0.7533295084963555,0.03152959989142279,5.754649766009053,5.910932183442751,0.92201130965207,5.664142044544545,0.2466704915036445,0.004677437880918893,4.802720248834583,19.646422081301317,0.006005392439104625
2.0,1.0,60,0.1,20,balanced,2,80,3.0015988238633557,2.952717552961659,1.6285077976803628,76,5.0,60.0,0.9579589590456064,0.7796009939057603,0.04204104095439365,5.118887422234374,5.725515348904258,1.0867635891703724,4.952660033987653,0.22039900609423968,0.004852616619784341,4.89707231898224,16.962446776014396,0.009283092448339147
2.0,1.0,60,0.1,20,balanced,3,80,2.5894647552558228,2.5880008911278285,0.05653153320673958,71,5.0,60.0,0.9559482581383874,0.8135639907245857,0.04405174186161265,4.901493529876048,5.522222831448596,1.0711802073992587,4.649045918013793,0.18643600927541426,0.004934273909985937,4.968257592469087,13.749576780754653,0.009683129882405534
2.0,1.0,60,0.1,20,balanced,4,80,3.148940563749511,3.147985858163249,0.030318310775773905,77,4.0,60.0,0.95070394001886,0.7416004510797412,0.04929605998113995,5.103952967740094,5.782072756749453,1.0332966064133757,4.981935449309505,0.25839954892025885,0.003778934452648852,4.639484002302209,20.906099656010667,0.012655444602908815
2.0,1.0,60,0.1,20,skewed,0,44,1.4685241087637313,1.5222661564710553,-3.6595958749745336,38,3.5,60.0,0.939599151691481,0.8499977310720097,0.06040084830851905,5.327795214486987,3.954282041083459,1.2153245299953157,5.507345790818389,0.1500022689279903,0.007684279813640277,4.028396720327603,10.58842371770631,0.019610096889266047
2.0,1.0,60,0.1,20,skewed,1,44,1.1577751198578003,1.17619594985347,-1.5910542280380064,41,3.0,60.0,0.9496672677875136,0.7669813332903024,0.05033273221248635,6.136606956656665,4.16840637349247,0.986396165429701,6.20370423117569,0.23301866670969762,0.004012183364654296,3.6695641157351258,18.22876176477949,0.01576423378564091
2.0,1.0,60,0.1,20,skewed,2,44,1.5263278352423826,1.53296106602726,-0.4345875526684577,37,3.5,60.0,0.9451257680350633,0.8446976345812417,0.05487423196493674,4.875977869188247,3.9884255200787364,0.9804294258763531,4.919683196067903,0.1553023654187583,0.007512083039699318,4.010283519490212,11.031334223807747,0.014863636157438574
2.0,1.0,60,0.1,20,skewed,3,44,1.6732253590925659,1.6660519699979894,0.42871625484248876,38,3.5,60.0,0.9433310601167535,0.7970259086456656,0.05666893988324645,5.631212620831205,3.9933641150173176,1.1656215773297862,5.6527570017466,0.20297409135433442,0.004233948007203822,3.6723481700818033,15.279861481484478,0.018258332450766523
2.0,1.0,60,0.1,20,skewed,4,44,1.033404849237086,1.0529242163305863,-1.8888402844161758,42,4.0,60.0,0.965432075875753,0.6324530377423642,0.03456792412424703,5.982652050443619,4.323026621034197,0.8664923794144909,6.04996942817485,0.36754696225763583,0.002121757791089187,2.9964608275200897,34.86870395022371,0.007435548379421523
2.0,1.0,60,0.1,60,balanced,0,240,2.9472426706114616,2.968018127939362,-0.7049116631984078,228,4.0,60.0,0.9477637294648166,0.7835291852776044,0.05223627053518343,4.905634645928784,9.932629233093666,1.057651242779655,4.797449531043673,0.2164708147223956,0.004961868268634742,8.598963183961626,16.576598711816974,0.013618163083538816
2.0,1.0,60,0.1,60,balanced,1,240,3.388741565723617,3.386643125348832,0.06192388336750318,218,5.0,60.0,0.9574556346671147,0.7929451434300411,0.0425443653328853,4.6921213049977215,9.817490307997025,1.0135800418296381,4.5620984806925176,0.20705485656995892,0.004887146078697245,8.504412385809841,15.66727723491455,0.008702367909232551
2.0,1.0,60,0.1,60,balanced,2,240,2.9835281947838896,2.9728183701250246,0.35896508964081747,220,5.0,60.0,0.962647588502857,0.8299852861760494,0.03735241149714297,5.221869069522659,9.880616183962468,0.9793095658169527,5.047759724983634,0.17001471382395061,0.006768014392530606,9.034497798085683,12.290438155157021,0.007481195011579917
2.0,1.0,60,0.1,60,balanced,3,240,2.6609442110794674,2.6359787801592653,0.9382169989228878,225,5.0,60.0,0.962921702558406,0.802288559077811,0.037078297441593966,5.294938124745372,9.994552463613838,0.9915044114013519,5.149864917204873,0.19771144092218895,0.0058618078154863374,8.826545686727703,14.786059605495154,0.007508618657830159
2.0,1.0,60,0.1,60,balanced,4,240,2.6117608632629596,2.592724861569849,0.7288569930299249,218,5.0,60.0,0.9632229253327989,0.8215367010976281,0.03677707466720115,5.27936767613265,9.886545866575595,0.9912499894535876,5.192336384650544,0.1784632989023719,0.0059000761919520625,8.773210655613674,13.033864366419634,0.007328538161676453
2.0,1.0,60,0.1,60,skewed,0,132,1.8396553971321175,1.8491053832964266,-0.5136824091642898,119,3.0,60.0,0.9422633209023947,0.8146118703747205,0.05773667909760527,5.193722039080576,7.145624020153153,0.9828329565375998,5.3466153578263205,0.1853881296252795,0.005891627791914049,6.788469563362472,13.654708680343775,0.01751588558801292
2.0,1.0,60,0.1,60,skewed,1,132,2.9435262553433197,2.894000629394462,1.6825270662680476,120,3.0,60.0,0.9487958846601644,0.7720529335180578,0.0512041153398356,6.0878831859448015,7.257088494776,0.9902782250596706,6.116512955839329,0.22794706648194218,0.004137523988828062,6.370123129902406,17.714878598536718,0.016176571290167127
2.0,1.0,60,0.1,60,skewed,2,132,1.7244482138164248,1.7193603595755695,0.29504244894633014,121,3.0,60.0,0.9375150795332433,0.7725675492325144,0.06248492046675669,5.309446798753132,7.229597392965038,1.0804228308240005,5.403504763512689,0.22743245076748564,0.004322566204881726,6.355232040010134,17.663111865888403,0.02095360675074005
2.0,1.0,60,0.1,60,skewed,3,132,2.259740462130067,2.294782755669351,-1.5507220464713374,116,3.0,60.0,0.9487626923656965,0.8159765204250033,0.05123730763430345,5.768354929400025,7.179190293021516,0.9388971674468771,5.7951952432738665,0.18402347957499665,0.005219266723640132,6.569567255907073,13.53152756006859,0.0153201898253747
2.0,1.0,60,0.1,60,skewed,4,132,2.8180354398421255,2.7959581505267406,0.7834283772038623,125,3.0,60.0,0.9467415304699289,0.7657541238341622,0.05325846953007107,5.427470398548839,7.379904135202899,0.9364250880575012,5.548742005171765,0.2342458761658378,0.004657476214648607,6.466676326067288,18.354132393799656,0.015650388511670856
2.0,1.0,60,0.25,20,balanced,0,80,2.794701888155706,2.8340073220616286,-1.4064267130781913,79,12.0,60.0,0.9839292180138324,0.8819769620487589,0.016070781986167626,4.969781494751854,6.089141790534922,0.9600913819309791,4.898444287788089,0.11802303795124114,0.01932430848570089,5.55317956647878,8.028987810095416,0.0015527223809031648
2.0,1.0,60,0.25,20,balanced,1,80,4.5399343352868184,4.476079521080006,1.4065140482429055,80,12.5,60.0,0.9850444634603464,0.8277995937591127,0.014955536539653647,5.026835814417158,6.147795857905175,0.9487304760947972,5.006932192183217,0.17220040624088728,0.01325187089779653,5.2581702319052335,12.48131124048344,0.001517300142343719
2.0,1.0,60,0.25,20,balanced,2,80,4.183938902362784,4.341439347878347,-3.764405962683109,79,13.0,60.0,0.9834800254629811,0.8683193095718146,0.016519974537018922,4.703365120890718,6.093016781951493,1.0150216206387834,4.648235369549183,0.13168069042818542,0.018034265852086263,5.479624881138007,9.099004638728108,0.0015963039389015035
2.0,1.0,60,0.25,20,balanced,3,80,3.4146245905828696,3.4232239018458657,-0.2518376774627568,80,11.5,60.0,0.9819394218720987,0.8565274086902024,0.01806057812790135,4.773542558116862,6.1171397041704125,1.0024335956585106,4.748076878010339,0.14347259130979761,0.016571672819971874,5.470311657838397,10.050297738576422,0.0018981731925477071
2.0,1.0,60,0.25,20,balanced,4,80,3.5681101408070006,3.6694460923656824,-2.8400455019519835,80,12.0,60.0,0.9838315353877776,0.8414070206053078,0.016168464612222433,5.2417927697835776,6.144798150697261,1.028918200067218,5.217369103162186,0.1585929793946922,0.014802670094936708,5.3474703291113865,11.309126891805622,0.0017426183312038187
2.0,1.0,60,0.25,20,skewed,0,44,3.733064503113169,3.748419095659026,-0.41131334679730974,43,9.0,60.0,0.9802964392702811,0.8768175464543795,0.019703560729718905,5.425061690619938,4.39128854808769,1.0025766426181504,5.542271303343836,0.12318245354562052,0.015559695795160913,4.100139934570695,8.429287532650653,0.0023422748875107547
2.0,1.0,60,0.25,20,skewed,1,44,4.103729773361813,4.168681211855697,-1.5827416053439312,43,6.5,60.0,0.9720254331481346,0.861044238222292,0.027974566851865446,5.722692408352883,4.43944780428233,1.0710547437660127,5.758615563771236,0.13895576177770796,0.014392718365828831,4.056382939811073,9.682830842554296,0.004756348703966485
2.0,1.0,60,0.25,20,skewed,2,44,2.7558927542790927,2.8250308511990667,-2.508736844444429,44,7.5,60.0,0.9760255222291662,0.8373745833920632,0.023974477770833835,5.0401907349362,4.500859287758368,0.9385207386921156,5.116616250089232,0.16262541660793683,0.01375432376086446,4.0015870970560865,11.652521093905328,0.003260739534942306
2.0,1.0,60,0.25,20,skewed,3,44,1.4667717552644535,1.632254692204824,-11.282119139970389,44,7.0,60.0,0.9762739443031361,0.8670592644772185,0.023726055696863924,5.767876310930752,4.50840284487198,0.9816231179164182,5.770226896729382,0.13294073552278152,0.017343199436222693,4.104866773718923,9.199422067390259,0.003553396430493132
2.0,1.0,60,0.25,20,skewed,4,44,2.675082325987383,2.772718016321297,-3.649820021814702,44,8.0,60.0,0.9816143440104991,0.8474332278218197,0.018385655989500926,5.487148420695864,4.525874460058637,0.8307946861173676,5.544539594386845,0.15256677217818027,0.014102470930232563,4.010657743650287,10.802038473543929,0.002183091510920851
2.0,1.0,60,0.25,60,balanced,0,240,5.176286439454775,5.211044475253138,-0.6714859427683558,237,12.0,60.0,0.984068072914919,0.8773121996837112,0.015931927085080955,5.363982676433378,10.575662567047203,1.0206707699250943,5.253651531904807,0.12268780031628879,0.018166366580143607,9.603818224281541,8.390705180699886,0.0016349654127819479
2.0,1.0,60,0.25,60,balanced,1,240,4.619028850264417,4.650136791110861,-0.6734736208600013,239,11.5,60.0,0.9835078445219038,0.8754942552678715,0.016492155478096238,5.132829937670356,10.612206429550076,0.9757263102558751,5.069192603754684,0.1245057447321285,0.017842668865256466,9.563822275731697,8.532716964135922,0.0016726758861948666
2.0,1.0,60,0.25,60,balanced,2,240,4.848183968708144,4.885503204673047,-0.7697570101665897,240,11.5,60.0,0.9833649142779696,0.8726643142245815,0.01663508572203043,5.21546228353451,10.63721642023939,1.000352925807203,5.151730833401391,0.12733568577541854,0.01848631732979493,9.62322788320443,8.754959979443955,0.0017429985335147694
2.0,1.0,60,0.25,60,balanced,3,240,4.297890092010609,4.287534928484549,0.24093597798857716,238,12.0,60.0,0.9829490150406552,0.8735337401858018,0.01705098495934476,4.791484781895803,10.57777895426436,0.9893207781999326,4.752667205684998,0.12646625981419823,0.017563121642388553,9.565940523090275,8.686528338605353,0.0016739571014013931
2.0,1.0,60,0.25,60,balanced,4,240,5.0309913179742995,5.013342238105262,0.35080720187256237,240,11.0,60.0,0.9831897150605986,0.864982825874668,0.0168102849394014,5.132492627767229,10.641742010353862,0.9560726756343724,5.083472436518618,0.13501717412533198,0.01683239562348262,9.5211784276405,9.365539066429655,0.0017572173852521368
2.0,1.0,60,0.25,60,skewed,0,132,2.9810393177141687,3.0284694239543906,-1.5910593985922583,131,7.0,60.0,0.9755159828427465,0.8680750915122495,0.024484017157253457,5.6376584395084945,7.830488417522946,0.9993648262585878,5.688237668590378,0.13192490848775051,0.0170543028353938,7.177436812962656,9.118444460231746,0.0036764069154089345
2.0,1.0,60,0.25,60,skewed,1,132,2.1061900649276613,2.1576627155374237,-2.4438749126627535,132,8.0,60.0,0.9762332338701765,0.8699673074134324,0.023766766129823536,5.425954295279492,7.787031805050344,1.069595089745058,5.491777192623657,0.13003269258656758,0.016348940261392553,7.1699887167823455,8.968108903299683,0.0033413361270739554
2.0,1.0,60,0.25,60,skewed,2,132,3.230981828208023,3.2914807274676225,-1.872461761666846,132,8.0,60.0,0.9803467211246182,0.8938860160668568,0.01965327887538182,5.4956998874332115,7.830355463970246,0.890233723383548,5.550840379406335,0.1061139839331432,0.0213887073662837,7.360154344551959,7.122652017762851,0.0023635622569547895
2.0,1.0,60,0.25,60,skewed,3,132,2.8437689286503507,2.919530701816347,-2.664132532102493,131,7.5,60.0,0.9769658421560741,0.866104093037525,0.023034157843925873,5.489318455039677,7.808837931283949,0.9798516563002516,5.565396894672851,0.133895906962475,0.015591647497022817,7.126061172237859,9.275737734448542,0.0031920098506796166
2.0,1.0,60,0.25,60,skewed,4,132,3.0676741832380587,3.0857141938146277,-0.5880680117575923,132,8.0,60.0,0.9797258958828974,0.8712396779177787,0.02027410411710262,5.903927046921189,7.815102640307385,0.9867544946484899,5.960491063514161,0.12876032208222132,0.015786804109800295,7.140016889418762,8.86738692089546,0.00268847893434137
2.0,1.0,60,0.5,20,balanced,0,80,8.114714495154432,8.340564629394194,-2.783217257669688,80,22.0,60.0,0.9918255679042527,0.8805726673426002,0.008174432095747308,5.605429383202085,6.220799467841097,1.0135319316026716,5.589751022547692,0.1194273326573998,0.0275207263830286,5.58690135280917,8.137477150032964,0.0007670873353351469
2.0,1.0,60,0.5,20,balanced,1,80,7.616011991703218,7.798170005317518,-2.3917768749936408,80,24.5,60.0,0.9926274341518277,0.8763370431905848,0.007372565848172252,5.18987248866975,6.222484695899112,0.9405999787119727,5.171137417885029,0.12366295680941519,0.026344541871776837,5.548694507137726,8.466807909375646,0.0006849687181457026
2.0,1.0,60,0.5,20,balanced,2,80,5.267259066383715,5.344534897130065,-1.4670975885643038,80,22.0,60.0,0.9921274409269104,0.8877941563123655,0.007872559073089591,5.344081718598453,6.2188586657284475,0.928215583602541,5.317135260236758,0.11220584368763453,0.02848407685771214,5.613369108292815,7.583233763581262,0.0006898299875144675
2.0,1.0,60,0.5,20,balanced,3,80,7.674927279984474,7.775452823095091,-1.3097914735007168,80,23.0,60.0,0.9924535415965153,0.8895275125076423,0.007546458403484668,5.504670401028248,6.224344849480345,0.9582901142086359,5.479439993848592,0.11047248749235772,0.02953279565166432,5.627956051380028,7.451539335591393,0.0006739089374848009
2.0,1.0,60,0.5,20,balanced,4,80,6.725981670447755,6.752618945364243,-0.3960354966996892,80,24.0,60.0,0.9921318207891578,0.8852236824258485,0.007868179210842152,5.422569136666152,6.21550845758428,1.0286826891809564,5.404622012300294,0.11477631757415152,0.027638489656586968,5.584336478921208,7.7794790075851195,0.0006998002260816922
2.0,1.0,60,0.5,20,skewed,0,44,5.068368405008387,5.017311967249827,1.0073545109331012,44,16.5,60.0,0.990319963123468,0.8829905648783709,0.009680036876532017,6.056644027891955,4.586812685101341,0.9790167855017733,6.075749217927009,0.11700943512162909,0.02815882174457756,4.164022108868157,7.950895951266258,0.000953054688319947
2.0,1.0,60,0.5,20,skewed,1,44,4.0874172116073355,4.066268816186346,0.5174024163947056,44,17.5,60.0,0.9895499529817846,0.8777224780832615,0.010450047018215336,5.453325191931282,4.578787853339944,1.0119852082324055,5.480328101346785,0.12227752191673846,0.026268053597995458,4.129436762662987,8.358736956384922,0.0009882765864201249
2.0,1.0,60,0.5,20,skewed,2,44,4.369473658225345,4.477570030105342,-2.4738991543411855,44,17.0,60.0,0.9885434117923048,0.8919993694298194,0.01145658820769524,5.512878268137863,4.551946202071629,1.0872612426882808,5.518555677934197,0.10800063057018061,0.027621921736747317,4.16386022269695,7.264621541552187,0.0010457699474765302
2.0,1.0,60,0.5,20,skewed,3,44,3.516577876017127,3.5051307081180543,0.32552010228870304,44,15.0,60.0,0.9887356853492622,0.8970910533831882,0.01126431465073785,5.976182113613187,4.5814054557115895,1.024339627591804,5.994157509032609,0.10290894661681182,0.03265419211494793,4.232297407788948,6.882842910675295,0.001104102680215045
2.0,1.0,60,0.5,20,skewed,4,44,3.1827335188703714,3.3579058777390567,-5.503833664681365,44,18.5,60.0,0.9904504617638092,0.8541937621851593,0.009549538236190758,5.589639738760403,4.586317210107873,0.9991827134767073,5.605803773238667,0.1458062378148407,0.02233924271787644,4.036104738191177,10.24167426195053,0.0009846600349160853
2.0,1.0,60,0.5,60,balanced,0,240,6.812052455899106,6.8867816020041905,-1.0970136620185738,240,23.0,60.0,0.9918489242086617,0.8694851730080908,0.008151075791338336,5.05805716604937,10.817536842969536,0.953922483486071,5.046797093146617,0.1305148269919092,0.024541609603414432,9.574605426778188,9.006352106526013,0.0007541022275816185
2.0,1.0,60,0.5,60,balanced,1,240,6.075605022865283,6.128656406578428,-0.8731868433429778,240,23.5,60.0,0.9919698800249881,0.8750635806218618,0.008030119975011851,5.239795625850376,10.817297692380247,0.9933266707495758,5.223910813885453,0.12493641937813815,0.02578777264450643,9.632888801720593,8.566446288806976,0.0007404009850397414
2.0,1.0,60,0.5,60,balanced,2,240,6.130778076617923,6.189024351087106,-0.9500633319501076,240,23.0,60.0,0.9914322001146681,0.8742344142786244,0.00856779988533185,5.140596872939162,10.811043523690198,1.0197045317452715,5.130269963805369,0.12576558572137564,0.02561869697233845,9.628578399490227,8.631478033850996,0.0007825672794385071
2.0,1.0,60,0.5,60,balanced,3,240,6.540139140197407,6.56260962086333,-0.3435780215716349,240,23.0,60.0,0.9919017490639925,0.8729054483295751,0.008098250936007467,5.357226873949355,10.820230234186257,1.0035691593664204,5.344374667246222,0.12709455167042494,0.025509241583372075,9.618316098641236,8.7359668963211,0.0007633872941079069
2.0,1.0,60,0.5,60,balanced,4,240,7.052533742917551,7.1192306250882975,-0.9457151798490342,240,23.0,60.0,0.9914110817601666,0.8864262906570807,0.008588918239833432,5.260198046429739,10.806225952596002,1.044312409769912,5.24104517692634,0.11357370934291933,0.028205927314169123,9.745089427676055,7.687523071460166,0.0007518701692913935
2.0,1.0,60,0.5,60,skewed,0,132,6.183061744644003,6.304407397970555,-1.9625495965921071,132,17.0,60.0,0.9897517935776463,0.8757770972273152,0.01024820642235369,5.6705813579102236,7.9997625938167785,1.0008893213004393,5.686114061464,0.12422290277268477,0.025958371351342095,7.19777952974635,8.51058356054098,0.0009961291577919077
2.0,1.0,60,0.5,60,skewed,1,132,4.487802831716559,4.499365491337158,-0.25764633728741615,132,18.0,60.0,0.9905221286997948,0.8720120235384469,0.009477871300205165,5.592993769047071,7.997274696636491,0.965638242834736,5.606545192073263,0.12798797646155313,0.024131093055234278,7.135270549155948,8.806390715270469,0.0008977084344862066
2.0,1.0,60,0.5,60,skewed,2,132,5.09968274737339,5.100488865325647,-0.015807217668038408,132,18.0,60.0,0.9912073078952529,0.885632092118623,0.00879269210474709,5.858141384697849,8.009739225043225,0.9375690740667579,5.871828981515673,0.11436790788137696,0.028501604252876525,7.267764675302158,7.748222466133829,0.0008257028203775668
2.0,1.0,60,0.5,60,skewed,3,132,4.236689131508471,4.2776991119069985,-0.9679723747851654,132,17.0,60.0,0.9897807659042893,0.8738002308664844,0.010219234095710683,5.52173818485294,7.9884921057408596,0.9728975896410067,5.54292328968339,0.1261997691335156,0.024037190715466797,7.1513564933310025,8.665580393017686,0.0009594757536283648
2.0,1.0,60,0.5,60,skewed,4,132,4.27828300983751,4.368175618999472,-2.1011375113628996,132,17.0,60.0,0.9893779980146643,0.8674013180543353,0.010622001985335694,5.558150621294794,7.997856026769196,1.0176943304670052,5.576019754082663,0.1325986819456647,0.02411430382064924,7.1293898264589295,9.172133764548319,0.0010510966374071042
2.0,1.0,120,0.1,20,balanced,0,80,3.06429529520567,3.060162846031938,0.1348580595413821,78,11.0,120.0,0.9812777369254285,0.895754334124495,0.018722263074571477,4.807265565793353,5.976778158083052,1.0006932993758162,4.7680621643614645,0.10424566587550499,0.005630139017082747,5.575410121308151,13.965302124144676,0.0017462414102051623
2.0,1.0,120,0.1,20,balanced,1,80,2.9614365881846894,2.9508911224663548,0.3560929097860165,80,9.5,120.0,0.9779316389041344,0.8906259218618453,0.022068361095865574,4.851872173358891,6.051230976357037,1.0206167079649127,4.773705617766897,0.1093740781381547,0.006179834648236052,5.630049553978477,14.73670264294699,0.002436850134785992
2.0,1.0,120,0.1,20,balanced,2,80,2.297561824860194,2.290459191187606,0.30913786935940635,79,10.5,120.0,0.9793712379748091,0.8862168286685793,0.020628762025190928,4.699172881595182,6.0470844242452575,1.0289360195221255,4.6627147529450035,0.11378317133142068,0.006144087332981716,5.600399392591026,15.407042744024313,0.0020792584928569064
2.0,1.0,120,0.1,20,balanced,3,80,1.7736412660855299,1.7879522975567683,-0.8068729423973805,80,9.0,120.0,0.9810273489647475,0.864502788025464,0.018972651035252475,5.514615879626905,6.088663450649947,0.9414716803306055,5.409010785308194,0.135497211974536,0.004760125025638772,5.518299334994265,18.80811220294803,0.0020724428229520393
2.0,1.0,120,0.1,20,balanced,4,80,3.0926580116371256,3.108442376856224,-0.5103818514593196,80,9.5,120.0,0.9777763622397624,0.8743899753086121,0.022223637760237613,5.015504549308141,6.027229160294914,1.062572609575929,4.9344341626299935,0.12561002469138793,0.0046849617616033755,5.483297755686725,17.238535880568104,0.0025510266760452095
2.0,1.0,120,0.1,20,skewed,0,44,1.5574454665860193,1.5642457373928025,-0.43662978593334595,44,6.5,120.0,0.9766780808929834,0.860374443921483,0.023321919107016587,5.967466304437277,4.459961830806071,0.9302161596315085,6.028026569685987,0.139625556078517,0.0034657797084214226,3.994382670477742,19.474156685843052,0.0033133424014606962
2.0,1.0,120,0.1,20,skewed,1,44,0.8632811299601575,0.8795719950828986,-1.8870869010530789,44,6.5,120.0,0.9729509899305564,0.8563098873200453,0.027049010069443602,5.3113068249125055,4.484790410479006,0.9710294608465149,5.404637058874233,0.14369011267995468,0.004488651962943387,4.084555937746336,20.136184081160884,0.003978688555899457
2.0,1.0,120,0.1,20,skewed,2,44,1.401764284542398,1.4094353630979355,-0.5472445431894845,43,6.5,120.0,0.9757517394214176,0.8736108853060893,0.024248260578582426,5.545774456066467,4.425263433909035,0.9027586365023514,5.621240100547106,0.12638911469391068,0.0043827690666353464,4.086009070226657,17.360925806178912,0.0033308054216235022
2.0,1.0,120,0.1,20,skewed,3,44,2.0741679678182092,2.0558448409986343,0.8833964801244517,44,6.0,120.0,0.9725632234336742,0.8568684390618729,0.027436776566325816,5.4470141187824375,4.451965729110855,0.9331492245302514,5.512957007175291,0.14313156093812707,0.004064935021239527,4.081929165542465,20.044835974329803,0.004183662234268163
2.0,1.0,120,0.1,20,skewed,4,44,1.1005951073558153,1.1102310787389027,-0.8755237342675296,42,6.5,120.0,0.9751014356722445,0.9069902824623847,0.024898564327755446,5.8348719224792935,4.329457633883117,0.9760089938152791,5.91465445948624,0.09300971753761533,0.005978345714900947,4.228088502454211,12.305717404394278,0.003668979298177611
2.0,1.0,120,0.1,60,balanced,0,240,2.8609819065751734,2.8519369683742033,0.3161480392512373,234,9.0,120.0,0.9783574823492722,0.8926479566783565,0.021642517650727777,5.030260175163538,10.423789259771366,0.9908585223254021,4.976900176624731,0.1073520433216435,0.005618056019648485,9.719927157823985,14.431495756214481,0.002420911742740619
2.0,1.0,120,0.1,60,balanced,1,240,2.8452484486425162,2.8315437854444956,0.4816684182556793,235,10.0,120.0,0.9796278812810874,0.8934930049524956,0.020372118718912646,5.022660842121616,10.422716170551134,1.0241971775673149,4.925025840060929,0.10650699504750438,0.005727796250694123,9.720190664071644,14.304353066961111,0.002149495512584213
2.0,1.0,120,0.1,60,balanced,2,240,3.184411544829191,3.1827716351391575,0.05149804499033221,239,9.5,120.0,0.9791270261477081,0.8873745044228334,0.02087297385229192,4.930023985390417,10.513983463720885,0.9818969729722169,4.861570781644823,0.11262549557716661,0.00579926618836846,9.736068201729884,15.230389651605407,0.0022214787695893183
2.0,1.0,120,0.1,60,balanced,3,240,2.2212604863725676,2.2379793244477155,-0.7526734562523407,238,9.0,120.0,0.9778771192192532,0.8849402081144973,0.022122880780746756,5.0460294924776665,10.481760062222847,1.0129118281634484,4.974755474831497,0.11505979188550275,0.005380813349088279,9.681247369215228,15.602381832868305,0.002540872383187452
2.0,1.0,120,0.1,60,balanced,4,240,2.669680158272179,2.670863870302445,-0.04433909532564064,240,9.0,120.0,0.9775625139454714,0.8817640799346843,0.022437486054528555,4.916383873036122,10.5352420429003,1.006200354025437,4.870934615716465,0.11823592006531569,0.005454192222044656,9.67941817219091,16.090823759671487,0.002551356283888769
2.0,1.0,120,0.1,60,skewed,0,132,1.4566184391372394,1.4633004519682307,-0.4587346041664155,127,6.0,120.0,0.9717199038500796,0.8975637527683847,0.028280096149920442,5.558222760317466,7.57794695898709,0.9837810561704207,5.633877788366616,0.10243624723161526,0.005370825448612503,7.330937001111863,13.695238505209408,0.004501622632308655
2.0,1.0,120,0.1,60,skewed,1,132,1.3262281597601897,1.3195753674464752,0.5016325633530119,129,5.0,120.0,0.9681968993690032,0.8968166586272905,0.03180310063099678,5.856384543411444,7.68928231911263,0.9770558781088188,5.948995242138254,0.10318334137270946,0.005895682834226489,7.351632184820699,13.806613476245655,0.0059861354092020395
2.0,1.0,120,0.1,60,skewed,2,132,2.5567331960749113,2.569820212958278,-0.5118647852446209,128,5.0,120.0,0.9640491009413215,0.8894287299588272,0.03595089905867854,5.388455606264121,7.555536623821421,1.023942254912071,5.49154895210065,0.11057127004117284,0.004649230055002956,7.257660011338379,14.918061400551965,0.007021243336721579
2.0,1.0,120,0.1,60,skewed,3,132,2.5406840820339442,2.5500169212621744,-0.3673356831030616,129,6.0,120.0,0.9732815903663219,0.9058644177349583,0.02671840963367811,5.8776569724021375,7.617367364916053,0.9809458659472542,5.95554753920798,0.0941355822650417,0.006042717817755588,7.39654246263305,12.470155191712267,0.0042494506367744865
2.0,1.0,120,0.1,60,skewed,4,132,2.4468781580036003,2.4371733129607067,0.39662150774241023,128,5.0,120.0,0.9640070658209953,0.8944543152692449,0.03599293417900473,5.193972594670199,7.601506379697617,0.9935826197155906,5.322270538540744,0.1055456847307551,0.005554119170928969,7.348218640060737,14.160010132969278,0.006790618650306971
2.0,1.0,120,0.25,20,balanced,0,80,3.8752811978946182,3.857747079771406,0.45246053712793954,80,20.0,120.0,0.9895192813082507,0.9274558447590874,0.010480718691749269,5.133031210628918,6.186672124113857,1.0744376182918833,5.07206028103631,0.07254415524091262,0.016624750662945383,5.846062279249646,9.386213562728447,0.0006513305147916302
2.0,1.0,120,0.25,20,balanced,1,80,4.308572496330567,4.325916854600162,-0.4025546346119598,80,21.5,120.0,0.9905432624321917,0.9265459264491637,0.009456737567808293,4.807709381907397,6.2090052824685085,0.9843195952669684,4.798024984717688,0.07345407355083633,0.017579298889474914,5.858445812678747,9.513277835973486,0.0005248020225398083
2.0,1.0,120,0.25,20,balanced,2,80,3.740331534911103,3.7401150267098657,0.005788476214374737,80,20.5,120.0,0.990541621193504,0.929930899670327,0.009458378806496026,5.207848717818476,6.206229269080652,1.0166695209844212,5.196823369517061,0.07006910032967295,0.018095753395305912,5.877407642890144,9.041846058176592,0.0005547433249530289
2.0,1.0,120,0.25,20,balanced,3,80,3.933049346143471,3.9713496767737175,-0.9738075284461384,80,23.0,120.0,0.9918281338568266,0.9311259940135124,0.008171866143173445,5.187113790965085,6.204348884815845,0.977389841220685,5.157689146833661,0.06887400598648763,0.017134983462992266,5.847767882121423,8.876221662284063,0.00042767432664246873
2.0,1.0,120,0.25,20,balanced,4,80,4.792527070158457,4.800399938427848,-0.16427384037981183,80,24.0,120.0,0.9925024660866113,0.9303610367589272,0.007497533913388699,5.459537184497317,6.208313290846567,0.9835328889423565,5.424888308993458,0.06963896324107277,0.017479122073517348,5.868268322727064,8.982185687870881,0.00039166353619658176
2.0,1.0,120,0.25,20,skewed,0,44,2.4785146889290353,2.487998024554623,-0.38262172372621356,44,16.5,120.0,0.9888661960116131,0.9385829299203494,0.011133803988386926,5.180346277327331,4.5670080403262325,0.9673569309422393,5.211842791490648,0.06141707007965058,0.020969225320061076,4.407716556749262,7.852314563384939,0.0007212610703820721
2.0,1.0,120,0.25,20,skewed,1,44,3.0977981136978023,3.135390604360421,-1.2135229373532326,44,14.5,120.0,0.9894811765743625,0.938266992788393,0.01051882342563748,6.1175963089230105,4.573193829457945,0.945012307901504,6.137918424853339,0.061733007211607016,0.01930399011921541,4.385277146158979,7.8953655221073635,0.0007504522120205814
2.0,1.0,120,0.25,20,skewed,2,44,3.1815901022429958,3.2055021283447096,-0.7515746948312432,44,15.0,120.0,0.9891343746682979,0.9319282760257495,0.010865625331702156,5.746650256547365,4.570070691302701,0.947496766970308,5.775646076028664,0.06807172397425054,0.017824687952685776,4.38113034677896,8.765274203016427,0.0007610552718471809
2.0,1.0,120,0.25,20,skewed,3,44,2.487938693770568,2.5394290001401907,-2.0695970724096604,44,13.0,120.0,0.986627289420812,0.9305450953426986,0.013372710579187985,6.020295214473137,4.555834160501376,1.0622413439865026,6.0285591530836005,0.06945490465730142,0.015941839054302718,4.350198378294806,8.956673460093569,0.0011535088832332297
2.0,1.0,120,0.25,20,skewed,4,44,3.212010586795638,3.2490833434677944,-1.154191608974139,44,13.0,120.0,0.9882676582504184,0.9309890965431009,0.011732341749581598,6.086720263892167,4.571316129281611,0.9209984856974692,6.11065203224351,0.06901090345689909,0.01667110023441782,4.367253374670846,8.895172291037147,0.0009172201096568095
2.0,1.0,120,0.25,60,balanced,0,240,4.584806071379648,4.61293313304456,-0.6134842178057038,240,24.0,120.0,0.9921534376879513,0.9304051501339762,0.007846562312048722,5.202341585211521,10.801463527920184,0.9828166845131537,5.177983859778359,0.06959484986602382,0.0180655370443011,10.205739272113336,8.976070245011305,0.0004077999778393026
2.0,1.0,120,0.25,60,balanced,1,240,4.277449123603975,4.2911789918886445,-0.32098262043386894,240,24.0,120.0,0.9918813521624206,0.9280447537948265,0.008118647837579429,5.244729646121887,10.79389683453913,1.0221434035627806,5.203272974723316,0.07195524620517346,0.016921545998469702,10.159855358433331,9.304108998314295,0.00043330521899175804
2.0,1.0,120,0.25,60,balanced,2,240,4.182125209956031,4.192228603235025,-0.2415851456322028,240,23.5,120.0,0.9917950930958879,0.9271941362158063,0.008204906904112075,5.202326436894639,10.79831156591647,1.004703121691322,5.170269968542944,0.07280586378419374,0.016767149958917683,10.156780782188921,9.422733937641897,0.00043910073072920696
2.0,1.0,120,0.25,60,balanced,3,240,5.207867429181453,5.206625518536398,0.023846817568680508,240,24.0,120.0,0.9919468747481057,0.9353299228759445,0.008053125251894278,5.352241174609777,10.78979552587881,1.03776039746481,5.326106070644388,0.06467007712405548,0.019080531927172115,10.248681995316609,8.29697528656522,0.0004269069281094295
2.0,1.0,120,0.25,60,balanced,4,240,4.935422781980159,4.954393739268251,-0.3843836308686088,240,22.0,120.0,0.9910670004628777,0.9288925842830259,0.008932999537122344,5.035313181433868,10.792479269110894,0.99537975966267,5.019631416946293,0.0711074157169741,0.017429975782420323,10.19487023377522,9.186088930425763,0.0004899409108829923
2.0,1.0,120,0.25,60,skewed,0,132,3.8615829786159175,3.8922569893722856,-0.794337734712162,132,14.5,120.0,0.9874492263673469,0.9301688247988482,0.012550773632653167,5.465322867928856,7.959186691523355,1.0121742284149031,5.498468971462956,0.06983117520115179,0.016468891195403998,7.60297406026061,9.008838826597279,0.0009412169311346602
2.0,1.0,120,0.25,60,skewed,1,132,3.359160193072739,3.407129058346793,-1.4280017181965778,132,15.0,120.0,0.9886254361151476,0.9318046668837864,0.011374563884852362,5.7429062437460265,7.975697628430265,0.9947207481363758,5.763773998396062,0.06819533311621362,0.017399952095970308,7.614020871002685,8.782355642533252,0.0008239415277568008
2.0,1.0,120,0.25,60,skewed,2,132,3.211459661763649,3.2335621532840544,-0.6882381797773368,132,14.0,120.0,0.9867188612902188,0.9291537579290081,0.013281138709781204,5.431755136364639,7.968113363538751,1.0301139958335597,5.466575737749185,0.07084624207099188,0.01727029130897611,7.621391985621558,9.14977631632051,0.0010447828045065757
2.0,1.0,120,0.25,60,skewed,3,132,3.4574934033349956,3.4887559541632887,-0.9041969768659044,132,15.5,120.0,0.9881725009341417,0.9285049733791495,0.011827499065858338,5.453024302863672,7.970070724595678,1.0146116365485647,5.4746302386552195,0.0714950266208505,0.01651294245465683,7.592322159977428,9.240018567998252,0.0008472286666363616
2.0,1.0,120,0.25,60,skewed,4,132,3.605031658936431,3.6380552845964735,-0.9160425978002427,132,15.0,120.0,0.9885678743237647,0.930745488069142,0.011432125676235305,5.724917691295066,7.962788780922088,0.9998701014811174,5.764104237562813,0.06925451193085796,0.016974113015759806,7.616315752489959,8.92890864176352,0.0008296205432037263
2.0,1.0,120,0.5,20,balanced,0,80,5.728153813810408,5.75725990405721,-0.5081234057756575,80,47.5,120.0,0.9957107799309013,0.9236586180398488,0.004289220069098709,4.876612099423879,6.250584248456484,0.9964700885851208,4.870498953643597,0.07634138196015117,0.022336850240271915,5.821832629457273,9.918129551650997,0.00021989633697204198
2.0,1.0,120,0.5,20,balanced,1,80,7.098147563059047,7.099249152407601,-0.015519392049361196,80,50.5,120.0,0.9961109995101792,0.9385185935958757,0.003889000489820771,5.169207449268624,6.249485742955987,1.0169956798074606,5.158695314597854,0.06148140640412425,0.027629583937675808,5.914704826710641,7.861078958731593,0.00018261958667442776
2.0,1.0,120,0.5,20,balanced,2,80,8.72065409163443,8.786653763398732,-0.7568202003060169,80,44.5,120.0,0.9959550315242423,0.9295986550566323,0.004044968475757804,5.608704884458254,6.255146551758367,1.0124320605098327,5.602541433670422,0.0704013449433677,0.025023917952267927,5.870353804119165,9.087966454393637,0.000215795619121944
2.0,1.0,120,0.5,20,balanced,3,80,6.177406779433665,6.20893827809628,-0.510432610130074,80,46.0,120.0,0.9959713978085015,0.9266999085638978,0.004028602191498476,5.4752791558092175,6.2530682793183106,1.0171689711390326,5.466731623767306,0.07330009143610217,0.02281546475767698,5.831308064669464,9.491757678020504,0.00021144707387474163
2.0,1.0,120,0.5,20,balanced,4,80,7.571999143379169,7.676763143735955,-1.3835712124768256,80,44.5,120.0,0.9955968020667587,0.9262213131086442,0.004403197933241343,5.1565816232631105,6.25143028333714,1.013340129988184,5.149500512090671,0.0737786868913558,0.02335103095332278,5.843976525405488,9.558668432329863,0.0002270831301278722
2.0,1.0,120,0.5,20,skewed,0,44,5.775768327874614,5.834191198797038,-1.0115168685085192,44,34.0,120.0,0.9947347834737181,0.9364563974447943,0.005265216526281868,5.58917594161533,4.610344343181099,1.006656762763425,5.5984452950667,0.06354360255520575,0.02811776375675358,4.383604472395912,8.142645324898005,0.00026847956754208555
2.0,1.0,120,0.5,20,skewed,1,44,5.199296950485461,5.221617207088039,-0.42929374519556757,44,35.5,120.0,0.9952130436288578,0.9299886519711665,0.004786956371142237,5.911241862887246,4.612100774312475,1.0089083515444575,5.919054072274184,0.07001134802883346,0.02515733613998512,4.352970792601189,9.03383255876598,0.0002587667377962243
2.0,1.0,120,0.5,20,skewed,2,44,4.296784644338597,4.381075023471824,-1.9617082565282054,44,34.0,120.0,0.9944207631152384,0.922985183072234,0.005579236884761529,5.305889256924168,4.608634467938685,1.0128432478697926,5.314133450734355,0.07701481692776602,0.022214401769634327,4.316780662342289,10.012921334847317,0.00029692098839780327
2.0,1.0,120,0.5,20,skewed,3,44,3.7769351909879076,3.8367654947898826,-1.5840966491756387,44,34.5,120.0,0.9950328635249642,0.9412980416927292,0.004967136475035772,5.783098703627166,4.6080547634323,0.9958932118834707,5.79352226972632,0.05870195830727076,0.028555027014329347,4.393948557967447,7.483533041463572,0.00024108151941011
2.0,1.0,120,0.5,20,skewed,4,44,3.883413228324479,3.9414034105574602,-1.493278691281627,44,32.0,120.0,0.994210957899551,0.9394737413116769,0.005789042100448949,5.444081772876999,4.608396101083288,1.0155688713834998,5.455732993560292,0.060526258688323065,0.029321070442800093,4.396578459829904,7.731084673487599,0.00028986318858721357
2.0,1.0,120,0.5,60,balanced,0,240,5.950818547745765,6.002743033961764,-0.8725604015546435,240,48.0,120.0,0.9960942552216189,0.9335749680305551,0.003905744778381126,5.306459939661375,10.876848724163636,0.997268342094294,5.29867606799018,0.06642503196944494,0.026035995370370373,10.239322123162957,8.538150774488754,0.00019582743791588415
2.0,1.0,120,0.5,60,balanced,1,240,6.282963207103755,6.348170980602493,-1.0378506343155345,240,47.0,120.0,0.9959377040495974,0.9378148155221561,0.004062295950402639,5.279123900139405,10.873813142418776,1.0103730563907334,5.270411349290196,0.062185184477843936,0.0276310435593587,10.28455813904619,7.957031616296713,0.00019396658108254147
2.0,1.0,120,0.5,60,balanced,2,240,7.233261276171718,7.262329264273588,-0.4018655899743,240,46.0,120.0,0.9959477569466768,0.9349682381879559,0.00405224305332319,5.2698957294281366,10.876002786728874,0.985387421110699,5.2649015397396015,0.06503176181204406,0.026553738813342633,10.256613921013972,8.346605904570325,0.00019883445314513725
2.0,1.0,120,0.5,60,balanced,3,240,7.22421778826223,7.280233749036423,-0.7753913629958205,240,46.5,120.0,0.9957560021297159,0.9340681239029385,0.004243997870284066,5.034692122537233,10.873003565899147,0.9964318996012378,5.028314675055208,0.06593187609706153,0.026124238484038432,10.244127923080601,8.47028704778874,0.0002042448330458481
2.0,1.0,120,0.5,60,balanced,4,240,6.7397892552394465,6.7798355326255475,-0.594176996780269,240,44.0,120.0,0.995489347004151,0.9340896982993628,0.004510652995848963,5.123135929460978,10.871547000537491,1.0202211360523006,5.117275972031662,0.06591030170063716,0.025996526345143087,10.243974384346995,8.467319807162324,0.0002171685491767157
2.0,1.0,120,0.5,60,skewed,0,132,5.14067967068925,5.191933089094962,-0.9970163808872361,132,33.0,120.0,0.9946357936304255,0.9455390709148533,0.005364206369574465,5.716194665970513,8.044530436450675,1.0191260126228987,5.72627964933494,0.05446092908514666,0.03213311550620711,7.714303443299755,6.911730769511594,0.0002597884328068452
2.0,1.0,120,0.5,60,skewed,1,132,4.770127813163413,4.815217826387508,-0.9452579677145645,132,36.0,120.0,0.9950765315056989,0.9413434595187637,0.004923468494301142,5.719910312657425,8.046615711784185,1.0203666120384713,5.728475488518394,0.05865654048123625,0.02970599663139024,7.676290397663076,7.477382231291799,0.00024085987351531694
2.0,1.0,120,0.5,60,skewed,2,132,4.520971543885438,4.550855816822547,-0.6610144002681597,132,34.5,120.0,0.9949837056952828,0.9414263095266616,0.005016294304717117,5.776059606710525,8.045593199967241,1.0059492072850753,5.784697974939449,0.05857369047333838,0.029301966367716613,7.675906647685303,7.466163613309919,0.00024587564127499155
2.0,1.0,120,0.5,60,skewed,3,132,4.372565196125364,4.4132411267103855,-0.9302532669167667,132,34.5,120.0,0.9948238560420388,0.9361140053911357,0.005176143957961177,5.48435962373531,8.04633477497309,0.9855385137097563,5.491425638409573,0.06388599460886435,0.02721126995677727,7.639637604627839,8.189514641286138,0.00025800015003619
2.0,1.0,120,0.5,60,skewed,4,132,4.432001656506632,4.491685134132656,-1.34664836007907,132,33.0,120.0,0.9948728865309173,0.9425221505973721,0.005127113469082678,5.636024629676558,8.046666806132972,0.9601285976373362,5.645600354251972,0.0574778494026279,0.02986094796164572,7.683335522611469,7.317962685485751,0.0002468075366159194
2.0,0.95,30,0.1,20,balanced,0,80,2.5238110960873903,2.5493460190755046,-1.011760469224522,63,0.9182102080960167,15.707224721141241,0.7161531391281001,0.5594223299097436,0.2838468608718999,3.687715489065945,3.9066740094669514,1.4626730946691018,4.020363498604681,0.4405776700902564,0.003402430185636217,2.607886982579603,12.370354383853407,0.2977761395648411
2.0,0.95,30,0.1,20,balanced,1,80,3.4102138554795376,3.491858166647188,-2.3941111797567873,72,1.204129886598155,15.707224721141241,0.7834492708586314,0.4118702941650636,0.21655072914136858,3.6749844806793943,4.085790019419866,1.440630336936638,4.331000160423363,0.5881297058349364,0.0011077122720177931,1.1516310414308986,22.429113207727017,0.1727186783097008
2.0,0.95,30,0.1,20,balanced,2,80,5.786047144907959,5.700382438543413,1.4805393772142972,66,1.2191083965790643,15.707224721141241,0.7899027009891788,0.5488326751446988,0.21009729901082125,3.3520590165021256,4.201286788256084,1.2027187784555384,3.710618683049748,0.4511673248553012,0.0034369552709375356,2.452496496123168,12.912107604508023,0.14866241717785736
2.0,0.95,30,0.1,20,balanced,3,80,1.8744459452106383,1.9063757902997849,-1.703428427516402,60,1.0944178761750436,15.707224721141241,0.7699147654029137,0.5995564074206264,0.23008523459708635,3.2980130511200363,4.079844068645464,1.1736652691690643,3.5933865263122353,0.40044359257937356,0.00499101407059075,3.1058616031821407,10.490851934758187,0.17539455699320283
2.0,0.95,30,0.1,20,balanced,4,80,1.7596587372737598,1.8402671536935504,-4.580911895716628,74,1.2096697624245385,15.707224721141241,0.7934260853347435,0.34780619719188016,0.2065739146652565,3.4686984101465885,4.2218384378136,1.2851060779173868,4.081098677761435,0.6521938028081198,0.0007551593543337438,0.8249760300942371,29.45362878853837,0.14834022397703253
2.0,0.95,30,0.1,20,skewed,0,44,5.281674119783207,5.322770558198532,-0.778094927541872,33,0.8799374999999999,15.707224721141241,0.7213290174060638,0.5499846069878749,0.27867098259393625,4.335339710479304,2.9115646054052213,1.63514551048709,4.812295340709948,0.4500153930121251,0.00293730757737573,1.8588969616419315,12.852164980991867,0.33726656075022604
2.0,0.95,30,0.1,20,skewed,1,44,1.3023931039414844,1.3272662837392468,-1.9098058583455086,33,0.7437081287011038,15.707224721141241,0.7123298510456143,0.5803429847388962,0.2876701489543857,3.622204804859741,2.574532989128126,1.4314788426680927,4.771721083208501,0.41965701526110377,0.003632883454919849,2.204184112102819,11.358191996540157,0.3003921459330046
2.0,0.95,30,0.1,20,skewed,2,44,2.9778769142305643,2.8440052231407633,4.495541452706124,29,0.8831968163181728,15.707224721141241,0.8257339617385459,0.3942190623867512,0.17426603826145415,5.837331934201134,3.160044400304675,1.1133129711213712,5.975283462445912,0.6057809376132488,0.001047260762689808,1.0562214741136244,24.13667482558227,0.1776562165036257
2.0,0.95,30,0.1,20,skewed,3,44,1.3008248907487878,1.3223038956169233,-1.6511834160685237,31,0.604302092134709,15.707224721141241,0.6853277185232449,0.5373840096972565,0.3146722814767551,3.451817660602803,2.5879868515177966,1.207448650329361,4.380444918308269,0.4626159903027435,0.0021257395122901957,1.7001595840629373,13.521826455856274,0.34224924367616244
2.0,0.95,30,0.1,20,skewed,4,44,4.369066863489754,4.3836811526327955,-0.33449451792936913,33,0.5432059591769541,15.707224721141241,0.7928476664143731,0.7637313693471223,0.20715233358562696,5.861716564236126,3.2200200645857193,0.961247355681794,6.829521031838292,0.23626863065287773,0.008699113073743266,3.050254714349139,4.859201317596179,0.2520241141361969
2.0,0.95,30,0.1,60,balanced,0,240,2.30942612173771,2.282713811554586,1.1566644168302924,208,1.0309256348698077,15.707224721141241,0.7956384880425572,0.5368334767312274,0.2043615119574428,3.99083829036706,7.455774154576905,1.2156626543013038,4.591259670482958,0.4631665232687726,0.0035006356018663816,4.592726422341603,13.551801405139752,0.16742285169945118
2.0,0.95,30,0.1,60,balanced,1,240,2.9270779240862463,2.8925902122511618,1.1782300550078697,203,1.1812346749612765,15.707224721141241,0.8272053270548649,0.5290966040580198,0.172794672945135,4.168186443610985,7.765306145261532,1.1281085083882243,4.572215891092015,0.47090339594198016,0.003604237795332154,4.559674032878562,13.97965022886092,0.12525294641878001
2.0,0.95,30,0.1,60,balanced,2,240,2.3820379247848016,2.3262048265093496,2.343921467182186,195,1.2625525863162468,15.707224721141241,0.8299405811750673,0.5387024843620004,0.1700594188249327,4.126762475656969,7.7550729406794305,1.1439474356584005,4.424152848995748,0.4612975156379996,0.004141191103042296,4.818343803115552,13.450288334963783,0.12022804703331953
2.0,0.95,30,0.1,60,balanced,3,240,3.0828881569023623,3.063205502329021,0.6384485447282041,195,0.9156097732894066,15.707224721141241,0.7753115695680632,0.5685527768102758,0.22468843043193681,3.822470309826822,7.254439492907662,1.1376495192864051,4.2879857067297,0.43144722318972417,0.0033596578707272458,4.616858368142631,11.91945368374269,0.19360238531031063
2.0,0.95,30,0.1,60,balanced,4,240,1.6810383862562635,1.6766895191094895,0.2587012398008979,202,0.9741112838741096,15.707224721141241,0.7618814547716948,0.5313851190153946,0.23811854522830528,3.580837853918419,7.318783099929245,1.2287877371201605,4.036134731828934,0.46861488098460535,0.0022700978142827745,3.4586030811842456,13.85179783907876,0.2035336008176139
2.0,0.95,30,0.1,60,skewed,0,132,1.9050666143312018,1.8532990917356618,2.7173602332910405,103,0.792020090732469,15.707224721141241,0.7616481367482228,0.571910925935756,0.2383518632517771,4.223725002746736,5.042124734705145,1.2984693213082013,5.240011600669143,0.428089074064244,0.002985308644962481,3.423876499890573,11.757235230277256,0.24050370905029228
2.0,0.95,30,0.1,60,skewed,1,132,1.3476731680953309,1.3477691614216123,-0.007122893632814162,100,0.675126541999076,15.707224721141241,0.720279110212517,0.5797926551853204,0.27972088978748294,4.004899749488595,4.99348034082422,1.2600876156135992,4.80924354769829,0.4202073448146796,0.0031905148712066877,3.577426858550758,11.383882040328007,0.3139218422876329
2.0,0.95,30,0.1,60,skewed,2,132,1.606513574636253,1.5453062272485227,3.809948969873407,95,0.7336037918077687,15.707224721141241,0.7356335633023259,0.6066856827599223,0.2643664366976742,4.312095708013874,4.947251928122052,1.3501265714764252,5.121173034903808,0.3933143172400777,0.003610327162913346,3.7999607736235785,10.18299350468906,0.3019292033349233
2.0,0.95,30,0.1,60,skewed,3,132,2.319110865798439,2.2545593228126743,2.7834608486274486,104,0.680878863691406,15.707224721141241,0.7328943552356757,0.6476419292314696,0.2671056447643243,4.361436155400133,5.063764498567979,1.3317802541539794,5.369457036550193,0.35235807076853043,0.0035579118278851515,3.7971330723751713,8.545721254392442,0.3116102549934969
2.0,0.95,30,0.1,60,skewed,4,132,1.9974815001818653,1.908367583191475,4.461313758464182,100,0.7861967642801535,15.707224721141241,0.777155417403359,0.5914243992067881,0.22284458259664092,4.750194366105273,5.2467602785590595,1.2526768153748162,5.557734188935783,0.40857560079321187,0.0036143667524326734,3.7648696808106594,10.851072065747495,0.23649662590660844
2.0,0.95,30,0.25,20,balanced,0,80,4.640694455056155,4.721360667280951,-1.7382357965176518,80,3.26046827217188,15.707224721141241,0.9392891303487516,0.5739788765070811,0.060710869651248445,4.980438405160255,5.597797997397104,1.0650791783617661,5.053998104110878,0.4260211234929189,0.007999112465615965,2.8777663196987695,11.65828534209793,0.019808739052301592
2.0,0.95,30,0.25,20,balanced,1,80,7.6342600581016615,7.635065466186836,-0.010549916809809818,78,2.958437082113042,15.707224721141241,0.9223810388556124,0.6928098030398626,0.0776189611443876,4.60535303479016,5.403101566838727,1.1422993770560523,4.588417840792025,0.3071901969601374,0.015981347148354922,3.9481203109645,6.964545586123715,0.02925397772161446
2.0,0.95,30,0.25,20,balanced,2,80,5.869702129365175,5.654314302498008,3.6694847902011225,79,2.8827140529541095,15.707224721141241,0.8985477531646058,0.6157578658506494,0.10145224683539428,3.8625961900811,5.176921641094981,1.301595113420843,3.999477281439618,0.3842421341493506,0.012298530385134577,3.6114002092933313,9.80154356628002,0.041571776655742604
2.0,0.95,30,0.25,20,balanced,3,80,3.289442573866127,3.3593046551160795,-2.123827356190711,77,2.720936790112469,15.707224721141241,0.9116212752132546,0.7064093946744978,0.08837872478674541,4.724515894800551,5.284903695230004,1.2827846688332358,4.86988240701246,0.2935906053255022,0.017387759097016484,4.102870951607768,6.528075148248069,0.03840098961009897
2.0,0.95,30,0.25,20,balanced,4,80,3.310565392996361,3.3261460964769425,-0.47063572625820643,80,2.9857695073828356,15.707224721141241,0.9371687012179245,0.5686486675897244,0.0628312987820755,5.10520471014834,5.485129362375437,1.0544832749457878,5.268856315875036,0.43135133241027557,0.010148835817779986,3.274734349934672,11.914795018600561,0.02204251745657229
2.0,0.95,30,0.25,20,skewed,0,44,5.6514723630171035,5.319204625815895,5.879312785382241,42,2.2914053789081894,15.707224721141241,0.9185801435635088,0.7189555576631641,0.08141985643649113,5.3319561873298085,3.880645476231798,1.1809355301150737,5.815513114990739,0.2810444423368359,0.014994326441369346,3.0109423070549273,6.140057150070318,0.03653090829834265
2.0,0.95,30,0.25,20,skewed,1,44,3.329893377944629,3.1835758398196923,4.394060755640504,40,2.009911345036138,15.707224721141241,0.9143603108717624,0.6191563554953605,0.0856396891282376,5.4098878922515015,3.930421422632617,1.0618144593290522,5.653695986065027,0.3808436445046395,0.009940515182937579,2.6173013055757064,9.661528392237628,0.041118754685086994
2.0,0.95,30,0.25,20,skewed,2,44,4.069999033388875,3.9966923235796994,1.8011480889256348,42,2.126782475705973,15.707224721141241,0.9214166809172144,0.6843334563330492,0.07858331908278565,5.348317385367502,3.8740025753334644,1.0583495598069055,5.834918967622866,0.3156665436669508,0.013845114050570208,2.9455947732120227,7.2453645111714025,0.03440726925734176
2.0,0.95,30,0.25,20,skewed,3,44,1.8770078873337899,1.9639756843372131,-4.633320807562367,42,1.6212579573400956,15.707224721141241,0.880601470514695,0.6659084379163575,0.119398529485305,5.1709913475536275,3.8357361411877156,1.2179506872828112,5.5412149085303986,0.33409156208364255,0.010599729709237931,2.7471154550265067,7.880439628464394,0.07490081023168826
2.0,0.95,30,0.25,20,skewed,4,44,3.8510772838425398,3.930921685321729,-2.0733004194483895,41,2.1366317141318554,15.707224721141241,0.907082967063354,0.7383069003201762,0.09291703293664594,5.088355482513953,3.7450005584307746,1.2344095063039136,5.641946159505915,0.2616930996798238,0.01654477799159251,3.1600382791802524,5.5674304586079995,0.045063739372151454
2.0,0.95,30,0.25,60,balanced,0,240,5.407656651805386,5.517238263092194,-2.0264158459510107,230,3.0000498708954657,15.707224721141241,0.9263358620799748,0.6431297737843598,0.07366413792002524,4.413431168165654,9.297041276362386,1.0779999571964205,4.518674786342801,0.35687022621564024,0.012002075857837776,6.2385462525083,8.71587830006618,0.02547760658319169
2.0,0.95,30,0.25,60,balanced,1,240,4.8057799408797965,5.026622782289865,-4.595359007837513,233,3.040241311615501,15.707224721141241,0.9358172149310124,0.6290412135577245,0.06418278506898761,4.98855989274571,9.671749235266619,1.0461988146105643,5.017415566494814,0.37095878644227553,0.013352734637870234,6.373056473126559,9.262879594130077,0.02238749821439203
2.0,0.95,30,0.25,60,balanced,2,240,5.310543907704134,5.303771417015387,0.1275291346131641,228,2.858001576965842,15.707224721141241,0.9171838513942181,0.6703821106820004,0.0828161486057819,4.7882277177141415,9.395158079290487,1.2300944068069335,4.76673265010357,0.3296178893179996,0.014767341552817805,6.684604960735355,7.723031651842517,0.03444457051744648
2.0,0.95,30,0.25,60,balanced,3,240,6.064178064534903,6.211997990439977,-2.4375921078170335,232,2.8004758552982363,15.707224721141241,0.9146530393449689,0.6467160034081824,0.08534696065503111,4.433502651353681,9.215895858250198,1.1863456015674356,4.539986971153322,0.35328399659181764,0.011397847120803129,6.136578429519734,8.580445041729067,0.03371665357355137
2.0,0.95,30,0.25,60,balanced,4,240,4.16460868411254,4.242607425926109,-1.872894855911054,231,2.7481159224491694,15.707224721141241,0.9205365510658889,0.6315650229214039,0.07946344893411111,4.870433947581153,9.448162216218321,1.1666943299596986,4.918352061344331,0.36843497707859607,0.012973295068595935,6.376758871123351,9.16309607098399,0.03251511283248649
2.0,0.95,30,0.25,60,skewed,0,132,2.849820371546853,2.856892457703745,-0.2481590147751367,121,2.1968508224927645,15.707224721141241,0.9038226165870258,0.6036650786525292,0.09617738341297422,4.902731398544741,6.686997089285124,1.2135200814209852,5.194066962954685,0.39633492134747084,0.009221288916689626,4.373200266088394,10.312542326179301,0.04679919486775522
2.0,0.95,30,0.25,60,skewed,1,132,3.5713250588223766,3.3907923316125426,5.055062875440513,126,1.919780874840348,15.707224721141241,0.9063290425613597,0.6984692200519158,0.09367095743864023,5.285236300422109,6.710583697566322,1.145843281800402,5.7766365647849796,0.3015307799480842,0.01206628558840983,4.930812867307456,6.780845289980733,0.047471051926702444
2.0,0.95,30,0.25,60,skewed,2,132,6.0267310893118395,5.935187887732535,1.5189528157586634,126,2.0823559718447067,15.707224721141241,0.9152124500979859,0.6671512933393012,0.08478754990201404,5.4215216799001915,6.868819184600875,1.1302710705798433,5.858958787021215,0.33284870666069877,0.011869572298641488,4.818785919965667,7.83649748693792,0.04028994163985755
2.0,0.95,30,0.25,60,skewed,3,132,3.554751046920214,3.5804316526905695,-0.7224305002344649,126,1.9505257985829614,15.707224721141241,0.9125848985165317,0.6702339628866966,0.08741510148346826,5.391746460315968,6.887373649649253,1.0756383959642029,5.757619324547387,0.32976603711330343,0.0113863978196613,4.791436056188185,7.728210650546355,0.04243871233536409
2.0,0.95,30,0.25,60,skewed,4,132,3.506356578140592,3.4080220432223784,2.804464769249455,128,2.0848374163192456,15.707224721141241,0.9117315020298022,0.6113281364985309,0.08826849797019781,5.287052844119562,6.958067470514922,1.1351337737998852,5.624134001978616,0.3886718635014691,0.008309463705296298,4.070106030422406,9.986382007164464,0.04244843738250385
2.0,0.95,30,0.5,20,balanced,0,80,8.880381054631844,8.976279844721368,-1.0798949898608852,80,5.674277000162544,15.707224721141241,0.962766134930584,0.5778160765891568,0.037233865069415895,5.087128068428723,5.966355745618328,1.1082387839320034,5.050179754538798,0.4221839234108432,0.015897157839721652,3.4553379278224066,11.476554612000282,0.009886092202578465
2.0,0.95,30,0.5,20,balanced,1,80,5.583172884633593,5.732163491053035,-2.6685651599559788,80,5.512913252316949,15.707224721141241,0.9550745514370524,0.6304689755326935,0.04492544856294761,4.880549273571897,5.918792098475284,1.2442188801088223,4.800018850147724,0.36953102446730646,0.022091132896767625,3.994233729763634,9.20633221934096,0.012867007131737065
2.0,0.95,30,0.5,20,balanced,2,80,6.875944068073484,7.025016751041736,-2.1680322220832076,80,5.679690768636039,15.707224721141241,0.9633876519339634,0.6241964565884245,0.03661234806603664,5.5017190777900336,5.982844411279097,1.1781815075206485,5.4587290270914135,0.3758035434115755,0.021445286453704453,3.94492391205211,9.456687305834734,0.010403537950308628
2.0,0.95,30,0.5,20,balanced,3,80,6.018925311381356,6.095928704975245,-1.279354529425403,80,5.168560577865568,15.707224721141241,0.9587673175991382,0.5223815688516441,0.0412326824008617,5.094490681317879,5.910632568674789,1.1222800147855272,5.048980686440339,0.4776184311483559,0.01201249962638751,3.0355230938151916,14.361264784854479,0.011401601115215938
2.0,0.95,30,0.5,20,balanced,4,80,5.976714037907833,5.995088371821656,-0.30743204037005195,80,5.252110432171707,15.707224721141241,0.9558881421630203,0.6439704445739468,0.04411185783697974,4.826817387084894,5.890188020149938,1.1612652132833596,4.791262450431046,0.3560295554260532,0.019498873151324547,3.818994939595711,8.683995176432159,0.01186391111095762
2.0,0.95,30,0.5,20,skewed,0,44,5.9268407910722,5.9507464829539,-0.4033462804958335,44,4.5277217187850844,15.707224721141241,0.9624308271362807,0.7478634108093147,0.03756917286371936,5.494463918450294,4.310223405429223,1.0082455313340308,5.708455443433175,0.25213658919068527,0.02909393738841047,3.336525241275992,5.295574044135115,0.009604706058045354
2.0,0.95,30,0.5,20,skewed,1,44,4.121875404452245,4.368353176012054,-5.979748230467507,44,4.712731146132189,15.707224721141241,0.9640854659908955,0.6526593585066066,0.03591453400910455,5.878148332061099,4.359542028339126,1.0583584071011496,6.03043063878635,0.3473406414933934,0.022382231924615196,3.0182714360629475,8.3592726276166,0.010282267724239392
2.0,0.95,30,0.5,20,skewed,2,44,3.2177325411272677,3.2298465800952236,-0.3764774981488058,43,3.8200965830009284,15.707224721141241,0.9452124838085411,0.6878197356587957,0.05478751619145894,5.457429764899159,4.269432709054706,1.2257681017564317,5.535850835219599,0.31218026434120427,0.021731421564364785,3.0500598566659876,7.129027143741374,0.01849928240236116
2.0,0.95,30,0.5,20,skewed,3,44,4.994137397862503,5.4107333304552245,-8.341699464877054,44,4.153930362425733,15.707224721141241,0.9577808445525928,0.6975006585215866,0.04221915544740712,6.277252103533272,4.354341376922099,1.1735943589909978,6.410668747053394,0.3024993414784134,0.02448371015832343,3.1709657160279603,6.812072614626255,0.013429335245136639
2.0,0.95,30,0.5,20,skewed,4,44,5.1593398360884155,5.265327732688456,-2.054291827389987,44,3.974289785181175,15.707224721141241,0.9497195096373237,0.7241041688558681,0.05028049036267629,5.665940165757825,4.345108247701994,1.217733276668099,5.789759735053959,0.27589583114413185,0.030463161650672074,3.3895643814076415,5.984716019870762,0.016643030806404405
2.0,0.95,30,0.5,60,balanced,0,240,7.0040865903882965,7.268845228747057,-3.7800594687405527,240,5.60874118182203,15.707224721141241,0.963058313731444,0.6198482989483508,0.036941686268555984,5.036284606509534,10.406080610169791,1.0754848050920178,4.998904473187225,0.3801517010516492,0.01955626913115776,6.591850802945207,9.633208974959055,0.009699138505202737
2.0,0.95,30,0.5,60,balanced,1,240,7.128761469984047,7.247447378796165,-1.6648882040989899,240,5.747229547110327,15.707224721141241,0.9609880170395844,0.623871329784959,0.039011982960415637,4.931269790722182,10.316318105181853,1.1444780539587172,4.905379160252273,0.37612867021504104,0.018692069243997505,6.4836947963119185,9.469801327732224,0.010149490109768532
2.0,0.95,30,0.5,60,balanced,2,240,5.407899267233404,5.522562102535352,-2.1202842293437953,240,5.745153095231094,15.707224721141241,0.9599466990781342,0.6197983808287973,0.040053300921865764,4.634362159325153,10.232068170346645,1.102410632442863,4.598876335764647,0.38020161917120265,0.01857337660854129,6.467987952606321,9.635249875416214,0.010119596229490116
2.0,0.95,30,0.5,60,balanced,3,240,6.356180185579352,6.540175417525232,-2.894745374955241,240,5.41253702606498,15.707224721141241,0.960858579944899,0.6469807817358925,0.03914142005510096,5.029314954460532,10.350059974255956,1.09228134389529,4.954024925711909,0.35301921826410754,0.02126054404300512,6.864742016507656,8.570505258716448,0.010354709423602202
2.0,0.95,30,0.5,60,balanced,4,240,7.273134022939301,7.354812476562553,-1.1230159291117143,240,5.783322603406594,15.707224721141241,0.9651102445896758,0.6348482904718986,0.0348897554103243,5.2012142089214874,10.36006353126399,1.078845258816371,5.1601333244477,0.3651517095281014,0.020330037806439688,6.696075099951411,9.034473345755448,0.009042133484765583
2.0,0.95,30,0.5,60,skewed,0,132,4.7323928572129805,4.916513102508179,-3.890637376281378,132,4.345917543161383,15.707224721141241,0.9568622244986926,0.637695586139004,0.04313777550130743,5.449654578402822,7.609669647100043,1.0944510052655725,5.5867247244997085,0.362304413860996,0.020695987236439662,5.161335865914222,8.924002250715834,0.012857734220482012
2.0,0.95,30,0.5,60,skewed,1,132,3.963951961321942,4.13428699806622,-4.297101438319985,132,4.55239342932825,15.707224721141241,0.9586944248856248,0.6520714393431469,0.041305575114375215,5.506499852045627,7.58373434500879,1.108828709549084,5.653317567535295,0.34792856065685307,0.02086412297407166,5.155743013622993,8.380971408049213,0.011920609125201848
2.0,0.95,30,0.5,60,skewed,2,132,5.275996550552642,5.516604074974809,-4.560418531679367,131,4.348114907060343,15.707224721141241,0.9568032286903236,0.6476583748706707,0.04319677130967642,5.668389941460875,7.596331296586951,1.1323127411061242,5.768234893777376,0.3523416251293293,0.019256571185303883,5.035670609664086,8.545105412438486,0.012967594583620774
2.0,0.95,30,0.5,60,skewed,3,132,7.047171978012324,7.1770029243370566,-1.8423127281385245,132,4.526135731315232,15.707224721141241,0.9581433641035603,0.6587345110985188,0.04185663589643973,5.45643146027589,7.6448197871428665,1.0989934215287092,5.559049891234522,0.34126548890148123,0.02285166863210039,5.356517368635738,8.137320321667524,0.012220901797816614
2.0,0.95,30,0.5,60,skewed,4,132,4.605957599359375,4.882924663862443,-6.013235218265816,131,4.598407359665179,15.707224721141241,0.9573287679204368,0.5923761225360763,0.04267123207956319,5.58804202681163,7.567733035727225,1.1680421178144946,5.698806839718682,0.4076238774639237,0.015041435640818801,4.546071426597316,10.808402974815825,0.01267414039283098
2.0,0.95,60,0.1,20,balanced,0,80,3.427655590243931,3.378449652511927,1.4355566490419314,70,1.4545666626685763,19.078604020260943,0.8209913522111774,0.5503120638980155,0.17900864778882258,2.95527302710578,3.593777896494458,1.2732565362790371,4.014645098404876,0.44968793610198454,0.0035981741839163023,2.9356006224577134,15.590096289744649,0.0954266725855004
2.0,0.95,60,0.1,20,balanced,1,80,1.8813456499466918,1.892651353928334,-0.6009370995682033,73,1.4737607687749148,19.078604020260943,0.8064122271840831,0.3917429698453167,0.19358777281591688,2.784944013623374,3.496566154996218,1.3834645459403934,3.910396711826202,0.6082570301546832,0.0010497474225921893,1.3526307324869788,29.62323746471658,0.10475757264760199
2.0,0.95,60,0.1,20,balanced,2,80,2.2186229935655044,2.215375979276805,0.1463526835391418,75,1.1155480954943142,19.078604020260943,0.7914561385325236,0.5279788304431546,0.20854386146747644,2.256710948956374,2.668968847204898,1.2788415957883714,4.353796706149885,0.47202116955684537,0.0033076929234104975,2.9455556547070647,17.056564513385524,0.09888254982183664
2.0,0.95,60,0.1,20,balanced,3,80,2.1653716370929432,2.131276095083538,1.5745815371988108,76,1.297703002501152,19.078604020260943,0.8386824645987887,0.42005246791758294,0.1613175354012113,2.7132091657143786,2.926840134746015,1.2233616069921067,4.905113910221374,0.579947532082417,0.0015754816097756563,1.8212386330863652,26.340969669767443,0.07113668035103139
2.0,0.95,60,0.1,20,balanced,4,80,3.6721953006602033,3.646938323374709,0.6877895977088601,76,1.7047264040125674,19.078604020260943,0.8617658913024464,0.5209108440228299,0.13823410869755354,3.1847768714941527,3.6937406931542225,1.2441187719959768,4.549795941478671,0.47908915597717006,0.0038364555850133753,2.8877898487374214,17.546865077143348,0.061737414376390735
2.0,0.95,60,0.1,20,skewed,0,44,0.8381958926994039,0.8138635995714517,2.9029363350362143,40,0.7024663115665579,19.078604020260943,0.7015548406084637,0.5500917883545832,0.2984451593915363,1.7794328855006367,1.516867865805075,1.3010551362884586,4.3563050545160165,0.44990821164541683,0.0012906970822494385,1.5498975403727397,15.603978821646672,0.15875448036614412
2.0,0.95,60,0.1,20,skewed,1,44,1.9103388180785228,1.923627926048417,-0.6956414141895957,40,0.8695000850825285,19.078604020260943,0.7961262948882852,0.6803865610052076,0.2038737051117147,2.7016564152953317,2.054475666499418,1.146818753004632,5.151052373710439,0.31961343899479244,0.0036581807377474326,2.4367667326501974,8.962226169086255,0.11266665789397483
2.0,0.95,60,0.1,20,skewed,2,44,2.6730418157870983,2.7302251123324774,-2.1392593339786963,37,0.6625514970490637,19.078604020260943,0.7576414210782543,0.7060474441910258,0.24235857892174567,2.3285755212519064,1.4779428769311256,1.2614828041838444,5.961191435865224,0.29395255580897417,0.004384723584056767,2.687223542469616,7.943098525693037,0.1371540012884957
2.0,0.95,60,0.1,20,skewed,3,44,0.8164174001381149,0.8351671451797316,-2.2965881225026203,37,0.607127143090108,19.078604020260943,0.793830262045003,0.6062014901664703,0.20616973795499705,4.828281706884317,2.769748940203861,1.061011924102123,6.750257678926279,0.3937985098335297,0.0019652573574917964,1.852283572066078,12.393776582138647,0.20553551993669428
2.0,0.95,60,0.1,20,skewed,4,44,0.6532218342267283,0.6450365088990325,1.2530697687693515,39,0.8048740751578243,19.078604020260943,0.7632354972350033,0.4874351836788202,0.23676450276499678,1.700877054071733,1.206968214301894,1.3327385614983234,5.337760132276599,0.5125648163211798,0.0016907948222006862,1.709631398457179,20.062197996263535,0.09579100617077546
2.0,0.95,60,0.1,60,balanced,0,240,2.302085510666925,2.3202433391489246,-0.7887556043363054,218,1.2326213994463844,19.078604020260943,0.8140165958373113,0.5096729762851264,0.18598340416268866,3.3634984700849015,6.734983091069302,1.2442215693534937,4.418843142398827,0.4903270237148736,0.0023583873505451025,4.1702257102241465,18.35442638939491,0.116909833808834
2.0,0.95,60,0.1,60,balanced,1,240,2.4852285488694736,2.4937468335783612,-0.3427565932623201,224,1.2907716745952578,19.078604020260943,0.8233192920607326,0.6191933208218389,0.17668070793926732,3.1615860243408234,6.2361790932769825,1.2693454534497524,4.582586650195239,0.38080667917816113,0.004037196972117739,5.407676830820456,11.733427341670447,0.09927774771311436
2.0,0.95,60,0.1,60,balanced,2,240,3.138644537715756,3.09969802949267,1.2408703105777785,227,1.1436009028143617,19.078604020260943,0.8135555194085492,0.534647593965785,0.1864444805914508,3.150286725712907,5.937762122598179,1.2724486289548007,4.856041621664729,0.465352406034215,0.0020950715945525084,3.928396348836915,16.605843521612567,0.10996252545856357
2.0,0.95,60,0.1,60,balanced,3,240,2.096399961598571,2.0909927812800855,0.2579269422597333,227,1.3406232615693612,19.078604020260943,0.8266247493323705,0.4675266165972999,0.1733752506676295,3.050475690346525,6.293616411351637,1.2146108901715686,4.32273168855956,0.5324733834027001,0.0019477596291991323,3.5756036910377027,21.72892081996465,0.09224642448006297
2.0,0.95,60,0.1,60,balanced,4,240,2.501897120203477,2.4586260785891483,1.7295292146469041,227,1.3642198624090867,19.078604020260943,0.8264997767768092,0.4916463695433849,0.17350022322319075,2.999397891963488,5.817671678584858,1.320098771810677,4.610300897409226,0.5083536304566151,0.002060228882378572,3.7204110039844194,19.726938341376226,0.09082126890278891
2.0,0.95,60,0.1,60,skewed,0,132,2.099327173203246,2.0559549625002833,2.066005301916975,113,0.8232273545485722,19.078604020260943,0.8098065768361848,0.576409582933994,0.1901934231638152,3.873547185919535,4.650774875859789,1.083569705291465,5.604334963730085,0.423590417066006,0.0025988812099607874,3.7155366862729515,14.020436289146401,0.14058622140109325
2.0,0.95,60,0.1,60,skewed,1,132,1.8254967003739677,1.7567866185104657,3.763911589071961,117,0.6844083175579989,19.078604020260943,0.7843325473205369,0.6426529480884167,0.21566745267946302,3.568609413011805,4.214370871137915,1.094605019300817,5.816855911018974,0.35734705191158334,0.002530146580507828,3.7049074563250164,10.608654206765964,0.1663078593246946
2.0,0.95,60,0.1,60,skewed,2,132,3.148966277425073,3.172295543417285,-0.7408547420612157,121,0.9241701399000384,19.078604020260943,0.8155654921789881,0.5864804284143675,0.1844345078210119,4.062781869195151,5.044088191867455,1.1744342289003475,5.619662277603877,0.41351957158563246,0.0030921684159176694,3.8555095241117927,13.45207065517987,0.13872870023090086
2.0,0.95,60,0.1,60,skewed,3,132,1.3262460355214145,1.3143951147155881,0.8935688015962434,116,0.9368893744851934,19.078604020260943,0.7602205622281235,0.5716938241531542,0.23977943777187644,2.114876139560243,3.1658113191062527,1.2978626377966014,4.392058585126713,0.4283061758468458,0.0024304164328516624,3.4731047797586565,14.293461960199735,0.12203891747268863
2.0,0.95,60,0.1,60,skewed,4,132,2.3162290032126185,2.254056745293428,2.6842016844170926,117,0.9232869469913911,19.078604020260943,0.7712370467155691,0.557190173081401,0.22876295328443091,2.617895791208736,3.586788949650468,1.3319250169668657,4.86352774060878,0.44280982691859905,0.0021748435509375184,3.2024747652321803,15.162136290630567,0.13742744666500156
2.0,0.95,60,0.25,20,balanced,0,80,4.204381726392018,4.2584903940301295,-1.2869589670808632,80,2.910386207841806,19.078604020260943,0.9270834085434749,0.5771796861730023,0.07291659145652502,4.7841001217861825,5.557323271575641,1.1205604562194935,4.895275279821845,0.4228203138269977,0.008924408474642525,3.4690477724876683,13.976273823347668,0.02703172288034407
2.0,0.95,60,0.25,20,balanced,1,80,4.973358703066447,5.192756940711635,-4.411470210461847,79,3.1573490057559317,19.078604020260943,0.9272340378647642,0.6190541485625629,0.07276596213523578,4.391434837752245,5.213972419840626,1.1802738608092862,4.763467306439422,0.3809458514374371,0.010844524280776174,3.7230498878246747,11.740354328635123,0.024825898091624922
2.0,0.95,60,0.25,20,balanced,2,80,3.7749643781639146,3.8229324217679412,-1.2706886422954156,80,3.4409820601008034,19.078604020260943,0.93263874138628,0.6567721062176801,0.06736125861372,4.502521308405247,5.429568691272149,1.1451169232969127,4.608274218151559,0.3432278937823199,0.010027778266297152,3.6372364268422084,9.970443342809533,0.021611693064854203
2.0,0.95,60,0.25,20,balanced,3,80,3.9399033446624703,3.97371799282051,-0.8582608556590512,80,3.243381118611839,19.078604020260943,0.9302399135560852,0.6660936789764196,0.06976008644391485,4.43142081493445,5.079872861656414,1.1861503979787722,4.876745845716049,0.3339063210235804,0.012596249133693995,3.9543333506308964,9.563919730420595,0.022969773985917895
2.0,0.95,60,0.25,20,balanced,4,80,5.344530743040197,5.308057361650715,0.6824431019875495,80,3.038663877039892,19.078604020260943,0.9270756112032756,0.5201627258416198,0.07292438879672442,4.435852076555274,5.44897545168969,1.1176497362508404,4.676397098969509,0.4798372741583802,0.006073490201997014,2.9295238750520856,17.59954124551505,0.024988096181574104
2.0,0.95,60,0.25,20,skewed,0,44,3.9379518683871857,3.9754149872930564,-0.9513351142408452,44,2.640840316397407,19.078604020260943,0.9228742657023797,0.6430640860393299,0.07712573429762026,5.019752082602835,3.785916508470855,1.2443601328107332,5.642384390024826,0.35693591396067015,0.00832778180676532,2.631227244366319,10.58967389239191,0.030920373765724936
2.0,0.95,60,0.25,20,skewed,1,44,3.1979622452565617,3.139409677430903,1.830933680111698,44,2.2667627614334576,19.078604020260943,0.8982831971216639,0.6350112198956694,0.10171680287833607,4.188905072042424,3.7056822962232423,1.2647941529763298,4.927804988121317,0.36498878010433056,0.009522853968312095,2.844378449675084,10.96591082058786,0.04460830623093246
2.0,0.95,60,0.25,20,skewed,2,44,5.17621933278505,5.042466063483633,2.5839953970700775,44,1.897486360917017,19.078604020260943,0.9037605883950508,0.7428292495890635,0.09623941160494925,4.45550064215344,3.7714196426095707,1.0153103248374324,5.093787321939373,0.2571707504109365,0.011096451363259995,3.0293341538263765,6.6050965486319955,0.04200083914910434
2.0,0.95,60,0.25,20,skewed,3,44,2.9796653900316694,3.0590294686606874,-2.6635231893663884,43,1.8304373456016707,19.078604020260943,0.8892204192316653,0.7661215124202665,0.11077958076833472,4.77266677346523,3.844436870980456,1.2151702943151095,5.328918605747112,0.2338784875797335,0.017055903330397512,3.3764687675805125,5.824239342000778,0.0595036613222388
2.0,0.95,60,0.25,20,skewed,4,44,1.6574279605776088,1.7481451386638451,-5.473370803677144,43,2.3411366093466333,19.078604020260943,0.9274905959337059,0.671189505074189,0.07250940406629408,5.056646795325316,3.9747429270010355,1.008812013775723,5.51289952187253,0.32881049492581105,0.010599432648943852,2.9189002158273687,9.34645905957985,0.02773186723692255
2.0,0.95,60,0.25,60,balanced,0,240,5.212228996079711,5.213033536488675,-0.015435630506053993,238,3.1571891319598837,19.078604020260943,0.9247041042288643,0.5707041082659006,0.07529589577113571,4.506291746984245,9.359840889969048,1.2037515308823845,4.682442825132538,0.42929589173409943,0.0073373676465859775,5.507081908580005,14.351335845130569,0.026900534419203186
2.0,0.95,60,0.25,60,balanced,1,240,4.993381730609381,5.002425171923945,-0.18110855132760004,240,3.2758301501639737,19.078604020260943,0.9281374496743289,0.6003462545360615,0.07186255032567113,4.576827589823862,9.47075217741241,1.1958540759293628,4.714839721454946,0.3996537454639385,0.008874332803826587,5.989744841934297,12.700729782703483,0.02505320876466711
2.0,0.95,60,0.25,60,balanced,2,240,3.7434280606794643,3.7454017018808083,-0.05272282969919796,240,3.1591504368505072,19.078604020260943,0.9310477826927601,0.6630955738824091,0.06895221730723983,4.758045162184399,9.36279496536232,1.1655656860919081,4.981978699830935,0.33690442611759086,0.010952715912692089,6.596785117478313,9.69342337928293,0.023864872830323576
2.0,0.95,60,0.25,60,balanced,3,240,4.934741425806473,4.866486166012243,1.3831577767638479,239,2.9671083371621245,19.078604020260943,0.9248079179787767,0.6185578976155138,0.0751920820212233,4.616942783274074,9.357037864103999,1.1552515101661114,4.7887544783631215,0.38144210238448617,0.008402686451490008,5.970916145711769,11.765079479387644,0.027326072979882536
2.0,0.95,60,0.25,60,balanced,4,240,4.3468171165656875,4.364969511506731,-0.4176019936947544,240,3.061145619403418,19.078604020260943,0.9252570140377263,0.6100378275188785,0.07474298596227374,4.316358426652626,9.229945876968477,1.1218612278422728,4.536950842809194,0.3899621724811215,0.008501063725600316,5.940746586779678,12.195856610904638,0.02540615754308993
2.0,0.95,60,0.25,60,skewed,0,132,2.828221659540183,2.776068723008419,1.8440187089240816,131,2.2402862440744786,19.078604020260943,0.9205727523582821,0.7090399214169782,0.07942724764171788,4.969857958073867,6.633184748394039,1.0973848979037395,5.677347558567825,0.29096007858302175,0.011703069716250129,5.307387292904867,7.829054411909389,0.032344037364581815
2.0,0.95,60,0.25,60,skewed,1,132,3.4527725888057126,3.4259364307831452,0.7772350287294697,128,2.303660302424202,19.078604020260943,0.913247580955336,0.649087476922808,0.08675241904466396,5.0811084620896905,6.494319590584723,1.2622011010459393,5.7679465906986715,0.350912523077192,0.008731049360530967,4.807134113946456,10.314358713681687,0.03931546980909683
2.0,0.95,60,0.25,60,skewed,2,132,2.1426449547353923,2.1834207928914418,-1.9030608905097441,131,2.1658195296634712,19.078604020260943,0.9098120631268423,0.6751927198075834,0.09018793687315774,5.034350526346921,6.827687796442893,1.1942481508304224,5.562601230669429,0.32480728019241656,0.01033304523125116,5.06037431454722,9.177926982765818,0.042038856183067706
2.0,0.95,60,0.25,60,skewed,3,132,3.293014168072798,3.3893213189747704,-2.92458963085286,130,2.2908924626970544,19.078604020260943,0.9213676454184383,0.6980743855945581,0.07863235458156176,4.7760241509461725,6.650915318861952,1.0551097342023839,5.3967440140757486,0.30192561440544186,0.01047727961570751,5.139678329177804,8.25172697879365,0.03048548182715023
2.0,0.95,60,0.25,60,skewed,4,132,2.550601715370405,2.537673690613012,0.5068617604813158,131,1.9911969318291802,19.078604020260943,0.892183593481212,0.6870715242988324,0.10781640651878799,4.554727046691436,6.287906242682412,1.29982326176669,5.402030539135036,0.31292847570116755,0.011038264187666243,5.30607433079033,8.689398793901624,0.054026780197911836
2.0,0.95,60,0.5,20,balanced,0,80,6.155657842364843,6.156969405441656,-0.02130662734024131,80,6.141758239296482,19.078604020260943,0.9623535603521987,0.6312528642767564,0.037646439647801344,4.707455277473516,5.95273982276276,1.1142754537345951,4.640018345382781,0.3687471357232436,0.017274692163710588,3.970373950260971,11.144789963257564,0.009020578557947082
2.0,0.95,60,0.5,20,balanced,1,80,8.346927445989834,8.482418675603745,-1.6232467634423373,80,6.701923306485636,19.078604020260943,0.9712814273071432,0.5013395361233438,0.028718572692856825,5.584514677782304,6.06818076926181,1.1019488820415273,5.561253453323112,0.4986604638766562,0.01183600795247605,3.2884821395652652,18.976651242047076,0.007549032785141631
2.0,0.95,60,0.5,20,balanced,2,80,5.067270026138125,5.166052208912466,-1.9494161997446284,80,6.002552284087502,19.078604020260943,0.9607998289004288,0.5594700013180743,0.03920017109957119,4.921443889074915,5.9734294901431815,1.1880757734981295,4.851246918738618,0.44052999868192566,0.01451157241172549,3.6765842803276616,15.022606009433261,0.010378766230847424
2.0,0.95,60,0.5,20,balanced,3,80,6.210122221216192,6.163428923348173,0.7518901593997135,80,6.097183223306972,19.078604020260943,0.9641838833950906,0.6418644846164181,0.035816116604909354,4.935993486460139,5.955331356617827,1.0997307901496647,4.86008216109327,0.3581355153835819,0.01736719877936358,3.984411848636643,10.64512190245065,0.008559398963878664
2.0,0.95,60,0.5,20,balanced,4,80,8.791936655518306,8.821099253434603,-0.3316970885816518,80,6.273745545261605,19.078604020260943,0.9652484409995026,0.5673920499604427,0.03475155900049737,5.194574390031882,6.021704606811503,1.1674732712854368,5.169792929013331,0.4326079500395573,0.014304480491387165,3.6115894638865114,14.546477652263482,0.008950414436398556
2.0,0.95,60,0.5,20,skewed,0,44,3.8319460579170492,3.8525811573232542,-0.5385018237292655,44,4.327966013988458,19.078604020260943,0.9569722940621535,0.6065371503466485,0.04302770593784655,5.600788025550594,4.407540887132226,1.1120586142843614,5.7147217781955995,0.39346284965335154,0.01664815394682037,2.9529987129043556,12.376359635892896,0.012946557306815876
2.0,0.95,60,0.5,20,skewed,1,44,4.099059799170671,4.079527116713474,0.4765161625880449,44,5.086488568962883,19.078604020260943,0.9616934605115026,0.6247789861460495,0.03830653948849744,5.6488497821550565,4.405689380138536,1.1627417636009227,5.74735470378383,0.37522101385395046,0.017273443664402463,2.974884536693393,11.457960818366796,0.010721013259403205
2.0,0.95,60,0.5,20,skewed,2,44,3.45896872759204,3.481937351785479,-0.6640309873350145,44,4.839307972134732,19.078604020260943,0.9635612225062251,0.6949227935726031,0.03643877749377489,5.55456933461221,4.391922285257501,1.030509584126185,5.664292039980249,0.3050772064273969,0.02043878227752534,3.191740031499444,8.375674637340289,0.009277551522252533
2.0,0.95,60,0.5,20,skewed,3,44,3.715973523512788,3.818962187381512,-2.7715123161417603,44,4.880155004884883,19.078604020260943,0.9606024411947377,0.5507904945641191,0.0393975588052623,5.194726132275042,4.408494501025628,1.0517145075868186,5.271629621907098,0.4492095054358809,0.013476932527966345,2.7301880467526995,15.55998217276921,0.010782584960901162
2.0,0.95,60,0.5,20,skewed,4,44,4.288460080278146,4.453451807111833,-3.8473420235961697,44,4.928900242800141,19.078604020260943,0.9646363346198213,0.6626804008014195,0.035363665380178655,5.815546369199289,4.390035241294964,1.0779909476858065,5.965838039588087,0.33731959919858046,0.016186361031272294,2.943294294975324,9.711449219865113,0.009114614515612894
2.0,0.95,60,0.5,60,balanced,0,240,6.290866219713883,6.34033435254616,-0.7863485107544804,240,6.2700732351536015,19.078604020260943,0.9661713474517925,0.5911592349459416,0.03382865254820755,5.029073495089064,10.438745812542354,1.0925757646954453,4.976803923884398,0.4088407650540584,0.013942901004988358,6.243216353787867,13.194602406101627,0.008085726381874367
2.0,0.95,60,0.5,60,balanced,1,240,6.968256381124333,6.969230456015537,-0.013978746445700463,240,6.067272129423191,19.078604020260943,0.9648146985929589,0.5661717740079378,0.035185301407041125,4.866265364694645,10.440545261126632,1.0700515730457825,4.836086216669287,0.43382822599206217,0.012887760840009248,6.037985780710606,14.618950142856804,0.008450028868138074
2.0,0.95,60,0.5,60,balanced,2,240,6.68803119040762,6.6717227103029835,0.24384575430848904,240,6.35800012527642,19.078604020260943,0.965664063585681,0.5869585385571257,0.03433593641431898,5.076143944912501,10.444229821227236,1.1316537432435112,5.005767171932877,0.41304146144287435,0.014412404996163183,6.31673193649223,13.425572624243435,0.008443356164661447
2.0,0.95,60,0.5,60,balanced,3,240,7.2279990873730755,7.19035444816582,0.5208168782563699,240,6.6394406192115465,19.078604020260943,0.9693597513714589,0.5943761055105238,0.030640248628541034,5.237604332040946,10.45517257188586,1.088990952845071,5.189023853297897,0.4056238944894762,0.01438746729131167,6.3344813956499175,13.019933998648607,0.007284373722721334
2.0,0.95,60,0.5,60,balanced,4,240,5.125448735433827,5.17565626860026,-0.979573414115583,240,6.387312589734808,19.078604020260943,0.9666195632833001,0.5956626243196841,0.033380436716699935,5.011073356533594,10.439332797078032,1.08735305030691,4.929718922812923,0.4043373756803159,0.015436340147558836,6.513611432987624,12.950607216638339,0.008107273693773426
2.0,0.95,60,0.5,60,skewed,0,132,3.759497745619155,3.840541225186386,-2.155699645296207,132,4.934451366152004,19.078604020260943,0.9592148377838252,0.6318677243182387,0.04078516221617473,5.552601004384561,7.663576947362192,1.1862230571703112,5.655362308714032,0.3681322756817613,0.01604934187874633,5.0696312602871325,11.115380077986886,0.011411388911161875
2.0,0.95,60,0.5,60,skewed,1,132,3.8869762387194635,3.9458827172054356,-1.5154833698026,132,4.588224945835359,19.078604020260943,0.9616321724533304,0.6494249388748098,0.038367827546669564,5.708825365669615,7.649973203539995,1.0681658252143185,5.834946140783776,0.3505750611251902,0.016771452868153,5.246650769081055,10.299085190930164,0.010465165570921257
2.0,0.95,60,0.5,60,skewed,2,132,3.828431283738344,3.933506287932272,-2.7445968441498483,132,4.992108294011202,19.078604020260943,0.9599475828714616,0.5950450655689182,0.04005241712853835,5.095435737877328,7.68977550719041,1.0786342770436248,5.178713827726927,0.40495493443108177,0.014082540370953278,4.794054050764025,12.983848261433101,0.010483452885812096
2.0,0.95,60,0.5,60,skewed,3,132,4.259079859101901,4.363288039669261,-2.446729904457206,132,4.903905927234295,19.078604020260943,0.9599072634195026,0.6019975798385935,0.04009273658049739,5.485767561672597,7.697444939398309,1.1431474550899055,5.581150913517901,0.3980024201614065,0.015402998733476121,4.972667620341048,12.613556644863765,0.011257900067236738
2.0,0.95,60,0.5,60,skewed,4,132,5.144011225377838,5.157066864645923,-0.2538026978571807,132,5.228534839236366,19.078604020260943,0.9627860417465083,0.6396207408645315,0.03721395825349172,5.441466542555478,7.675821071594677,1.119328572375736,5.539580844988892,0.36037925913546853,0.01681480119979169,5.18440511160312,10.749390604293763,0.009719563265414743
2.0,0.95,120,0.1,20,balanced,0,80,2.709318538943168,2.693715317771035,0.5759094380323209,79,1.4945464187914652,19.95755147242602,0.8411241265949185,0.47104928017612024,0.15887587340508147,0.26170678499346867,0.27940957757273743,1.386609523030365,4.912033735148359,0.5289507198238798,0.002055808652599622,2.1789541999021633,22.410736331695254,0.007181075473636687
2.0,0.95,120,0.1,20,balanced,1,80,2.0492547453043906,2.0390833536736483,0.496345886427672,79,1.326562340302864,19.95755147242602,0.8384643091742808,0.5628553300638618,0.16153569082571917,0.0,-1.1340134557916883,1.2881212083601523,5.042985430834134,0.4371446699361382,0.0032567550844065977,2.907765822112884,15.500141484237687,0.0006223511189527112
2.0,0.95,120,0.1,20,balanced,2,80,1.5508937397442588,1.5649144658728356,-0.904041699909676,76,1.1285226135839799,19.95755147242602,0.8163765624249519,0.5310099219470884,0.183623437575048,0.0,-2.626775107814337,1.1758602728354677,4.6326478345077895,0.4689900780529116,0.0028006867162080184,2.6912485619275217,17.626588950499364,0.0006160157856665916
2.0,0.95,120,0.1,20,balanced,3,80,2.7298533605684794,2.7472083233208417,-0.6357470698993252,80,1.1598262437045168,19.95755147242602,0.7742543489531186,0.5712596128056364,0.22574565104688138,0.0,-1.1445593023617697,1.5221176520631936,4.5030039435561875,0.4287403871943636,0.0020050869112257985,2.2692697171908027,14.97849340987921,0.0003685717066966851
2.0,0.95,120,0.1,20,balanced,4,80,3.378296367868536,3.37833389380289,-0.0011107946215449566,79,0.9072000810597628,19.95755147242602,0.7237359796131224,0.6142253482931844,0.27626402038687753,0.0,-8.8809744060831,1.5290342086078923,4.415663102481545,0.3857746517068156,0.0024045110366753475,2.706682767304321,12.534678826900217,0.00035784433842838597
2.0,0.95,120,0.1,20,skewed,0,44,3.1228584635187198,3.0496910876040246,2.342961641375603,42,0.6642874212383235,19.95755147242602,0.7146201148995699,0.7438933954499185,0.28537988510043005,0.0,-4.710856075446186,1.1731749128354898,4.565132381372198,0.2561066045500815,0.005287834376072642,3.0175856816493867,6.870958626598823,0.0003468321918527877
2.0,0.95,120,0.1,20,skewed,1,44,1.7038131060233783,1.6579192797908495,2.693595093868182,42,0.7523476169648444,19.95755147242602,0.7363223754410042,0.6833365196006296,0.2636776245589958,0.0,-11.243796007285003,1.253517401651745,4.655364880527071,0.3166634803993704,0.0038933185211488136,2.624144986759534,9.24848523126142,0.00039040547292419067
2.0,0.95,120,0.1,20,skewed,2,44,2.1197635551200684,2.0981027550363236,1.0218498205342486,44,0.7385737152653056,19.95755147242602,0.7518323255300601,0.6381246850047192,0.24816767446993998,0.0,-6.512632398314905,1.2929962607376326,5.3037917253785904,0.3618753149952808,0.0015260029561566931,1.6176720925866648,11.317765000056825,0.0001998357998578625
2.0,0.95,120,0.1,20,skewed,3,44,1.4726420861701266,1.4507323420128495,1.4877847348677478,44,0.7927991702826445,19.95755147242602,0.7703330893461535,0.6264118000148075,0.22966691065384642,0.0,-4.4447147323476335,1.2628193781049752,5.436394615377914,0.37358819998519255,0.002920263508501905,2.2636976665732114,11.902562707980945,0.0004075757554433945
2.0,0.95,120,0.1,20,skewed,4,44,1.3563955343766783,1.370658315663622,-1.0515208083089245,43,0.8110782268457085,19.95755147242602,0.7556144262908558,0.6349830100474185,0.24438557370914415,0.0,-10.189736077364282,1.4186749459815102,5.411851468708181,0.36501698995258147,0.002471647193506924,2.07564393847145,11.472504382037949,0.0003293158530815114
2.0,0.95,120,0.1,60,balanced,0,240,3.14219562527741,3.048230230734428,2.9904374440304418,235,1.1382413918477214,19.95755147242602,0.784300279586819,0.4787988094650578,0.21569972041318103,0.0,-8.310696802925328,1.4134002874156641,4.515131064902671,0.5212011905349422,0.0009857952580627294,2.4573463177202104,21.724990501151083,0.0002677919531941386
2.0,0.95,120,0.1,60,balanced,1,240,2.436929976278727,2.46044986255963,-0.9651441161562971,235,1.2435839474290633,19.95755147242602,0.8270454728202452,0.603871672248729,0.1729545271797548,0.0,-0.8657724621935554,1.182770146536567,4.549438456604985,0.39612832775127105,0.0031641131007363707,5.059588172339638,13.091774054149925,0.0004965051985787623
2.0,0.95,120,0.1,60,balanced,2,240,2.54246420216435,2.551753270793725,-0.3653569093113425,235,1.2314397551791685,19.95755147242602,0.8163844421600901,0.4909763710894476,0.18361555783990996,0.0,-3.2739001762983535,1.3471693344608024,4.8640524037162765,0.5090236289105524,0.0013972493669871947,3.1929472372689993,20.69114905086269,0.00036203437378748676
2.0,0.95,120,0.1,60,balanced,3,240,2.8467966800941817,2.8398745443947124,0.2431552540394386,237,1.3868874965866256,19.95755147242602,0.8311809051015617,0.5164612862047762,0.16881909489843822,0.0,-5.001872237882581,1.2957167924028388,4.5998920974476585,0.48353871379522384,0.0019122853836930661,3.7817308305724278,18.685328459745463,0.00044711084842863124
2.0,0.95,120,0.1,60,balanced,4,240,2.7843897954132792,2.761502237904295,0.821995452888343,238,1.1794710403198523,19.95755147242602,0.7924080660213212,0.5301279022925417,0.2075919339786788,0.0,-15.79533518636213,1.2861890318778613,4.162578138164046,0.4698720977074583,0.0016728033275650914,3.573811545478075,17.689120936476534,0.0003693211643667794
2.0,0.95,120,0.1,60,skewed,0,132,1.4345038788191438,1.439704409288296,-0.3625316421893004,128,0.9998263459579229,19.95755147242602,0.8136804850298673,0.5792391997589487,0.1863195149701326,0.0,-11.989724125285287,1.3657035504814021,5.966304779079845,0.42076080024105134,0.0027968193174109576,3.90278282331457,14.49721519518106,0.0004951479159190039
2.0,0.95,120,0.1,60,skewed,1,132,1.3143788134068493,1.3031990009104384,0.8505776555719861,127,0.63924036995271,19.95755147242602,0.7336431183285816,0.5138817322100439,0.2663568816714183,0.0,-14.564578600502493,1.2650557932909745,5.451219703010903,0.48611826778995615,0.0016129087619182756,3.08012179465993,18.87930576823685,0.00038114803450058174
2.0,0.95,120,0.1,60,skewed,2,132,1.6280518847502337,1.5923527138130076,2.192753884050989,130,0.6627545341499104,19.95755147242602,0.7423570978642585,0.610197889045534,0.2576429021357415,0.0,-20.531831768541224,1.4124402255554749,6.180074221196533,0.38980211095446604,0.0022889472179873664,3.688346079859615,12.74913570350545,0.0003477956545786304
2.0,0.95,120,0.1,60,skewed,3,132,2.998805099732676,2.9582042787124654,1.3538999591480538,127,0.794816530253739,19.95755147242602,0.7613201683751527,0.5838808437917086,0.2386798316248473,0.0,-11.525003573578429,1.2600006719479295,5.056580207357063,0.41611915620829143,0.0016552984552092825,3.031071604383936,14.223312114093012,0.0002866234558877705
2.0,0.95,120,0.1,60,skewed,4,132,1.9548751899292085,1.9220866057837,1.677272508977712,130,0.8392926657104972,19.95755147242602,0.7144029843460613,0.46887433762642233,0.28559701565393875,0.0,-22.845850124781958,1.6140343405074533,4.810493158494286,0.5311256623735776,0.0008242541797521688,1.926547349464298,22.607267863724736,0.0002325175453492573
2.0,0.95,120,0.25,20,balanced,0,80,5.8489000487371285,5.912587707892071,-1.0888826723700653,80,2.5965131587638846,19.95755147242602,0.9099834577117194,0.614684149969726,0.09001654228828054,4.474937544715851,5.3733005136020155,1.2168406831962295,4.7434998995676825,0.385315850030274,0.008190651830143073,3.560083582942618,12.5104265507733,0.03747637215220187
2.0,0.95,120,0.25,20,balanced,1,80,4.5207715581392955,4.538483700387551,-0.3917946753218711,80,2.676732601500597,19.95755147242602,0.9225170472668487,0.6516708065822393,0.07748295273315126,4.709714924741621,5.529737453780576,1.0930702384450646,4.862608094788847,0.3483291934177607,0.008741053459906344,3.5987813261282273,10.66765265033596,0.029335862255072207
2.0,0.95,120,0.25,20,balanced,2,80,5.153355571643038,5.147933716180624,0.10521019531911073,80,3.1588231822006367,19.95755147242602,0.9171684981776811,0.645747981066497,0.08283150182231896,4.264911512274327,5.308359411993659,1.288370377800618,4.522059087786628,0.354252018933503,0.00953056262539725,3.685286526248582,10.948548209782441,0.030457837070021455
2.0,0.95,120,0.25,20,balanced,3,80,3.968852443361954,3.9422054589741955,0.6714027484777467,80,3.2852574443817786,19.95755147242602,0.934010864405536,0.6539274873164361,0.0659891355944639,4.373674979567411,5.285581238569288,1.0856379246783272,4.678911756695675,0.34607251268356387,0.008429910783616979,3.526365745626619,10.56196614920982,0.02005507467957072
2.0,0.95,120,0.25,20,balanced,4,80,3.6537770409852484,3.6938461149530064,-1.0966480307444635,80,3.2633984988598126,19.95755147242602,0.9362979829032667,0.6981284658651452,0.06370201709673323,4.305263127018083,4.961741671987919,1.075555194538416,4.845296958287763,0.3018715341348548,0.01172257324713424,4.020720474828563,8.629667711788056,0.018538765683612103
2.0,0.95,120,0.25,20,skewed,0,44,4.888157223884609,4.800594985675767,1.79131386734031,44,1.6451028652953315,19.95755147242602,0.8973218329386744,0.7245410536809404,0.1026781670613256,5.339057524445838,3.7001113734191153,1.1893158478082217,6.322116774620091,0.27545894631905965,0.010599339207351986,3.1413986637326947,7.587542585438846,0.05709290040576918
2.0,0.95,120,0.25,20,skewed,1,44,2.767218020290017,2.906710310465859,-5.040885436313499,44,2.113492420585354,19.95755147242602,0.9304320525129706,0.581865482759342,0.06956794748702938,5.419514978228848,3.960305835491133,0.944287733250084,5.976444593078339,0.418134517240658,0.005343834553183738,2.290575100585437,14.341701643229941,0.02716312013526303
2.0,0.95,120,0.25,20,skewed,2,44,3.280119943915835,3.2683119579406252,0.35998640833582224,44,1.939422677314505,19.95755147242602,0.9075101417628392,0.6713631598566705,0.09248985823716083,4.708099332795854,3.4922808845771964,1.156821505395769,5.853836934493974,0.3286368401433295,0.011419184184904098,3.1368014723063613,9.769357398604026,0.041508138643943475
2.0,0.95,120,0.25,20,skewed,3,44,4.63758115929614,4.6249142570440664,0.27313596931198153,44,2.0190055168246257,19.95755147242602,0.8983420914219,0.6766534323378371,0.10165790857810003,1.8712517699628295,1.35374428915764,1.3552518857601619,5.947684967480581,0.32334656766216285,0.007391209985636078,2.725736388535448,9.536943816650833,0.020110907206819684
2.0,0.95,120,0.25,20,skewed,4,44,3.802167032017993,3.674323083464858,3.362396956171653,44,2.0401441924700974,19.95755147242602,0.9132468599222182,0.7358807267421245,0.08675314007778179,5.254219389167705,4.016313816778236,1.1007293923107817,5.700437688979303,0.26411927325787554,0.012592866736928148,3.1700665485445194,7.163082004118023,0.04042228464193598
2.0,0.95,120,0.25,60,balanced,0,240,4.86785467302497,4.92653229014801,-1.2054102076670419,240,3.2206149404426734,19.95755147242602,0.9282799748208858,0.6487359182462314,0.07172002517911424,4.56413234550132,9.07865634833116,1.223971919795103,4.919000534880782,0.35126408175376855,0.008601635704903484,6.137548700445514,10.806201406216069,0.024538135913078376
2.0,0.95,120,0.25,60,balanced,1,240,5.996577209531008,6.020113934067602,-0.39250265133224366,240,3.2719539623051093,19.95755147242602,0.9308661283678642,0.6241198651640094,0.0691338716321358,4.351194118231891,8.717875918172298,1.1868928984111862,4.88432283756775,0.3758801348359906,0.008533030189982749,6.109109902502057,12.019561557266558,0.022002095021890045
2.0,0.95,120,0.25,60,balanced,2,240,4.222021971415205,4.2671229021887065,-1.0682306032240725,240,3.0992982018379127,19.95755147242602,0.9296808266140668,0.6226440037594572,0.07031917338593313,4.5502067465073734,9.0188999990667,1.1471684945922498,4.894301460151524,0.37735599624054283,0.008120015729477533,6.046335306813113,12.09535733569625,0.023656069608889954
2.0,0.95,120,0.25,60,balanced,3,240,4.7049022355322965,4.724842312471826,-0.4238149049928884,240,2.924264745072218,19.95755147242602,0.9187774382802714,0.6137782584969249,0.08122256171972858,4.233688122416533,9.132707561797828,1.1560636883885378,4.472137385130469,0.3862217415030751,0.00792114751283386,5.983947414035961,12.558346893377712,0.029111658762306324
2.0,0.95,120,0.25,60,balanced,4,240,5.051097219696871,5.019698922834647,0.6216133940124051,240,2.938678176300377,19.95755147242602,0.9242082704507428,0.6227019819322331,0.07579172954925711,4.551850795753615,9.113961644652859,1.1765938701304623,4.882281111156809,0.37729801806776686,0.007726057376569023,5.918465788947644,12.092372972166391,0.02724742278901951
2.0,0.95,120,0.25,60,skewed,0,132,3.4189241968453508,3.367436713263032,1.5059556930167255,132,2.133318128057302,19.95755147242602,0.8936716304685002,0.7067723826155289,0.10632836953149977,0.3211510910597921,0.4739786153346119,1.2776190198548179,5.033555211719192,0.2932276173844711,0.009759915163394393,5.192106366338102,8.280042360216077,0.004470026286192369
2.0,0.95,120,0.25,60,skewed,1,132,3.000066467009264,2.9594358353934984,1.3543243812284567,132,2.3710126754149234,19.95755147242602,0.9106689684482785,0.6565059257713993,0.08933103155172145,4.582840118667704,6.5566989037785115,1.2092557991397408,5.199405834825086,0.3434940742286007,0.007592584677079172,4.6286634853797715,10.442100212325721,0.03746705152870921
2.0,0.95,120,0.25,60,skewed,2,132,2.7952947845710105,2.795432992718794,-0.004944313871528144,132,2.0896249419973296,19.95755147242602,0.9009596082813243,0.6918883503901188,0.09904039171867574,1.689439516221873,2.4512467692504694,1.180295756831099,5.1382606334813525,0.30811164960988124,0.00875403396970438,5.0179798719214075,8.887494785648746,0.017402755705661136
2.0,0.95,120,0.25,60,skewed,3,132,3.252256758365985,3.3015080304895617,-1.5143721969947281,132,1.8072960548071586,19.95755147242602,0.8847460428273873,0.6750793612863852,0.11525395717261266,1.1591150754008517,1.7037212840826486,1.1941077006905507,5.07598801949274,0.32492063871361476,0.009531929087290614,5.1386149780694055,9.605715629083745,0.016403394080382307
2.0,0.95,120,0.25,60,skewed,4,132,3.2813462091333894,3.2091134681533577,2.201314228257202,132,2.0904031139343924,19.95755147242602,0.9078650903411232,0.7056760656388263,0.09213490965887688,4.94887560877684,6.653146205601006,1.1918094075877625,5.617911927897415,0.29432393436117366,0.009456011670699566,5.139634927991592,8.323911431320155,0.04282936296714501
2.0,0.95,120,0.5,20,balanced,0,80,6.381356368906931,6.255984090208036,1.9646650563157595,80,6.304853494036422,19.95755147242602,0.9667836961064881,0.47615461592124086,0.033216303893511934,5.165929755972676,6.013150643636373,1.1065357238725342,5.108228974538539,0.5238453840787591,0.0071149283560249,2.650817084720315,21.95646302014194,0.007652124165326033
2.0,0.95,120,0.5,20,balanced,1,80,5.902356340735531,5.939150875724805,-0.6233872180053678,80,5.587405776232886,19.95755147242602,0.9677408622519175,0.5466724055429839,0.032259137748082534,5.603272614564369,6.038154742136972,1.0370238716249232,5.56782135229342,0.4533275944570161,0.009540660934152245,3.133947588964424,16.549781383716823,0.007791718862189028
2.0,0.95,120,0.5,20,balanced,2,80,5.512874332867811,5.578815096366772,-1.196123102350108,80,6.972343979082432,19.95755147242602,0.9689634525399244,0.6171835056220016,0.03103654746007556,4.840227393097492,6.0132572091512175,1.065315456207469,4.770167235058951,0.38281649437799836,0.013875178599597911,3.6633972488619353,12.378943736260194,0.0066958188391206645
2.0,0.95,120,0.5,20,balanced,3,80,5.9233947736618395,5.863171693539425,1.016698741576265,80,6.488874107614684,19.95755147242602,0.9690885850293096,0.5578331138947366,0.030911414970690332,5.043338938181634,6.021752894171918,1.033995255918498,4.995847498699517,0.44216688610526345,0.011542166839271294,3.3966880295160595,15.819369931691304,0.007075615896663589
2.0,0.95,120,0.5,20,balanced,4,80,5.215897846206141,5.267846493752588,-0.9959675031640548,80,5.639798926067263,19.95755147242602,0.9619950876025591,0.5662410082113408,0.03800491239744086,4.783809471041845,5.9928476579632015,1.0576233337599155,4.746889891831582,0.4337589917886592,0.011680516452565716,3.459128701620506,15.288132225878588,0.009107259517878141
2.0,0.95,120,0.5,20,skewed,0,44,4.54934633530124,4.562578999683033,-0.29086957568193994,44,4.983660828703376,19.95755147242602,0.962902204440035,0.5946527971041877,0.03709779555996495,5.584737396860216,4.423211864611821,1.0793202942246185,5.661496990242776,0.4053472028958123,0.011794398203030871,2.606853038108174,13.604136237804834,0.009623869512049512
2.0,0.95,120,0.5,20,skewed,1,44,5.474850808345774,5.355627218122355,2.1776591618108903,44,4.554437106883174,19.95755147242602,0.9615069874818513,0.5957010310061296,0.03849301251814874,5.832459395077418,4.404683684374215,1.074404488751233,5.896116465442111,0.4042989689938704,0.01159495225495248,2.6586746168767688,13.545078930475976,0.010537308870248634
2.0,0.95,120,0.5,20,skewed,2,44,5.482773443884732,5.474462785987662,0.15157762731086835,44,4.777336754919355,19.95755147242602,0.9587851643819565,0.5225493896437602,0.04121483561804351,5.32018648249323,4.430237027391612,1.1078825426239556,5.401569092711168,0.4774506103562398,0.009350426385482996,2.328207862715716,18.235109102743284,0.011168716848245643
2.0,0.95,120,0.5,20,skewed,3,44,3.8207278842758514,4.027477441710186,-5.411260987342471,44,5.056518285180525,19.95755147242602,0.9691357299831391,0.5625580637334681,0.030864270016860818,5.835492536184582,4.45918962311547,0.9485666775749462,5.890458679887209,0.43744193626653194,0.011254889308156494,2.5939864056175206,15.518878000428575,0.007712593032866314
2.0,0.95,120,0.5,20,skewed,4,44,2.717558069245002,2.8640026606369533,-5.388830253501695,44,4.632484679955571,19.95755147242602,0.9632605826889529,0.6467758295748871,0.03673941731104707,5.694200324536455,4.421093778315545,1.0162228128252926,5.752452351765386,0.3532241704251129,0.014178091727027964,2.880474747964326,10.899432601242475,0.00945490738767411
2.0,0.95,120,0.5,60,balanced,0,240,5.2957711449074205,5.3511661494964775,-1.0460233849479423,240,6.311694249878501,19.95755147242602,0.962921786059298,0.5865227304464175,0.03707821394070193,4.791836899348959,10.372271797157863,1.1483051201561445,4.725196426922672,0.41347726955358255,0.012145177204375694,6.077957306978109,14.069350532268354,0.00866416979930055
2.0,0.95,120,0.5,60,balanced,1,240,6.665769529349394,6.652346875589683,0.2013669044603278,240,5.988903841256797,19.95755147242602,0.966660272559667,0.5787850566673094,0.03333972744033298,5.3786703148234,10.467261770320626,1.0971456633382624,5.311665759075231,0.4212149433326906,0.012375234187409696,6.133819502215051,14.524250091946069,0.008174232508471456
2.0,0.95,120,0.5,60,balanced,2,240,5.743611428230602,5.798709878173053,-0.9592997477446907,240,5.847937314339802,19.95755147242602,0.9638621481341922,0.5846283625387539,0.03613785186580776,4.994781282421069,10.426869102678829,1.08539414545166,4.9503665720345555,0.41537163746124606,0.012903773632027027,6.261886481476643,14.179607706372916,0.008749240814985754
2.0,0.95,120,0.5,60,balanced,3,240,6.68361759560949,6.628424570942966,0.8257956694407625,240,6.217309264504912,19.95755147242602,0.9664317349806774,0.6076588149240808,0.03356826501932264,5.1886131409653995,10.431561623142859,1.107074198240317,5.126800922909657,0.3923411850759192,0.0126857606742475,6.20774076919356,12.885799076054807,0.007799416236646729
2.0,0.95,120,0.5,60,balanced,4,240,5.523722687758676,5.499637465523555,0.43603242951528814,240,6.218841973090397,19.95755147242602,0.963960854515804,0.5562943539024617,0.03603914548419601,4.853307910890343,10.405465571084987,1.1209901067735928,4.821477594986501,0.44370564609753826,0.011038757096828137,5.801127289544928,15.918332099682448,0.008476825411909852
2.0,0.95,120,0.5,60,skewed,0,132,4.513942410436759,4.560261698379753,-1.0261382120404965,132,4.230728373933445,19.95755147242602,0.9525693384667901,0.6941988366260365,0.047430661533209795,5.552331081803668,7.637477343556406,1.1896263274675953,5.6481480095533545,0.30580116337396346,0.01832348863054596,5.506458226349934,8.791490472709237,0.014204408793019239
2.0,0.95,120,0.5,60,skewed,1,132,4.554415350102409,4.682152950037756,-2.8046980812251814,132,4.828850216581338,19.95755147242602,0.9601564804516485,0.6469605695860404,0.03984351954835147,5.425694444036041,7.688556973543144,1.1020724068122325,5.499984821317624,0.3530394304139596,0.016027063820894426,5.213212069636673,10.89062136938398,0.010610885335289179
2.0,0.95,120,0.5,60,skewed,2,132,4.672802967402787,4.811185717607775,-2.9614505719658686,132,4.738768270726012,19.95755147242602,0.9572370864787603,0.7006182932846198,0.04276291352123979,5.259292557828955,7.558216669919374,1.141115754830889,5.390409034280585,0.2993817067153802,0.017838297327642805,5.450591207083648,8.528075671081133,0.011216329548229381
2.0,0.95,120,0.5,60,skewed,3,132,4.217813800078037,4.250297008832784,-0.7701432612825598,132,4.941604361017143,19.95755147242602,0.9619474394166223,0.6159674869219528,0.03805256058337764,5.471331244194035,7.710227679823491,1.088263422411883,5.567413978944505,0.3840325130780472,0.013479238650426202,4.860321416988725,12.442781168758941,0.009910404441180659
2.0,0.95,120,0.5,60,skewed,4,132,3.6923267040848224,3.7777121151004582,-2.312509641174869,132,4.550964332074882,19.95755147242602,0.956514731648985,0.5180483983490772,0.043485268351014905,5.386177495645034,7.676734680506189,1.133598744439154,5.479928575405542,0.48195160165092277,0.008436243613161578,3.9608355636432004,18.56694071020977,0.012144640601509294
2.0,0.9,30,0.1,20,balanced,0,80,2.458151154508985,2.3720863090169257,3.5012023298156705,65,0.5352982891495421,9.57608841724784,0.6078350698169099,0.2774686919352812,0.39216493018309007,0.9727089578501236,1.0252458313211492,1.4397934930446379,4.168914141375588,0.7225313080647189,0.0011994991098611789,0.8309596581670718,24.93623205558387,0.15022235244573837
2.0,0.9,30,0.1,20,balanced,1,80,2.360014497768896,2.4000126478833956,-1.6948264577320622,66,0.706746055130486,9.57608841724784,0.6500558711844041,0.45427011192964367,0.3499441288155959,1.663932449819984,1.658412157289264,1.6694729321532724,4.393369630089853,0.5457298880703563,0.0026007975673908914,1.4705494603290186,11.504075489135158,0.20454122660365653
2.0,0.9,30,0.1,20,balanced,2,80,2.652962406581005,2.7984655699529757,-5.484554285844081,68,0.6780733443005549,9.57608841724784,0.7308039849098216,0.24578391757630058,0.2691960150901784,1.6041342639204368,1.4515074951009654,1.3431724963285396,5.378416212937683,0.7542160824236994,0.0030866729012933216,1.607621938133452,29.385323345078152,0.11800181575323151
2.0,0.9,30,0.1,20,balanced,3,80,2.3717668123104354,2.256861715788544,4.844704628021901,74,0.7630025117518398,9.57608841724784,0.6790786668070781,0.30958286028258164,0.3209213331929219,0.5366176509974805,0.6197167055496783,1.4769673181192653,4.096296804719648,0.6904171397174184,0.0,-0.0840181807676487,21.356142160720722,0.055266521311052835
2.0,0.9,30,0.1,20,balanced,4,80,2.3751165468112903,2.2926984167394613,3.470066771353992,67,0.6804585823748739,9.57608841724784,0.5766895327511183,0.31434852686077913,0.4233104672488817,0.40835237214749665,0.5262928966564222,1.5737009714806194,3.1507293727634007,0.6856514731392209,0.0006685072836877439,0.46881764975381107,20.887195482564945,0.07348765413763281
2.0,0.9,30,0.1,20,skewed,0,44,3.014392694102457,3.014392694102457,0.0,32,0.3515411753450997,9.57608841724784,0.42861898496053974,0.05415632368031212,0.5713810150394603,0.0,-0.19365544144543098,1.8459422693402698,3.958614947056541,0.9458436763196879,0.0,-2.3136939563890073,167.24700012502544,0.0
2.0,0.9,30,0.1,20,skewed,1,44,1.7734572390684213,1.7656760948497872,0.4387556715335036,30,0.27572368913896017,9.57608841724784,0.5736932526278603,0.00857931844999964,0.4263067473721397,2.326910330488343,1.076384832958672,1.4400022083009327,7.106398506377677,0.9914206815500004,0.00020485583562706872,0.16714620395770913,1106.606796395501,0.4230880890829455
2.0,0.9,30,0.1,20,skewed,2,44,3.4570424981801566,3.317428145466932,4.038548926914263,34,0.627429952621881,9.57608841724784,0.6750428111817464,0.18081995666054987,0.32495718881825364,0.9015476633767916,0.6295145960957249,1.444165844782173,4.781834179634279,0.8191800433394502,0.0,-0.19058290093981123,43.38315675735898,0.09520088598796234
2.0,0.9,30,0.1,20,skewed,3,44,0.6344137773321036,0.6411010699882757,-1.0540900741932346,34,0.3330197949734538,9.57608841724784,0.6637288018956724,0.2971396286708912,0.3362711981043276,2.3912562562746222,1.4890561246603327,0.968160191266535,5.774729945343049,0.7028603713291088,9.870643745969396e-05,0.07949574351125038,22.651482371885155,0.2704479992132945
2.0,0.9,30,0.1,20,skewed,4,44,2.1744448862994274,2.255279170385994,-3.717467598092778,35,0.40754499986474935,9.57608841724784,0.49114044964337655,0.39169036658397505,0.5088595503566234,0.6816214873018076,0.4662766452504761,1.94606926370988,4.614792555031056,0.608309633416025,0.0016915822149638866,0.9397676566433665,14.87201966558092,0.17712368741452988
2.0,0.9,30,0.1,60,balanced,0,240,2.145923421864629,2.092220810981916,2.50254087986279,196,0.6633221057100899,9.57608841724784,0.6329007404165001,0.40160436132449046,0.3670992595834999,0.5837484122677248,1.1702111222128673,1.427826349284818,3.7111067774299857,0.5983956386755096,0.0013117956285682852,1.5586861886567385,14.268494310056013,0.07913674982731038
2.0,0.9,30,0.1,60,balanced,1,240,2.211695422447602,2.386782634700134,-7.916425131393969,195,0.5031606108708808,9.57608841724784,0.5712300904041916,0.41021775862977455,0.42876990959580846,0.6787537487180009,1.2414379113645373,1.5523016716615412,4.110144270876415,0.5897822413702254,0.0013684100456469546,1.7363240323797968,13.767826407976367,0.12526054867031347
2.0,0.9,30,0.1,60,balanced,2,240,3.4731070593972837,3.4185691346722837,1.570292069673901,212,0.6576675672748051,9.57608841724784,0.6198460734630371,0.29293950746393677,0.38015392653696284,0.3026987539316526,0.6200889761781512,1.5221640565647858,3.773817903543613,0.7070604925360633,0.00042368531710152216,0.5648961659021444,23.113556281587243,0.04395693312575251
2.0,0.9,30,0.1,60,balanced,3,240,3.0950318937533554,3.0542180385523126,1.318689325412662,207,0.5956648613000394,9.57608841724784,0.6787507069183933,0.35377346287755046,0.32124929308160666,1.5846356190648323,2.9562475092745895,1.2477062515593313,4.425664458426273,0.6462265371224496,0.001405211528560952,1.6410326517165006,17.49233084562478,0.1641229807598105
2.0,0.9,30,0.1,60,balanced,4,240,2.103133381829823,2.4082831316790054,-14.509291350018326,196,0.6280702494580903,9.57608841724784,0.5731129529168466,0.3000546269451195,0.42688704708315334,0.5614479900655169,1.0803918791735094,1.7481790155382817,3.736859542590041,0.6999453730548806,0.0007892634067076755,1.0166106038963216,22.338395004463646,0.10270077817571789
2.0,0.9,30,0.1,60,skewed,0,132,1.5948798736702607,1.5669280619061492,1.7525966830208144,102,0.3606706945956575,9.57608841724784,0.5063439949400621,0.33661179097612376,0.4936560050599379,0.00477149881421024,0.005414149027701167,1.7245295013795425,4.907092681796733,0.6633882090238763,0.001338319438455882,1.446678021503859,18.872375581825448,0.001751769233420021
2.0,0.9,30,0.1,60,skewed,1,132,1.434354550193869,1.38518354041616,3.428093128791827,96,0.24147725369125508,9.57608841724784,0.5237198710059703,0.4763452553442726,0.47628012899402966,1.0526505187208635,1.0395675079433975,1.2956476703281898,5.908513414144916,0.5236547446557274,0.0022657560944868054,2.4510263664477554,10.527162974070922,0.23940745302613772
2.0,0.9,30,0.1,60,skewed,2,132,1.5171563544225855,1.463482562034454,3.537789116571253,102,0.4335191809926535,9.57608841724784,0.5838584568098428,0.21955662884197835,0.41614154319015717,0.43751035894119816,0.5602088980855947,1.3793197945076603,4.46411856164107,0.7804433711580216,0.000481333902257736,0.5499319324501322,34.03948569570707,0.07605850094302696
2.0,0.9,30,0.1,60,skewed,3,132,1.406953955716612,1.3962079858374756,0.7637755191258575,96,0.2885752722488484,9.57608841724784,0.4064775582961848,0.36402773084834295,0.5935224417038152,0.0,-1.3173673486265258,1.9681297212907807,4.671691077567517,0.635972269151657,3.018330565526372e-05,0.04697003221694079,16.729842713139913,1.220796175251222e-05
2.0,0.9,30,0.1,60,skewed,4,132,1.7267174003323373,1.7017899348440222,1.4436331899775503,98,0.33397390854977893,9.57608841724784,0.5321752192116613,0.3129925490214053,0.4678247807883386,0.3446401765548188,0.34154036720010333,1.68198848973547,5.730198072346797,0.6870074509785947,0.0007411744931579891,0.8819840073751507,21.01917158874336,0.07577777680817023
2.0,0.9,30,0.25,20,balanced,0,80,4.89647112587132,4.760399709410413,2.7789690363321244,79,1.6455333721524288,9.57608841724784,0.8630855217556528,0.46226898923306325,0.13691447824434716,4.009619424667705,4.357834747491127,1.2927625350046983,4.952409286455773,0.5377310107669367,0.008947349420918039,2.403101979321605,11.139314606293159,0.07774978665225483
2.0,0.9,30,0.25,20,balanced,1,80,7.331739352704277,7.249789612598325,1.1177394089401935,76,1.609683695014891,9.57608841724784,0.8452181929407208,0.5174310577378285,0.15478180705927924,3.4923132287450525,3.9731324015036233,1.3498284469121002,4.57933886552819,0.4825689422621715,0.009811909704159382,2.5609593499650867,8.93089579648261,0.08595169890380008
2.0,0.9,30,0.25,20,balanced,2,80,3.8668469182975405,3.8088663900757274,1.4994265210617705,74,1.8567907053623576,9.57608841724784,0.855352634584645,0.31613997790690357,0.14464736541535494,3.5985970667322027,4.268607946029257,1.3063008164448597,4.160420638566064,0.6838600220930964,0.004415303050144478,1.42720300114767,20.714571057865403,0.07735782440591508
2.0,0.9,30,0.25,20,balanced,3,80,4.951614082445019,5.0608523656004945,-2.206114639320509,79,1.653254657644232,9.57608841724784,0.8584547131299762,0.3906305480223123,0.1415452868700237,4.001892272658606,4.473613606455266,1.319025879947383,4.843105500431372,0.6093694519776878,0.007428513622935961,2.059902328620155,14.938349753882767,0.08293662310272719
2.0,0.9,30,0.25,20,balanced,4,80,6.7090760211813665,6.554050583470083,2.3106823834138903,76,1.945290643084769,9.57608841724784,0.8635899880261881,0.32951829217522177,0.13641001197381192,3.454591139441037,3.9618264739197806,1.3379942019541724,4.354470799719251,0.6704817078247782,0.005355748476855255,1.6574685418712867,19.484782085673267,0.06668961952883244
2.0,0.9,30,0.25,20,skewed,0,44,3.2084624425498958,3.163540794966544,1.4000989068038072,42,0.9941395498499019,9.57608841724784,0.7636601869174784,0.5231138321354925,0.23633981308252155,2.2107746596923556,1.8208063967860908,1.466770580060599,4.769417803857678,0.47688616786450755,0.0058700707538163685,1.5341569819937584,8.729847746121521,0.12482112474178056
2.0,0.9,30,0.25,20,skewed,1,44,2.6231246048749917,2.377139220148451,9.377571475994113,43,1.2681182352111957,9.57608841724784,0.8295855653105317,0.4871994832373956,0.17041443468946826,3.8918306842349155,2.7583440637895618,1.4467833657874218,5.55610683443524,0.5128005167626044,0.006258739976341601,1.5982760781789243,10.079286324974005,0.11466879011288622
2.0,0.9,30,0.25,20,skewed,2,44,5.661317840925692,5.623484492089724,0.6682781270903158,40,0.9954734895848716,9.57608841724784,0.802836144268045,0.5812976493993701,0.19716385573195505,2.98070254077941,2.1039850430657037,1.3571006679993256,5.551229577674666,0.4187023506006299,0.010283745204855196,2.2408720415111167,6.897551940910153,0.11767345700695434
2.0,0.9,30,0.25,20,skewed,3,44,3.5331064441849667,3.7260188971551083,-5.460137021562154,41,1.0131204291009714,9.57608841724784,0.7959671650922829,0.7286255967381683,0.20403283490771706,2.8445824041862053,2.3631348055131998,1.2278168512523173,4.736539358070283,0.2713744032618317,0.01956864931047684,2.9007163815406884,3.5665852139243697,0.11985936716849022
2.0,0.9,30,0.25,20,skewed,4,44,2.1633727380117365,2.1306747685442993,1.5114348486007316,42,1.2401306256650062,9.57608841724784,0.8613167106766021,0.4624606473895893,0.1386832893233979,4.3058689316646825,3.020164080748068,1.18609258810764,5.9403534959517525,0.5375393526104106,0.004516887345886312,1.252550326093389,11.13072949537054,0.08412016092987773
2.0,0.9,30,0.25,60,balanced,0,240,6.293939107269049,6.197037271395605,1.5396055510217674,235,1.6973003076719402,9.57608841724784,0.8494262881606321,0.43451673308581873,0.15057371183936785,3.4498998557906453,6.910972368331392,1.3747329132941217,4.569161874546785,0.5654832669141813,0.008117397667857438,3.891771053901103,12.462391779455022,0.08081336780019611
2.0,0.9,30,0.25,60,balanced,1,240,4.98042952576054,4.873739010548983,2.142195058874267,234,1.6574685650473608,9.57608841724784,0.8455939723006733,0.5282883350823764,0.15440602769932665,3.1803029487044867,6.248830781942399,1.3961323079583405,4.613022670934388,0.4717116649176236,0.009090476067885444,4.218461729766089,8.550543918396356,0.07784504574164368
2.0,0.9,30,0.25,60,balanced,2,240,4.067064511337109,4.186016352064733,-2.9247591326875026,230,1.7148791134700103,9.57608841724784,0.8580156855008156,0.4250869731420022,0.14198431449918442,3.7270184180820953,7.204959439439313,1.325691601740821,4.671582564391236,0.5749130268579978,0.0063662560406451945,3.3241988313236903,12.951274269185047,0.07723920432077067
2.0,0.9,30,0.25,60,balanced,3,240,4.243094561221,4.245382738898918,-0.053927096012213745,228,1.5583442162494445,9.57608841724784,0.8325617164235207,0.38733871755022214,0.16743828357647927,3.563432690408625,6.814250272256769,1.4424179239818447,4.6026713938725985,0.6126612824497779,0.004882287945019938,2.864382296434258,15.146687756053783,0.1017354835779131
2.0,0.9,30,0.25,60,balanced,4,240,6.70521489306007,6.590753444066796,1.707051165679152,227,1.6380192881998057,9.57608841724784,0.8512486992518951,0.4887722150488111,0.14875130074810494,3.6529558330178213,7.3507986090428625,1.2878988997833127,4.500021924115394,0.5112277849511889,0.008660132215079074,4.1103388817967925,10.016040845442609,0.08309212802838221
2.0,0.9,30,0.25,60,skewed,0,132,3.2672334929810543,3.2227492431529137,1.3615265001324635,126,1.07166539831073,9.57608841724784,0.8200305120816687,0.5822979128757206,0.17996948791833134,4.149679039580831,5.203605354653394,1.322048544643861,5.621170404917266,0.41770208712427936,0.008409877090553849,3.329674157253844,6.86925374438834,0.13587133680909028
2.0,0.9,30,0.25,60,skewed,1,132,2.913796130231876,2.841229198110747,2.490460172151923,128,1.2132859537568825,9.57608841724784,0.8151511732330522,0.5447220997683572,0.1848488267669478,2.9152919535954203,3.989832381384205,1.4081775098542366,5.118396745679237,0.45527790023164283,0.008262446567680383,3.2742645380120354,8.00368009465955,0.1013254926376736
2.0,0.9,30,0.25,60,skewed,2,132,4.1661121856497925,4.254640037369149,-2.1249512200917513,127,1.0576936917313184,9.57608841724784,0.786266572531017,0.6095576747575531,0.2137334274689831,3.153541414924478,4.264480405133657,1.492413287058434,5.190710041462834,0.39044232524244693,0.011277471562541197,3.9669008572977646,6.133808798067602,0.14577920610748007
2.0,0.9,30,0.25,60,skewed,3,132,2.488998395100423,2.5982636683879163,-4.389929439190528,124,1.376182808498333,9.57608841724784,0.8352630734129294,0.5769664381589887,0.16473692658707056,3.131899077130399,4.150238396104739,1.40945408986212,5.192876385786864,0.42303356184101126,0.012864612627548507,4.13567192466357,7.021217394514222,0.08729649328738774
2.0,0.9,30,0.25,60,skewed,4,132,3.4993608769002096,3.3451754922387664,4.406101287787816,126,1.3481763861658305,9.57608841724784,0.8363549566366342,0.4656093329450248,0.16364504336336588,3.4301533315132735,4.366783109428803,1.4415510064245822,5.464901498775093,0.5343906670549752,0.00638636352454125,2.696123207207801,10.990699530661491,0.09368225336740439
2.0,0.9,30,0.5,20,balanced,0,80,6.400491753119755,6.499806192476301,-1.5516688902557856,80,3.2307403121972653,9.57608841724784,0.9365902743666455,0.35862248825908205,0.06340972563335445,5.026611605883949,5.781700047678853,1.086248822579973,4.966240333416509,0.641377511740918,0.006321839666473313,1.4584467011645443,17.12633190149615,0.02281155057728633
2.0,0.9,30,0.5,20,balanced,1,80,6.3919710755679295,6.6303475734182395,-3.729311272409507,79,2.6733973828703057,9.57608841724784,0.9025631733857936,0.5565172508242846,0.09743682661420638,4.39875276454231,5.497148726337655,1.2562251262755093,4.353131739442943,0.4434827491757154,0.019880119579828055,3.201870576493972,7.631084232053206,0.045671434883322884
2.0,0.9,30,0.5,20,balanced,2,80,7.168551213290473,6.94723869990867,3.0872697536357174,80,3.1828219634943924,9.57608841724784,0.9327540551540021,0.1786541363043153,0.06724594484599794,5.177711922249421,5.771464929932395,1.1844353677448736,5.161789334459713,0.8213458636956847,0.0024662533811504843,0.6562834108358041,44.02518057848454,0.02507745863791744
2.0,0.9,30,0.5,20,balanced,3,80,6.648288813194492,6.609846153836258,0.5782338950428796,80,3.4848135151807282,9.57608841724784,0.9374999588636319,0.37519443083593595,0.06250004113636803,4.770117514203297,5.721437495488797,1.0961489541762195,4.718254275903878,0.624805569164064,0.010044926374775259,2.0635913578802842,15.946914138819542,0.022554654508616902
2.0,0.9,30,0.5,20,balanced,4,80,5.665723445349507,6.099075474398879,-7.648661873976084,80,3.1771987730794766,9.57608841724784,0.94063773760362,0.40919248708788436,0.05936226239637998,5.445870110322058,5.797103975063624,1.0813895169794348,5.3952070683149795,0.5908075129121156,0.009626234256990066,2.005270009168627,13.82631685514206,0.022550653870344613
2.0,0.9,30,0.5,20,skewed,0,44,2.4681282900426624,2.9750420461333453,-20.5383876573904,44,2.340118642614515,9.57608841724784,0.900502702473285,0.5206392678586883,0.09949729752671493,4.9120995448607285,4.122361147003617,1.341875437958948,5.18985974186644,0.4793607321413117,0.020362018959141796,2.398911287144966,8.816854659506369,0.05330729324265118
2.0,0.9,30,0.5,20,skewed,1,44,3.186833611310258,3.538071590256823,-11.021534908506075,44,2.487869264850014,9.57608841724784,0.9046220252536441,0.3546654387870225,0.09537797474635584,4.633063524058686,3.98633325398226,1.3132809631580589,5.007042071614728,0.6453345612129775,0.0055314542680046964,1.066025942257038,17.424254356490273,0.04445039576674837
2.0,0.9,30,0.5,20,skewed,2,44,3.8092443132970293,4.022777744526465,-5.605663844769655,44,2.873337945740303,9.57608841724784,0.9295344743022879,0.5243960854213446,0.07046552569771214,4.847113157779125,4.055452195775925,1.1207306749805652,5.153392614175758,0.47560391457865536,0.013876869848768375,2.004758748809169,8.685086071790522,0.027206743956609086
2.0,0.9,30,0.5,20,skewed,3,44,4.370694799859708,4.225259999391414,3.3274984213713914,44,2.4322036665079736,9.57608841724784,0.9108144110781159,0.5171253187248531,0.0891855889218841,4.976093559785057,3.9100793875894504,1.3083208558104993,5.498966539407048,0.4828746812751469,0.0165549231952475,2.240496954173881,8.941837645357092,0.04344027050846171
2.0,0.9,30,0.5,20,skewed,4,44,4.4643652411643755,4.438812510422886,0.5723709723809522,44,2.5684130912276286,9.57608841724784,0.9001774186507177,0.40330911421700233,0.09982258134928229,4.4464410746779475,3.8462064984338373,1.3881758442922898,4.881666396697159,0.5966908857829977,0.0075667006796263925,1.3299988133220555,14.167705312381047,0.04700082260356803
2.0,0.9,30,0.5,60,balanced,0,240,7.399313560832028,7.443601261927554,-0.5985379688456584,238,3.246241179001257,9.57608841724784,0.9334479547655202,0.4869284925846319,0.06655204523447977,4.882894538832165,9.650229051905866,1.1523232931632266,4.978778954388694,0.5130715074153681,0.017095435065541762,5.025910716489647,10.090225144354722,0.026127435947973524
2.0,0.9,30,0.5,60,balanced,1,240,6.505632766608924,6.7065867785471465,-3.0889233860485796,238,3.0569333921877897,9.57608841724784,0.9260067627677686,0.42413756388074053,0.07399323723223139,5.046709613184423,9.694302661883427,1.2383566663360586,5.069732167229316,0.5758624361192595,0.013395256105960315,4.371701436872438,13.00170056618786,0.03207283282226132
2.0,0.9,30,0.5,60,balanced,2,240,5.757809910934397,5.85663423579216,-1.7163526824685489,240,3.217306355007262,9.57608841724784,0.9287419240448621,0.40436288167612533,0.07125807595513789,4.8201109519137075,9.831303777781102,1.1772285691276527,4.769034996989443,0.5956371183238747,0.00936370220718932,3.431959232888356,14.105829115721505,0.02779722967662567
2.0,0.9,30,0.5,60,balanced,3,240,7.627993860827308,7.581053675993201,0.6153673651359802,238,3.2230392825288416,9.57608841724784,0.9258744757083752,0.4894203465377369,0.07412552429162478,4.6864273328803865,9.437018545906884,1.23916081165653,4.802270464786048,0.5105796534622631,0.01577970042447591,4.810733169054845,9.990095303946255,0.029863647541071462
2.0,0.9,30,0.5,60,balanced,4,240,5.6162070916761495,5.627304581509869,-0.1975975894864605,240,3.386984273635406,9.57608841724784,0.9361004365977056,0.42621256398962437,0.06389956340229441,4.868846370393298,9.775844808953273,1.136509821470831,4.916022837030338,0.5737874360103756,0.011617134672358143,3.9501748216152732,12.891781435319338,0.023704983255864426
2.0,0.9,30,0.5,60,skewed,0,132,5.236898814192381,5.191190399866967,0.8728145405739197,131,2.5719152519815083,9.57608841724784,0.9185506562485852,0.47441409452982425,0.08144934375141483,5.3119606784563125,7.007158082468525,1.2835542355958562,5.628248290860424,0.5255859054701757,0.013743449603659245,3.4602972515098327,10.608995726886572,0.039036021750512906
2.0,0.9,30,0.5,60,skewed,1,132,4.935661884075988,5.08977285442018,-3.122397237975372,132,2.5271764931650056,9.57608841724784,0.9145985965988241,0.45474378010890626,0.08540140340117591,4.763137949281846,6.892242605815294,1.2201166654758584,5.170823510532819,0.5452562198910937,0.01106399296821612,3.0287868078881144,11.482118063233255,0.0380288420902685
2.0,0.9,30,0.5,60,skewed,2,132,5.967626793092014,6.022735276908163,-0.9234572758460856,132,2.3318473020284434,9.57608841724784,0.9214146118193662,0.5755461727800005,0.07858538818063382,5.088686319554539,6.9720775650257405,1.1023220447150004,5.5433781902478,0.42445382721999947,0.017843370101669448,4.0619883713661125,7.062174280240808,0.03464069333944961
2.0,0.9,30,0.5,60,skewed,3,132,4.371526268289402,4.550968239769861,-4.104789962766845,132,2.578914772483178,9.57608841724784,0.9167217836415489,0.4530833038747409,0.08327821635845112,5.224940218112419,7.069906177373831,1.29958272417686,5.547198022795447,0.5469166961252592,0.013228540505616396,3.3464326893924445,11.559292947180541,0.040193218685505114
2.0,0.9,30,0.5,60,skewed,4,132,5.413469342406398,5.422530522981214,-0.1673821352202883,132,2.6613883237503537,9.57608841724784,0.9216988374021547,0.5130420128487436,0.07830116259784525,5.120026740084732,7.029900683866457,1.2392525026498282,5.481284599144205,0.4869579871512564,0.016235697857536018,3.779844307628622,9.089221981164089,0.035241192794677204
2.0,0.9,60,0.1,20,balanced,0,80,2.9210264197923332,3.0147002828761935,-3.2068817470853244,76,0.8157259935848313,9.982029897000858,0.7631346424823277,0.24216698948146884,0.23686535751767235,0.0,-23.331149200108843,1.3263416700395976,5.238763691393967,0.7578330105185311,0.0,-0.2040651190876907,31.23758437980257,0.0
2.0,0.9,60,0.1,20,balanced,1,80,2.674252588484958,2.640507338063972,1.261857259343777,73,0.634376830442601,9.982029897000858,0.6781451065815745,0.26837753096682276,0.3218548934184255,0.0,-8.818455966308253,1.2773610908573279,4.2494921359129325,0.7316224690331772,0.0013857736290449158,1.0294650072677594,27.211955236705627,0.0007417650420446975
2.0,0.9,60,0.1,20,balanced,2,80,1.8824072525024063,1.8515068065363618,1.6415388288037296,77,0.5835889782815028,9.982029897000858,0.664530002346782,0.20640868801113432,0.335469997653218,0.0,-44.499420915737964,1.3670437122945884,4.641051038049418,0.7935913119888657,0.000692962965956812,0.5834134579691844,38.37848241080663,0.00043641918556642676
2.0,0.9,60,0.1,20,balanced,3,80,2.370254056163631,2.364632189369362,0.23718414402246005,76,0.641471783892145,9.982029897000858,0.5740259798906627,0.02920908600243203,0.42597402010933727,0.0,-29.370230191120058,2.0042804798388345,4.210611793187609,0.970790913997568,0.0,-1.7280853087067651,331.7619704517169,0.0
2.0,0.9,60,0.1,20,balanced,4,80,3.5044009158315563,3.437202695905489,1.9175380197651284,74,0.7274707927817274,9.982029897000858,0.6390629916656688,0.06907905485103813,0.3609370083343312,0.0,-13.417872048206595,1.7528595615301523,4.276865607557997,0.9309209451489618,0.0,-0.19317336232940424,134.51951139545136,0.0
2.0,0.9,60,0.1,20,skewed,0,44,1.6496188315525047,1.5883709573278322,3.712850087133784,38,0.4748349605072485,9.982029897000858,0.6074943245730036,0.3994456139764447,0.3925056754269964,0.0,-31.777835098078096,1.7548589088269055,5.753357700741921,0.6005543860235554,0.0009965701349924274,0.712150836678994,15.007679709848144,0.000359428536352188
2.0,0.9,60,0.1,20,skewed,1,44,1.682374632919276,1.7035062494297195,-1.2560589120257817,39,0.3472773838239259,9.982029897000858,0.5036765743693675,0.27136040868420713,0.4963234256306325,0.0,-22.26796726956766,1.618730974747171,4.873190796081304,0.7286395913157928,0.0010898191176796244,0.7482168024060663,26.803107424255693,0.0005786020296403765
2.0,0.9,60,0.1,20,skewed,2,44,2.3314711311120586,2.2961578513994056,1.5146350834637758,39,0.47905395124704453,9.982029897000858,0.5971481031873158,0.3212313159021294,0.40285189681268413,0.0,-34.19779806503618,1.6454589807905506,5.091431740993686,0.6787686840978706,0.0007439695648504569,0.5076573121844544,21.092244007359437,0.0003427668110319875
2.0,0.9,60,0.1,20,skewed,3,44,2.4230821751149816,2.5341663009330313,-4.584414303356364,38,0.32052676405564356,9.982029897000858,0.581178768049277,0.3994456139764447,0.4188212319507229,0.0,-3.873758863492002,0.9572931810127312,4.144403419657278,0.6005543860235554,0.0006005058481549901,0.468676209742001,15.007679709848144,0.0002165817843567201
2.0,0.9,60,0.1,20,skewed,4,44,1.160220046725354,1.2081395748525547,-4.130210321951465,41,0.2184444973368899,9.982029897000858,0.4427824447052593,0.25192066381682504,0.5572175552947407,0.0,-18.937344181610847,1.404767010135926,5.112932387646951,0.748079336183175,0.0011540582611893153,0.8189694858408554,29.64167443024293,0.000645837192264471
2.0,0.9,60,0.1,60,balanced,0,240,2.144026699486894,2.104594422076929,1.8391691399832752,221,0.6127535258620471,9.982029897000858,0.6538541025013839,0.24766130297351227,0.34614589749861613,0.0,-38.973682876338415,1.5145024500725865,4.668828678883374,0.7523386970264877,0.00018152163712179415,0.28203927611371765,30.323135977332164,0.0001027436998837598
2.0,0.9,60,0.1,60,balanced,1,240,1.9119950357959747,1.9901089414454873,-4.085465923659855,223,0.5101961767162297,9.982029897000858,0.5900984984121733,0.23835617470484954,0.40990150158782673,0.0,-37.09222801899925,1.4918701629631306,4.209637297795933,0.7616438252951505,0.0,-0.40707960921401026,31.896599466645185,0.0
2.0,0.9,60,0.1,60,balanced,2,240,1.9904761706096414,1.9422393348977718,2.4233817226305057,219,0.5657654238594859,9.982029897000858,0.6213389362832884,0.4864549061404366,0.37866106371671154,0.0,-40.12691629182744,1.4875664161096163,4.314452500476773,0.5135450938595634,0.0025669863012850163,2.9817773438437634,10.537919169190914,0.0006769876095752702
2.0,0.9,60,0.1,60,balanced,3,240,2.1031551912029918,2.078051659048017,1.1936129230965493,227,0.5324308850536834,9.982029897000858,0.5614470389442885,0.2921886228337721,0.43855296105571145,0.0,-46.61326398696832,1.7038530795047395,4.097112477888511,0.7078113771662279,0.0,-0.278153656416712,24.180935793417877,0.0
2.0,0.9,60,0.1,60,balanced,4,240,2.561472543564161,2.532392167620211,1.1352991472431049,224,0.6090356091520891,9.982029897000858,0.6278116970824401,0.3011879412322976,0.3721883029175599,0.0,-43.352786075974684,1.5988764500004409,4.428352246499866,0.6988120587677025,0.0004187960605227586,0.612989654006678,23.160166487621346,0.0002045141535114768
2.0,0.9,60,0.1,60,skewed,0,132,2.7525553904309703,2.756517166228705,-0.1439308292035687,111,0.31243120833538224,9.982029897000858,0.5296605115055816,0.4310002427712287,0.4703394884944184,0.0,-43.4108378968949,1.4752004766080489,5.317252357423716,0.5689997572287713,0.0011836425847203211,1.5088518484057434,13.178119231497975,0.00038321697986243866
2.0,0.9,60,0.1,60,skewed,1,132,1.1546341747754936,1.1310925490249006,2.0388817744087953,116,0.44340634983367305,9.982029897000858,0.5079813033022347,0.4335985322652204,0.49201869669776527,0.0,-39.65484271280979,1.9345667736517644,4.504568464604608,0.5664014677347796,0.0008406298516047067,1.0390826730457128,13.039334693078343,0.00026968298611325896
2.0,0.9,60,0.1,60,skewed,2,132,1.316343019963296,1.323740307544958,-0.561957443422946,121,0.32250115351935915,9.982029897000858,0.5242776910025695,0.3797722055596682,0.47572230899743045,0.0,-42.691057260641834,1.4269718277340824,4.876427480038516,0.6202277944403318,0.0009727912787409086,1.2561704898151809,16.302226167211103,0.00037421579761812
2.0,0.9,60,0.1,60,skewed,3,132,2.132120956835529,2.170754391963919,-1.811972018028914,117,0.3324934938390407,9.982029897000858,0.5580560193057962,0.4632902225838517,0.44194398069420376,0.0,-42.713203602686264,1.3887266893511199,5.274490382070355,0.5367097774161482,0.0018132352201362736,2.0007474198185284,11.563924259616797,0.0005223157962180229
2.0,0.9,60,0.1,60,skewed,4,132,1.8163448480415003,1.8526620948246186,-1.999468703439102,116,0.3739561971583245,9.982029897000858,0.579761006849814,0.5312087789878209,0.4202389931501859,0.0,-34.32911032925822,1.4942859807728388,5.516608994604899,0.46879122101217907,0.002780858362783741,2.6027371076976387,8.809131491598327,0.0006111359190131687
2.0,0.9,60,0.25,20,balanced,0,80,6.778764623155132,6.46530510648206,4.624139265764529,80,1.583825077055622,9.982029897000858,0.854478042341459,0.4166374202093819,0.14552195765854103,0.10579398974739807,0.12257585642342277,1.2542533440891168,4.651357680772425,0.5833625797906181,0.006451241053612488,2.0745967227173576,13.976523542544658,0.004435795349140308
2.0,0.9,60,0.25,20,balanced,1,80,5.789473463473253,5.502276406563724,4.960676626665661,79,1.6421880897905374,9.982029897000858,0.8419126180048824,0.3527442924366612,0.15808738199511763,1.4167427831178303,1.5482752000647473,1.455037002457385,4.71894882588319,0.6472557075633387,0.005497847924797416,1.8448522724530436,18.31617396066534,0.03770996590378913
2.0,0.9,60,0.25,20,balanced,2,80,4.369326953249149,4.615608300892379,-5.6365969010419095,80,1.6426732232888779,9.982029897000858,0.8522437283476613,0.4152741191183793,0.14775627165233873,3.1564121953768165,3.447927986603169,1.382639448417462,4.854941625390389,0.5847258808816207,0.0038500543266217473,1.4380538731515804,14.055176944091379,0.07022687566356355
2.0,0.9,60,0.25,20,balanced,3,80,5.986179420889324,5.877187404325659,1.8207275275332908,80,1.4622680111221213,9.982029897000858,0.8315748731010657,0.46715352257107323,0.1684251268989343,0.0,-4.269547185554696,1.3834529821968378,4.6893525716634095,0.5328464774289268,0.00790840241395614,2.369241254754693,11.385741969649644,0.002245396069695342
2.0,0.9,60,0.25,20,balanced,4,80,4.131019476261525,3.833842554400707,7.193791352679748,80,1.4898499086572077,9.982029897000858,0.7974397793614195,0.32696393805313434,0.20256022063858048,0.0,-6.176271505751492,1.5629135957235076,4.129868529243914,0.6730360619468656,0.0027736884457130063,1.1817510887713547,20.547422239028577,0.0012564185707542306
2.0,0.9,60,0.25,20,skewed,0,44,2.754601202625433,2.632229207125252,4.442457782402294,44,1.0583811717091955,9.982029897000858,0.8043371242971795,0.2874020713096944,0.19566287570282054,0.3065168901940094,0.23861713215383587,1.3509144469384662,5.2472617185551504,0.7125979286903056,0.002379866842994247,0.8521697533464918,24.749904537266225,0.012943167054458797
2.0,0.9,60,0.25,20,skewed,1,44,4.0295686581416845,4.06826961294986,-0.9604242560796287,44,1.1019332333018879,9.982029897000858,0.8310674514537177,0.6303765779344819,0.1689325485462823,0.0,-3.3097312774085617,1.2525040046963163,5.598347224893269,0.3696234220655181,0.012690832413416028,2.520869550438201,5.852996730587993,0.0017338402323772838
2.0,0.9,60,0.25,20,skewed,2,44,2.380589135977685,2.416392302032099,-1.503962423138161,44,1.1048057078960825,9.982029897000858,0.8218171001964203,0.390724792566013,0.1781828998035797,0.0,-5.614692292700613,1.3419381954560328,5.602167334240305,0.609275207433987,0.003281281449464173,1.1283722817243387,15.565440053512694,0.0012180650880324673
2.0,0.9,60,0.25,20,skewed,3,44,2.821682786085373,2.80223018999365,0.6893969863533178,43,1.102845676781216,9.982029897000858,0.7583040842542113,0.5137448465950228,0.2416959157457887,0.0,-1.44621880770628,1.6819522228488792,4.789848471612655,0.48625515340497716,0.007056801754510586,1.8258097576543222,9.447906895863046,0.0016685389577492087
2.0,0.9,60,0.25,20,skewed,4,44,1.8566846288959917,2.004918819732899,-7.983810956901662,43,1.3761831989317415,9.982029897000858,0.8518675538762459,0.44249255919151737,0.14813244612375415,3.179654298574544,2.4924008398373716,1.2523969875925813,5.237939596781367,0.5575074408084826,0.00544288414045202,1.529782050472448,12.576609089469619,0.0714635864339416
2.0,0.9,60,0.25,60,balanced,0,240,4.531049614682632,4.502060273222894,0.6397930705900794,240,1.5261399604270898,9.982029897000858,0.8485132277103304,0.4436610981298388,0.1514867722896696,0.0,-4.729769308130226,1.2692702878663211,4.658625751722935,0.5563389018701612,0.004923114465816128,3.0109560104840765,12.517192908600155,0.0015237677983480995
2.0,0.9,60,0.25,60,balanced,1,240,4.551926605721106,4.520058755389241,0.7000958735101798,238,1.4584525960558277,9.982029897000858,0.8358763491614503,0.35933625551774484,0.16412365083854968,0.4557088495039583,0.9376921680354435,1.2794376754309034,4.467848836482465,0.6406637444822552,0.00364502705007322,2.4581201473071586,17.797048177429406,0.01377133605891293
2.0,0.9,60,0.25,60,balanced,2,240,4.36478797339173,4.286457627309544,1.794596817982833,240,1.6281814240756973,9.982029897000858,0.8523493823504897,0.4156824664554655,0.14765061764951032,1.230423479714661,2.412325559316564,1.3325804454480432,4.724686807049101,0.5843175335445345,0.0036883037939599034,2.40687081461501,14.03156389760364,0.0280833855995161
2.0,0.9,60,0.25,60,balanced,3,240,5.7759333431953594,5.573661548556753,3.5019759166179263,239,1.5739055011650636,9.982029897000858,0.8367400422709488,0.38154185502447513,0.16325995772905116,0.4398411197684151,0.8450612865136986,1.453745455963763,4.733919558613001,0.6184581449755249,0.004508314970428655,2.8179688603937993,16.180315768484604,0.013447830850771265
2.0,0.9,60,0.25,60,balanced,4,240,4.664695859169248,4.531400699542787,2.857531630158625,239,1.5119569176102658,9.982029897000858,0.8322262916610199,0.4107480985927845,0.16777370833898014,1.5973191201328754,3.2598047636777148,1.368639184587886,4.490214546913271,0.5892519014072155,0.003907817416813392,2.50361586397992,14.320042178802076,0.04631822986227421
2.0,0.9,60,0.25,60,skewed,0,132,3.464306316229157,3.357719757677532,3.076707104458442,131,1.2826472532343955,9.982029897000858,0.8334618371401905,0.5427216281197446,0.16653816285980944,0.2525711186917974,0.34457157234289815,1.3287425821225582,5.184607908991991,0.45727837188025544,0.006615187109750143,2.9040797890352295,8.410511287664166,0.008388308635368673
2.0,0.9,60,0.25,60,skewed,1,132,3.188863522614468,3.164673731790533,0.758570903156822,130,1.1638134388383705,9.982029897000858,0.8100498231202689,0.4908077896665295,0.1899501768797312,0.0,-2.3505872955411053,1.4126030606345144,5.17665049748057,0.5091922103334705,0.005079697145608275,2.5685367252228084,10.355931535483675,0.0013170471487971628
2.0,0.9,60,0.25,60,skewed,2,132,3.2382257603726514,3.2976919105101143,-1.8363806151248585,131,0.984602326740537,9.982029897000858,0.8097128617979068,0.5786492486084328,0.19028713820209325,0.0,-16.219181312127184,1.3081677875385822,5.6537652979139725,0.4213507513915672,0.006751189534899083,3.173991527843605,7.268541016218482,0.0011985822617730207
2.0,0.9,60,0.25,60,skewed,3,132,4.932969580678646,4.861224123352052,1.4544070494090506,131,1.1723743888146292,9.982029897000858,0.8213275969410171,0.46175205532234154,0.1786724030589829,0.4737668853257553,0.6699540659782961,1.2976675004919325,5.088160925608776,0.5382479446776585,0.004955273041675938,2.5717137987484167,11.635697153575164,0.016560048741410965
2.0,0.9,60,0.25,60,skewed,4,132,3.9553790413502448,3.8074661704522508,3.7395372062117485,130,0.9499959908862415,9.982029897000858,0.7643743030531931,0.6092051357317735,0.23562569694680696,0.0,-8.402936230664476,1.5675745836396968,5.353022610702545,0.3907948642682265,0.008243253431315514,3.513502088443652,6.40330455197831,0.0012589148237995469
2.0,0.9,60,0.5,20,balanced,0,80,5.053757210595794,5.16758976298953,-2.2524341326700914,80,2.7983733240493733,9.982029897000858,0.9228963434048161,0.21461073988659557,0.07710365659518398,4.933212589849895,5.406756446176202,1.203034747001349,5.14581131187975,0.7853892601134045,0.004628411386250305,1.2693435809953526,36.530227142304604,0.03218279200182998
2.0,0.9,60,0.5,20,balanced,1,80,6.545065661634264,6.643021732119178,-1.4966399964344252,80,2.8532915479728684,9.982029897000858,0.9271649524771124,0.3340173698161407,0.07283504752288755,4.868611690603473,5.706201555884759,1.103676275808215,4.924141909412574,0.6659826301838593,0.0058356026753845144,1.471202408445834,19.902732989718025,0.02841599466136948
2.0,0.9,60,0.5,20,balanced,2,80,4.807260488497314,4.910910463953889,-2.156113148113897,80,2.797809777967207,9.982029897000858,0.9185196911864584,0.37051977268274405,0.08148030881354157,4.5269927599654025,5.234761199495216,1.184542306179295,4.7727497091446045,0.629480227317256,0.005742151654189932,1.4873600558949858,16.95858335212776,0.032330190222018725
2.0,0.9,60,0.5,20,balanced,3,80,6.003819933014737,6.394264229521725,-6.503264602589971,80,2.8218526429365642,9.982029897000858,0.9206836696253988,0.278793467859506,0.07931633037460117,4.572502431315944,5.040305570959412,1.2574984872062587,5.172904904354663,0.721206532140494,0.0049508855438754815,1.316475371108939,25.82235954454503,0.03134112777586257
2.0,0.9,60,0.5,20,balanced,4,80,5.766061977196352,5.854120987449423,-1.527195000701118,80,2.8514156433614657,9.982029897000858,0.9148490177809492,0.39939832413432563,0.08515098221905082,4.368279292926484,5.533784183150865,1.171269517066495,4.413255754094862,0.6006016758656744,0.007602267368841804,1.8226042891338177,15.010638559073342,0.03441534592012735
2.0,0.9,60,0.5,20,skewed,0,44,4.943928343898168,4.632354246289906,6.302156421680527,44,2.2264366637761643,9.982029897000858,0.9051051852650847,0.32584866060357265,0.0948948147349154,5.129251571163523,3.9730114429747037,1.2848276768580973,5.504211041346766,0.6741513393964274,0.005070226191845835,1.0828750111567822,20.651914948778305,0.04849335960281988
2.0,0.9,60,0.5,20,skewed,1,44,3.92465921971248,4.17129802528016,-6.2843368496526235,44,2.070752049534562,9.982029897000858,0.9073964073201143,0.6998433283561455,0.09260359267988572,4.665747606265453,3.7070321360210383,1.1423721579432329,5.406106271150963,0.3001566716438545,0.027595430411825817,2.925248356872286,4.281205162262394,0.04249695389377158
2.0,0.9,60,0.5,20,skewed,2,44,4.901280329678031,4.6662386061923975,4.795516837966172,44,2.664733395886034,9.982029897000858,0.9226944010383817,0.2747569197664679,0.07730559896161826,5.599119841622574,4.073398964535551,1.304494138789317,5.8433874184238235,0.7252430802335321,0.0033223216756275153,0.7316226984647057,26.348374103324865,0.03520867810273603
2.0,0.9,60,0.5,20,skewed,3,44,3.150262071212197,3.208786509828817,-1.857764125449409,44,2.47558069418715,9.982029897000858,0.9134462160735185,0.5884785221859147,0.0865537839264815,5.070416177943743,3.872362029271266,1.305404920001104,5.5649988666017585,0.4115214778140853,0.01375225985470447,2.125781391069573,6.980407168539644,0.040314258605185484
2.0,0.9,60,0.5,20,skewed,4,44,6.5541280799124575,6.467784780631834,1.3173880373997353,44,2.1814364929944343,9.982029897000858,0.9071145572970514,0.5212499941107008,0.09288544270294863,5.3241459502286785,3.9481252772524327,1.281988744979338,5.758037915652437,0.47875000588929917,0.01215364801375508,1.9420881930628038,9.168147579799108,0.04872079830058544
2.0,0.9,60,0.5,60,balanced,0,240,6.876605973799223,6.870675556282431,0.0862404729802419,240,3.0420709902794987,9.982029897000858,0.9192040183669441,0.2186375590332898,0.08079598163305585,4.474805183465568,9.324322478098404,1.2525737791098004,4.684425698700765,0.7813624409667101,0.00396155237769643,1.8643790184859879,35.673574479194144,0.03163012212446047
2.0,0.9,60,0.5,60,balanced,1,240,6.803130138499796,6.82991877171179,-0.39376923073091624,240,2.8993028534818133,9.982029897000858,0.9222679939751712,0.3884631534421389,0.07773200602482877,4.785835546747957,9.557647519168759,1.1971971466567424,4.899250432731053,0.6115368465578611,0.007263282251247841,3.0750832947703004,15.714177860545622,0.031633588266567494
2.0,0.9,60,0.5,60,balanced,2,240,5.836193389106045,5.848839776954258,-0.2166889786726269,240,3.0402457643599465,9.982029897000858,0.9276974724184139,0.36496016030000855,0.072302527581586,4.896185210267236,9.7522979699855,1.1732027694647076,4.9513759898478185,0.6350398396999914,0.006448750574457478,2.7425289253265523,17.368982577334204,0.028196193261760972
2.0,0.9,60,0.5,60,balanced,3,240,5.743365565464457,5.8728017766618,-2.2536648542042625,240,3.067705256354202,9.982029897000858,0.9237417937008001,0.3300443785586015,0.07625820629919994,4.989547771043551,9.714987286079982,1.2707076750526212,5.017694448885383,0.6699556214413984,0.004913399629600267,2.226617375564483,20.262478252464515,0.031221120063131814
2.0,0.9,60,0.5,60,balanced,4,240,5.550559067411991,5.661080012843031,-1.9911678101026138,240,2.8355660520600114,9.982029897000858,0.9113121647497732,0.4403351095854295,0.08868783525022683,4.384883577486196,9.31183926810262,1.2567864350938451,4.554336969140018,0.5596648904145705,0.010777605855025713,4.050205602243379,12.68713656215073,0.037865255953122234
2.0,0.9,60,0.5,60,skewed,0,132,5.4659173151306915,5.465706025483098,0.0038655844099272237,132,2.369265161986931,9.982029897000858,0.9153428133713626,0.500582996627973,0.08465718662863742,4.586527823833598,6.358464397886339,1.1860858372832412,5.415817024686898,0.499417003372027,0.009350307891602318,2.9011753755073895,9.958779048252584,0.03520303657228498
2.0,0.9,60,0.5,60,skewed,1,132,3.438365994775559,3.4350841615589762,0.09544746608037959,132,2.5030095634753504,9.982029897000858,0.9131322257779877,0.39936324941806645,0.08686777422201225,4.509768733520438,6.594644346246679,1.2108629040770935,5.085194349795276,0.6006367505819336,0.007222236560093159,2.408941571866744,15.01283358016237,0.03663628746095657
2.0,0.9,60,0.5,60,skewed,2,132,4.331421008886583,4.440720727845716,-2.523414803938195,132,2.4133461575881503,9.982029897000858,0.9107854804019815,0.5339831329862502,0.08921451959801857,4.692164154356886,6.655161937424859,1.2419531795620684,5.2546710707113435,0.4660168670137498,0.013066994604501236,3.5219790877073853,8.711500442014344,0.04018379777965315
2.0,0.9,60,0.5,60,skewed,3,132,4.033154221911592,4.185016004912092,-3.7653353837910615,132,2.469044175566408,9.982029897000858,0.9201240108436983,0.46463612122570025,0.07987598915630162,5.135108374020351,6.873425592335551,1.2062807270250508,5.627958600452447,0.5353638787742998,0.010450845994694022,3.05489740701406,11.50151268825591,0.035758246923963094
2.0,0.9,60,0.5,60,skewed,4,132,5.420967288504131,5.435933062480363,-0.2760720214631906,132,2.4691641177067245,9.982029897000858,0.9132712088116512,0.39990548780760005,0.0867287911883487,4.789709024900583,6.792101065846488,1.231259009341557,5.250999494700185,0.6000945121924,0.008295431981659,2.671223395056164,14.978942636097635,0.03901492835868739
2.0,0.9,120,0.1,20,balanced,0,80,2.0593291886923595,2.0593291886923595,0.0,79,0.6426880177334353,9.999967707539822,0.5601187470569249,0.07022531234266487,0.4398812529430751,0.0,-9156.39131555904,2.054604368702108,4.073016439002696,0.9297746876573352,0.0,-1.471459465024591,132.39836950091453,0.0
2.0,0.9,120,0.1,20,balanced,1,80,3.4360458673131995,3.3830514831713767,1.5423072388513108,79,0.6259397024929342,9.999967707539822,0.647390562202769,0.3856319166704011,0.352609437797231,0.0,-3300.1195027002295,1.6723882733450706,4.915644279789498,0.6143680833295989,8.527689317571092e-05,0.07761372527942327,15.931412127098648,3.2187604868850315e-05
2.0,0.9,120,0.1,20,balanced,2,80,2.9000617683304406,2.8429177352354236,1.9704419305494563,80,0.5264508740183973,9.999967707539822,0.6429359819892113,0.4001312924739831,0.3570640180107887,0.0,-2535.675463180728,1.545727248537669,5.28693672810002,0.599868707526017,0.0018144737809221018,1.3810370456893795,14.991748500684581,0.0006529247203073266
2.0,0.9,120,0.1,20,balanced,3,80,2.6568059134174393,2.594863137156748,2.331475398630632,79,0.809578363392561,9.999967707539822,0.5804318192291131,0.06040734774335855,0.41956818077088687,0.0,-83.55638953884494,2.1764133545227033,3.719095899668751,0.9395926522566415,0.0,-1.1359856213482507,155.5422731143023,0.0
2.0,0.9,120,0.1,20,balanced,4,80,4.967692195408668,4.915917095349078,1.0422364756705862,78,0.5870958000168707,9.999967707539822,0.5802487975213148,0.17411409761158048,0.41975120247868525,0.0,-5777.076798827777,1.8852766911362,4.443336251054092,0.8258859023884195,0.0,-0.6876956531356894,47.43345006112405,0.0
2.0,0.9,120,0.1,20,skewed,0,44,3.1952851549662746,3.1960046196176983,-0.022516445842258155,41,0.28911637045497374,9.999967707539822,0.6335656752956905,0.5392935761819894,0.3664343247043095,0.0,-302.9439063505603,0.9225742040246995,5.5615245285352755,0.46070642381801064,0.0,-0.5597881163721579,8.542748447798258,0.0
2.0,0.9,120,0.1,20,skewed,1,44,2.1853762598711053,2.169149847547878,0.7424997068552504,43,0.3401062665306706,9.999967707539822,0.37203392974643346,0.4746585582148176,0.6279660702535665,0.0,-682.5866392177825,2.361110240548395,4.113354507233261,0.5253414417851824,0.001171882449589213,0.9310878389123864,11.06773987820249,0.0003234203729063962
2.0,0.9,120,0.1,20,skewed,2,44,2.0821064369969213,2.024940823434562,2.7455663431313826,43,0.3419826598812207,9.999967707539822,0.5080918707070999,0.6932582740030496,0.49190812929290006,0.0,-2093.3333724889444,1.5942167975178838,4.816701850001433,0.3067417259969504,0.005091608181789391,2.1584558077892515,4.424624226715019,0.0004790718907269159
2.0,0.9,120,0.1,20,skewed,3,44,2.3363813355232637,2.2896146590474076,2.0016713780750206,44,0.293288199180604,9.999967707539822,0.42376695177300344,0.039147113847374265,0.5762330482269966,0.0,-1194.3207368461942,1.8300776522894395,4.590321372331963,0.9608528861526258,0.0,-0.8819901704874649,245.44588065122892,0.0
2.0,0.9,120,0.1,20,skewed,4,44,0.9851434901994411,0.9789128612800525,0.6324590256519133,44,0.21190581292254104,9.999967707539822,0.4713844597234411,0.18863980325824067,0.5286155402765589,0.0,-995.0634385517121,1.5203375221264355,6.400066381000279,0.8113601967417593,0.0,-1.4989502595591568,43.0109426879203,0.0
2.0,0.9,120,0.1,60,balanced,0,240,2.60286272104863,2.555865801396678,1.8055857987400137,235,0.4850907730241708,9.999967707539822,0.6009507442489368,0.3183868820990685,0.3990492557510632,0.0,-10494.449570318295,1.4907424422342535,4.628090905801089,0.6816131179009315,0.0007565422094517622,1.169760342171941,21.408260048615833,0.0003514868191083153
2.0,0.9,120,0.1,60,balanced,1,240,2.4127143920708125,2.3659847457269447,1.9368080406632846,232,0.48362877587137476,9.999967707539822,0.5117050538433409,0.2899903313140442,0.48829494615665914,0.0,-4985.941706871771,1.7130023880143743,3.712017000375395,0.7100096686859558,0.0,-0.07113068127326468,24.483829259850737,0.0
2.0,0.9,120,0.1,60,balanced,2,240,2.334190064670272,2.3194622364791044,0.6309609664647345,231,0.41995980787699555,9.999967707539822,0.4645287106672101,0.321466372372627,0.5354712893327899,0.0,-7095.154244635895,1.8099020764664928,3.738753916761658,0.678533627627373,0.0010754356688647332,1.6524372405982455,21.10738462214144,0.0004951390604878082
2.0,0.9,120,0.1,60,balanced,3,240,3.109177842517314,3.073987136488462,1.1318331665569856,236,0.5256251700629823,9.999967707539822,0.6108533008570609,0.3167343542135604,0.38914669914293903,0.0,-2265.846969124743,1.5043935490274962,4.492910161649729,0.6832656457864397,0.0,-0.012793998096106403,21.572129144313745,0.0
2.0,0.9,120,0.1,60,balanced,4,240,2.26293275307782,2.224959979773781,1.6780336601868557,235,0.5798595000050734,9.999967707539822,0.5943730773119942,0.18586041185126698,0.4056269226880058,0.0,-7632.000716373167,1.566408238954903,3.9597651942200436,0.814139588148733,0.0003180826747380787,0.4849116100114129,43.80367776991775,0.00021083259827929066
2.0,0.9,120,0.1,60,skewed,0,132,1.8698513394708072,1.852192330443832,0.9444071116355696,126,0.2994680557977335,9.999967707539822,0.5066733525370021,0.25696242089043453,0.4933266474629979,0.0,-8705.633100105608,1.4909711870052618,5.113579284094367,0.7430375791095655,0.0006935685101039533,0.9514370943982847,28.916102871526206,0.00038292253405275753
2.0,0.9,120,0.1,60,skewed,1,132,1.47234905281249,1.45154375145426,1.41306854638088,128,0.35966873035325525,9.999967707539822,0.47704855953713793,0.31822921832507134,0.5229514404628621,0.0,-3904.1657701243344,1.756531163444927,4.4550820270259965,0.6817707816749287,0.0006444576959614978,0.8382447613886707,21.423820969604368,0.0002995512830922583
2.0,0.9,120,0.1,60,skewed,2,132,1.4488949066037522,1.4748942958805948,-1.794428923612265,127,0.36067469985694645,9.999967707539822,0.4990099145892079,0.4029595243595011,0.500990085410792,0.0,-734.3219914300817,1.7899959454375327,4.945242590636783,0.5970404756404989,0.0015658861771954977,1.6766103391797633,14.816340390487245,0.0005581716051071148
2.0,0.9,120,0.1,60,skewed,3,132,1.4587102961071552,1.4508453311201648,0.5391725147878614,128,0.24274057588514517,9.999967707539822,0.41957728653922854,0.3014076708754023,0.5804227134607715,0.0,-9782.431188026689,1.6884860592761348,5.033065899120061,0.6985923291245977,0.0003784181818563808,0.6014879704417692,23.177581087074856,0.00018467989540471577
2.0,0.9,120,0.1,60,skewed,4,132,1.7428767176581925,1.6982916269467268,2.558132210944461,131,0.34158954646463424,9.999967707539822,0.5396716514485952,0.1513471572847762,0.4603283485514048,0.0,-2837.370033494237,1.580912827559331,5.434578066024445,0.8486528427152238,0.00018352798772532965,0.2612778729567873,56.07307843976105,0.00013217899439259167
2.0,0.9,120,0.25,20,balanced,0,80,4.108039950445353,4.055820995145296,1.271140396149179,80,1.4422960557871065,9.999967707539822,0.8241509143153423,0.5660023024603218,0.17584908568465768,0.0,-1750.3788956353108,1.5147495797653816,4.92213428077134,0.4339976975396782,0.008132137983629198,2.5469962922890184,7.667747890208731,0.0015317207297206388
2.0,0.9,120,0.25,20,balanced,1,80,4.180523655621738,4.175236719684718,0.1264658777832928,80,1.6365898522503426,9.999967707539822,0.8494501678110296,0.29988398271079253,0.1505498321889704,0.0,-19.14535221447412,1.3309939242211526,4.589050479175451,0.7001160172892075,0.003029389904370239,1.184785926806489,23.346153739645874,0.0014848931401635602
2.0,0.9,120,0.25,20,balanced,2,80,4.3692323256667756,4.179678403292731,4.338380480720203,80,1.544610731172754,9.999967707539822,0.8097883685100228,0.3407045763699891,0.19021163148997722,0.0,-2.821661170797416,1.5624253557257233,4.306745229882541,0.6592954236300109,0.001142026757220426,0.5129453794644905,19.350878747426282,0.0004964052908906348
2.0,0.9,120,0.25,20,balanced,3,80,5.779917387435012,5.598826702979322,3.1331016053856473,80,1.4111881024278259,9.999967707539822,0.8190416676875848,0.36223808634997096,0.1809583323124152,2.001841492974646,2.256480139401322,1.4380572294656215,4.615565191279045,0.637761913650029,0.0025722220673997185,1.0886346285706985,17.606096050975346,0.06659836371320775
2.0,0.9,120,0.25,20,balanced,4,80,4.480266901801702,4.4030573800047685,1.7233241565560382,80,1.4368489474946178,9.999967707539822,0.8301275719006005,0.3657391445744348,0.16987242809939945,0.0,-14.716450251227192,1.3763585573887733,4.681425756861853,0.6342608554255652,0.0051591802358468535,1.829259977805089,17.34183547618978,0.002075470276537125
2.0,0.9,120,0.25,20,skewed,0,44,1.7123880536436675,1.8175808592880394,-6.143047156895285,44,1.1734917922952188,9.999967707539822,0.8512221287805599,0.33781181649894093,0.14877787121944003,0.0,-18.230516825456775,1.1294747243673597,5.525635518755959,0.662188183501059,0.0006449372748856819,0.27102713096486136,19.602216760661495,0.00028280060325214517
2.0,0.9,120,0.25,20,skewed,1,44,3.16536932531311,3.478651625011029,-9.897179997058634,44,1.1206163032349994,9.999967707539822,0.8354984534790051,0.5702764558211424,0.1645015465209949,0.40737454868949996,0.2903545376817871,1.2987211912692171,5.908053170944149,0.4297235441788576,0.008586046908767617,2.0137877511632842,7.535330489438771,0.012609383786288803
2.0,0.9,120,0.25,20,skewed,2,44,3.0219306083268744,2.9690873191544696,1.7486599138575905,44,1.1715496652472819,9.999967707539822,0.7898880508227161,0.4997506996731352,0.21011194917728393,0.0,-85.46003847147942,1.3344229189397574,4.282930673123107,0.5002493003268649,0.005357594191482526,1.537447830716337,10.00994466292881,0.0013407345308317547
2.0,0.9,120,0.25,20,skewed,3,44,3.8691882740782715,3.6237603639699945,6.343136924934043,44,1.1717740536007213,9.999967707539822,0.8438130630262888,0.3743687255145455,0.15618693697371122,0.0,-148.3632215352552,1.2929248795136752,5.964492179366671,0.6256312744854545,0.004068870825293461,1.2765040322508054,16.71157902702118,0.0015926150055264735
2.0,0.9,120,0.25,20,skewed,4,44,4.850658305589799,4.688599778278165,3.340959455438875,44,1.0426096469581168,9.999967707539822,0.856869542602136,0.4702114470090357,0.14313045739786395,0.0,-14.476593042046288,1.0067006435767034,5.780464741713137,0.5297885529909643,0.006325116916002,1.7137476855876412,11.266991595872586,0.0017753079518230011
2.0,0.9,120,0.25,60,balanced,0,240,4.318492624217345,4.219009343933328,2.303657524529111,240,1.417658535326466,9.999967707539822,0.8291139224612949,0.45700133168455936,0.17088607753870505,0.0,-2.2340725447676477,1.408394747102155,4.820159196145951,0.5429986683154406,0.005802276734633785,3.4822772774194264,11.881735942379084,0.0017107871016329888
2.0,0.9,120,0.25,60,balanced,1,240,5.1341118390479386,5.013126402752709,2.3565017687200354,240,1.4451329691948842,9.999967707539822,0.8468437868667338,0.4237526173394575,0.15315621313326627,0.0,-26.485771211348368,1.315162083651842,5.031995725813109,0.5762473826605425,0.00415512976335029,2.7441573718838717,13.598630385670543,0.00137975673557992
2.0,0.9,120,0.25,60,balanced,2,240,4.498418077360678,4.368031400127136,2.898500650478503,240,1.3943143955554558,9.999967707539822,0.8164030080451103,0.33818408370888176,0.18359699195488965,0.0,-25.006105177070232,1.408182602768106,4.491126029337277,0.6618159162911182,0.0033391561950243346,2.376017672926641,19.569631186262857,0.001462551438729446
2.0,0.9,120,0.25,60,balanced,3,240,4.750292423860736,4.62225368275691,2.6953865084323327,240,1.5669031210607922,9.999967707539822,0.8542306804613922,0.38414584934776735,0.14576931953860778,0.0,-92.03973817695199,1.3356235813807091,4.995186229050903,0.6158541506522326,0.00317743073642183,2.2358444461801184,16.03172760953452,0.0012051242840310956
2.0,0.9,120,0.25,60,balanced,4,240,4.781876292328024,4.719737264377526,1.2994695837320633,240,1.5214483453632295,9.999967707539822,0.8441836384339035,0.37902736793856673,0.15581636156609646,0.0,-141.95366439142478,1.3919183021574109,4.95656707795759,0.6209726320614333,0.00386661929881065,2.5751235318526415,16.383266204900586,0.0014909955057306583
2.0,0.9,120,0.25,60,skewed,0,132,3.955497489192563,3.800731187401513,3.9126886621445642,132,1.1078155196268176,9.999967707539822,0.7945281993063251,0.4775103684882117,0.20547180069367482,0.0,-111.22246042443973,1.5223638623225806,5.313909981974501,0.5224896315117883,0.004537871604245371,2.4305789091723518,10.941918306788034,0.0012388181419870539
2.0,0.9,120,0.25,60,skewed,1,132,3.1026975572651367,2.9866571121907977,3.739985703815185,132,0.9697783833935874,9.999967707539822,0.8092792517111036,0.5679065803073744,0.19072074828889646,0.0,-3.7865797358697435,1.242286690847159,5.436201473892972,0.4320934196926256,0.00609955301183405,3.0131293760617055,7.608505330626823,0.001138815357582311
2.0,0.9,120,0.25,60,skewed,2,132,3.400061136905254,3.318417287088555,2.4012465226143376,132,1.0183907582471878,9.999967707539822,0.7326395530990455,0.5940070898762119,0.26736044690095445,0.0,-169.95307622279108,1.6780163685078717,4.517443810105341,0.40599291012378813,0.008448629618285831,3.6197313842698855,6.83479382640713,0.0013925896735970645
2.0,0.9,120,0.25,60,skewed,3,132,4.0372211387137344,4.014941757746701,0.5518494083316784,131,0.8780930708250682,9.999967707539822,0.7886124534174297,0.5821833961071762,0.21138754658257025,0.0,-71.13499101981192,1.2970393924251424,5.511832884756539,0.4178166038928238,0.006608703824970941,3.182418396306281,7.176694791606569,0.0011536861485682772
2.0,0.9,120,0.25,60,skewed,4,132,3.419142146878461,3.373957002767243,1.3215345303052075,132,0.956246238959358,9.999967707539822,0.7991619273773471,0.45535345019075163,0.2008380726226528,0.0,-8.055522559595321,1.3065980797912715,5.437108781243874,0.5446465498092483,0.002614617599149773,1.6220905569439323,11.960923778734731,0.000775599809596705
2.0,0.9,120,0.5,20,balanced,0,80,5.20458792861104,5.21183319029854,-0.13920913215186742,80,2.8762257975794236,9.999967707539822,0.9180409657719131,0.4826919862424727,0.08195903422808692,4.618877650437638,5.302131287164163,1.2501717772103351,4.868693728757755,0.5173080137575272,0.010307478334566685,2.2677115969903365,10.717110662426103,0.0337846690115637
2.0,0.9,120,0.5,20,balanced,1,80,4.90039138241176,4.9095933983403715,-0.18778124460913242,80,2.713163855997771,9.999967707539822,0.9186685290617453,0.4187131995265392,0.08133147093825466,4.351402172897938,5.350519516747969,1.0975291376257736,4.5692634591176695,0.5812868004734608,0.009268942480359633,2.170875237085913,13.882651036859222,0.03191561386512344
2.0,0.9,120,0.5,20,balanced,2,80,5.8455744424482665,5.765766227390181,1.3652758312091615,80,3.2677561882333315,9.999967707539822,0.9314315223465599,0.4526901229064435,0.06856847765344004,4.740600859446254,5.595631174871467,1.1408260798396581,4.742385353342569,0.5473098770935565,0.009656172985121444,2.1228265278503873,12.090127042785655,0.02518106855389533
2.0,0.9,120,0.5,20,balanced,3,80,5.541756073553557,5.920102726993136,-6.827197884893012,80,3.1556488469976633,9.999967707539822,0.9329433190044654,0.35148241324027185,0.06705668099553458,4.807314843220062,5.666039826647947,1.0959615884769964,4.833021817246174,0.6485175867597281,0.004673272656861065,1.2072699689991642,18.450866049265777,0.02358202647988944
2.0,0.9,120,0.5,20,balanced,4,80,6.31824729462079,6.0255160162397905,4.633108910286315,80,2.9064142248919103,9.999967707539822,0.9157480000697739,0.3637770781033548,0.08425199993022614,4.386657551414302,5.472144164376146,1.1868041684747563,4.4399811818846295,0.6362229218966452,0.004884251896251735,1.3134308010214306,17.489306107284413,0.033115293295465364
2.0,0.9,120,0.5,20,skewed,0,44,3.481087652615078,3.354887090397547,3.6253198658392334,44,2.479250647033588,9.999967707539822,0.9301130586423434,0.26635062532884834,0.06988694135765666,5.650105688556538,4.216281905399057,1.0809284244866781,5.803108027124526,0.7336493746711517,0.002547084081129955,0.5856038921510405,27.544407099890854,0.02896710515044042
2.0,0.9,120,0.5,20,skewed,1,44,3.716030504603192,3.776980330438494,-1.6401863698320267,44,2.248684492080356,9.999967707539822,0.9034007836641715,0.38954800250235194,0.09659921633582846,5.218689147279956,4.084635533721327,1.312835877385551,5.460028853927033,0.6104519974976481,0.007404254404593906,1.3987603932241817,15.67072664412598,0.051456928328509365
2.0,0.9,120,0.5,20,skewed,2,44,4.728853693951941,4.72102164714783,0.1656225231524558,44,2.0912966448860235,9.999967707539822,0.9012554103887687,0.47805201726770546,0.09874458961123128,5.066804438800741,3.5427099232909702,1.3876079518616857,6.0562754507945655,0.5219479827322946,0.008023218682579054,1.560388856836075,10.91819045586338,0.05158960919772746
2.0,0.9,120,0.5,20,skewed,3,44,3.8132780829123427,3.8821411934125996,-1.8058769647259376,44,2.2569687025664265,9.999967707539822,0.9264014710243776,0.5157033515406603,0.07359852897562236,5.684823204837625,4.127935365500333,1.0751597939200737,6.000196088019441,0.48429664845933973,0.011894910107023773,1.947242973585594,9.390962519430753,0.03358309975811671
2.0,0.9,120,0.5,20,skewed,4,44,4.061499525548527,3.967350872596462,2.318076177525829,44,2.0190770477734175,9.999967707539822,0.9063674968082169,0.34349745586116925,0.09363250319178312,5.099875172049539,3.702032859224481,1.2255251803574867,5.876201817336479,0.6565025441388308,0.0016201390749745626,0.4378911723017073,19.11223541626291,0.04540911126009894
2.0,0.9,120,0.5,60,balanced,0,240,6.5666745277312675,6.5926204319144395,-0.39511481913107843,240,2.848694476797643,9.999967707539822,0.9222681147737037,0.31140942498660346,0.0777318852262962,4.63190212433619,9.586264587734366,1.1367005161379538,4.73435538956067,0.6885905750133965,0.004725430135325285,2.1927963105420356,22.111994568393257,0.030227687676541187
2.0,0.9,120,0.5,60,balanced,1,240,7.150111721788174,7.13526232687267,0.20768059987445978,240,2.860831789454222,9.999967707539822,0.9113228521196934,0.4256826627759099,0.0886771478803065,4.285925810746544,9.16237382792144,1.246070697730328,4.47645457373457,0.5743173372240902,0.00795080876205179,3.3026551983244494,13.491634328421082,0.036325460855385884
2.0,0.9,120,0.5,60,balanced,2,240,7.15056745525345,7.265444888669141,-1.6065498876077644,240,3.0054837209484253,9.999967707539822,0.9181199647560131,0.42781679817859025,0.0818800352439869,4.522888116280996,9.188387115799962,1.2709775026589614,4.74190490021381,0.5721832018214097,0.008576804672252834,3.462684774603055,13.374448047321163,0.03313097158864331
2.0,0.9,120,0.5,60,balanced,3,240,6.549308638094031,6.482679636678523,1.0173440449570537,240,3.031619522633049,9.999967707539822,0.9278365106372782,0.3634400644081983,0.07216348936272177,5.018754820031924,9.545149061711987,1.1999271342483153,5.089020462430921,0.6365599355918017,0.006034700848703289,2.724046251542964,17.514796587428883,0.028580825398358087
2.0,0.9,120,0.5,60,balanced,4,240,5.89423823864843,5.90175993850084,-0.12761105927293195,240,2.712492263753022,9.999967707539822,0.9082109429483505,0.34173558634741763,0.09178905705164947,4.55068371042082,9.227178722698607,1.296628046725607,4.730540160657529,0.6582644136525824,0.005931499627025941,2.7111269320705484,19.262327783611,0.04091075163634143
2.0,0.9,120,0.5,60,skewed,0,132,5.06439812531823,4.974565604861848,1.7738044725845397,132,2.2847313831529865,9.999967707539822,0.9151320399494616,0.43163738168244054,0.08486796005053843,4.408516927107497,6.225176336701727,1.1219416339534132,5.295958927417889,0.5683626183175594,0.0098555263083966,3.050145253992992,13.1675523727689,0.03493634504501547
2.0,0.9,120,0.5,60,skewed,1,132,4.737757086938159,4.66427013444534,1.551091606098166,132,2.2764496085823867,9.999967707539822,0.9220785328355801,0.558451309013229,0.07792146716441994,5.352948569044874,6.9594902132026935,1.1197835345433573,5.821244730544274,0.44154869098677096,0.011791461722519058,3.3795800609805546,7.906638555429713,0.03480071772149159
2.0,0.9,120,0.5,60,skewed,2,132,7.383204224556475,7.441085709710912,-0.7839615889524532,132,2.3033958738311417,9.999967707539822,0.9097142831396148,0.45550975116457737,0.09028571686038517,4.914489402639933,6.203095365074596,1.349372518637969,5.904199942085333,0.5444902488354226,0.008163677991025447,2.663027526754591,11.953388245814502,0.042480795400505186
2.0,0.9,120,0.5,60,skewed,3,132,5.280401002229085,5.293911578252823,-0.25586268955775854,132,2.0935178155392133,9.999967707539822,0.908187262117748,0.49788653283266004,0.09181273788225192,5.028053936431667,7.039069019768937,1.1328449461686316,5.3537477406545975,0.50211346716734,0.010634075376322143,3.1813387809822578,10.084864976417945,0.04506541816895674
2.0,0.9,120,0.5,60,skewed,4,132,3.936395045005395,3.940509210406345,-0.10451607000598025,132,2.2467727478241812,9.999967707539822,0.9022352296465399,0.4790598751290832,0.09776477035346015,5.061173052006897,6.896465609963243,1.325940440973162,5.446309367031661,0.5209401248709168,0.01091423699942946,3.1794922197142896,10.874182324009615,0.051336331109971406
