protocol,model,pit
fixed,TSB-HB,0.0
fixed,TSB-HB,0.8827010914715028
fixed,TSB-HB,0.0
fixed,TSB-HB,0.0
fixed,TSB-HB,0.0
fixed,TSB-HB,0.0
fixed,TSB-HB,0.0
fixed,TSB-HB,0.0
fixed,TSB-HB,0.0
fixed,TSB-HB,0.0
fixed,TSB-HB,0.0
fixed,TSB-HB,0.0
fixed,TSB-HB,0.0
fixed,TSB-HB,0.0
fixed,TSB-HB,0.0
fixed,TSB-HB,0.0
fixed,TSB-HB,0.0
fixed,TSB-HB,0.0
fixed,TSB-HB,0.0
fixed,TSB-HB,0.0
fixed,TSB-HB,0.0
fixed,TSB-HB,0.0
fixed,TSB-HB,0.0
fixed,TSB-HB,0.0
fixed,TSB-HB,0.0
fixed,TSB-HB,0.0
fixed,TSB-HB,0.0
fixed,TSB-HB,0.0
fixed,TSB-HB,0.0
fixed,TSB-HB,0.0
fixed,TSB-HB,0.0
fixed,TSB-HB,0.0
fixed,TSB-HB,0.0
fixed,TSB-HB,0.0
fixed,TSB-HB,0.0
fixed,TSB-HB,0.0
fixed,TSB-HB,0.0
fixed,TSB-HB,0.0
fixed,TSB-HB,0.0
fixed,TSB-HB,0.0
fixed,TSB-HB,0.0
fixed,TSB-HB,0.0
fixed,TSB-HB,0.8062585785653975
fixed,TSB-HB,0.0
fixed,TSB-HB,0.0
fixed,TSB-HB,0.0
fixed,TSB-HB,0.0
fixed,TSB-HB,0.9345575601481702
fixed,TSB-HB,0.0
fixed,TSB-HB,0.0
fixed,TSB-HB,0.0
fixed,TSB-HB,0.0
fixed,TSB-HB,0.0
fixed,TSB-HB,0.0
fixed,TSB-HB,0.9592037724560091
fixed,TSB-HB,0.9000417390862123
fixed,TSB-HB,0.0
fixed,TSB-HB,0.0
fixed,TSB-HB,0.0
fixed,TSB-HB,0.0
fixed,TSB-HB,0.0
fixed,TSB-HB,0.0
fixed,TSB-HB,0.0
fixed,TSB-HB,0.0
fixed,TSB-HB,0.0
fixed,TSB-HB,0.0
fixed,TSB-HB,0.9187668983762803
fixed,TSB-HB,0.0
fixed,TSB-HB,0.0
fixed,TSB-HB,0.0
fixed,TSB-HB,0.0
fixed,TSB-HB,0.0
fixed,TSB-HB,0.0
fixed,TSB-HB,0.0
fixed,TSB-HB,0.0
fixed,TSB-HB,0.0
fixed,TSB-HB,0.0
fixed,TSB-HB,0.0
fixed,TSB-HB,0.0
fixed,TSB-HB,0.8424204716282933
fixed,TSB-HB,0.8424204716282933
fixed,TSB-HB,0.0
fixed,TSB-HB,0.0
fixed,TSB-HB,0.0
fixed,TSB-HB,0.0
fixed,TSB-HB,0.0
fixed,TSB-HB,0.0
fixed,TSB-HB,0.0
fixed,TSB-HB,0.7873953870435266
fixed,TSB-HB,0.0
fixed,TSB-HB,0.0
fixed,TSB-HB,0.8238338788660242
fixed,TSB-HB,0.0
fixed,TSB-HB,0.8238338788660242
fixed,TSB-HB,0.0
fixed,TSB-HB,0.8238338788660242
fixed,TSB-HB,0.0
fixed,TSB-HB,1.0
fixed,TSB-HB,0.0
fixed,TSB-HB,0.0
fixed,TSB-HB,1.0
fixed,TSB-HB,0.9739822382765928
fixed,TSB-HB,0.0
fixed,TSB-HB,0.0
fixed,TSB-HB,0.0
fixed,TSB-HB,0.0
fixed,TSB-HB,0.0
fixed,TSB-HB,0.0
fixed,TSB-HB,0.0
fixed,TSB-HB,0.7401289598393751
fixed,TSB-HB,0.0
fixed,TSB-HB,0.0
fixed,TSB-HB,0.0
fixed,TSB-HB,0.0
fixed,TSB-HB,0.0
fixed,TSB-HB,0.0
fixed,TSB-HB,0.0
fixed,TSB-HB,0.0
fixed,TSB-HB,0.0
fixed,TSB-HB,0.0
fixed,TSB-HB,0.0
fixed,TSB-HB,0.0
fixed,TSB-HB,0.8468378369384747
fixed,TSB-HB,0.0
fixed,TSB-HB,0.8468378369384747
fixed,TSB-HB,0.0
fixed,TSB-HB,0.0
fixed,TSB-HB,0.0
fixed,TSB-HB,0.0
fixed,TSB-HB,0.0
fixed,TSB-HB,0.0
fixed,TSB-HB,0.0
fixed,TSB-HB,0.0
fixed,TSB-HB,0.0
fixed,TSB-HB,0.0
fixed,TSB-HB,0.9517024618979782
fixed,TSB-HB,0.8694523148946584
fixed,TSB-HB,0.0
fixed,TSB-HB,0.8488865060335736
fixed,TSB-HB,0.8488865060335736
fixed,TSB-HB,0.8488865060335736
fixed,TSB-HB,0.8488865060335736
fixed,TSB-HB,0.0
fixed,TSB-HB,0.0
fixed,TSB-HB,0.0
fixed,TSB-HB,0.0
fixed,TSB-HB,0.0
fixed,TSB-HB,0.0
fixed,TSB-HB,0.0
fixed,TSB-HB,0.0
fixed,TSB-HB,0.0
fixed,TSB-HB,0.0
fixed,TSB-HB,0.9709211176371202
fixed,TSB-HB,0.0
fixed,TSB-HB,0.0
fixed,TSB-HB,0.0
fixed,TSB-HB,0.0
fixed,TSB-HB,0.0
fixed,TSB-HB,0.8021873387191124
fixed,TSB-HB,0.0
fixed,TSB-HB,0.0
fixed,TSB-HB,0.0
fixed,TSB-HB,0.9164092737091957
fixed,TSB-HB,0.0
fixed,TSB-HB,0.0
fixed,TSB-HB,0.0
fixed,TSB-HB,0.0
fixed,TSB-HB,0.0
fixed,TSB-HB,0.0
fixed,TSB-HB,0.0
fixed,TSB-HB,0.0
fixed,TSB-HB,0.0
fixed,TSB-HB,0.0
fixed,TSB-HB,0.0
fixed,TSB-HB,0.0
fixed,TSB-HB,0.0
fixed,TSB-HB,0.0
fixed,TSB-HB,0.0
fixed,TSB-HB,0.0
fixed,TSB-HB,0.0
fixed,TSB-HB,0.0
fixed,TSB-HB,0.0
fixed,TSB-HB,0.0
fixed,TSB-HB,1.0
fixed,TSB-HB,0.0
fixed,TSB-HB,0.0
fixed,TSB-HB,0.0
fixed,TSB-HB,0.0
fixed,TSB-HB,0.0
fixed,TSB-HB,0.0
fixed,TSB-HB,0.0
fixed,TSB-HB,0.8702897600652795
fixed,TSB-HB,0.0
fixed,TSB-HB,0.0
fixed,TSB-HB,0.9318255689459162
fixed,TSB-HB,0.0
fixed,TSB-HB,0.0
fixed,TSB-HB,0.0
fixed,TSB-HB,0.0
fixed,TSB-HB,0.0
fixed,TSB-HB,0.0
fixed,TSB-HB,0.0
fixed,TSB-HB,0.0
fixed,TSB-HB,0.9201078562881911
fixed,TSB-HB,0.0
fixed,TSB-HB,0.0
fixed,TSB-HB,0.9212203686562339
fixed,TSB-HB,0.0
fixed,TSB-HB,0.0
fixed,TSB-HB,0.9212203686562339
fixed,TSB-HB,0.836976116146322
fixed,TSB-HB,0.0
fixed,TSB-HB,0.0
fixed,TSB-HB,0.836976116146322
fixed,TSB-HB,0.836976116146322
fixed,TSB-HB,0.0
fixed,TSB-HB,0.0
fixed,TSB-HB,0.8448747208339803
fixed,TSB-HB,0.0
fixed,TSB-HB,0.0
fixed,TSB-HB,0.8448747208339803
fixed,TSB-HB,0.0
fixed,TSB-HB,0.0
fixed,TSB-HB,0.0
fixed,TSB-HB,0.0
fixed,TSB-HB,0.0
fixed,TSB-HB,0.0
fixed,TSB-HB,0.0
fixed,TSB-HB,0.0
fixed,TSB-HB,0.8478104625541423
fixed,TSB-HB,0.0
fixed,TSB-HB,0.8478104625541423
fixed,TSB-HB,0.0
fixed,TSB-HB,0.0
fixed,TSB-HB,0.0
fixed,TSB-HB,0.0
fixed,TSB-HB,0.0
fixed,TSB-HB,0.0
fixed,TSB-HB,0.0
fixed,TSB-HB,0.0
fixed,TSB-HB,0.8190033935204373
fixed,TSB-HB,0.0
fixed,TSB-HB,0.0
fixed,TSB-HB,0.0
fixed,TSB-HB,0.0
fixed,TSB-HB,0.0
fixed,TSB-HB,0.0
fixed,TSB-HB,0.8701451720275064
fixed,TSB-HB,0.0
fixed,TSB-HB,0.0
fixed,TSB-HB,0.0
fixed,TSB-HB,0.0
fixed,TSB-HB,0.0
fixed,TSB-HB,0.0
fixed,TSB-HB,0.0
fixed,TSB-HB,0.0
fixed,TSB-HB,0.0
fixed,TSB-HB,0.0
fixed,TSB-HB,0.0
fixed,TSB-HB,0.0
fixed,TSB-HB,0.0
fixed,TSB-HB,0.0
fixed,TSB-HB,0.0
fixed,TSB-HB,0.0
fixed,TSB-HB,0.0
fixed,TSB-HB,0.0
fixed,TSB-HB,0.0
fixed,TSB-HB,0.0
fixed,TSB-HB,0.0
fixed,TSB-HB,0.0
fixed,TSB-HB,0.0
fixed,TSB-HB,0.0
fixed,TSB-HB,0.0
fixed,TSB-HB,0.0
fixed,TSB-HB,0.8647877067439936
fixed,TSB-HB,0.0
fixed,TSB-HB,0.0
fixed,TSB-HB,0.0
fixed,TSB-HB,0.0
fixed,TSB-HB,0.0
fixed,TSB-HB,0.0
fixed,TSB-HB,0.0
fixed,TSB-HB,0.0
fixed,TSB-HB,0.0
fixed,TSB-HB,0.0
fixed,TSB-HB,0.0
fixed,TSB-HB,0.0
fixed,TSB-HB,0.0
fixed,TSB-HB,0.0
fixed,TSB-HB,0.7526857793812923
fixed,TSB-HB,0.0
fixed,TSB-HB,0.0
fixed,TSB-HB,0.0
fixed,TSB-HB,0.0
fixed,TSB-HB,0.0
fixed,TSB-HB,0.0
fixed,TSB-HB,0.0
fixed,TSB-HB,0.0
fixed,TSB-HB,0.8542475635647538
fixed,TSB-HB,0.0
fixed,TSB-HB,0.0
fixed,TSB-HB,0.0
fixed,TSB-HB,0.0
fixed,TSB-HB,0.0
fixed,TSB-HB,0.0
fixed,TSB-HB,0.0
fixed,TSB-HB,0.0
fixed,TSB-HB,0.0
fixed,TSB-HB,0.0
fixed,TSB-HB,0.0
fixed,TSB-HB,0.0
fixed,TSB-HB,0.0
fixed,TSB-HB,0.0
fixed,TSB-HB,0.0
fixed,TSB-HB,0.0
fixed,TSB-HB,0.0
fixed,TSB-HB,0.0
fixed,TSB-HB,0.0
fixed,TSB-HB,0.0
fixed,TSB-HB,0.8616704553770974
fixed,TSB-HB,0.0
fixed,TSB-HB,0.0
fixed,TSB-HB,0.0
fixed,TSB-HB,0.0
fixed,TSB-HB,0.0
fixed,TSB-HB,0.0
fixed,TSB-HB,0.0
fixed,TSB-HB,0.0
fixed,TSB-HB,0.0
fixed,TSB-HB,0.0
fixed,TSB-HB,0.0
fixed,TSB-HB,0.0
fixed,TSB-HB,0.9533485267588493
fixed,TSB-HB,0.0
fixed,TSB-HB,0.0
fixed,TSB-HB,0.0
fixed,TSB-HB,0.0
fixed,TSB-HB,0.0
fixed,TSB-HB,0.0
fixed,TSB-HB,0.0
fixed,TSB-HB,0.0
fixed,TSB-HB,0.0
fixed,TSB-HB,0.0
fixed,TSB-HB,0.0
fixed,TSB-HB,0.0
fixed,TSB-HB,0.0
fixed,TSB-HB,0.0
fixed,TSB-HB,0.0
fixed,TSB-HB,0.0
fixed,TSB-HB,0.0
fixed,TSB-HB,0.0
fixed,TSB-HB,0.0
fixed,TSB-HB,0.0
fixed,TSB-HB,0.0
fixed,TSB-HB,0.0
fixed,TSB-HB,0.0
fixed,TSB-HB,0.8408758620378989
fixed,TSB-HB,0.0
fixed,TSB-HB,0.0
fixed,TSB-HB,0.0
fixed,TSB-HB,0.0
fixed,TSB-HB,0.0
fixed,TSB-HB,0.7691331653462308
fixed,TSB-HB,0.0
fixed,TSB-HB,0.0
fixed,TSB-HB,0.0
fixed,TSB-HB,0.0
fixed,TSB-HB,0.0
fixed,TSB-HB,0.0
fixed,TSB-HB,0.0
fixed,TSB-HB,0.0
fixed,TSB-HB,0.0
fixed,TSB-HB,0.0
fixed,TSB-HB,0.0
fixed,TSB-HB,0.0
fixed,TSB-HB,0.0
fixed,TSB-HB,0.0
fixed,TSB-HB,0.0
fixed,TSB-HB,0.0
fixed,TSB-HB,0.0
fixed,TSB-HB,0.0
fixed,TSB-HB,0.86544910612245
fixed,TSB-HB,0.0
fixed,TSB-HB,0.0
fixed,TSB-HB,0.0
fixed,TSB-HB,0.0
fixed,TSB-HB,0.900567255209859
fixed,TSB-HB,0.0
fixed,TSB-HB,0.0
fixed,TSB-HB,0.0
fixed,TSB-HB,0.0
fixed,TSB-HB,0.0
fixed,TSB-HB,0.0
fixed,TSB-HB,0.0
fixed,TSB-HB,0.0
fixed,TSB-HB,0.0
fixed,TSB-HB,0.0
fixed,TSB-HB,0.0
fixed,TSB-HB,0.0
fixed,TSB-HB,0.0
fixed,TSB-HB,0.0
fixed,TSB-HB,0.0
fixed,TSB-HB,0.0
fixed,TSB-HB,0.0
fixed,TSB-HB,0.0
fixed,TSB-HB,0.0
fixed,TSB-HB,0.0
fixed,TSB-HB,0.0
fixed,TSB-HB,0.0
fixed,TSB-HB,0.0
fixed,TSB-HB,0.0
fixed,TSB-HB,0.0
fixed,TSB-HB,0.0
fixed,TSB-HB,0.0
fixed,TSB-HB,0.0
fixed,TSB-HB,0.0
fixed,TSB-HB,0.0
fixed,TSB-HB,0.0
fixed,TSB-HB,0.0
fixed,TSB-HB,0.9354850941905001
fixed,TSB-HB,0.8729676211503525
fixed,TSB-HB,0.0
fixed,TSB-HB,0.8729676211503525
fixed,TSB-HB,0.0
fixed,TSB-HB,0.0
fixed,TSB-HB,0.8729676211503525
fixed,TSB-HB,0.0
fixed,TSB-HB,0.0
fixed,TSB-HB,0.0
fixed,TSB-HB,0.0
fixed,TSB-HB,0.0
fixed,TSB-HB,0.0
fixed,TSB-HB,0.0
fixed,TSB-HB,0.0
fixed,TSB-HB,0.0
fixed,TSB-HB,0.0
fixed,TSB-HB,0.0
fixed,TSB-HB,0.0
fixed,TSB-HB,0.0
fixed,TSB-HB,0.0
fixed,TSB-HB,0.0
fixed,TSB-HB,0.903224693009673
fixed,TSB-HB,0.0
fixed,TSB-HB,0.0
fixed,TSB-HB,0.0
fixed,TSB-HB,0.0
fixed,TSB-HB,0.0
fixed,TSB-HB,0.0
fixed,TSB-HB,0.0
fixed,TSB-HB,0.0
fixed,TSB-HB,0.0
fixed,TSB-HB,0.0
fixed,TSB-HB,0.0
fixed,TSB-HB,0.0
fixed,TSB-HB,0.0
fixed,TSB-HB,0.0
fixed,TSB-HB,0.0
fixed,TSB-HB,0.0
fixed,TSB-HB,0.0
fixed,TSB-HB,0.0
fixed,TSB-HB,0.0
fixed,TSB-HB,0.0
fixed,TSB-HB,0.0
fixed,TSB-HB,0.0
fixed,TSB-HB,0.0
fixed,TSB-HB,0.816566870438946
fixed,TSB-HB,0.816566870438946
fixed,TSB-HB,0.0
fixed,TSB-HB,0.0
fixed,TSB-HB,0.0
fixed,TSB-HB,0.0
fixed,TSB-HB,0.0
fixed,TSB-HB,0.0
fixed,TSB-HB,0.0
fixed,TSB-HB,0.9104952990443789
fixed,TSB-HB,0.0
fixed,TSB-HB,0.0
fixed,TSB-HB,0.0
fixed,TSB-HB,0.0
fixed,TSB-HB,0.0
fixed,TSB-HB,0.0
fixed,TSB-HB,0.0
fixed,TSB-HB,0.0
fixed,TSB-HB,0.0
fixed,TSB-HB,0.0
fixed,TSB-HB,0.0
fixed,TSB-HB,0.0
fixed,TSB-HB,0.0
fixed,TSB-HB,0.0
fixed,TSB-HB,0.0
fixed,TSB-HB,0.0
fixed,TSB-HB,0.0
fixed,TSB-HB,0.0
fixed,TSB-HB,0.0
fixed,TSB-HB,0.0
fixed,TSB-HB,0.0
fixed,TSB-HB,0.0
fixed,TSB-HB,0.0
fixed,TSB-HB,0.0
fixed,TSB-HB,0.0
fixed,TSB-HB,0.0
fixed,TSB-HB,0.0
fixed,TSB-HB,0.0
fixed,TSB-HB,0.0
fixed,TSB-HB,0.0
fixed,TSB-HB,0.0
fixed,TSB-HB,0.0
fixed,TSB-HB,0.0
fixed,TSB-HB,0.0
fixed,TSB-HB,0.0
fixed,TSB-HB,0.0
fixed,TSB-HB,0.0
fixed,TSB-HB,0.0
fixed,TSB-HB,0.0
fixed,TSB-HB,0.0
fixed,TSB-HB,0.0
fixed,TSB-HB,0.0
fixed,TSB-HB,0.0
fixed,TSB-HB,0.0
fixed,TSB-HB,0.0
fixed,TSB-HB,0.0
fixed,TSB-HB,0.0
fixed,TSB-HB,0.0
fixed,TSB-HB,0.0
fixed,TSB-HB,0.0
fixed,TSB-HB,0.9517415982573506
fixed,TSB-HB,0.0
fixed,TSB-HB,0.0
fixed,TSB-HB,0.0
fixed,TSB-HB,0.0
fixed,TSB-HB,0.0
fixed,TSB-HB,0.0
fixed,TSB-HB,0.0
fixed,TSB-HB,0.0
fixed,TSB-HB,0.7896521742789127
fixed,TSB-HB,0.0
fixed,TSB-HB,0.0
fixed,TSB-HB,0.9133913976465902
fixed,TSB-HB,0.0
fixed,TSB-HB,0.0
fixed,TSB-HB,0.0
fixed,TSB-HB,0.0
fixed,TSB-HB,0.0
fixed,TSB-HB,0.0
fixed,TSB-HB,0.0
fixed,TSB-HB,0.0
fixed,TSB-HB,0.0
fixed,TSB-HB,0.0
fixed,TSB-HB,0.0
fixed,TSB-HB,0.0
fixed,TSB-HB,0.0
fixed,TSB-HB,0.0
fixed,TSB-HB,0.0
fixed,TSB-HB,0.0
fixed,TSB-HB,0.0
fixed,TSB-HB,0.0
fixed,TSB-HB,0.0
fixed,TSB-HB,0.0
fixed,TSB-HB,0.8058988321090205
fixed,TSB-HB,0.8058988321090205
fixed,TSB-HB,0.0
fixed,TSB-HB,0.0
fixed,TSB-HB,0.0
fixed,TSB-HB,0.8058988321090205
fixed,TSB-HB,0.0
fixed,TSB-HB,0.0
fixed,TSB-HB,0.0
fixed,TSB-HB,0.7835127492343097
fixed,TSB-HB,0.0
fixed,TSB-HB,0.0
fixed,TSB-HB,0.0
fixed,TSB-HB,0.0
fixed,TSB-HB,0.0
fixed,TSB-HB,0.0
fixed,TSB-HB,0.0
fixed,TSB-HB,0.0
fixed,TSB-HB,0.0
fixed,TSB-HB,0.0
fixed,TSB-HB,0.0
fixed,TSB-HB,0.0
fixed,TSB-HB,0.8446943147086496
fixed,TSB-HB,0.8446943147086496
fixed,TSB-HB,0.0
fixed,TSB-HB,0.0
fixed,TSB-HB,0.0
fixed,TSB-HB,0.0
fixed,TSB-HB,0.0
fixed,TSB-HB,0.8420076900744408
fixed,TSB-HB,0.9113413686754539
fixed,TSB-HB,0.9113413686754539
fixed,TSB-HB,0.0
fixed,TSB-HB,0.0
fixed,TSB-HB,0.0
fixed,TSB-HB,0.9113413686754539
fixed,TSB-HB,0.0
fixed,TSB-HB,0.0
fixed,TSB-HB,0.8444193490977374
fixed,TSB-HB,0.0
fixed,TSB-HB,0.8444193490977374
fixed,TSB-HB,0.9784503914891101
fixed,TSB-HB,0.0
fixed,TSB-HB,0.8356710526095414
fixed,TSB-HB,0.0
fixed,TSB-HB,0.8356710526095414
fixed,TSB-HB,0.0
fixed,TSB-HB,0.0
fixed,TSB-HB,0.8428795996993376
fixed,TSB-HB,0.0
fixed,TSB-HB,0.0
fixed,TSB-HB,0.0
fixed,TSB-HB,0.0
fixed,TSB-HB,0.0
fixed,TSB-HB,0.0
fixed,TSB-HB,0.0
fixed,TSB-HB,0.0
fixed,TSB-HB,0.9347809873417083
fixed,TSB-HB,0.0
fixed,TSB-HB,0.0
fixed,TSB-HB,0.0
fixed,TSB-HB,0.0
fixed,TSB-HB,0.0
fixed,TSB-HB,0.0
fixed,TSB-HB,0.0
fixed,TSB-HB,0.760072433710372
fixed,TSB-HB,0.7687927952682811
fixed,TSB-HB,0.7687927952682811
fixed,TSB-HB,0.9088250433014049
fixed,TSB-HB,0.0
fixed,TSB-HB,0.0
fixed,TSB-HB,0.7687927952682811
fixed,TSB-HB,0.9543963849373772
fixed,TSB-HB,0.0
fixed,TSB-HB,0.8916293705612066
fixed,TSB-HB,0.9814263298263064
fixed,TSB-HB,0.9814263298263064
fixed,TSB-HB,0.0
fixed,TSB-HB,0.9335596026856364
fixed,TSB-HB,0.0
fixed,TSB-HB,0.8468801289078906
fixed,TSB-HB,0.0
fixed,TSB-HB,0.8468801289078906
fixed,TSB-HB,0.9335596026856364
fixed,TSB-HB,0.0
fixed,TSB-HB,0.0
fixed,TSB-HB,0.0
fixed,TSB-HB,0.0
fixed,TSB-HB,0.0
fixed,TSB-HB,0.0
fixed,TSB-HB,0.0
fixed,TSB-HB,0.0
fixed,TSB-HB,0.0
fixed,TSB-HB,0.0
fixed,TSB-HB,0.0
fixed,TSB-HB,0.0
fixed,TSB-HB,0.9195963964529484
fixed,TSB-HB,0.787941597470237
fixed,TSB-HB,0.0
fixed,TSB-HB,0.0
fixed,TSB-HB,0.0
fixed,TSB-HB,0.0
fixed,TSB-HB,0.0
fixed,TSB-HB,0.0
fixed,TSB-HB,0.0
fixed,TSB-HB,0.0
fixed,TSB-HB,0.9821108658366505
fixed,TSB-HB,0.0
fixed,TSB-HB,0.0
fixed,TSB-HB,0.0
fixed,TSB-HB,0.0
fixed,TSB-HB,0.0
fixed,TSB-HB,0.0
fixed,TSB-HB,0.0
fixed,TSB-HB,0.0
fixed,TSB-HB,0.0
fixed,TSB-HB,0.80276434324806
fixed,TSB-HB,0.9772200103652597
fixed,TSB-HB,0.0
fixed,TSB-HB,0.0
fixed,TSB-HB,0.0
fixed,TSB-HB,0.0
fixed,TSB-HB,0.0
fixed,TSB-HB,0.0
fixed,TSB-HB,0.0
fixed,TSB-HB,0.0
fixed,TSB-HB,0.0
fixed,TSB-HB,0.0
fixed,TSB-HB,0.0
fixed,TSB-HB,0.0
fixed,TSB-HB,0.0
fixed,TSB-HB,0.0
fixed,TSB-HB,0.0
fixed,TSB-HB,0.8728362280204163
fixed,TSB-HB,0.0
fixed,TSB-HB,0.0
fixed,TSB-HB,0.0
fixed,TSB-HB,0.0
fixed,TSB-HB,0.9812238368609887
fixed,TSB-HB,0.0
fixed,TSB-HB,0.0
fixed,TSB-HB,0.0
fixed,TSB-HB,0.8692055846286618
fixed,TSB-HB,0.0
fixed,TSB-HB,0.0
fixed,TSB-HB,0.0
fixed,TSB-HB,0.0
fixed,TSB-HB,0.0
fixed,TSB-HB,0.0
fixed,TSB-HB,0.0
fixed,TSB-HB,0.0
fixed,TSB-HB,0.0
fixed,TSB-HB,0.823661110498075
fixed,TSB-HB,0.823661110498075
fixed,TSB-HB,0.0
fixed,TSB-HB,0.0
fixed,TSB-HB,0.8508812766592613
fixed,TSB-HB,0.0
fixed,TSB-HB,0.9777598588616367
fixed,TSB-HB,0.0
fixed,TSB-HB,0.9375625339017821
fixed,TSB-HB,0.0
fixed,TSB-HB,0.0
fixed,TSB-HB,0.0
fixed,TSB-HB,0.0
fixed,TSB-HB,0.0
fixed,TSB-HB,0.0
fixed,TSB-HB,0.0
fixed,TSB-HB,0.0
fixed,TSB-HB,0.0
fixed,TSB-HB,0.8083939528371791
fixed,TSB-HB,0.0
fixed,TSB-HB,0.0
fixed,TSB-HB,0.0
fixed,TSB-HB,0.0
fixed,TSB-HB,0.0
fixed,TSB-HB,0.0
fixed,TSB-HB,0.0
fixed,TSB-HB,0.0
fixed,TSB-HB,0.0
fixed,TSB-HB,0.0
fixed,TSB-HB,0.0
fixed,TSB-HB,0.8517370431842162
fixed,TSB-HB,0.0
fixed,TSB-HB,0.0
fixed,TSB-HB,0.0
fixed,TSB-HB,0.0
fixed,TSB-HB,0.0
fixed,TSB-HB,0.0
fixed,TSB-HB,0.0
fixed,TSB-HB,0.0
fixed,TSB-HB,0.0
fixed,TSB-HB,0.0
fixed,TSB-HB,0.0
fixed,TSB-HB,0.0
fixed,TSB-HB,0.0
fixed,TSB-HB,0.0
fixed,TSB-HB,0.0
fixed,TSB-HB,0.0
fixed,TSB-HB,0.0
fixed,TSB-HB,0.0
fixed,TSB-HB,0.0
fixed,TSB-HB,1.0
fixed,TSB-HB,0.0
fixed,TSB-HB,0.0
fixed,TSB-HB,0.0
fixed,TSB-HB,0.7444629608153731
fixed,TSB-HB,0.0
fixed,TSB-HB,0.7444629608153731
fixed,TSB-HB,0.7444629608153731
fixed,TSB-HB,0.0
fixed,TSB-HB,0.0
fixed,TSB-HB,0.0
fixed,TSB-HB,0.9052548344401201
fixed,TSB-HB,0.0
fixed,TSB-HB,0.0
fixed,TSB-HB,0.0
fixed,TSB-HB,0.0
fixed,TSB-HB,0.0
fixed,TSB-HB,0.0
fixed,TSB-HB,0.0
fixed,TSB-HB,0.0
fixed,TSB-HB,0.0
fixed,TSB-HB,0.0
fixed,TSB-HB,0.0
fixed,TSB-HB,0.0
fixed,TSB-HB,0.0
fixed,TSB-HB,0.0
fixed,TSB-HB,0.0
fixed,TSB-HB,0.0
fixed,TSB-HB,0.0
fixed,TSB-HB,0.0
fixed,TSB-HB,0.0
fixed,TSB-HB,0.0
fixed,TSB-HB,0.0
fixed,TSB-HB,0.0
fixed,TSB-HB,0.0
fixed,TSB-HB,0.0
fixed,TSB-HB,0.0
fixed,TSB-HB,0.0
fixed,TSB-HB,0.0
fixed,TSB-HB,0.0
fixed,TSB-HB,0.0
fixed,TSB-HB,0.0
fixed,TSB-HB,0.0
fixed,TSB-HB,0.0
fixed,TSB-HB,0.0
fixed,TSB-HB,0.0
fixed,TSB-HB,0.0
fixed,TSB-HB,0.0
fixed,TSB-HB,0.0
fixed,TSB-HB,0.0
fixed,TSB-HB,0.0
fixed,TSB-HB,0.8691643635907591
fixed,TSB-HB,0.0
fixed,TSB-HB,0.0
fixed,TSB-HB,0.0
fixed,TSB-HB,0.0
fixed,TSB-HB,0.0
fixed,TSB-HB,0.8812541214750196
fixed,TSB-HB,0.0
fixed,TSB-HB,0.0
fixed,TSB-HB,0.0
fixed,TSB-HB,0.0
fixed,TSB-HB,0.0
fixed,TSB-HB,0.0
fixed,TSB-HB,0.0
fixed,TSB-HB,0.0
fixed,TSB-HB,0.0
fixed,TSB-HB,0.0
fixed,TSB-HB,0.0
fixed,TSB-HB,0.0
fixed,TSB-HB,0.0
fixed,TSB-HB,0.0
fixed,TSB-HB,0.0
fixed,TSB-HB,0.0
fixed,TSB-HB,0.0
fixed,TSB-HB,0.0
fixed,TSB-HB,0.0
fixed,TSB-HB,0.0
fixed,TSB-HB,0.0
fixed,TSB-HB,0.0
fixed,TSB-HB,0.0
fixed,TSB-HB,0.0
fixed,TSB-HB,0.0
fixed,TSB-HB,0.0
fixed,TSB-HB,0.0
fixed,TSB-HB,0.0
fixed,TSB-HB,0.0
fixed,TSB-HB,0.0
fixed,TSB-HB,0.0
fixed,TSB-HB,0.0
fixed,TSB-HB,0.8960975046259265
fixed,TSB-HB,0.8960975046259265
fixed,TSB-HB,0.0
fixed,TSB-HB,0.0
fixed,TSB-HB,0.0
fixed,TSB-HB,0.0
fixed,TSB-HB,0.0
fixed,TSB-HB,0.0
fixed,TSB-HB,0.0
fixed,TSB-HB,0.0
fixed,TSB-HB,0.0
fixed,TSB-HB,0.0
fixed,TSB-HB,0.0
fixed,TSB-HB,0.0
fixed,TSB-HB,0.0
fixed,TSB-HB,0.0
fixed,TSB-HB,0.0
fixed,TSB-HB,0.941446426611797
fixed,TSB-HB,0.0
fixed,TSB-HB,0.0
fixed,TSB-HB,0.8734675049597546
fixed,TSB-HB,0.0
fixed,TSB-HB,0.0
fixed,TSB-HB,0.0
fixed,TSB-HB,0.0
fixed,TSB-HB,0.0
fixed,TSB-HB,0.0
fixed,TSB-HB,0.8632077364952178
fixed,TSB-HB,0.0
fixed,TSB-HB,0.0
fixed,TSB-HB,0.0
fixed,TSB-HB,0.0
fixed,TSB-HB,0.0
fixed,TSB-HB,0.0
fixed,TSB-HB,0.0
fixed,TSB-HB,0.8661833212333713
fixed,TSB-HB,0.0
fixed,TSB-HB,0.0
fixed,TSB-HB,0.0
fixed,TSB-HB,0.0
fixed,TSB-HB,0.0
fixed,TSB-HB,0.0
fixed,TSB-HB,0.0
fixed,TSB-HB,0.0
fixed,TSB-HB,0.0
fixed,TSB-HB,0.0
fixed,TSB-HB,0.0
fixed,TSB-HB,0.0
fixed,TSB-HB,0.0
fixed,TSB-HB,0.0
fixed,TSB-HB,0.0
fixed,TSB-HB,0.0
fixed,TSB-HB,0.0
fixed,TSB-HB,0.0
fixed,TSB-HB,0.0
fixed,TSB-HB,0.0
fixed,TSB-HB,0.0
fixed,TSB-HB,0.0
fixed,TSB-HB,0.0
fixed,TSB-HB,0.0
fixed,TSB-HB,0.0
fixed,TSB-HB,0.0
fixed,TSB-HB,0.0
fixed,TSB-HB,0.0
fixed,TSB-HB,0.0
fixed,TSB-HB,0.0
fixed,TSB-HB,0.0
fixed,TSB-HB,0.0
fixed,TSB-HB,0.0
fixed,TSB-HB,0.0
fixed,TSB-HB,0.0
fixed,TSB-HB,0.0
fixed,TSB-HB,0.0
fixed,TSB-HB,0.0
fixed,TSB-HB,0.0
fixed,TSB-HB,0.0
fixed,TSB-HB,0.0
fixed,TSB-HB,0.0
fixed,TSB-HB,0.0
fixed,TSB-HB,0.0
fixed,TSB-HB,0.0
fixed,TSB-HB,0.8721441604354974
fixed,TSB-HB,0.0
fixed,TSB-HB,0.0
fixed,TSB-HB,0.8721441604354974
fixed,TSB-HB,0.0
fixed,TSB-HB,0.0
fixed,TSB-HB,0.0
fixed,TSB-HB,0.0
fixed,TSB-HB,0.0
fixed,TSB-HB,0.0
fixed,TSB-HB,0.0
fixed,TSB-HB,0.0
fixed,TSB-HB,0.0
fixed,TSB-HB,0.0
fixed,TSB-HB,0.0
fixed,TSB-HB,0.0
fixed,TSB-HB,0.0
fixed,TSB-HB,0.0
fixed,TSB-HB,0.0
fixed,TSB-HB,0.0
fixed,TSB-HB,0.0
fixed,TSB-HB,0.8481468044338503
fixed,TSB-HB,0.0
fixed,TSB-HB,0.0
fixed,TSB-HB,0.8890789637736737
fixed,TSB-HB,0.0
fixed,TSB-HB,0.0
fixed,TSB-HB,0.0
fixed,TSB-HB,0.0
fixed,TSB-HB,0.0
fixed,TSB-HB,0.0
fixed,TSB-HB,0.8699476061255287
fixed,TSB-HB,0.0
fixed,TSB-HB,0.0
fixed,TSB-HB,0.8699476061255287
fixed,TSB-HB,0.7740691356942161
fixed,TSB-HB,0.0
fixed,TSB-HB,0.0
fixed,TSB-HB,0.0
fixed,TSB-HB,0.0
fixed,TSB-HB,0.0
fixed,TSB-HB,0.0
fixed,TSB-HB,0.0
fixed,TSB-HB,0.0
fixed,TSB-HB,0.0
fixed,TSB-HB,0.0
fixed,TSB-HB,0.0
fixed,TSB-HB,0.0
fixed,TSB-HB,0.8603142802877359
fixed,TSB-HB,0.0
fixed,TSB-HB,0.0
fixed,TSB-HB,0.8603142802877359
fixed,TSB-HB,0.0
fixed,TSB-HB,0.8690413123706295
fixed,TSB-HB,0.0
fixed,TSB-HB,0.0
fixed,TSB-HB,0.0
fixed,TSB-HB,0.0
fixed,TSB-HB,0.0
fixed,TSB-HB,0.0
fixed,TSB-HB,0.0
fixed,TSB-HB,0.0
fixed,TSB-HB,0.0
fixed,TSB-HB,0.0
fixed,TSB-HB,0.0
fixed,TSB-HB,0.0
fixed,TSB-HB,0.0
fixed,TSB-HB,0.8566297265415121
fixed,TSB-HB,0.8566297265415121
fixed,TSB-HB,0.0
fixed,TSB-HB,0.0
fixed,TSB-HB,0.0
fixed,TSB-HB,0.0
fixed,TSB-HB,0.0
fixed,TSB-HB,0.0
fixed,TSB-HB,0.0
fixed,TSB-HB,0.0
fixed,TSB-HB,0.0
fixed,TSB-HB,0.0
fixed,TSB-HB,0.0
fixed,TSB-HB,0.0
fixed,TSB-HB,0.0
fixed,TSB-HB,0.0
fixed,TSB-HB,0.0
fixed,TSB-HB,0.0
fixed,TSB-HB,0.0
fixed,TSB-HB,0.0
fixed,TSB-HB,0.0
fixed,TSB-HB,0.0
fixed,TSB-HB,0.0
fixed,TSB-HB,0.0
fixed,TSB-HB,0.0
fixed,TSB-HB,0.0
fixed,TSB-HB,0.0
fixed,TSB-HB,0.0
fixed,TSB-HB,0.0
fixed,TSB-HB,0.0
fixed,TSB-HB,0.0
fixed,TSB-HB,0.0
fixed,TSB-HB,0.0
fixed,TSB-HB,0.0
fixed,TSB-HB,0.0
fixed,TSB-HB,0.0
fixed,TSB-HB,0.0
fixed,TSB-HB,0.0
fixed,TSB-HB,0.7868823870494972
fixed,TSB-HB,0.0
fixed,TSB-HB,0.7619785815142024
fixed,TSB-HB,0.0
fixed,TSB-HB,0.0
fixed,TSB-HB,0.7619785815142024
fixed,TSB-HB,0.0
fixed,TSB-HB,0.0
fixed,TSB-HB,0.0
fixed,TSB-HB,0.0
fixed,TSB-HB,0.0
fixed,TSB-HB,0.0
fixed,TSB-HB,0.0
fixed,TSB-HB,0.0
fixed,TSB-HB,0.0
fixed,TSB-HB,0.0
fixed,TSB-HB,0.0
fixed,TSB-HB,0.0
fixed,TSB-HB,0.0
fixed,TSB-HB,0.0
fixed,TSB-HB,0.0
fixed,TSB-HB,0.8578811752584786
fixed,TSB-HB,1.0
fixed,TSB-HB,0.8578811752584786
fixed,TSB-HB,0.8578811752584786
fixed,TSB-HB,0.9821164159599094
fixed,TSB-HB,0.0
fixed,TSB-HB,0.0
fixed,TSB-HB,0.0
fixed,TSB-HB,0.0
fixed,TSB-HB,0.9388725331736536
fixed,TSB-HB,1.0
fixed,TSB-HB,0.0
fixed,TSB-HB,0.0
fixed,TSB-HB,0.0
fixed,TSB-HB,0.0
fixed,TSB-HB,0.0
fixed,TSB-HB,0.9229244355985333
fixed,TSB-HB,0.0
fixed,TSB-HB,0.0
fixed,TSB-HB,0.0
fixed,TSB-HB,0.0
fixed,TSB-HB,0.0
fixed,TSB-HB,0.0
fixed,TSB-HB,0.9386898808565279
fixed,TSB-HB,0.0
fixed,TSB-HB,0.0
fixed,TSB-HB,0.853130280583654
fixed,TSB-HB,0.0
fixed,TSB-HB,0.0
fixed,TSB-HB,0.7669506050426882
fixed,TSB-HB,0.9268373832368432
fixed,TSB-HB,0.0
fixed,TSB-HB,0.0
fixed,TSB-HB,0.0
fixed,TSB-HB,0.0
fixed,TSB-HB,0.0
fixed,TSB-HB,0.0
fixed,TSB-HB,0.0
fixed,TSB-HB,0.0
fixed,TSB-HB,0.0
fixed,TSB-HB,0.0
fixed,TSB-HB,0.0
fixed,TSB-HB,0.0
fixed,TSB-HB,0.0
fixed,TSB-HB,0.0
fixed,TSB-HB,0.0
fixed,TSB-HB,0.0
fixed,TSB-HB,0.0
fixed,TSB-HB,0.0
fixed,TSB-HB,0.0
fixed,TSB-HB,0.0
fixed,TSB-HB,0.0
fixed,TSB-HB,0.0
fixed,TSB-HB,0.0
fixed,TSB-HB,0.0
fixed,TSB-HB,0.0
fixed,TSB-HB,0.805315067002119
fixed,TSB-HB,0.0
fixed,TSB-HB,0.0
fixed,TSB-HB,0.0
fixed,TSB-HB,0.0
fixed,TSB-HB,0.0
fixed,TSB-HB,0.9628885651697068
fixed,TSB-HB,0.724085776717891
fixed,TSB-HB,0.724085776717891
fixed,TSB-HB,0.0
fixed,TSB-HB,0.0
fixed,TSB-HB,0.0
fixed,TSB-HB,0.0
fixed,TSB-HB,0.0
fixed,TSB-HB,0.0
fixed,TSB-HB,0.0
fixed,TSB-HB,0.0
fixed,TSB-HB,0.0
fixed,TSB-HB,0.0
fixed,TSB-HB,0.0
fixed,TSB-HB,0.7659974471765767
fixed,TSB-HB,0.7568986575327086
fixed,TSB-HB,0.0
fixed,TSB-HB,0.0
fixed,TSB-HB,0.7568986575327086
fixed,TSB-HB,0.0
fixed,TSB-HB,0.0
fixed,TSB-HB,1.0
fixed,TSB-HB,0.0
fixed,TSB-HB,0.0
fixed,TSB-HB,0.931868805157281
fixed,TSB-HB,0.931868805157281
fixed,TSB-HB,0.0
fixed,TSB-HB,0.0
fixed,TSB-HB,0.0
fixed,TSB-HB,0.0
fixed,TSB-HB,0.0
fixed,TSB-HB,0.0
fixed,TSB-HB,0.8829963134973163
fixed,TSB-HB,0.0
fixed,TSB-HB,0.0
fixed,TSB-HB,0.0
fixed,TSB-HB,0.0
fixed,TSB-HB,0.0
fixed,TSB-HB,0.8704384430309661
fixed,TSB-HB,0.0
fixed,TSB-HB,0.0
fixed,TSB-HB,0.0
fixed,TSB-HB,0.0
fixed,TSB-HB,0.0
fixed,TSB-HB,0.0
fixed,TSB-HB,0.0
fixed,TSB-HB,0.0
fixed,TSB-HB,0.0
fixed,TSB-HB,0.0
fixed,TSB-HB,0.0
fixed,TSB-HB,0.0
fixed,TSB-HB,0.0
fixed,TSB-HB,0.0
fixed,TSB-HB,0.0
fixed,TSB-HB,0.8117660021150747
fixed,TSB-HB,0.8117660021150747
fixed,TSB-HB,0.8117660021150747
fixed,TSB-HB,0.0
fixed,TSB-HB,0.0
fixed,TSB-HB,0.0
fixed,TSB-HB,0.0
fixed,TSB-HB,0.0
fixed,TSB-HB,0.0
fixed,TSB-HB,0.0
fixed,TSB-HB,0.0
fixed,TSB-HB,0.0
fixed,TSB-HB,0.9175906571716921
fixed,TSB-HB,0.0
fixed,TSB-HB,0.0
fixed,TSB-HB,0.0
fixed,TSB-HB,0.7435019449727907
fixed,TSB-HB,0.0
fixed,TSB-HB,0.7435019449727907
fixed,TSB-HB,0.7435019449727907
fixed,TSB-HB,0.7435019449727907
fixed,TSB-HB,0.0
fixed,TSB-HB,0.0
fixed,TSB-HB,0.0
fixed,TSB-HB,0.0
fixed,TSB-HB,0.0
fixed,TSB-HB,0.0
fixed,TSB-HB,0.0
fixed,TSB-HB,0.0
fixed,TSB-HB,0.0
fixed,TSB-HB,0.0
fixed,TSB-HB,0.0
fixed,TSB-HB,0.0
fixed,TSB-HB,0.0
fixed,TSB-HB,0.0
fixed,TSB-HB,0.9367876140708747
fixed,TSB-HB,0.0
fixed,TSB-HB,0.0
fixed,TSB-HB,0.8501272317299938
fixed,TSB-HB,0.0
fixed,TSB-HB,0.0
fixed,TSB-HB,0.0
fixed,TSB-HB,0.0
fixed,TSB-HB,0.0
fixed,TSB-HB,0.0
fixed,TSB-HB,0.0
fixed,TSB-HB,0.0
fixed,TSB-HB,0.0
fixed,TSB-HB,0.0
fixed,TSB-HB,0.0
fixed,TSB-HB,0.0
fixed,TSB-HB,0.0
fixed,TSB-HB,0.9430651311111252
fixed,TSB-HB,0.8557927168418954
fixed,TSB-HB,0.0
fixed,TSB-HB,0.0
fixed,TSB-HB,0.0
fixed,TSB-HB,0.0
fixed,TSB-HB,0.0
fixed,TSB-HB,0.0
fixed,TSB-HB,0.0
fixed,TSB-HB,0.0
fixed,TSB-HB,0.8987880543919099
fixed,TSB-HB,0.0
fixed,TSB-HB,0.0
fixed,TSB-HB,0.0
fixed,TSB-HB,0.0
fixed,TSB-HB,0.0
fixed,TSB-HB,0.0
fixed,TSB-HB,0.0
fixed,TSB-HB,0.0
fixed,TSB-HB,0.0
fixed,TSB-HB,0.0
fixed,TSB-HB,0.8693501563070288
fixed,TSB-HB,0.0
fixed,TSB-HB,0.0
fixed,TSB-HB,0.0
fixed,TSB-HB,0.0
fixed,TSB-HB,0.0
fixed,TSB-HB,0.0
fixed,TSB-HB,0.0
fixed,TSB-HB,0.0
fixed,TSB-HB,0.0
fixed,TSB-HB,0.0
fixed,TSB-HB,0.0
fixed,TSB-HB,0.0
fixed,TSB-HB,0.0
fixed,TSB-HB,0.8544712013496281
fixed,TSB-HB,0.8544712013496281
fixed,TSB-HB,0.0
fixed,TSB-HB,0.0
fixed,TSB-HB,0.8544712013496281
fixed,TSB-HB,0.0
fixed,TSB-HB,0.0
fixed,TSB-HB,0.0
fixed,TSB-HB,0.9086557822789533
fixed,TSB-HB,0.0
fixed,TSB-HB,0.0
fixed,TSB-HB,0.0
fixed,TSB-HB,0.0
fixed,TSB-HB,0.0
fixed,TSB-HB,0.865135917986624
fixed,TSB-HB,0.0
fixed,TSB-HB,0.0
fixed,TSB-HB,0.0
fixed,TSB-HB,0.0
fixed,TSB-HB,0.8603629271546998
fixed,TSB-HB,0.0
fixed,TSB-HB,0.0
fixed,TSB-HB,0.0
fixed,TSB-HB,0.0
fixed,TSB-HB,0.0
fixed,TSB-HB,0.0
fixed,TSB-HB,0.0
fixed,TSB-HB,0.0
fixed,TSB-HB,0.0
fixed,TSB-HB,0.8164920243278251
fixed,TSB-HB,0.0
fixed,TSB-HB,0.0
fixed,TSB-HB,0.0
fixed,TSB-HB,0.8646813472959916
fixed,TSB-HB,0.0
fixed,TSB-HB,0.0
fixed,TSB-HB,0.0
fixed,TSB-HB,0.0
fixed,TSB-HB,0.0
fixed,TSB-HB,0.0
fixed,TSB-HB,0.0
fixed,TSB-HB,0.0
fixed,TSB-HB,0.0
fixed,TSB-HB,0.0
fixed,TSB-HB,0.9362011162357065
fixed,TSB-HB,0.0
fixed,TSB-HB,0.0
fixed,TSB-HB,0.0
fixed,TSB-HB,0.0
fixed,TSB-HB,0.0
fixed,TSB-HB,0.0
fixed,TSB-HB,0.0
fixed,TSB-HB,0.0
fixed,TSB-HB,0.0
fixed,TSB-HB,0.0
fixed,TSB-HB,0.0
fixed,TSB-HB,0.900557125448652
fixed,TSB-HB,0.0
fixed,TSB-HB,0.0
fixed,TSB-HB,0.0
fixed,TSB-HB,0.0
fixed,TSB-HB,0.0
fixed,TSB-HB,0.0
fixed,TSB-HB,0.0
fixed,TSB-HB,0.0
fixed,TSB-HB,0.0
fixed,TSB-HB,0.0
fixed,TSB-HB,0.8461393660382016
fixed,TSB-HB,0.0
fixed,TSB-HB,0.0
fixed,TSB-HB,0.0
fixed,TSB-HB,0.0
fixed,TSB-HB,0.0
fixed,TSB-HB,0.0
fixed,TSB-HB,0.0
fixed,TSB-HB,0.0
fixed,TSB-HB,0.0
fixed,TSB-HB,0.0
fixed,TSB-HB,0.0
fixed,TSB-HB,0.0
fixed,TSB-HB,0.0
fixed,TSB-HB,0.0
fixed,TSB-HB,0.0
fixed,TSB-HB,0.0
fixed,TSB-HB,0.0
fixed,TSB-HB,0.0
fixed,TSB-HB,0.0
fixed,TSB-HB,0.0
fixed,TSB-HB,0.0
fixed,TSB-HB,0.0
fixed,TSB-HB,0.0
fixed,TSB-HB,0.0
fixed,TSB-HB,0.8442251127939792
fixed,TSB-HB,0.0
fixed,TSB-HB,0.8442251127939792
fixed,TSB-HB,0.0
fixed,TSB-HB,0.0
fixed,TSB-HB,0.0
fixed,TSB-HB,0.0
fixed,TSB-HB,0.0
fixed,TSB-HB,0.0
fixed,TSB-HB,0.0
fixed,TSB-HB,0.0
fixed,TSB-HB,0.0
fixed,TSB-HB,0.0
fixed,TSB-HB,0.0
fixed,TSB-HB,0.0
fixed,TSB-HB,0.0
fixed,TSB-HB,0.0
fixed,TSB-HB,0.0
fixed,TSB-HB,0.0
fixed,TSB-HB,0.0
fixed,TSB-HB,0.0
fixed,TSB-HB,0.0
fixed,TSB-HB,0.0
fixed,TSB-HB,0.0
fixed,TSB-HB,0.0
fixed,TSB-HB,0.0
fixed,TSB-HB,0.849324353383404
fixed,TSB-HB,0.0
fixed,TSB-HB,0.0
fixed,TSB-HB,0.0
fixed,TSB-HB,0.0
fixed,TSB-HB,0.0
fixed,TSB-HB,0.0
fixed,TSB-HB,0.0
fixed,TSB-HB,0.7893331355305446
fixed,TSB-HB,0.0
fixed,TSB-HB,0.0
fixed,TSB-HB,0.9234978430309053
fixed,TSB-HB,0.7893331355305446
fixed,TSB-HB,0.0
fixed,TSB-HB,0.0
fixed,TSB-HB,0.0
fixed,TSB-HB,0.0
fixed,TSB-HB,0.0
fixed,TSB-HB,0.8522230330321863
fixed,TSB-HB,0.0
fixed,TSB-HB,0.0
fixed,TSB-HB,0.710885166791247
fixed,TSB-HB,0.710885166791247
fixed,TSB-HB,0.0
fixed,TSB-HB,0.0
fixed,TSB-HB,0.0
fixed,TSB-HB,0.8011509171706284
fixed,TSB-HB,0.9092848977812992
fixed,TSB-HB,0.8011509171706284
fixed,TSB-HB,0.8011509171706284
fixed,TSB-HB,0.8011509171706284
fixed,TSB-HB,0.0
fixed,TSB-HB,0.0
fixed,TSB-HB,0.8735355897337806
fixed,TSB-HB,0.0
fixed,TSB-HB,0.0
fixed,TSB-HB,0.0
fixed,TSB-HB,0.0
fixed,TSB-HB,0.0
fixed,TSB-HB,0.0
fixed,TSB-HB,0.0
fixed,TSB-HB,0.9398238516454893
fixed,TSB-HB,0.0
fixed,TSB-HB,0.8575079980237346
fixed,TSB-HB,0.0
fixed,TSB-HB,0.0
fixed,TSB-HB,0.7816856197115045
fixed,TSB-HB,0.7816856197115045
fixed,TSB-HB,0.0
fixed,TSB-HB,0.0
fixed,TSB-HB,0.0
fixed,TSB-HB,0.0
fixed,TSB-HB,0.761981793300375
fixed,TSB-HB,0.761981793300375
fixed,TSB-HB,0.0
fixed,TSB-HB,0.9059345832322556
fixed,TSB-HB,0.0
fixed,TSB-HB,0.0
fixed,TSB-HB,0.0
fixed,TSB-HB,0.7165521666103136
fixed,TSB-HB,0.7165521666103136
fixed,TSB-HB,0.7165521666103136
fixed,TSB-HB,0.0
fixed,TSB-HB,0.0
fixed,TSB-HB,0.0
fixed,TSB-HB,0.9013260490867855
fixed,TSB-HB,0.0
fixed,TSB-HB,0.0
fixed,TSB-HB,0.7153164338178066
fixed,TSB-HB,0.0
fixed,TSB-HB,0.7153164338178066
fixed,TSB-HB,0.7153164338178066
fixed,TSB-HB,0.7153164338178066
fixed,TSB-HB,0.0
fixed,TSB-HB,0.7665954194430774
fixed,TSB-HB,0.0
fixed,TSB-HB,0.0
fixed,TSB-HB,0.0
fixed,TSB-HB,0.0
fixed,TSB-HB,0.0
fixed,TSB-HB,0.0
fixed,TSB-HB,0.0
fixed,TSB-HB,0.0
fixed,TSB-HB,0.0
fixed,TSB-HB,0.0
fixed,TSB-HB,0.0
fixed,TSB-HB,0.0
fixed,TSB-HB,0.778038360897892
fixed,TSB-HB,0.0
fixed,TSB-HB,0.9794631208890746
fixed,TSB-HB,0.0
fixed,TSB-HB,0.9282859544078579
fixed,TSB-HB,0.0
fixed,TSB-HB,0.9458121108809836
fixed,TSB-HB,1.0
fixed,TSB-HB,0.0
fixed,TSB-HB,0.0
fixed,TSB-HB,0.8564028080800935
fixed,TSB-HB,0.9898274157847821
fixed,TSB-HB,0.7741022616788394
fixed,TSB-HB,0.0
fixed,TSB-HB,0.0
fixed,TSB-HB,0.0
fixed,TSB-HB,0.0
fixed,TSB-HB,0.0
fixed,TSB-HB,0.0
fixed,TSB-HB,0.9166533417135526
fixed,TSB-HB,0.0
fixed,TSB-HB,0.0
fixed,TSB-HB,0.0
fixed,TSB-HB,0.0
fixed,TSB-HB,0.0
fixed,TSB-HB,0.0
fixed,TSB-HB,0.0
fixed,TSB-HB,0.0
fixed,TSB-HB,0.0
fixed,TSB-HB,0.8696576931740976
fixed,TSB-HB,0.0
fixed,TSB-HB,0.0
fixed,TSB-HB,0.0
fixed,TSB-HB,1.0
fixed,TSB-HB,0.0
fixed,TSB-HB,0.0
fixed,TSB-HB,0.0
fixed,TSB-HB,0.9473677287797327
fixed,TSB-HB,1.0
fixed,TSB-HB,1.0
fixed,TSB-HB,0.0
fixed,TSB-HB,0.7025519100863795
fixed,TSB-HB,0.0
fixed,TSB-HB,0.7025519100863795
fixed,TSB-HB,0.0
fixed,TSB-HB,0.0
fixed,TSB-HB,0.0
fixed,TSB-HB,0.0
fixed,TSB-HB,0.0
fixed,TSB-HB,0.910905099890804
fixed,TSB-HB,0.0
fixed,TSB-HB,0.0
fixed,TSB-HB,0.0
fixed,TSB-HB,0.0
fixed,TSB-HB,0.0
fixed,TSB-HB,0.0
fixed,TSB-HB,0.0
fixed,TSB-HB,0.0
fixed,TSB-HB,0.0
fixed,TSB-HB,0.7943958545866528
fixed,TSB-HB,0.7943958545866528
fixed,TSB-HB,0.7943958545866528
fixed,TSB-HB,0.0
fixed,TSB-HB,0.0
fixed,TSB-HB,0.0
fixed,TSB-HB,0.0
fixed,TSB-HB,0.9080546101261554
fixed,TSB-HB,0.0
fixed,TSB-HB,0.0
fixed,TSB-HB,0.0
fixed,TSB-HB,0.0
fixed,TSB-HB,0.0
fixed,TSB-HB,0.8493972058948005
fixed,TSB-HB,0.0
fixed,TSB-HB,0.8493972058948005
fixed,TSB-HB,0.8493972058948005
fixed,TSB-HB,0.9402193904224284
fixed,TSB-HB,0.0
fixed,TSB-HB,0.0
fixed,TSB-HB,0.0
fixed,TSB-HB,0.0
fixed,TSB-HB,0.0
fixed,TSB-HB,0.0
fixed,TSB-HB,0.0
fixed,TSB-HB,0.0
fixed,TSB-HB,0.9437424846599874
fixed,TSB-HB,0.0
fixed,TSB-HB,0.0
fixed,TSB-HB,0.864240290176804
fixed,TSB-HB,0.0
fixed,TSB-HB,0.0
fixed,TSB-HB,0.0
fixed,TSB-HB,0.0
fixed,TSB-HB,0.9872176836173566
fixed,TSB-HB,0.9117613196185036
fixed,TSB-HB,0.0
fixed,TSB-HB,0.0
fixed,TSB-HB,0.710699178989015
fixed,TSB-HB,0.0
fixed,TSB-HB,0.0
fixed,TSB-HB,0.0
fixed,TSB-HB,0.0
fixed,TSB-HB,0.8846802929428947
fixed,TSB-HB,0.7253141025631014
fixed,TSB-HB,0.0
fixed,TSB-HB,0.7253141025631014
fixed,TSB-HB,0.7253141025631014
fixed,TSB-HB,1.0
fixed,TSB-HB,0.0
fixed,TSB-HB,0.0
fixed,TSB-HB,0.9280725046441153
fixed,TSB-HB,0.9280725046441153
fixed,TSB-HB,0.0
fixed,TSB-HB,0.0
fixed,TSB-HB,0.0
fixed,TSB-HB,0.9057787477309911
fixed,TSB-HB,0.7630214937150108
fixed,TSB-HB,0.9057787477309911
fixed,TSB-HB,0.0
fixed,TSB-HB,0.9713842621311103
fixed,TSB-HB,0.7965239399021882
fixed,TSB-HB,0.0
fixed,TSB-HB,0.0
fixed,TSB-HB,0.0
fixed,TSB-HB,0.7965239399021882
fixed,TSB-HB,0.0
fixed,TSB-HB,0.0
fixed,TSB-HB,0.0
fixed,TSB-HB,0.0
fixed,TSB-HB,0.8011810954076408
fixed,TSB-HB,0.0
fixed,TSB-HB,0.0
fixed,TSB-HB,0.0
fixed,TSB-HB,0.0
fixed,TSB-HB,0.0
fixed,TSB-HB,0.0
fixed,TSB-HB,0.0
fixed,TSB-HB,0.0
fixed,TSB-HB,0.0
fixed,TSB-HB,0.0
fixed,TSB-HB,0.0
fixed,TSB-HB,0.0
fixed,TSB-HB,0.0
fixed,TSB-HB,0.0
fixed,TSB-HB,0.8838799576443619
fixed,TSB-HB,0.0
fixed,TSB-HB,0.0
fixed,TSB-HB,0.8838799576443619
fixed,TSB-HB,0.0
fixed,TSB-HB,0.0
fixed,TSB-HB,0.0
fixed,TSB-HB,0.0
fixed,TSB-HB,0.0
fixed,TSB-HB,0.0
fixed,TSB-HB,0.0
fixed,TSB-HB,0.0
fixed,TSB-HB,0.0
fixed,TSB-HB,0.0
fixed,TSB-HB,0.0
fixed,TSB-HB,0.0
fixed,TSB-HB,0.0
fixed,TSB-HB,0.0
fixed,TSB-HB,0.0
fixed,TSB-HB,0.0
fixed,TSB-HB,0.0
fixed,TSB-HB,0.0
fixed,TSB-HB,0.0
fixed,TSB-HB,0.0
fixed,TSB-HB,0.0
fixed,TSB-HB,0.0
fixed,TSB-HB,0.0
fixed,TSB-HB,0.0
fixed,TSB-HB,0.0
fixed,TSB-HB,0.0
fixed,TSB-HB,0.0
fixed,TSB-HB,0.0
fixed,TSB-HB,0.8512095517512934
fixed,TSB-HB,0.0
fixed,TSB-HB,0.0
fixed,TSB-HB,0.0
fixed,TSB-HB,0.0
fixed,TSB-HB,0.0
fixed,TSB-HB,0.0
fixed,TSB-HB,0.0
fixed,TSB-HB,0.0
fixed,TSB-HB,0.0
fixed,TSB-HB,0.0
fixed,TSB-HB,0.0
fixed,TSB-HB,0.0
fixed,TSB-HB,0.0
fixed,TSB-HB,0.0
fixed,TSB-HB,0.0
fixed,TSB-HB,0.0
fixed,TSB-HB,0.0
fixed,TSB-HB,0.0
fixed,TSB-HB,0.9462438641329558
fixed,TSB-HB,0.9462438641329558
fixed,TSB-HB,0.0
fixed,TSB-HB,0.0
fixed,TSB-HB,0.0
fixed,TSB-HB,0.7628525057955968
fixed,TSB-HB,0.0
fixed,TSB-HB,0.0
fixed,TSB-HB,0.0
fixed,TSB-HB,0.0
fixed,TSB-HB,0.0
fixed,TSB-HB,0.0
fixed,TSB-HB,0.0
fixed,TSB-HB,0.0
fixed,TSB-HB,0.0
fixed,TSB-HB,0.0
fixed,TSB-HB,0.0
fixed,TSB-HB,0.0
fixed,TSB-HB,0.8728679211291637
fixed,TSB-HB,0.0
fixed,TSB-HB,0.8219574821987812
fixed,TSB-HB,0.0
fixed,TSB-HB,0.0
fixed,TSB-HB,0.8219574821987812
fixed,TSB-HB,0.0
fixed,TSB-HB,0.0
fixed,TSB-HB,0.0
fixed,TSB-HB,0.0
fixed,TSB-HB,0.0
fixed,TSB-HB,0.0
fixed,TSB-HB,0.0
fixed,TSB-HB,0.9424057083197452
fixed,TSB-HB,0.0
fixed,TSB-HB,0.0
fixed,TSB-HB,0.0
fixed,TSB-HB,0.9816036045769242
fixed,TSB-HB,0.0
fixed,TSB-HB,0.0
fixed,TSB-HB,0.8657112294716741
fixed,TSB-HB,0.0
fixed,TSB-HB,0.0
fixed,TSB-HB,0.0
fixed,TSB-HB,0.0
fixed,TSB-HB,0.0
fixed,TSB-HB,0.0
fixed,TSB-HB,0.0
fixed,TSB-HB,0.8657381711843162
fixed,TSB-HB,0.0
fixed,TSB-HB,0.0
fixed,TSB-HB,0.0
fixed,TSB-HB,0.0
fixed,TSB-HB,0.0
fixed,TSB-HB,0.0
fixed,TSB-HB,0.0
fixed,TSB-HB,0.0
fixed,TSB-HB,0.0
fixed,TSB-HB,0.0
fixed,TSB-HB,0.0
fixed,TSB-HB,0.0
fixed,TSB-HB,0.0
fixed,TSB-HB,0.0
fixed,TSB-HB,0.0
fixed,TSB-HB,0.0
fixed,TSB-HB,0.0
fixed,TSB-HB,0.0
fixed,TSB-HB,0.0
fixed,TSB-HB,0.0
fixed,TSB-HB,0.0
fixed,TSB-HB,0.0
fixed,TSB-HB,0.0
fixed,TSB-HB,0.0
fixed,TSB-HB,0.0
fixed,TSB-HB,0.0
fixed,TSB-HB,0.940234765117576
fixed,TSB-HB,0.0
fixed,TSB-HB,0.0
fixed,TSB-HB,0.8601533902900157
fixed,TSB-HB,0.0
fixed,TSB-HB,0.0
fixed,TSB-HB,0.0
fixed,TSB-HB,0.0
fixed,TSB-HB,0.0
fixed,TSB-HB,0.0
fixed,TSB-HB,0.0
fixed,TSB-HB,0.7626740474964754
fixed,TSB-HB,0.9255722503992638
fixed,TSB-HB,0.0
fixed,TSB-HB,0.0
fixed,TSB-HB,0.0
fixed,TSB-HB,0.9523884684639699
fixed,TSB-HB,0.0
fixed,TSB-HB,0.8728180303982531
fixed,TSB-HB,0.0
fixed,TSB-HB,0.0
fixed,TSB-HB,0.0
fixed,TSB-HB,0.0
fixed,TSB-HB,0.0
fixed,TSB-HB,0.8532290454253513
fixed,TSB-HB,0.0
fixed,TSB-HB,0.0
fixed,TSB-HB,0.7631405970672441
fixed,TSB-HB,0.7631405970672441
fixed,TSB-HB,0.7631405970672441
fixed,TSB-HB,0.7631405970672441
fixed,TSB-HB,0.0
fixed,TSB-HB,0.0
fixed,TSB-HB,0.0
fixed,TSB-HB,0.0
fixed,TSB-HB,0.0
fixed,TSB-HB,0.0
fixed,TSB-HB,0.0
fixed,TSB-HB,0.0
fixed,TSB-HB,0.0
fixed,TSB-HB,0.0
fixed,TSB-HB,0.7852727689798144
fixed,TSB-HB,0.7852727689798144
fixed,TSB-HB,0.0
fixed,TSB-HB,0.0
fixed,TSB-HB,0.0
fixed,TSB-HB,0.0
fixed,TSB-HB,0.0
fixed,TSB-HB,0.0
fixed,TSB-HB,0.0
fixed,TSB-HB,0.0
fixed,TSB-HB,0.8407695383173269
fixed,TSB-HB,0.0
fixed,TSB-HB,0.0
fixed,TSB-HB,0.0
fixed,TSB-HB,0.0
fixed,TSB-HB,0.0
fixed,TSB-HB,0.0
fixed,TSB-HB,0.0
fixed,TSB-HB,0.0
fixed,TSB-HB,0.0
fixed,TSB-HB,0.0
fixed,TSB-HB,0.0
fixed,TSB-HB,0.0
fixed,TSB-HB,0.0
fixed,TSB-HB,0.0
fixed,TSB-HB,0.0
fixed,TSB-HB,0.8668012780757169
fixed,TSB-HB,1.0
fixed,TSB-HB,0.8668012780757169
fixed,TSB-HB,0.0
fixed,TSB-HB,0.0
fixed,TSB-HB,0.0
fixed,TSB-HB,0.0
fixed,TSB-HB,0.0
fixed,TSB-HB,0.0
fixed,TSB-HB,0.0
fixed,TSB-HB,0.0
fixed,TSB-HB,0.0
fixed,TSB-HB,0.0
fixed,TSB-HB,0.0
fixed,TSB-HB,0.0
fixed,TSB-HB,0.8372657402346921
fixed,TSB-HB,0.0
fixed,TSB-HB,0.9201237038802764
fixed,TSB-HB,0.0
fixed,TSB-HB,0.0
fixed,TSB-HB,0.0
fixed,TSB-HB,0.0
fixed,TSB-HB,0.0
fixed,TSB-HB,0.0
fixed,TSB-HB,0.0
fixed,TSB-HB,0.0
fixed,TSB-HB,0.0
fixed,TSB-HB,0.0
fixed,TSB-HB,0.6963844032318145
fixed,TSB-HB,0.0
fixed,TSB-HB,0.0
fixed,TSB-HB,0.0
fixed,TSB-HB,0.0
fixed,TSB-HB,0.0
fixed,TSB-HB,0.0
fixed,TSB-HB,0.0
fixed,TSB-HB,0.0
fixed,TSB-HB,0.9623449604588891
fixed,TSB-HB,0.0
fixed,TSB-HB,0.0
fixed,TSB-HB,0.0
fixed,TSB-HB,0.7287094859042375
fixed,TSB-HB,0.0
fixed,TSB-HB,0.9225186777548371
fixed,TSB-HB,0.0
fixed,TSB-HB,0.8390110922611329
fixed,TSB-HB,0.8390110922611329
fixed,TSB-HB,0.0
fixed,TSB-HB,0.0
fixed,TSB-HB,0.0
fixed,TSB-HB,0.0
fixed,TSB-HB,0.0
fixed,TSB-HB,0.0
fixed,TSB-HB,0.0
fixed,TSB-HB,0.0
fixed,TSB-HB,0.0
fixed,TSB-HB,0.0
fixed,TSB-HB,0.0
fixed,TSB-HB,0.0
fixed,TSB-HB,0.0
fixed,TSB-HB,0.7431621861781917
fixed,TSB-HB,0.0
fixed,TSB-HB,0.0
fixed,TSB-HB,0.0
fixed,TSB-HB,0.7431621861781917
fixed,TSB-HB,0.0
fixed,TSB-HB,0.0
fixed,TSB-HB,0.0
fixed,TSB-HB,0.0
fixed,TSB-HB,0.6879654714128708
fixed,TSB-HB,0.6879654714128708
fixed,TSB-HB,0.0
fixed,TSB-HB,1.0
fixed,TSB-HB,0.0
fixed,TSB-HB,0.0
fixed,TSB-HB,0.7121767989483678
fixed,TSB-HB,0.7121767989483678
fixed,TSB-HB,0.0
fixed,TSB-HB,0.7757870600018035
fixed,TSB-HB,0.0
fixed,TSB-HB,0.7757870600018035
fixed,TSB-HB,0.7757870600018035
fixed,TSB-HB,0.7757870600018035
fixed,TSB-HB,0.7757870600018035
fixed,TSB-HB,0.9293532434141598
fixed,TSB-HB,0.0
fixed,TSB-HB,0.9894588968596103
fixed,TSB-HB,1.0
fixed,TSB-HB,0.9293532434141598
fixed,TSB-HB,0.845889407487048
fixed,TSB-HB,0.8301679403308416
fixed,TSB-HB,0.0
fixed,TSB-HB,0.8301679403308416
fixed,TSB-HB,1.0
fixed,TSB-HB,0.8301679403308416
fixed,TSB-HB,0.0
fixed,TSB-HB,0.0
fixed,TSB-HB,0.0
fixed,TSB-HB,0.0
fixed,TSB-HB,0.0
fixed,TSB-HB,0.0
fixed,TSB-HB,0.0
fixed,TSB-HB,0.7077433106026707
fixed,TSB-HB,0.0
fixed,TSB-HB,0.0
fixed,TSB-HB,0.0
fixed,TSB-HB,0.0
fixed,TSB-HB,0.7077433106026707
fixed,TSB-HB,0.0
fixed,TSB-HB,0.0
fixed,TSB-HB,0.0
fixed,TSB-HB,0.0
fixed,TSB-HB,0.0
fixed,TSB-HB,0.0
fixed,TSB-HB,0.7652050570411464
fixed,TSB-HB,0.7652050570411464
fixed,TSB-HB,0.0
fixed,TSB-HB,0.0
fixed,TSB-HB,0.0
fixed,TSB-HB,0.0
fixed,TSB-HB,0.0
fixed,TSB-HB,0.7208212807023242
fixed,TSB-HB,0.7208212807023242
fixed,TSB-HB,0.7208212807023242
fixed,TSB-HB,0.0
fixed,TSB-HB,0.7208212807023242
fixed,TSB-HB,0.7722596780222734
fixed,TSB-HB,0.7722596780222734
fixed,TSB-HB,0.0
fixed,TSB-HB,0.7722596780222734
fixed,TSB-HB,0.7722596780222734
fixed,TSB-HB,0.0
fixed,TSB-HB,0.0
fixed,TSB-HB,0.0
fixed,TSB-HB,0.9191532289047354
fixed,TSB-HB,0.9191532289047354
fixed,TSB-HB,0.0
fixed,TSB-HB,0.9191532289047354
fixed,TSB-HB,0.0
fixed,TSB-HB,0.9523889108914722
fixed,TSB-HB,0.0
fixed,TSB-HB,0.0
fixed,TSB-HB,0.0
fixed,TSB-HB,0.0
fixed,TSB-HB,0.0
fixed,TSB-HB,0.9054801801047294
fixed,TSB-HB,0.7670929601300628
fixed,TSB-HB,0.0
fixed,TSB-HB,0.0
fixed,TSB-HB,0.9054801801047294
fixed,TSB-HB,0.7346407076098769
fixed,TSB-HB,0.9653581044894015
fixed,TSB-HB,0.0
fixed,TSB-HB,0.0
fixed,TSB-HB,0.0
fixed,TSB-HB,0.0
fixed,TSB-HB,0.0
fixed,TSB-HB,0.0
fixed,TSB-HB,0.0
fixed,TSB-HB,0.8486146624782981
fixed,TSB-HB,0.9353998554258834
fixed,TSB-HB,0.0
fixed,TSB-HB,0.0
fixed,TSB-HB,0.0
fixed,TSB-HB,0.0
fixed,TSB-HB,0.768401380014638
fixed,TSB-HB,0.0
fixed,TSB-HB,0.768401380014638
fixed,TSB-HB,0.0
fixed,TSB-HB,1.0
fixed,TSB-HB,0.0
fixed,TSB-HB,0.9184280173501034
fixed,TSB-HB,1.0
fixed,TSB-HB,0.9184280173501034
fixed,TSB-HB,0.8350364917220465
fixed,TSB-HB,0.0
fixed,TSB-HB,0.0
fixed,TSB-HB,0.0
fixed,TSB-HB,0.0
fixed,TSB-HB,0.0
fixed,TSB-HB,0.0
fixed,TSB-HB,0.0
fixed,TSB-HB,0.0
fixed,TSB-HB,0.0
fixed,TSB-HB,0.0
fixed,TSB-HB,0.8563062398200567
fixed,TSB-HB,0.0
fixed,TSB-HB,0.0
fixed,TSB-HB,0.0
fixed,TSB-HB,0.8553937195610383
fixed,TSB-HB,0.0
fixed,TSB-HB,0.0
fixed,TSB-HB,0.0
fixed,TSB-HB,0.7185918197010173
fixed,TSB-HB,0.7185918197010173
fixed,TSB-HB,0.0
fixed,TSB-HB,0.0
fixed,TSB-HB,0.0
fixed,TSB-HB,0.0
fixed,TSB-HB,0.0
fixed,TSB-HB,0.0
fixed,TSB-HB,0.7634510879338208
fixed,TSB-HB,0.8880700757429932
fixed,TSB-HB,0.8880700757429932
fixed,TSB-HB,0.0
fixed,TSB-HB,0.0
fixed,TSB-HB,0.7049441027093374
fixed,TSB-HB,0.7049441027093374
fixed,TSB-HB,0.7049441027093374
fixed,TSB-HB,0.0
fixed,TSB-HB,0.9384470513684646
fixed,TSB-HB,0.9798705841214561
fixed,TSB-HB,0.9384470513684646
fixed,TSB-HB,1.0
fixed,TSB-HB,0.0
fixed,TSB-HB,0.0
fixed,TSB-HB,0.0
fixed,TSB-HB,0.0
fixed,TSB-HB,0.0
fixed,TSB-HB,0.0
fixed,TSB-HB,0.0
fixed,TSB-HB,0.0
fixed,TSB-HB,0.0
fixed,TSB-HB,0.0
fixed,TSB-HB,0.0
fixed,TSB-HB,0.0
fixed,TSB-HB,0.0
fixed,TSB-HB,0.0
fixed,TSB-HB,0.0
fixed,TSB-HB,0.0
fixed,TSB-HB,0.0
fixed,TSB-HB,0.0
fixed,TSB-HB,0.0
fixed,TSB-HB,0.0
fixed,TSB-HB,0.0
fixed,TSB-HB,0.0
fixed,TSB-HB,0.0
fixed,TSB-HB,0.0
fixed,TSB-HB,0.0
fixed,TSB-HB,0.0
fixed,TSB-HB,0.0
fixed,TSB-HB,0.0
fixed,TSB-HB,0.0
fixed,TSB-HB,0.0
fixed,TSB-HB,0.0
fixed,TSB-HB,0.0
fixed,TSB-HB,0.7564834674779203
fixed,TSB-HB,0.9075910588838145
fixed,TSB-HB,0.0
fixed,TSB-HB,0.9075910588838145
fixed,TSB-HB,0.9075910588838145
fixed,TSB-HB,0.7564834674779203
fixed,TSB-HB,0.0
fixed,TSB-HB,0.0
fixed,TSB-HB,0.0
fixed,TSB-HB,0.0
fixed,TSB-HB,0.0
fixed,TSB-HB,0.0
fixed,TSB-HB,0.0
fixed,TSB-HB,0.0
fixed,TSB-HB,0.0
fixed,TSB-HB,0.0
fixed,TSB-HB,0.0
fixed,TSB-HB,0.0
fixed,TSB-HB,0.0
fixed,TSB-HB,0.0
fixed,TSB-HB,0.0
fixed,TSB-HB,0.0
fixed,TSB-HB,0.0
fixed,TSB-HB,0.0
fixed,TSB-HB,0.0
fixed,TSB-HB,0.0
fixed,TSB-HB,0.0
fixed,TSB-HB,0.0
fixed,TSB-HB,0.0
fixed,TSB-HB,0.0
fixed,TSB-HB,0.0
fixed,TSB-HB,0.0
fixed,TSB-HB,0.0
fixed,TSB-HB,0.0
fixed,TSB-HB,0.0
fixed,TSB-HB,0.0
fixed,TSB-HB,0.8003872636890432
fixed,TSB-HB,0.0
fixed,TSB-HB,0.0
fixed,TSB-HB,0.0
fixed,TSB-HB,0.0
fixed,TSB-HB,0.0
fixed,TSB-HB,0.9523916306189186
fixed,TSB-HB,0.0
fixed,TSB-HB,0.0
fixed,TSB-HB,0.0
fixed,TSB-HB,0.0
fixed,TSB-HB,0.0
fixed,TSB-HB,0.0
fixed,TSB-HB,0.0
fixed,TSB-HB,0.0
fixed,TSB-HB,0.0
fixed,TSB-HB,0.0
fixed,TSB-HB,0.0
fixed,TSB-HB,0.0
fixed,TSB-HB,0.0
fixed,TSB-HB,0.0
fixed,TSB-HB,0.0
fixed,TSB-HB,0.0
fixed,TSB-HB,0.0
fixed,TSB-HB,0.0
fixed,TSB-HB,0.0
fixed,TSB-HB,0.0
fixed,TSB-HB,0.0
fixed,TSB-HB,0.0
fixed,TSB-HB,0.8535829458745359
fixed,TSB-HB,0.0
fixed,TSB-HB,0.0
fixed,TSB-HB,0.0
fixed,TSB-HB,0.0
fixed,TSB-HB,0.0
fixed,TSB-HB,0.0
fixed,TSB-HB,0.0
fixed,TSB-HB,0.0
fixed,TSB-HB,0.0
fixed,TSB-HB,0.0
fixed,TSB-HB,0.0
fixed,TSB-HB,0.9610866691531563
fixed,TSB-HB,0.0
fixed,TSB-HB,0.0
fixed,TSB-HB,0.0
fixed,TSB-HB,0.0
fixed,TSB-HB,0.0
fixed,TSB-HB,0.0
fixed,TSB-HB,0.0
fixed,TSB-HB,0.0
fixed,TSB-HB,0.0
fixed,TSB-HB,0.0
fixed,TSB-HB,0.0
fixed,TSB-HB,0.0
fixed,TSB-HB,0.9204541522318563
fixed,TSB-HB,0.8357808010068922
fixed,TSB-HB,0.0
fixed,TSB-HB,0.0
fixed,TSB-HB,0.0
fixed,TSB-HB,0.0
fixed,TSB-HB,0.8170782263551061
fixed,TSB-HB,0.0
fixed,TSB-HB,0.0
fixed,TSB-HB,0.0
fixed,TSB-HB,0.0
fixed,TSB-HB,0.9214560013167092
fixed,TSB-HB,0.0
fixed,TSB-HB,0.0
fixed,TSB-HB,0.0
fixed,TSB-HB,0.0
fixed,TSB-HB,0.0
fixed,TSB-HB,0.0
fixed,TSB-HB,0.0
fixed,TSB-HB,0.0
fixed,TSB-HB,0.7068220816882529
fixed,TSB-HB,0.8762238420820965
fixed,TSB-HB,0.9572612824495139
fixed,TSB-HB,0.0
fixed,TSB-HB,0.0
fixed,TSB-HB,0.9730326577758363
fixed,TSB-HB,0.0
fixed,TSB-HB,0.0
fixed,TSB-HB,0.0
fixed,TSB-HB,0.7755842382699705
fixed,TSB-HB,0.0
fixed,TSB-HB,0.0
fixed,TSB-HB,0.0
fixed,TSB-HB,0.0
fixed,TSB-HB,0.0
fixed,TSB-HB,0.0
fixed,TSB-HB,0.0
fixed,TSB-HB,0.0
fixed,TSB-HB,0.0
fixed,TSB-HB,0.0
fixed,TSB-HB,0.0
fixed,TSB-HB,0.0
fixed,TSB-HB,0.943099643229013
fixed,TSB-HB,0.0
fixed,TSB-HB,0.0
fixed,TSB-HB,0.0
fixed,TSB-HB,0.8544923464371698
fixed,TSB-HB,0.0
fixed,TSB-HB,0.0
fixed,TSB-HB,0.0
fixed,TSB-HB,0.7665633620914614
fixed,TSB-HB,0.0
fixed,TSB-HB,0.7665633620914614
fixed,TSB-HB,0.9758825918605702
fixed,TSB-HB,0.0
fixed,TSB-HB,0.8392826791112815
fixed,TSB-HB,0.0
fixed,TSB-HB,0.0
fixed,TSB-HB,0.0
fixed,TSB-HB,0.0
fixed,TSB-HB,0.9750042730700822
fixed,TSB-HB,0.9289990009329138
fixed,TSB-HB,0.8446735631857863
fixed,TSB-HB,0.9289990009329138
fixed,TSB-HB,0.0
fixed,TSB-HB,0.8446735631857863
fixed,TSB-HB,0.7549452055672602
fixed,TSB-HB,0.7549452055672602
fixed,TSB-HB,0.0
fixed,TSB-HB,0.7549452055672602
fixed,TSB-HB,0.7549452055672602
fixed,TSB-HB,0.0
fixed,TSB-HB,0.9780643399951939
fixed,TSB-HB,0.8503311630763197
fixed,TSB-HB,0.8503311630763197
fixed,TSB-HB,0.0
fixed,TSB-HB,0.0
fixed,TSB-HB,0.0
fixed,TSB-HB,0.0
fixed,TSB-HB,0.0
fixed,TSB-HB,0.0
fixed,TSB-HB,0.0
fixed,TSB-HB,0.8571863615639229
fixed,TSB-HB,0.0
fixed,TSB-HB,0.0
fixed,TSB-HB,0.0
fixed,TSB-HB,0.0
fixed,TSB-HB,0.0
fixed,TSB-HB,0.0
fixed,TSB-HB,0.0
fixed,TSB-HB,0.0
fixed,TSB-HB,0.0
fixed,TSB-HB,0.0
fixed,TSB-HB,0.0
fixed,TSB-HB,0.0
fixed,TSB-HB,0.0
fixed,TSB-HB,0.0
fixed,TSB-HB,0.7099788891398133
fixed,TSB-HB,0.0
fixed,TSB-HB,0.9138355859534081
fixed,TSB-HB,0.0
fixed,TSB-HB,0.9138355859534081
fixed,TSB-HB,0.9725325997426498
fixed,TSB-HB,0.0
fixed,TSB-HB,1.0
fixed,TSB-HB,0.0
fixed,TSB-HB,0.8144420435188181
fixed,TSB-HB,0.9207364305375126
fixed,TSB-HB,0.717915293648705
fixed,TSB-HB,0.0
fixed,TSB-HB,0.0
fixed,TSB-HB,0.717915293648705
fixed,TSB-HB,0.717915293648705
fixed,TSB-HB,0.8737188729674845
fixed,TSB-HB,0.0
fixed,TSB-HB,0.0
fixed,TSB-HB,0.9631212856486592
fixed,TSB-HB,0.7422152878498075
fixed,TSB-HB,0.7422152878498075
fixed,TSB-HB,0.0
fixed,TSB-HB,0.0
fixed,TSB-HB,0.0
fixed,TSB-HB,0.0
fixed,TSB-HB,0.0
fixed,TSB-HB,0.0
fixed,TSB-HB,0.0
fixed,TSB-HB,0.0
fixed,TSB-HB,0.0
fixed,TSB-HB,0.0
fixed,TSB-HB,0.0
fixed,TSB-HB,0.0
fixed,TSB-HB,0.0
fixed,TSB-HB,1.0
fixed,TSB-HB,0.0
fixed,TSB-HB,0.0
fixed,TSB-HB,0.0
fixed,TSB-HB,1.0
fixed,TSB-HB,0.0
fixed,TSB-HB,0.0
fixed,TSB-HB,0.0
fixed,TSB-HB,0.8709443888131829
fixed,TSB-HB,0.0
fixed,TSB-HB,0.0
fixed,TSB-HB,0.0
fixed,TSB-HB,0.0
fixed,TSB-HB,0.0
fixed,TSB-HB,0.0
fixed,TSB-HB,0.0
fixed,TSB-HB,0.0
fixed,TSB-HB,0.0
fixed,TSB-HB,0.0
fixed,TSB-HB,0.0
fixed,TSB-HB,0.0
fixed,TSB-HB,0.0
fixed,TSB-HB,0.0
fixed,TSB-HB,0.0
fixed,TSB-HB,0.0
fixed,TSB-HB,0.0
fixed,TSB-HB,0.0
fixed,TSB-HB,0.0
fixed,TSB-HB,0.0
fixed,TSB-HB,0.9067310560895072
fixed,TSB-HB,0.0
fixed,TSB-HB,0.0
fixed,TSB-HB,0.0
fixed,TSB-HB,0.0
fixed,TSB-HB,0.0
fixed,TSB-HB,0.0
fixed,TSB-HB,0.0
fixed,TSB-HB,0.0
fixed,TSB-HB,0.0
fixed,TSB-HB,0.7894416013144102
fixed,TSB-HB,0.0
fixed,TSB-HB,0.0
fixed,TSB-HB,0.0
fixed,TSB-HB,0.9238836601104476
fixed,TSB-HB,0.0
fixed,TSB-HB,0.9238836601104476
fixed,TSB-HB,0.0
fixed,TSB-HB,0.0
fixed,TSB-HB,0.7569299678897355
fixed,TSB-HB,0.7569299678897355
fixed,TSB-HB,0.0
fixed,TSB-HB,0.0
fixed,TSB-HB,0.7569299678897355
fixed,TSB-HB,0.0
fixed,TSB-HB,0.0
fixed,TSB-HB,0.86184461566439
fixed,TSB-HB,0.86184461566439
fixed,TSB-HB,0.0
fixed,TSB-HB,0.0
fixed,TSB-HB,0.0
fixed,TSB-HB,0.0
fixed,TSB-HB,0.964667244233537
fixed,TSB-HB,0.0
fixed,TSB-HB,0.7219909904852675
fixed,TSB-HB,0.0
fixed,TSB-HB,0.0
fixed,TSB-HB,0.0
fixed,TSB-HB,0.0
fixed,TSB-HB,0.0
fixed,TSB-HB,0.0
fixed,TSB-HB,0.0
fixed,TSB-HB,0.0
fixed,TSB-HB,0.0
fixed,TSB-HB,0.0
fixed,TSB-HB,0.0
fixed,TSB-HB,0.0
fixed,TSB-HB,0.0
fixed,TSB-HB,0.0
fixed,TSB-HB,0.0
fixed,TSB-HB,0.8146971283083921
fixed,TSB-HB,0.8146971283083921
fixed,TSB-HB,1.0
fixed,TSB-HB,0.9757320450185804
fixed,TSB-HB,1.0
fixed,TSB-HB,0.0
fixed,TSB-HB,0.0
fixed,TSB-HB,0.0
fixed,TSB-HB,0.0
fixed,TSB-HB,0.0
fixed,TSB-HB,0.0
fixed,TSB-HB,0.0
fixed,TSB-HB,0.0
fixed,TSB-HB,0.0
fixed,TSB-HB,0.0
fixed,TSB-HB,0.0
fixed,TSB-HB,0.0
fixed,TSB-HB,0.0
fixed,TSB-HB,0.0
fixed,TSB-HB,0.0
fixed,TSB-HB,0.0
fixed,TSB-HB,0.0
fixed,TSB-HB,0.0
fixed,TSB-HB,0.0
fixed,TSB-HB,0.0
fixed,TSB-HB,0.0
fixed,TSB-HB,0.0
fixed,TSB-HB,0.0
fixed,TSB-HB,0.8501967822194623
fixed,TSB-HB,0.0
fixed,TSB-HB,0.0
fixed,TSB-HB,0.0
fixed,TSB-HB,0.0
fixed,TSB-HB,0.0
fixed,TSB-HB,0.0
fixed,TSB-HB,0.0
fixed,TSB-HB,0.0
fixed,TSB-HB,0.0
fixed,TSB-HB,0.9118692469754657
fixed,TSB-HB,0.0
fixed,TSB-HB,0.0
fixed,TSB-HB,0.8425229963722405
fixed,TSB-HB,0.0
fixed,TSB-HB,0.0
fixed,TSB-HB,0.0
fixed,TSB-HB,0.0
fixed,TSB-HB,0.8425229963722405
fixed,TSB-HB,0.0
fixed,TSB-HB,0.0
fixed,TSB-HB,0.0
fixed,TSB-HB,0.0
fixed,TSB-HB,0.0
fixed,TSB-HB,0.0
fixed,TSB-HB,0.0
fixed,TSB-HB,0.0
fixed,TSB-HB,0.0
fixed,TSB-HB,0.0
fixed,TSB-HB,0.0
fixed,TSB-HB,0.0
fixed,TSB-HB,0.0
fixed,TSB-HB,0.0
fixed,TSB-HB,0.0
fixed,TSB-HB,0.0
fixed,TSB-HB,0.0
fixed,TSB-HB,0.0
fixed,TSB-HB,0.0
fixed,TSB-HB,0.0
fixed,TSB-HB,0.0
fixed,TSB-HB,0.0
fixed,TSB-HB,0.0
fixed,TSB-HB,0.0
fixed,TSB-HB,0.932357021492184
fixed,TSB-HB,0.0
fixed,TSB-HB,0.0
fixed,TSB-HB,0.0
fixed,TSB-HB,0.0
fixed,TSB-HB,0.0
fixed,TSB-HB,0.0
fixed,TSB-HB,0.0
fixed,TSB-HB,0.0
fixed,TSB-HB,0.0
fixed,TSB-HB,0.0
fixed,TSB-HB,0.0
fixed,TSB-HB,0.0
fixed,TSB-HB,0.0
fixed,TSB-HB,0.0
fixed,TSB-HB,0.0
fixed,TSB-HB,0.8592494734866188
fixed,TSB-HB,0.8592494734866188
fixed,TSB-HB,0.0
fixed,TSB-HB,0.0
fixed,TSB-HB,0.0
fixed,TSB-HB,0.0
fixed,TSB-HB,0.0
fixed,TSB-HB,0.0
fixed,TSB-HB,0.0
fixed,TSB-HB,0.0
fixed,TSB-HB,0.0
fixed,TSB-HB,0.0
fixed,TSB-HB,0.0
fixed,TSB-HB,0.0
fixed,TSB-HB,0.8782541033908667
fixed,TSB-HB,0.0
fixed,TSB-HB,0.0
fixed,TSB-HB,0.0
fixed,TSB-HB,0.0
fixed,TSB-HB,0.0
fixed,TSB-HB,0.0
fixed,TSB-HB,0.0
fixed,TSB-HB,0.0
fixed,TSB-HB,0.0
fixed,TSB-HB,0.0
fixed,TSB-HB,0.0
fixed,TSB-HB,0.0
fixed,TSB-HB,0.0
fixed,TSB-HB,0.8034465594743427
fixed,TSB-HB,0.0
fixed,TSB-HB,0.0
fixed,TSB-HB,0.0
fixed,TSB-HB,0.0
fixed,TSB-HB,0.0
fixed,TSB-HB,0.0
fixed,TSB-HB,0.0
fixed,TSB-HB,0.0
fixed,TSB-HB,0.0
fixed,TSB-HB,0.0
fixed,TSB-HB,0.0
fixed,TSB-HB,0.0
fixed,TSB-HB,0.8401149977586994
fixed,TSB-HB,0.0
fixed,TSB-HB,0.0
fixed,TSB-HB,0.7607861077518526
fixed,TSB-HB,0.0
fixed,TSB-HB,0.0
fixed,TSB-HB,0.9780973484998077
fixed,TSB-HB,0.0
fixed,TSB-HB,0.0
fixed,TSB-HB,0.932357021492184
fixed,TSB-HB,0.0
fixed,TSB-HB,0.0
fixed,TSB-HB,0.0
fixed,TSB-HB,0.0
fixed,TSB-HB,0.0
fixed,TSB-HB,0.0
fixed,TSB-HB,0.0
fixed,TSB-HB,0.0
fixed,TSB-HB,0.0
fixed,TSB-HB,0.0
fixed,TSB-HB,0.0
fixed,TSB-HB,0.0
fixed,TSB-HB,0.0
fixed,TSB-HB,0.0
fixed,TSB-HB,0.0
fixed,TSB-HB,0.0
fixed,TSB-HB,0.0
fixed,TSB-HB,0.0
fixed,TSB-HB,0.0
fixed,TSB-HB,0.0
fixed,TSB-HB,0.0
fixed,TSB-HB,0.0
fixed,TSB-HB,0.0
fixed,TSB-HB,0.0
fixed,TSB-HB,0.0
fixed,TSB-HB,0.0
fixed,TSB-HB,0.0
fixed,TSB-HB,0.8519344956631724
fixed,TSB-HB,0.0
fixed,TSB-HB,0.0
fixed,TSB-HB,0.0
fixed,TSB-HB,0.0
fixed,TSB-HB,0.0
fixed,TSB-HB,0.0
fixed,TSB-HB,0.8414195127993473
fixed,TSB-HB,0.0
fixed,TSB-HB,0.0
fixed,TSB-HB,0.0
fixed,TSB-HB,0.0
fixed,TSB-HB,0.0
fixed,TSB-HB,0.0
fixed,TSB-HB,0.0
fixed,TSB-HB,0.0
fixed,TSB-HB,0.0
fixed,TSB-HB,0.0
fixed,TSB-HB,0.0
fixed,TSB-HB,0.0
fixed,TSB-HB,0.0
fixed,TSB-HB,0.0
fixed,TSB-HB,0.0
fixed,TSB-HB,0.0
fixed,TSB-HB,0.0
fixed,TSB-HB,0.0
fixed,TSB-HB,0.0
fixed,TSB-HB,0.0
fixed,TSB-HB,0.8519275243531865
fixed,TSB-HB,0.8519275243531865
fixed,TSB-HB,0.0
fixed,TSB-HB,0.0
fixed,TSB-HB,0.0
fixed,TSB-HB,0.9175758265183516
fixed,TSB-HB,0.0
fixed,TSB-HB,0.0
fixed,TSB-HB,0.0
fixed,TSB-HB,0.0
fixed,TSB-HB,0.0
fixed,TSB-HB,0.0
fixed,TSB-HB,0.0
fixed,TSB-HB,0.0
fixed,TSB-HB,0.0
fixed,TSB-HB,0.0
fixed,TSB-HB,0.0
fixed,TSB-HB,0.0
fixed,TSB-HB,0.0
fixed,TSB-HB,0.0
fixed,TSB-HB,0.0
fixed,TSB-HB,0.0
fixed,TSB-HB,0.0
fixed,TSB-HB,0.0
fixed,TSB-HB,0.9223393131141094
fixed,TSB-HB,0.0
fixed,TSB-HB,0.0
fixed,TSB-HB,0.8028290120198909
fixed,TSB-HB,0.7042010471322786
fixed,TSB-HB,0.0
fixed,TSB-HB,0.0
fixed,TSB-HB,0.0
fixed,TSB-HB,0.0
fixed,TSB-HB,0.0
fixed,TSB-HB,0.0
fixed,TSB-HB,0.0
fixed,TSB-HB,0.9709943752807769
fixed,TSB-HB,0.0
fixed,TSB-HB,0.0
fixed,TSB-HB,0.9253696491877923
fixed,TSB-HB,0.7077528154751648
fixed,TSB-HB,0.0
fixed,TSB-HB,0.8813405916804318
fixed,TSB-HB,0.0
fixed,TSB-HB,0.0
fixed,TSB-HB,0.0
fixed,TSB-HB,0.0
fixed,TSB-HB,0.0
fixed,TSB-HB,0.0
fixed,TSB-HB,0.0
fixed,TSB-HB,0.0
fixed,TSB-HB,1.0
fixed,TSB-HB,0.9044300926598045
fixed,TSB-HB,0.7418052798272946
fixed,TSB-HB,0.7418052798272946
fixed,TSB-HB,0.9678844274713686
fixed,TSB-HB,0.7418052798272946
fixed,TSB-HB,0.0
fixed,TSB-HB,0.0
fixed,TSB-HB,0.0
fixed,TSB-HB,0.9351252815623099
fixed,TSB-HB,0.0
fixed,TSB-HB,0.0
fixed,TSB-HB,0.0
fixed,TSB-HB,0.9263213144864317
fixed,TSB-HB,0.9263213144864317
fixed,TSB-HB,0.8430118350261068
fixed,TSB-HB,0.0
fixed,TSB-HB,0.9263213144864317
fixed,TSB-HB,0.0
fixed,TSB-HB,0.0
fixed,TSB-HB,0.0
fixed,TSB-HB,0.0
fixed,TSB-HB,0.7788956939311378
fixed,TSB-HB,0.9860036379142798
fixed,TSB-HB,0.0
fixed,TSB-HB,0.7587327086782694
fixed,TSB-HB,0.0
fixed,TSB-HB,0.0
fixed,TSB-HB,0.0
fixed,TSB-HB,0.0
fixed,TSB-HB,0.9010095540955123
fixed,TSB-HB,0.0
fixed,TSB-HB,0.0
fixed,TSB-HB,0.0
fixed,TSB-HB,0.0
fixed,TSB-HB,0.0
fixed,TSB-HB,0.8739756290760626
fixed,TSB-HB,0.0
fixed,TSB-HB,0.0
fixed,TSB-HB,0.0
fixed,TSB-HB,0.0
fixed,TSB-HB,0.0
fixed,TSB-HB,0.0
fixed,TSB-HB,0.7062325222382209
fixed,TSB-HB,0.7062325222382209
fixed,TSB-HB,0.0
fixed,TSB-HB,0.0
fixed,TSB-HB,0.901292758910178
fixed,TSB-HB,0.901292758910178
fixed,TSB-HB,0.0
fixed,TSB-HB,0.0
fixed,TSB-HB,0.900633158758652
fixed,TSB-HB,0.965473239897827
fixed,TSB-HB,0.7325781067619768
fixed,TSB-HB,0.900633158758652
fixed,TSB-HB,0.0
fixed,TSB-HB,0.0
fixed,TSB-HB,0.0
fixed,TSB-HB,0.0
fixed,TSB-HB,0.0
fixed,TSB-HB,0.0
fixed,TSB-HB,0.0
fixed,TSB-HB,0.0
fixed,TSB-HB,0.0
fixed,TSB-HB,0.0
fixed,TSB-HB,0.0
fixed,TSB-HB,0.0
fixed,TSB-HB,0.0
fixed,TSB-HB,0.9735066500437969
fixed,TSB-HB,0.0
fixed,TSB-HB,0.0
fixed,TSB-HB,0.7756863387153814
fixed,TSB-HB,0.0
fixed,TSB-HB,0.0
fixed,TSB-HB,0.0
fixed,TSB-HB,0.0
fixed,TSB-HB,0.0
fixed,TSB-HB,0.0
fixed,TSB-HB,0.0
fixed,TSB-HB,0.0
fixed,TSB-HB,0.0
fixed,TSB-HB,0.0
fixed,TSB-HB,0.8659199634104426
fixed,TSB-HB,0.0
fixed,TSB-HB,0.0
fixed,TSB-HB,0.0
fixed,TSB-HB,0.7373974571865674
fixed,TSB-HB,0.7373974571865674
fixed,TSB-HB,0.0
fixed,TSB-HB,0.0
fixed,TSB-HB,0.0
fixed,TSB-HB,0.0
fixed,TSB-HB,0.7174012142309774
fixed,TSB-HB,0.7174012142309774
fixed,TSB-HB,0.0
fixed,TSB-HB,0.0
fixed,TSB-HB,0.0
fixed,TSB-HB,0.9009368603671958
fixed,TSB-HB,0.7255960179055083
fixed,TSB-HB,0.0
fixed,TSB-HB,0.0
fixed,TSB-HB,0.9009368603671958
fixed,TSB-HB,0.0
fixed,TSB-HB,0.976251047307479
fixed,TSB-HB,0.7446486707202175
fixed,TSB-HB,1.0
fixed,TSB-HB,0.7446486707202175
fixed,TSB-HB,0.7446486707202175
fixed,TSB-HB,0.91511240970788
fixed,TSB-HB,0.0
fixed,TSB-HB,0.0
fixed,TSB-HB,0.8562917124857696
fixed,TSB-HB,0.8562917124857696
fixed,TSB-HB,0.0
fixed,TSB-HB,0.0
fixed,TSB-HB,0.0
fixed,TSB-HB,0.0
fixed,TSB-HB,0.0
fixed,TSB-HB,0.0
fixed,TSB-HB,0.0
fixed,TSB-HB,0.0
fixed,TSB-HB,0.0
fixed,TSB-HB,0.8476987129820234
fixed,TSB-HB,0.0
fixed,TSB-HB,0.0
fixed,TSB-HB,0.0
fixed,TSB-HB,0.0
fixed,TSB-HB,0.0
fixed,TSB-HB,0.0
fixed,TSB-HB,0.0
fixed,TSB-HB,0.0
fixed,TSB-HB,0.0
fixed,TSB-HB,0.0
fixed,TSB-HB,0.0
fixed,TSB-HB,0.7552854769661018
fixed,TSB-HB,0.0
fixed,TSB-HB,0.0
fixed,TSB-HB,0.0
fixed,TSB-HB,0.0
fixed,TSB-HB,0.7944749551770163
fixed,TSB-HB,0.7944749551770163
fixed,TSB-HB,0.0
fixed,TSB-HB,0.0
fixed,TSB-HB,0.0
fixed,TSB-HB,0.0
fixed,TSB-HB,0.0
fixed,TSB-HB,0.0
fixed,TSB-HB,0.934277770822554
fixed,TSB-HB,0.0
fixed,TSB-HB,0.0
fixed,TSB-HB,0.0
fixed,TSB-HB,0.8950056904271342
fixed,TSB-HB,0.0
fixed,TSB-HB,0.0
fixed,TSB-HB,0.0
fixed,TSB-HB,0.0
fixed,TSB-HB,0.0
fixed,TSB-HB,0.0
fixed,TSB-HB,0.0
fixed,TSB-HB,0.0
fixed,TSB-HB,0.0
fixed,TSB-HB,0.0
fixed,TSB-HB,0.0
fixed,TSB-HB,0.0
fixed,TSB-HB,0.0
fixed,TSB-HB,0.0
fixed,TSB-HB,0.8502686694246737
fixed,TSB-HB,0.0
fixed,TSB-HB,0.0
fixed,TSB-HB,0.0
fixed,TSB-HB,0.0
fixed,TSB-HB,0.0
fixed,TSB-HB,0.0
fixed,TSB-HB,0.0
fixed,TSB-HB,0.0
fixed,TSB-HB,0.0
fixed,TSB-HB,0.0
fixed,TSB-HB,0.0
fixed,TSB-HB,0.0
fixed,TSB-HB,0.0
fixed,TSB-HB,0.0
fixed,TSB-HB,0.0
fixed,TSB-HB,0.0
fixed,TSB-HB,0.0
fixed,TSB-HB,0.0
fixed,TSB-HB,0.0
fixed,TSB-HB,0.0
fixed,TSB-HB,0.8498490457957323
fixed,TSB-HB,0.0
fixed,TSB-HB,0.0
fixed,TSB-HB,0.0
fixed,TSB-HB,0.0
fixed,TSB-HB,0.8498490457957323
fixed,TSB-HB,0.0
fixed,TSB-HB,0.0
fixed,TSB-HB,0.0
fixed,TSB-HB,0.8527915686336893
fixed,TSB-HB,0.0
fixed,TSB-HB,0.0
fixed,TSB-HB,0.0
fixed,TSB-HB,0.0
fixed,TSB-HB,0.0
fixed,TSB-HB,0.0
fixed,TSB-HB,0.0
fixed,TSB-HB,0.0
fixed,TSB-HB,0.0
fixed,TSB-HB,0.0
fixed,TSB-HB,0.0
fixed,TSB-HB,0.0
fixed,TSB-HB,0.0
fixed,TSB-HB,0.0
fixed,TSB-HB,0.0
fixed,TSB-HB,0.0
fixed,TSB-HB,0.0
fixed,TSB-HB,0.0
fixed,TSB-HB,0.0
fixed,TSB-HB,0.0
fixed,TSB-HB,0.0
fixed,TSB-HB,0.0
fixed,TSB-HB,0.8633186853386903
fixed,TSB-HB,0.0
fixed,TSB-HB,0.0
fixed,TSB-HB,0.0
fixed,TSB-HB,0.0
fixed,TSB-HB,0.0
fixed,TSB-HB,0.0
fixed,TSB-HB,0.0
fixed,TSB-HB,0.0
fixed,TSB-HB,0.0
fixed,TSB-HB,0.0
fixed,TSB-HB,0.0
fixed,TSB-HB,0.0
fixed,TSB-HB,0.0
fixed,TSB-HB,0.0
fixed,TSB-HB,0.0
fixed,TSB-HB,0.0
fixed,TSB-HB,0.9126247328002355
fixed,TSB-HB,0.0
fixed,TSB-HB,0.0
fixed,TSB-HB,0.0
fixed,TSB-HB,0.0
fixed,TSB-HB,0.0
fixed,TSB-HB,0.0
fixed,TSB-HB,0.0
fixed,TSB-HB,0.0
fixed,TSB-HB,0.0
fixed,TSB-HB,0.0
fixed,TSB-HB,0.0
fixed,TSB-HB,0.0
fixed,TSB-HB,0.0
fixed,TSB-HB,0.0
fixed,TSB-HB,0.0
fixed,TSB-HB,0.0
fixed,TSB-HB,0.0
fixed,TSB-HB,0.0
fixed,TSB-HB,0.0
fixed,TSB-HB,0.0
fixed,TSB-HB,0.0
fixed,TSB-HB,0.0
fixed,TSB-HB,0.0
fixed,TSB-HB,0.0
fixed,TSB-HB,0.0
fixed,TSB-HB,0.0
fixed,TSB-HB,0.0
fixed,TSB-HB,0.0
fixed,TSB-HB,0.0
fixed,TSB-HB,0.0
fixed,TSB-HB,0.0
fixed,TSB-HB,0.0
fixed,TSB-HB,0.0
fixed,TSB-HB,0.0
fixed,TSB-HB,0.716866117079845
fixed,TSB-HB,0.0
fixed,TSB-HB,0.0
fixed,TSB-HB,0.0
fixed,TSB-HB,0.0
fixed,TSB-HB,0.0
fixed,TSB-HB,0.0
fixed,TSB-HB,0.0
fixed,TSB-HB,0.0
fixed,TSB-HB,0.0
fixed,TSB-HB,0.0
fixed,TSB-HB,0.0
fixed,TSB-HB,0.0
fixed,TSB-HB,0.0
fixed,TSB-HB,0.0
fixed,TSB-HB,0.0
fixed,TSB-HB,0.0
fixed,TSB-HB,0.0
fixed,TSB-HB,0.0
fixed,TSB-HB,0.0
fixed,TSB-HB,0.0
fixed,TSB-HB,0.9205218306173425
fixed,TSB-HB,0.0
fixed,TSB-HB,0.0
fixed,TSB-HB,0.0
fixed,TSB-HB,0.0
fixed,TSB-HB,0.0
fixed,TSB-HB,0.0
fixed,TSB-HB,0.7986234434136453
fixed,TSB-HB,0.0
fixed,TSB-HB,0.0
fixed,TSB-HB,0.0
fixed,TSB-HB,0.0
fixed,TSB-HB,0.0
fixed,TSB-HB,0.0
fixed,TSB-HB,0.0
fixed,TSB-HB,0.0
fixed,TSB-HB,0.0
fixed,TSB-HB,0.0
fixed,TSB-HB,0.0
fixed,TSB-HB,0.8520065094250409
fixed,TSB-HB,0.0
fixed,TSB-HB,0.8515013686791081
fixed,TSB-HB,0.0
fixed,TSB-HB,0.0
fixed,TSB-HB,0.0
fixed,TSB-HB,0.0
fixed,TSB-HB,0.0
fixed,TSB-HB,0.0
fixed,TSB-HB,0.0
fixed,TSB-HB,0.0
fixed,TSB-HB,0.0
fixed,TSB-HB,0.0
fixed,TSB-HB,0.0
fixed,TSB-HB,0.9445033962306919
fixed,TSB-HB,0.0
fixed,TSB-HB,0.0
fixed,TSB-HB,0.0
fixed,TSB-HB,0.0
fixed,TSB-HB,0.0
fixed,TSB-HB,0.0
fixed,TSB-HB,0.8455472566296008
fixed,TSB-HB,0.8455472566296008
fixed,TSB-HB,0.0
fixed,TSB-HB,0.8455472566296008
fixed,TSB-HB,0.0
fixed,TSB-HB,0.7681785305295575
fixed,TSB-HB,0.9123950683422983
fixed,TSB-HB,0.9123950683422983
fixed,TSB-HB,0.0
fixed,TSB-HB,0.0
fixed,TSB-HB,0.0
fixed,TSB-HB,0.0
fixed,TSB-HB,0.0
fixed,TSB-HB,0.8492454063982324
fixed,TSB-HB,1.0
fixed,TSB-HB,0.8492454063982324
fixed,TSB-HB,0.0
fixed,TSB-HB,0.981243494816632
fixed,TSB-HB,0.9361804983626769
fixed,TSB-HB,0.8010965208169083
fixed,TSB-HB,0.8010965208169083
fixed,TSB-HB,0.981243494816632
fixed,TSB-HB,0.8010965208169083
fixed,TSB-HB,1.0
fixed,TSB-HB,0.0
fixed,TSB-HB,0.0
fixed,TSB-HB,0.0
fixed,TSB-HB,0.0
fixed,TSB-HB,0.0
fixed,TSB-HB,0.6990442884016298
fixed,TSB-HB,0.0
fixed,TSB-HB,0.0
fixed,TSB-HB,0.0
fixed,TSB-HB,0.9706662328502447
fixed,TSB-HB,0.6990442884016298
fixed,TSB-HB,0.9598168665155156
fixed,TSB-HB,0.0
fixed,TSB-HB,0.8920874740831368
fixed,TSB-HB,0.0
fixed,TSB-HB,0.0
fixed,TSB-HB,0.8920874740831368
fixed,TSB-HB,0.7324594580243025
fixed,TSB-HB,0.7324594580243025
fixed,TSB-HB,0.9078362991387134
fixed,TSB-HB,0.0
fixed,TSB-HB,0.0
fixed,TSB-HB,0.0
fixed,TSB-HB,0.0
fixed,TSB-HB,0.0
fixed,TSB-HB,0.0
fixed,TSB-HB,0.0
fixed,TSB-HB,0.0
fixed,TSB-HB,0.0
fixed,TSB-HB,0.9691587695992324
fixed,TSB-HB,0.0
fixed,TSB-HB,0.0
fixed,TSB-HB,0.0
fixed,TSB-HB,0.0
fixed,TSB-HB,0.0
fixed,TSB-HB,0.9637657355459557
fixed,TSB-HB,0.896452000655596
fixed,TSB-HB,0.723543067835765
fixed,TSB-HB,0.723543067835765
fixed,TSB-HB,0.0
fixed,TSB-HB,0.0
fixed,TSB-HB,0.0
fixed,TSB-HB,0.0
fixed,TSB-HB,0.0
fixed,TSB-HB,0.9688743456620726
fixed,TSB-HB,0.9021262694540697
fixed,TSB-HB,0.9688743456620726
fixed,TSB-HB,0.7390936270982107
fixed,TSB-HB,0.7390936270982107
fixed,TSB-HB,0.7390936270982107
fixed,TSB-HB,0.0
fixed,TSB-HB,0.0
fixed,TSB-HB,0.7390936270982107
fixed,TSB-HB,0.0
fixed,TSB-HB,0.778379018601921
fixed,TSB-HB,0.0
fixed,TSB-HB,0.778379018601921
fixed,TSB-HB,0.9569316842110621
fixed,TSB-HB,0.0
fixed,TSB-HB,1.0
fixed,TSB-HB,0.0
fixed,TSB-HB,0.0
fixed,TSB-HB,0.9217810893382818
fixed,TSB-HB,0.9770845091111579
fixed,TSB-HB,0.0
fixed,TSB-HB,0.9896808753622416
fixed,TSB-HB,0.745222953480445
fixed,TSB-HB,0.745222953480445
fixed,TSB-HB,0.0
fixed,TSB-HB,0.745222953480445
fixed,TSB-HB,0.745222953480445
fixed,TSB-HB,0.0
fixed,TSB-HB,0.0
fixed,TSB-HB,0.0
fixed,TSB-HB,0.0
fixed,TSB-HB,0.0
fixed,TSB-HB,0.0
fixed,TSB-HB,0.0
fixed,TSB-HB,0.0
fixed,TSB-HB,0.0
fixed,TSB-HB,0.0
fixed,TSB-HB,0.0
fixed,TSB-HB,0.0
fixed,TSB-HB,0.9757103851514113
fixed,TSB-HB,0.7724485323635304
fixed,TSB-HB,0.7724485323635304
fixed,TSB-HB,0.9757103851514113
fixed,TSB-HB,0.7724485323635304
fixed,TSB-HB,0.0
fixed,TSB-HB,0.0
fixed,TSB-HB,0.0
fixed,TSB-HB,0.0
fixed,TSB-HB,0.0
fixed,TSB-HB,0.0
fixed,TSB-HB,0.0
fixed,TSB-HB,0.0
fixed,TSB-HB,0.0
fixed,TSB-HB,0.0
fixed,TSB-HB,0.0
fixed,TSB-HB,0.0
fixed,TSB-HB,0.0
fixed,TSB-HB,0.0
fixed,TSB-HB,0.0
fixed,TSB-HB,0.0
fixed,TSB-HB,0.0
fixed,TSB-HB,0.8967813736265323
fixed,TSB-HB,0.8233906868132661
fixed,TSB-HB,0.0
fixed,TSB-HB,0.0
fixed,TSB-HB,0.9733397430018113
fixed,TSB-HB,0.0
fixed,TSB-HB,0.0
fixed,TSB-HB,0.9217535072430983
fixed,TSB-HB,0.0
fixed,TSB-HB,0.0
fixed,TSB-HB,0.844416475975782
fixed,TSB-HB,0.0
fixed,TSB-HB,0.0
fixed,TSB-HB,0.0
fixed,TSB-HB,0.0
fixed,TSB-HB,0.0
fixed,TSB-HB,0.0
fixed,TSB-HB,0.0
fixed,TSB-HB,0.0
fixed,TSB-HB,0.0
fixed,TSB-HB,0.0
fixed,TSB-HB,0.0
fixed,TSB-HB,0.0
fixed,TSB-HB,0.0
fixed,TSB-HB,0.0
fixed,TSB-HB,0.0
fixed,TSB-HB,0.0
fixed,TSB-HB,0.0
fixed,TSB-HB,0.0
fixed,TSB-HB,0.0
fixed,TSB-HB,0.0
fixed,TSB-HB,0.0
fixed,TSB-HB,0.0
fixed,TSB-HB,0.0
fixed,TSB-HB,0.0
fixed,TSB-HB,0.0
fixed,TSB-HB,0.0
fixed,TSB-HB,0.0
fixed,TSB-HB,0.0
fixed,TSB-HB,0.0
fixed,TSB-HB,0.0
fixed,TSB-HB,0.0
fixed,TSB-HB,0.0
fixed,TSB-HB,0.0
fixed,TSB-HB,0.0
fixed,TSB-HB,0.7963097709808968
fixed,TSB-HB,0.0
fixed,TSB-HB,0.0
fixed,TSB-HB,0.0
fixed,TSB-HB,0.0
fixed,TSB-HB,0.0
fixed,TSB-HB,0.0
fixed,TSB-HB,0.0
fixed,TSB-HB,0.0
fixed,TSB-HB,0.0
fixed,TSB-HB,0.0
fixed,TSB-HB,0.0
fixed,TSB-HB,0.0
fixed,TSB-HB,0.0
fixed,TSB-HB,0.0
fixed,TSB-HB,0.0
fixed,TSB-HB,0.0
fixed,TSB-HB,0.8227272339524809
fixed,TSB-HB,0.0
fixed,TSB-HB,0.8227272339524809
fixed,TSB-HB,0.0
fixed,TSB-HB,0.0
fixed,TSB-HB,0.0
fixed,TSB-HB,0.0
fixed,TSB-HB,0.0
fixed,TSB-HB,0.0
fixed,TSB-HB,0.0
fixed,TSB-HB,0.0
fixed,TSB-HB,0.0
fixed,TSB-HB,0.0
fixed,TSB-HB,0.0
fixed,TSB-HB,0.0
fixed,TSB-HB,0.0
fixed,TSB-HB,0.0
fixed,TSB-HB,0.0
fixed,TSB-HB,0.8578525399026735
fixed,TSB-HB,0.0
fixed,TSB-HB,0.0
fixed,TSB-HB,0.0
fixed,TSB-HB,0.0
fixed,TSB-HB,0.0
fixed,TSB-HB,0.0
fixed,TSB-HB,0.0
fixed,TSB-HB,0.0
fixed,TSB-HB,0.0
fixed,TSB-HB,0.0
fixed,TSB-HB,0.0
fixed,TSB-HB,0.0
fixed,TSB-HB,0.0
fixed,TSB-HB,0.0
fixed,TSB-HB,0.8552348404990686
fixed,TSB-HB,0.0
fixed,TSB-HB,0.0
fixed,TSB-HB,0.0
fixed,TSB-HB,0.7663541060481036
fixed,TSB-HB,0.0
fixed,TSB-HB,0.0
fixed,TSB-HB,0.0
fixed,TSB-HB,0.0
fixed,TSB-HB,0.0
fixed,TSB-HB,0.0
fixed,TSB-HB,0.7185136395869691
fixed,TSB-HB,0.0
fixed,TSB-HB,0.0
fixed,TSB-HB,0.7185136395869691
fixed,TSB-HB,0.0
fixed,TSB-HB,0.8896276328978836
fixed,TSB-HB,0.0
fixed,TSB-HB,0.0
fixed,TSB-HB,0.0
fixed,TSB-HB,0.0
fixed,TSB-HB,0.0
fixed,TSB-HB,0.0
fixed,TSB-HB,0.0
fixed,TSB-HB,0.0
fixed,TSB-HB,0.0
fixed,TSB-HB,0.0
fixed,TSB-HB,0.0
fixed,TSB-HB,0.9343791442815359
fixed,TSB-HB,0.0
fixed,TSB-HB,0.9343791442815359
fixed,TSB-HB,0.9343791442815359
fixed,TSB-HB,0.0
fixed,TSB-HB,0.9291197984965033
fixed,TSB-HB,0.774845386213532
fixed,TSB-HB,0.774845386213532
fixed,TSB-HB,0.0
fixed,TSB-HB,0.0
fixed,TSB-HB,0.0
fixed,TSB-HB,0.0
fixed,TSB-HB,0.0
fixed,TSB-HB,0.0
fixed,TSB-HB,0.0
fixed,TSB-HB,0.0
fixed,TSB-HB,0.0
fixed,TSB-HB,0.0
fixed,TSB-HB,0.0
fixed,TSB-HB,0.0
fixed,TSB-HB,0.0
fixed,TSB-HB,0.0
fixed,TSB-HB,0.0
fixed,TSB-HB,0.0
fixed,TSB-HB,0.0
fixed,TSB-HB,0.0
fixed,TSB-HB,0.0
fixed,TSB-HB,0.0
fixed,TSB-HB,0.0
fixed,TSB-HB,0.0
fixed,TSB-HB,0.8549895389596613
fixed,TSB-HB,0.0
fixed,TSB-HB,0.8549895389596613
fixed,TSB-HB,0.8549895389596613
fixed,TSB-HB,0.0
fixed,TSB-HB,0.7893196268992968
fixed,TSB-HB,0.7893196268992968
fixed,TSB-HB,0.0
fixed,TSB-HB,0.7893196268992968
fixed,TSB-HB,0.7893196268992968
fixed,TSB-HB,0.0
fixed,TSB-HB,0.0
fixed,TSB-HB,0.0
fixed,TSB-HB,0.7760236969072682
fixed,TSB-HB,0.0
fixed,TSB-HB,0.7760236969072682
fixed,TSB-HB,0.0
fixed,TSB-HB,0.0
fixed,TSB-HB,0.0
fixed,TSB-HB,0.0
fixed,TSB-HB,0.0
fixed,TSB-HB,0.0
fixed,TSB-HB,0.0
fixed,TSB-HB,0.0
fixed,TSB-HB,0.0
fixed,TSB-HB,0.0
fixed,TSB-HB,0.0
fixed,TSB-HB,0.0
fixed,TSB-HB,0.0
fixed,TSB-HB,0.0
fixed,TSB-HB,0.0
fixed,TSB-HB,0.0
fixed,TSB-HB,0.0
fixed,TSB-HB,0.0
fixed,TSB-HB,0.0
fixed,TSB-HB,0.0
fixed,TSB-HB,0.0
fixed,TSB-HB,0.0
fixed,TSB-HB,0.0
fixed,TSB-HB,0.0
fixed,TSB-HB,0.0
fixed,TSB-HB,0.0
fixed,TSB-HB,0.0
fixed,TSB-HB,0.0
fixed,TSB-HB,0.0
fixed,TSB-HB,0.0
fixed,TSB-HB,0.0
fixed,TSB-HB,0.0
fixed,TSB-HB,0.0
fixed,TSB-HB,0.0
fixed,TSB-HB,0.0
fixed,TSB-HB,0.7666791304291719
fixed,TSB-HB,0.0
fixed,TSB-HB,0.8689221789788948
fixed,TSB-HB,0.0
fixed,TSB-HB,0.0
fixed,TSB-HB,0.0
fixed,TSB-HB,0.0
fixed,TSB-HB,0.0
fixed,TSB-HB,0.0
fixed,TSB-HB,0.0
fixed,TSB-HB,0.0
fixed,TSB-HB,0.0
fixed,TSB-HB,0.915620982079885
fixed,TSB-HB,0.9628425239678676
fixed,TSB-HB,0.7539689001197446
fixed,TSB-HB,0.906114487870576
fixed,TSB-HB,0.7539689001197446
fixed,TSB-HB,0.0
fixed,TSB-HB,0.0
fixed,TSB-HB,0.0
fixed,TSB-HB,0.0
fixed,TSB-HB,0.8381087029364568
fixed,TSB-HB,0.8381087029364568
fixed,TSB-HB,0.0
fixed,TSB-HB,0.0
fixed,TSB-HB,0.0
fixed,TSB-HB,0.8596220122424384
fixed,TSB-HB,0.0
fixed,TSB-HB,0.6969651198255933
fixed,TSB-HB,0.0
fixed,TSB-HB,0.8596220122424384
fixed,TSB-HB,0.0
fixed,TSB-HB,0.8966189618574303
fixed,TSB-HB,0.0
fixed,TSB-HB,0.7091911281474261
fixed,TSB-HB,0.0
fixed,TSB-HB,0.7091911281474261
fixed,TSB-HB,0.8966189618574303
fixed,TSB-HB,0.6726052478266035
fixed,TSB-HB,0.0
fixed,TSB-HB,0.0
fixed,TSB-HB,0.0
fixed,TSB-HB,0.6726052478266035
fixed,TSB-HB,0.0
fixed,TSB-HB,0.0
fixed,TSB-HB,0.0
fixed,TSB-HB,0.0
fixed,TSB-HB,0.0
fixed,TSB-HB,0.0
fixed,TSB-HB,0.0
fixed,TSB-HB,0.0
fixed,TSB-HB,0.0
fixed,TSB-HB,0.0
fixed,TSB-HB,0.0
fixed,TSB-HB,0.0
fixed,TSB-HB,0.0
fixed,TSB-HB,0.9876639515947322
fixed,TSB-HB,0.9109938317432812
fixed,TSB-HB,0.0
fixed,TSB-HB,0.9109938317432812
fixed,TSB-HB,0.0
fixed,TSB-HB,0.7842097665947309
fixed,TSB-HB,0.0
fixed,TSB-HB,0.0
fixed,TSB-HB,0.0
fixed,TSB-HB,0.0
fixed,TSB-HB,0.0
fixed,TSB-HB,0.0
fixed,TSB-HB,0.7832927539845435
fixed,TSB-HB,0.0
fixed,TSB-HB,0.0
fixed,TSB-HB,0.7832927539845435
fixed,TSB-HB,0.7832927539845435
fixed,TSB-HB,0.7832927539845435
fixed,TSB-HB,0.0
fixed,TSB-HB,0.0
fixed,TSB-HB,0.0
fixed,TSB-HB,0.7718841001449264
fixed,TSB-HB,0.0
fixed,TSB-HB,0.0
fixed,TSB-HB,0.0
fixed,TSB-HB,0.0
fixed,TSB-HB,0.0
fixed,TSB-HB,0.0
fixed,TSB-HB,0.0
fixed,TSB-HB,0.0
fixed,TSB-HB,0.0
fixed,TSB-HB,0.0
fixed,TSB-HB,0.0
fixed,TSB-HB,0.0
fixed,TSB-HB,0.0
fixed,TSB-HB,0.0
fixed,TSB-HB,0.0
fixed,TSB-HB,0.0
fixed,TSB-HB,0.0
fixed,TSB-HB,0.0
fixed,TSB-HB,0.0
fixed,TSB-HB,0.0
fixed,TSB-HB,0.0
fixed,TSB-HB,0.0
fixed,TSB-HB,0.0
fixed,TSB-HB,0.0
fixed,TSB-HB,0.0
fixed,TSB-HB,0.0
fixed,TSB-HB,0.9379089425612996
fixed,TSB-HB,0.0
fixed,TSB-HB,0.0
fixed,TSB-HB,0.8508176080231775
fixed,TSB-HB,0.0
fixed,TSB-HB,0.0
fixed,TSB-HB,0.0
fixed,TSB-HB,0.0
fixed,TSB-HB,0.0
fixed,TSB-HB,0.7987505121864529
fixed,TSB-HB,0.0
fixed,TSB-HB,0.0
fixed,TSB-HB,0.0
fixed,TSB-HB,0.0
fixed,TSB-HB,0.0
fixed,TSB-HB,0.0
fixed,TSB-HB,0.0
fixed,TSB-HB,0.0
fixed,TSB-HB,0.7821871266699663
fixed,TSB-HB,0.0
fixed,TSB-HB,0.0
fixed,TSB-HB,0.0
fixed,TSB-HB,0.0
fixed,TSB-HB,0.0
fixed,TSB-HB,0.8507687149503123
fixed,TSB-HB,0.8507687149503123
fixed,TSB-HB,0.0
fixed,TSB-HB,0.0
fixed,TSB-HB,0.0
fixed,TSB-HB,0.0
fixed,TSB-HB,0.0
fixed,TSB-HB,0.0
fixed,TSB-HB,0.0
fixed,TSB-HB,0.0
fixed,TSB-HB,0.0
fixed,TSB-HB,0.8127081099948235
fixed,TSB-HB,0.9313730302541073
fixed,TSB-HB,0.0
fixed,TSB-HB,0.9313730302541073
fixed,TSB-HB,0.0
fixed,TSB-HB,0.0
fixed,TSB-HB,0.0
fixed,TSB-HB,0.0
fixed,TSB-HB,0.8347099077324095
fixed,TSB-HB,0.8347099077324095
fixed,TSB-HB,0.0
fixed,TSB-HB,0.0
fixed,TSB-HB,0.0
fixed,TSB-HB,0.0
fixed,TSB-HB,0.0
fixed,TSB-HB,0.0
fixed,TSB-HB,0.0
fixed,TSB-HB,0.0
fixed,TSB-HB,0.0
fixed,TSB-HB,0.0
fixed,TSB-HB,0.0
fixed,TSB-HB,0.0
fixed,TSB-HB,0.0
fixed,TSB-HB,0.0
fixed,TSB-HB,0.0
fixed,TSB-HB,0.0
fixed,TSB-HB,0.0
fixed,TSB-HB,0.0
fixed,TSB-HB,0.8138661893914152
fixed,TSB-HB,0.0
fixed,TSB-HB,0.0
fixed,TSB-HB,0.0
fixed,TSB-HB,0.0
fixed,TSB-HB,0.8355314522387581
fixed,TSB-HB,0.0
fixed,TSB-HB,0.0
fixed,TSB-HB,0.0
fixed,TSB-HB,0.0
fixed,TSB-HB,0.845429075560383
fixed,TSB-HB,0.0
fixed,TSB-HB,0.0
fixed,TSB-HB,0.845429075560383
fixed,TSB-HB,0.0
fixed,TSB-HB,0.0
fixed,TSB-HB,0.0
fixed,TSB-HB,0.0
fixed,TSB-HB,0.8327073155114487
fixed,TSB-HB,0.8327073155114487
fixed,TSB-HB,0.0
fixed,TSB-HB,0.0
fixed,TSB-HB,0.0
fixed,TSB-HB,0.0
fixed,TSB-HB,0.0
fixed,TSB-HB,0.0
fixed,TSB-HB,0.0
fixed,TSB-HB,0.0
fixed,TSB-HB,0.0
fixed,TSB-HB,0.0
fixed,TSB-HB,0.0
fixed,TSB-HB,0.0
fixed,TSB-HB,0.7778479368375399
fixed,TSB-HB,0.0
fixed,TSB-HB,0.0
fixed,TSB-HB,0.0
fixed,TSB-HB,0.0
fixed,TSB-HB,0.0
fixed,TSB-HB,0.0
fixed,TSB-HB,0.7555553521083752
fixed,TSB-HB,0.7555553521083752
fixed,TSB-HB,0.7555553521083752
fixed,TSB-HB,0.0
fixed,TSB-HB,0.7555553521083752
fixed,TSB-HB,0.0
fixed,TSB-HB,0.0
fixed,TSB-HB,0.0
fixed,TSB-HB,0.0
fixed,TSB-HB,0.0
fixed,TSB-HB,0.0
fixed,TSB-HB,0.0
fixed,TSB-HB,0.9830341980495555
fixed,TSB-HB,0.0
fixed,TSB-HB,0.0
fixed,TSB-HB,0.7138230441916992
fixed,TSB-HB,0.0
fixed,TSB-HB,0.0
fixed,TSB-HB,0.0
fixed,TSB-HB,0.0
fixed,TSB-HB,0.0
fixed,TSB-HB,0.0
fixed,TSB-HB,0.0
fixed,TSB-HB,0.0
fixed,TSB-HB,0.9700872293366104
fixed,TSB-HB,0.0
fixed,TSB-HB,0.9358024580609232
fixed,TSB-HB,0.0
fixed,TSB-HB,0.0
fixed,TSB-HB,0.0
fixed,TSB-HB,0.0
fixed,TSB-HB,0.0
fixed,TSB-HB,0.0
fixed,TSB-HB,0.0
fixed,TSB-HB,0.0
fixed,TSB-HB,0.0
fixed,TSB-HB,0.0
fixed,TSB-HB,0.0
fixed,TSB-HB,0.0
fixed,TSB-HB,0.8825347027201621
fixed,TSB-HB,0.0
fixed,TSB-HB,0.0
fixed,TSB-HB,0.0
fixed,TSB-HB,0.0
fixed,TSB-HB,0.0
fixed,TSB-HB,0.0
fixed,TSB-HB,0.0
fixed,TSB-HB,0.0
fixed,TSB-HB,0.0
fixed,TSB-HB,0.0
fixed,TSB-HB,0.0
fixed,TSB-HB,0.0
fixed,TSB-HB,0.0
fixed,TSB-HB,0.0
fixed,TSB-HB,0.8527263606890001
fixed,TSB-HB,0.0
fixed,TSB-HB,0.0
fixed,TSB-HB,0.0
fixed,TSB-HB,0.0
fixed,TSB-HB,0.9505023231833275
fixed,TSB-HB,0.0
fixed,TSB-HB,0.0
fixed,TSB-HB,0.0
fixed,TSB-HB,0.0
fixed,TSB-HB,0.0
fixed,TSB-HB,0.0
fixed,TSB-HB,0.0
fixed,TSB-HB,0.7058520318167246
fixed,TSB-HB,0.7058520318167246
fixed,TSB-HB,0.7058520318167246
fixed,TSB-HB,0.8816085096515959
fixed,TSB-HB,0.7058520318167246
fixed,TSB-HB,0.8812702766311072
fixed,TSB-HB,0.0
fixed,TSB-HB,0.0
fixed,TSB-HB,0.0
fixed,TSB-HB,0.9534952346713591
fixed,TSB-HB,0.0
fixed,TSB-HB,0.0
fixed,TSB-HB,0.8490965839999052
fixed,TSB-HB,0.0
fixed,TSB-HB,0.0
fixed,TSB-HB,0.0
fixed,TSB-HB,0.0
fixed,TSB-HB,0.0
fixed,TSB-HB,0.0
fixed,TSB-HB,0.0
fixed,TSB-HB,0.0
fixed,TSB-HB,0.8119824235418227
fixed,TSB-HB,0.8119824235418227
fixed,TSB-HB,0.0
fixed,TSB-HB,0.0
fixed,TSB-HB,0.7788981987319953
fixed,TSB-HB,0.0
fixed,TSB-HB,0.0
fixed,TSB-HB,0.0
fixed,TSB-HB,0.0
fixed,TSB-HB,0.0
fixed,TSB-HB,0.0
fixed,TSB-HB,0.0
fixed,TSB-HB,0.0
fixed,TSB-HB,0.0
fixed,TSB-HB,0.0
fixed,TSB-HB,0.0
fixed,TSB-HB,0.0
fixed,TSB-HB,0.0
fixed,TSB-HB,0.0
fixed,TSB-HB,0.0
fixed,TSB-HB,0.0
fixed,TSB-HB,0.7582306373179257
fixed,TSB-HB,0.7582306373179257
fixed,TSB-HB,0.8771782834743479
fixed,TSB-HB,0.7582306373179257
fixed,TSB-HB,0.9887599213825357
fixed,TSB-HB,0.0
fixed,TSB-HB,0.0
fixed,TSB-HB,0.0
fixed,TSB-HB,0.0
fixed,TSB-HB,0.0
fixed,TSB-HB,0.0
fixed,TSB-HB,0.0
fixed,TSB-HB,0.0
fixed,TSB-HB,0.7977368645785498
fixed,TSB-HB,0.7977368645785498
fixed,TSB-HB,0.0
fixed,TSB-HB,0.7977368645785498
fixed,TSB-HB,0.0
fixed,TSB-HB,0.0
fixed,TSB-HB,0.8354244657303722
fixed,TSB-HB,0.0
fixed,TSB-HB,0.0
fixed,TSB-HB,0.0
fixed,TSB-HB,0.0
fixed,TSB-HB,0.0
fixed,TSB-HB,0.0
fixed,TSB-HB,0.0
fixed,TSB-HB,0.0
fixed,TSB-HB,0.0
fixed,TSB-HB,0.0
fixed,TSB-HB,0.7595233701651498
fixed,TSB-HB,0.0
fixed,TSB-HB,0.0
fixed,TSB-HB,0.0
fixed,TSB-HB,0.0
fixed,TSB-HB,0.0
fixed,TSB-HB,0.7497595720112165
fixed,TSB-HB,0.0
fixed,TSB-HB,0.0
fixed,TSB-HB,0.0
fixed,TSB-HB,0.0
fixed,TSB-HB,0.0
fixed,TSB-HB,0.8304341382056458
fixed,TSB-HB,0.0
fixed,TSB-HB,0.0
fixed,TSB-HB,0.0
fixed,TSB-HB,0.0
fixed,TSB-HB,0.0
fixed,TSB-HB,0.0
fixed,TSB-HB,0.0
fixed,TSB-HB,0.0
fixed,TSB-HB,0.0
fixed,TSB-HB,0.0
fixed,TSB-HB,0.0
fixed,TSB-HB,0.0
fixed,TSB-HB,0.0
fixed,TSB-HB,0.0
fixed,TSB-HB,0.0
fixed,TSB-HB,0.0
fixed,TSB-HB,0.0
fixed,TSB-HB,0.0
fixed,TSB-HB,0.0
fixed,TSB-HB,0.0
fixed,TSB-HB,0.0
fixed,TSB-HB,0.0
fixed,TSB-HB,0.8533453128730623
fixed,TSB-HB,0.0
fixed,TSB-HB,0.0
fixed,TSB-HB,0.0
fixed,TSB-HB,0.0
fixed,TSB-HB,0.0
fixed,TSB-HB,0.0
fixed,TSB-HB,0.0
fixed,TSB-HB,0.7454424643618991
fixed,TSB-HB,0.0
fixed,TSB-HB,0.0
fixed,TSB-HB,0.0
fixed,TSB-HB,0.0
fixed,TSB-HB,0.0
fixed,TSB-HB,0.0
fixed,TSB-HB,0.0
fixed,TSB-HB,0.0
fixed,TSB-HB,0.9817966631113092
fixed,TSB-HB,0.0
fixed,TSB-HB,0.0
fixed,TSB-HB,0.0
fixed,TSB-HB,0.0
fixed,TSB-HB,0.0
fixed,TSB-HB,0.0
fixed,TSB-HB,0.0
fixed,TSB-HB,0.0
fixed,TSB-HB,0.0
fixed,TSB-HB,0.0
fixed,TSB-HB,0.0
fixed,TSB-HB,0.0
fixed,TSB-HB,0.0
fixed,TSB-HB,0.0
fixed,TSB-HB,0.8043961092321956
fixed,TSB-HB,0.0
fixed,TSB-HB,0.0
fixed,TSB-HB,0.0
fixed,TSB-HB,0.0
fixed,TSB-HB,0.744253878703959
fixed,TSB-HB,0.0
fixed,TSB-HB,0.744253878703959
fixed,TSB-HB,0.0
fixed,TSB-HB,0.0
fixed,TSB-HB,0.8497325570079735
fixed,TSB-HB,0.9400252433156115
fixed,TSB-HB,0.0
fixed,TSB-HB,0.0
fixed,TSB-HB,0.8497325570079735
fixed,TSB-HB,0.9400252433156115
fixed,TSB-HB,0.0
fixed,TSB-HB,0.0
fixed,TSB-HB,0.0
fixed,TSB-HB,0.0
fixed,TSB-HB,0.0
fixed,TSB-HB,0.0
fixed,TSB-HB,0.0
fixed,TSB-HB,0.0
fixed,TSB-HB,0.0
fixed,TSB-HB,0.0
fixed,TSB-HB,0.0
fixed,TSB-HB,0.0
fixed,TSB-HB,0.0
fixed,TSB-HB,0.0
fixed,TSB-HB,0.0
fixed,TSB-HB,0.0
fixed,TSB-HB,0.0
fixed,TSB-HB,0.0
fixed,TSB-HB,0.0
fixed,TSB-HB,0.0
fixed,TSB-HB,0.0
fixed,TSB-HB,0.0
fixed,TSB-HB,0.0
fixed,TSB-HB,0.0
fixed,TSB-HB,0.0
fixed,TSB-HB,0.9373390408208376
fixed,TSB-HB,0.0
fixed,TSB-HB,0.0
fixed,TSB-HB,1.0
fixed,TSB-HB,0.0
fixed,TSB-HB,0.0
fixed,TSB-HB,0.0
fixed,TSB-HB,0.0
fixed,TSB-HB,0.0
fixed,TSB-HB,0.0
fixed,TSB-HB,0.0
fixed,TSB-HB,0.8122116293269707
fixed,TSB-HB,0.9315657346287248
fixed,TSB-HB,0.0
fixed,TSB-HB,0.0
fixed,TSB-HB,0.0
fixed,TSB-HB,0.0
fixed,TSB-HB,0.0
fixed,TSB-HB,0.0
fixed,TSB-HB,0.0
fixed,TSB-HB,0.0
fixed,TSB-HB,0.0
fixed,TSB-HB,0.0
fixed,TSB-HB,0.0
fixed,TSB-HB,0.0
fixed,TSB-HB,0.7517540636871866
fixed,TSB-HB,0.0
fixed,TSB-HB,0.0
fixed,TSB-HB,0.0
fixed,TSB-HB,0.0
fixed,TSB-HB,0.0
fixed,TSB-HB,0.9053668836892221
fixed,TSB-HB,0.796346211013804
fixed,TSB-HB,0.0
fixed,TSB-HB,0.796346211013804
fixed,TSB-HB,0.0
fixed,TSB-HB,0.6624057561166157
fixed,TSB-HB,0.6624057561166157
fixed,TSB-HB,0.6624057561166157
fixed,TSB-HB,0.6624057561166157
fixed,TSB-HB,0.0
fixed,TSB-HB,0.0
fixed,TSB-HB,0.0
fixed,TSB-HB,0.0
fixed,TSB-HB,0.0
fixed,TSB-HB,0.0
fixed,TSB-HB,0.6892254195316118
fixed,TSB-HB,0.8636977068579599
fixed,TSB-HB,0.0
fixed,TSB-HB,0.0
fixed,TSB-HB,0.0
fixed,TSB-HB,0.0
fixed,TSB-HB,0.0
fixed,TSB-HB,0.0
fixed,TSB-HB,0.7039394665115731
fixed,TSB-HB,0.8857194738468036
fixed,TSB-HB,0.0
fixed,TSB-HB,0.9628432612360713
fixed,TSB-HB,0.8857194738468036
fixed,TSB-HB,0.7129325667663662
fixed,TSB-HB,0.7129325667663662
fixed,TSB-HB,0.0
fixed,TSB-HB,0.0
fixed,TSB-HB,0.0
fixed,TSB-HB,0.0
fixed,TSB-HB,0.6970078534396036
fixed,TSB-HB,0.6970078534396036
fixed,TSB-HB,0.0
fixed,TSB-HB,0.0
fixed,TSB-HB,0.6970078534396036
fixed,TSB-HB,0.957455764492139
fixed,TSB-HB,0.9656969077427657
fixed,TSB-HB,0.0
fixed,TSB-HB,0.0
fixed,TSB-HB,0.9656969077427657
fixed,TSB-HB,0.0
fixed,TSB-HB,0.0
fixed,TSB-HB,1.0
fixed,TSB-HB,1.0
fixed,TSB-HB,0.0
fixed,TSB-HB,0.0
fixed,TSB-HB,0.0
fixed,TSB-HB,0.0
fixed,TSB-HB,0.9704127734576867
fixed,TSB-HB,0.0
fixed,TSB-HB,0.0
fixed,TSB-HB,0.775520833569936
fixed,TSB-HB,0.0
fixed,TSB-HB,1.0
fixed,TSB-HB,0.0
fixed,TSB-HB,0.7615632314783961
fixed,TSB-HB,0.0
fixed,TSB-HB,0.9581066662141148
fixed,TSB-HB,0.8934945998600563
fixed,TSB-HB,0.0
fixed,TSB-HB,0.9430899269935604
fixed,TSB-HB,0.9430899269935604
fixed,TSB-HB,0.0
fixed,TSB-HB,0.6975747292034702
fixed,TSB-HB,0.6975747292034702
fixed,TSB-HB,0.0
fixed,TSB-HB,0.8816036597740395
fixed,TSB-HB,0.7450433765449288
fixed,TSB-HB,0.0
fixed,TSB-HB,0.8816036597740395
fixed,TSB-HB,0.8816036597740395
fixed,TSB-HB,0.7450433765449288
fixed,TSB-HB,0.0
fixed,TSB-HB,0.0
fixed,TSB-HB,0.0
fixed,TSB-HB,0.0
fixed,TSB-HB,0.0
fixed,TSB-HB,0.0
fixed,TSB-HB,0.0
fixed,TSB-HB,0.0
fixed,TSB-HB,0.0
fixed,TSB-HB,0.0
fixed,TSB-HB,0.0
fixed,TSB-HB,0.0
fixed,TSB-HB,0.0
fixed,TSB-HB,0.0
fixed,TSB-HB,0.0
fixed,TSB-HB,0.7302424511076869
fixed,TSB-HB,0.975805710902643
fixed,TSB-HB,1.0
fixed,TSB-HB,0.8429321915874818
fixed,TSB-HB,0.8429321915874818
fixed,TSB-HB,0.0
fixed,TSB-HB,0.9287173602164626
fixed,TSB-HB,1.0
fixed,TSB-HB,1.0
fixed,TSB-HB,0.0
fixed,TSB-HB,0.0
fixed,TSB-HB,0.0
fixed,TSB-HB,0.0
fixed,TSB-HB,0.0
fixed,TSB-HB,1.0
fixed,TSB-HB,0.0
fixed,TSB-HB,0.0
fixed,TSB-HB,0.0
fixed,TSB-HB,0.0
fixed,TSB-HB,0.0
fixed,TSB-HB,1.0
fixed,TSB-HB,0.0
fixed,TSB-HB,0.0
fixed,TSB-HB,0.0
fixed,TSB-HB,0.0
fixed,TSB-HB,0.0
fixed,TSB-HB,0.6634636634474017
fixed,TSB-HB,0.0
fixed,TSB-HB,0.8282400657888659
fixed,TSB-HB,0.8282400657888659
fixed,TSB-HB,0.0
fixed,TSB-HB,0.0
fixed,TSB-HB,0.0
fixed,TSB-HB,0.0
fixed,TSB-HB,0.0
fixed,TSB-HB,0.0
fixed,TSB-HB,0.0
fixed,TSB-HB,0.0
fixed,TSB-HB,0.0
fixed,TSB-HB,0.0
fixed,TSB-HB,0.0
fixed,TSB-HB,1.0
fixed,TSB-HB,0.0
fixed,TSB-HB,1.0
fixed,TSB-HB,0.0
fixed,TSB-HB,0.0
fixed,TSB-HB,0.0
fixed,TSB-HB,0.0
fixed,TSB-HB,0.0
fixed,TSB-HB,0.0
fixed,TSB-HB,1.0
fixed,TSB-HB,0.9290849162941706
fixed,TSB-HB,0.0
fixed,TSB-HB,0.0
fixed,TSB-HB,0.0
fixed,TSB-HB,0.0
fixed,TSB-HB,0.0
fixed,TSB-HB,0.0
fixed,TSB-HB,0.0
fixed,TSB-HB,0.0
fixed,TSB-HB,0.0
fixed,TSB-HB,0.0
fixed,TSB-HB,0.0
fixed,TSB-HB,0.0
fixed,TSB-HB,0.0
fixed,TSB-HB,0.9165573014184262
fixed,TSB-HB,0.0
fixed,TSB-HB,0.0
fixed,TSB-HB,0.0
fixed,TSB-HB,0.0
fixed,TSB-HB,0.0
fixed,TSB-HB,0.0
fixed,TSB-HB,0.8564269028179985
fixed,TSB-HB,0.0
fixed,TSB-HB,0.0
fixed,TSB-HB,0.0
fixed,TSB-HB,0.0
fixed,TSB-HB,0.0
fixed,TSB-HB,0.0
fixed,TSB-HB,0.0
fixed,TSB-HB,0.0
fixed,TSB-HB,0.9458955798704116
fixed,TSB-HB,0.0
fixed,TSB-HB,0.0
fixed,TSB-HB,0.0
fixed,TSB-HB,0.0
fixed,TSB-HB,0.0
fixed,TSB-HB,0.0
fixed,TSB-HB,0.0
fixed,TSB-HB,0.8667286290824724
fixed,TSB-HB,0.0
fixed,TSB-HB,0.8667286290824724
fixed,TSB-HB,0.0
fixed,TSB-HB,0.0
fixed,TSB-HB,0.0
fixed,TSB-HB,0.7808009214692839
fixed,TSB-HB,0.0
fixed,TSB-HB,0.7808009214692839
fixed,TSB-HB,0.7808009214692839
fixed,TSB-HB,0.0
fixed,TSB-HB,0.0
fixed,TSB-HB,0.8393040834257988
fixed,TSB-HB,0.0
fixed,TSB-HB,0.0
fixed,TSB-HB,0.0
fixed,TSB-HB,0.0
fixed,TSB-HB,0.0
fixed,TSB-HB,0.0
fixed,TSB-HB,0.0
fixed,TSB-HB,0.0
fixed,TSB-HB,0.0
fixed,TSB-HB,0.8842902620137808
fixed,TSB-HB,0.0
fixed,TSB-HB,0.0
fixed,TSB-HB,0.9545728032323788
fixed,TSB-HB,0.0
fixed,TSB-HB,0.8842902620137808
fixed,TSB-HB,0.0
fixed,TSB-HB,0.0
fixed,TSB-HB,0.0
fixed,TSB-HB,0.0
fixed,TSB-HB,0.8187985474011312
fixed,TSB-HB,0.0
fixed,TSB-HB,0.7714322187955149
fixed,TSB-HB,0.0
fixed,TSB-HB,0.0
fixed,TSB-HB,0.0
fixed,TSB-HB,0.0
fixed,TSB-HB,0.0
fixed,TSB-HB,0.0
fixed,TSB-HB,0.0
fixed,TSB-HB,0.8460130080119269
fixed,TSB-HB,0.0
fixed,TSB-HB,0.0
fixed,TSB-HB,0.0
fixed,TSB-HB,0.0
fixed,TSB-HB,0.0
fixed,TSB-HB,0.0
fixed,TSB-HB,0.0
fixed,TSB-HB,0.8519300986398025
fixed,TSB-HB,0.0
fixed,TSB-HB,0.0
fixed,TSB-HB,0.0
fixed,TSB-HB,0.0
fixed,TSB-HB,0.7820305713096979
fixed,TSB-HB,0.7820305713096979
fixed,TSB-HB,0.7820305713096979
fixed,TSB-HB,0.0
fixed,TSB-HB,0.9795587924605795
fixed,TSB-HB,0.0
fixed,TSB-HB,0.0
fixed,TSB-HB,0.0
fixed,TSB-HB,0.0
fixed,TSB-HB,0.0
fixed,TSB-HB,0.0
fixed,TSB-HB,0.0
fixed,TSB-HB,0.0
fixed,TSB-HB,0.0
fixed,TSB-HB,0.0
fixed,TSB-HB,0.8525741370201317
fixed,TSB-HB,0.0
fixed,TSB-HB,0.9424325876704219
fixed,TSB-HB,0.0
fixed,TSB-HB,0.0
fixed,TSB-HB,0.0
fixed,TSB-HB,0.8463670822123827
fixed,TSB-HB,0.0
fixed,TSB-HB,0.0
fixed,TSB-HB,0.0
fixed,TSB-HB,0.0
fixed,TSB-HB,0.0
fixed,TSB-HB,0.0
fixed,TSB-HB,0.0
fixed,TSB-HB,0.0
fixed,TSB-HB,0.0
fixed,TSB-HB,0.0
fixed,TSB-HB,0.0
fixed,TSB-HB,0.0
fixed,TSB-HB,0.9658232231257873
fixed,TSB-HB,0.0
fixed,TSB-HB,0.0
fixed,TSB-HB,0.0
fixed,TSB-HB,0.0
fixed,TSB-HB,0.0
fixed,TSB-HB,0.0
fixed,TSB-HB,0.0
fixed,TSB-HB,0.0
fixed,TSB-HB,0.0
fixed,TSB-HB,0.0
fixed,TSB-HB,0.0
fixed,TSB-HB,0.0
fixed,TSB-HB,0.0
fixed,TSB-HB,0.7634809385382221
fixed,TSB-HB,0.0
fixed,TSB-HB,0.0
fixed,TSB-HB,0.0
fixed,TSB-HB,0.0
fixed,TSB-HB,0.0
fixed,TSB-HB,0.0
fixed,TSB-HB,0.8456852958928011
fixed,TSB-HB,0.0
fixed,TSB-HB,0.0
fixed,TSB-HB,0.0
fixed,TSB-HB,0.0
fixed,TSB-HB,0.0
fixed,TSB-HB,0.7802664779570468
fixed,TSB-HB,0.0
fixed,TSB-HB,0.8474305246539517
fixed,TSB-HB,0.0
fixed,TSB-HB,0.0
fixed,TSB-HB,0.0
fixed,TSB-HB,0.0
fixed,TSB-HB,0.8474305246539517
fixed,TSB-HB,0.0
fixed,TSB-HB,0.8565506327422622
fixed,TSB-HB,0.0
fixed,TSB-HB,0.0
fixed,TSB-HB,0.0
fixed,TSB-HB,0.0
fixed,TSB-HB,0.0
fixed,TSB-HB,0.0
fixed,TSB-HB,0.0
fixed,TSB-HB,0.0
fixed,TSB-HB,0.0
fixed,TSB-HB,0.0
fixed,TSB-HB,0.8281161575725968
fixed,TSB-HB,0.0
fixed,TSB-HB,0.8281161575725968
fixed,TSB-HB,0.0
fixed,TSB-HB,0.0
fixed,TSB-HB,0.0
fixed,TSB-HB,0.9687006526188496
fixed,TSB-HB,0.0
fixed,TSB-HB,0.0
fixed,TSB-HB,0.0
fixed,TSB-HB,0.832696009687858
fixed,TSB-HB,0.0
fixed,TSB-HB,0.8499888791926049
fixed,TSB-HB,0.8499888791926049
fixed,TSB-HB,0.0
fixed,TSB-HB,0.0
fixed,TSB-HB,0.8499888791926049
fixed,TSB-HB,0.8499888791926049
fixed,TSB-HB,0.0
fixed,TSB-HB,0.0
fixed,TSB-HB,0.0
fixed,TSB-HB,0.0
fixed,TSB-HB,0.0
fixed,TSB-HB,0.0
fixed,TSB-HB,0.0
fixed,TSB-HB,0.0
fixed,TSB-HB,0.0
fixed,TSB-HB,0.0
fixed,TSB-HB,0.0
fixed,TSB-HB,0.0
fixed,TSB-HB,0.8447467160713836
fixed,TSB-HB,0.9281235426730007
fixed,TSB-HB,0.8447467160713836
fixed,TSB-HB,0.0
fixed,TSB-HB,0.0
fixed,TSB-HB,0.0
fixed,TSB-HB,0.0
fixed,TSB-HB,0.0
fixed,TSB-HB,0.0
fixed,TSB-HB,0.0
fixed,TSB-HB,0.0
fixed,TSB-HB,0.0
fixed,TSB-HB,0.0
fixed,TSB-HB,0.0
fixed,TSB-HB,0.0
fixed,TSB-HB,0.0
fixed,TSB-HB,0.0
fixed,TSB-HB,0.0
fixed,TSB-HB,0.7065528077108629
fixed,TSB-HB,0.0
fixed,TSB-HB,0.0
fixed,TSB-HB,0.0
fixed,TSB-HB,0.7065528077108629
fixed,TSB-HB,0.0
fixed,TSB-HB,0.0
fixed,TSB-HB,0.0
fixed,TSB-HB,0.0
fixed,TSB-HB,0.0
fixed,TSB-HB,0.0
fixed,TSB-HB,0.0
fixed,TSB-HB,0.0
fixed,TSB-HB,0.0
fixed,TSB-HB,0.0
fixed,TSB-HB,0.0
fixed,TSB-HB,0.0
fixed,TSB-HB,0.0
fixed,TSB-HB,0.0
fixed,TSB-HB,0.0
fixed,TSB-HB,0.0
fixed,TSB-HB,0.0
fixed,TSB-HB,0.0
fixed,TSB-HB,0.0
fixed,TSB-HB,0.9101030747502367
fixed,TSB-HB,0.7810566844453832
fixed,TSB-HB,0.7810566844453832
fixed,TSB-HB,1.0
fixed,TSB-HB,0.0
fixed,TSB-HB,0.0
fixed,TSB-HB,0.8164892288876662
fixed,TSB-HB,0.0
fixed,TSB-HB,0.8164892288876662
fixed,TSB-HB,0.0
fixed,TSB-HB,0.0
fixed,TSB-HB,0.0
fixed,TSB-HB,0.926149247819113
fixed,TSB-HB,0.0
fixed,TSB-HB,0.0
fixed,TSB-HB,0.0
fixed,TSB-HB,0.0
fixed,TSB-HB,0.0
fixed,TSB-HB,0.8891500680258673
fixed,TSB-HB,0.0
fixed,TSB-HB,0.8891500680258673
fixed,TSB-HB,0.0
fixed,TSB-HB,0.0
fixed,TSB-HB,0.7699334603941973
fixed,TSB-HB,0.9280998816279304
fixed,TSB-HB,0.0
fixed,TSB-HB,0.0
fixed,TSB-HB,0.0
fixed,TSB-HB,0.0
fixed,TSB-HB,0.0
fixed,TSB-HB,0.7032707867778243
fixed,TSB-HB,0.0
fixed,TSB-HB,0.7032707867778243
fixed,TSB-HB,0.7032707867778243
fixed,TSB-HB,0.8468875714732942
fixed,TSB-HB,0.9344932228589786
fixed,TSB-HB,0.0
fixed,TSB-HB,0.7516775257044044
fixed,TSB-HB,0.0
fixed,TSB-HB,0.7516775257044044
fixed,TSB-HB,0.7516775257044044
fixed,TSB-HB,0.0
fixed,TSB-HB,0.0
fixed,TSB-HB,0.0
fixed,TSB-HB,0.0
fixed,TSB-HB,0.0
fixed,TSB-HB,0.0
fixed,TSB-HB,0.0
fixed,TSB-HB,0.0
fixed,TSB-HB,0.0
fixed,TSB-HB,0.0
fixed,TSB-HB,0.0
fixed,TSB-HB,0.0
fixed,TSB-HB,0.0
fixed,TSB-HB,0.0
fixed,TSB-HB,0.0
fixed,TSB-HB,0.0
fixed,TSB-HB,0.0
fixed,TSB-HB,0.0
fixed,TSB-HB,0.0
fixed,TSB-HB,0.0
fixed,TSB-HB,0.0
fixed,TSB-HB,0.0
fixed,TSB-HB,0.0
fixed,TSB-HB,0.0
fixed,TSB-HB,0.0
fixed,TSB-HB,0.0
fixed,TSB-HB,0.0
fixed,TSB-HB,0.0
fixed,TSB-HB,0.737782835945522
fixed,TSB-HB,0.0
fixed,TSB-HB,0.737782835945522
fixed,TSB-HB,0.0
fixed,TSB-HB,0.843926363964469
fixed,TSB-HB,0.0
fixed,TSB-HB,0.0
fixed,TSB-HB,0.0
fixed,TSB-HB,0.0
fixed,TSB-HB,0.0
fixed,TSB-HB,0.0
fixed,TSB-HB,0.0
fixed,TSB-HB,0.0
fixed,TSB-HB,0.0
fixed,TSB-HB,0.0
fixed,TSB-HB,0.0
fixed,TSB-HB,0.0
fixed,TSB-HB,0.9810680155268262
fixed,TSB-HB,0.0
fixed,TSB-HB,0.0
fixed,TSB-HB,0.0
fixed,TSB-HB,0.0
fixed,TSB-HB,0.0
fixed,TSB-HB,0.0
fixed,TSB-HB,0.0
fixed,TSB-HB,0.0
fixed,TSB-HB,1.0
fixed,TSB-HB,0.0
fixed,TSB-HB,0.0
fixed,TSB-HB,0.8514652420096579
fixed,TSB-HB,0.0
fixed,TSB-HB,0.0
fixed,TSB-HB,0.0
fixed,TSB-HB,0.0
fixed,TSB-HB,0.0
fixed,TSB-HB,0.0
fixed,TSB-HB,0.0
fixed,TSB-HB,0.0
fixed,TSB-HB,0.0
fixed,TSB-HB,0.0
fixed,TSB-HB,0.0
fixed,TSB-HB,0.0
fixed,TSB-HB,0.0
fixed,TSB-HB,0.0
fixed,TSB-HB,0.8543435420969316
fixed,TSB-HB,0.0
fixed,TSB-HB,0.0
fixed,TSB-HB,0.0
fixed,TSB-HB,0.0
fixed,TSB-HB,0.0
fixed,TSB-HB,0.0
fixed,TSB-HB,0.0
fixed,TSB-HB,0.0
fixed,TSB-HB,0.0
fixed,TSB-HB,0.0
fixed,TSB-HB,0.7045714941220433
fixed,TSB-HB,0.893337697942534
fixed,TSB-HB,0.0
fixed,TSB-HB,0.0
fixed,TSB-HB,0.0
fixed,TSB-HB,0.0
fixed,TSB-HB,0.6875478931626309
fixed,TSB-HB,0.8543597207688398
fixed,TSB-HB,0.0
fixed,TSB-HB,0.0
fixed,TSB-HB,0.0
fixed,TSB-HB,0.0
fixed,TSB-HB,0.7919095019314241
fixed,TSB-HB,0.7919095019314241
fixed,TSB-HB,0.8466150195589389
fixed,TSB-HB,0.6928225622287013
fixed,TSB-HB,0.0
fixed,TSB-HB,0.8466150195589389
fixed,TSB-HB,0.0
fixed,TSB-HB,0.8466150195589389
fixed,TSB-HB,0.0
fixed,TSB-HB,0.8855219237832781
fixed,TSB-HB,0.0
fixed,TSB-HB,0.0
fixed,TSB-HB,0.0
fixed,TSB-HB,0.0
fixed,TSB-HB,0.8507879060680625
fixed,TSB-HB,0.8507879060680625
fixed,TSB-HB,0.0
fixed,TSB-HB,0.0
fixed,TSB-HB,0.672149460311822
fixed,TSB-HB,0.672149460311822
fixed,TSB-HB,0.0
fixed,TSB-HB,0.0
fixed,TSB-HB,0.0
fixed,TSB-HB,0.0
fixed,TSB-HB,0.0
fixed,TSB-HB,0.0
fixed,TSB-HB,0.0
fixed,TSB-HB,0.973713375389104
fixed,TSB-HB,0.0
fixed,TSB-HB,0.0
fixed,TSB-HB,0.8443905657885843
fixed,TSB-HB,0.0
fixed,TSB-HB,0.0
fixed,TSB-HB,0.0
fixed,TSB-HB,0.0
fixed,TSB-HB,0.0
fixed,TSB-HB,0.0
fixed,TSB-HB,0.0
fixed,TSB-HB,0.0
fixed,TSB-HB,0.9194329063098238
fixed,TSB-HB,0.0
fixed,TSB-HB,0.0
fixed,TSB-HB,0.8045925795189433
fixed,TSB-HB,0.0
fixed,TSB-HB,0.0
fixed,TSB-HB,0.0
fixed,TSB-HB,0.0
fixed,TSB-HB,0.9330721626964933
fixed,TSB-HB,0.0
fixed,TSB-HB,0.9330721626964933
fixed,TSB-HB,0.9594424909171259
fixed,TSB-HB,0.0
fixed,TSB-HB,0.0
fixed,TSB-HB,0.7046804051957289
fixed,TSB-HB,0.0
fixed,TSB-HB,0.0
fixed,TSB-HB,0.0
fixed,TSB-HB,0.0
fixed,TSB-HB,0.9762335625380724
fixed,TSB-HB,0.0
fixed,TSB-HB,0.0
fixed,TSB-HB,0.0
fixed,TSB-HB,0.9857935977899452
fixed,TSB-HB,0.9084119442615833
fixed,TSB-HB,0.7872450791277739
fixed,TSB-HB,0.9646041204185724
fixed,TSB-HB,0.9646041204185724
fixed,TSB-HB,0.0
fixed,TSB-HB,0.6714223679618487
fixed,TSB-HB,0.0
fixed,TSB-HB,0.6714223679618487
fixed,TSB-HB,0.0
fixed,TSB-HB,0.8242887387530102
fixed,TSB-HB,0.6714223679618487
fixed,TSB-HB,0.0
fixed,TSB-HB,0.0
fixed,TSB-HB,0.0
fixed,TSB-HB,0.0
fixed,TSB-HB,0.0
fixed,TSB-HB,0.0
fixed,TSB-HB,0.0
fixed,TSB-HB,0.0
fixed,TSB-HB,0.0
fixed,TSB-HB,0.0
fixed,TSB-HB,0.0
fixed,TSB-HB,0.0
fixed,TSB-HB,0.7682444033914437
fixed,TSB-HB,0.7682444033914437
fixed,TSB-HB,0.7682444033914437
fixed,TSB-HB,0.0
fixed,TSB-HB,0.7682444033914437
fixed,TSB-HB,0.0
fixed,TSB-HB,0.0
fixed,TSB-HB,0.0
fixed,TSB-HB,0.7240546936722669
fixed,TSB-HB,0.0
fixed,TSB-HB,0.0
fixed,TSB-HB,0.0
fixed,TSB-HB,0.7152239512048535
fixed,TSB-HB,0.9617705783963892
fixed,TSB-HB,0.7152239512048535
fixed,TSB-HB,0.7152239512048535
fixed,TSB-HB,0.0
fixed,TSB-HB,0.7152239512048535
fixed,TSB-HB,0.72378323756947
fixed,TSB-HB,0.72378323756947
fixed,TSB-HB,0.0
fixed,TSB-HB,0.72378323756947
fixed,TSB-HB,0.0
fixed,TSB-HB,0.0
fixed,TSB-HB,1.0
fixed,TSB-HB,0.7649838247604807
fixed,TSB-HB,0.0
fixed,TSB-HB,0.9015740252016207
fixed,TSB-HB,0.0
fixed,TSB-HB,0.0
fixed,TSB-HB,0.6660609405473935
fixed,TSB-HB,0.0
fixed,TSB-HB,0.0
fixed,TSB-HB,0.0
fixed,TSB-HB,0.6660609405473935
fixed,TSB-HB,0.6660609405473935
fixed,TSB-HB,0.9836460077148221
fixed,TSB-HB,0.9836460077148221
fixed,TSB-HB,0.0
fixed,TSB-HB,0.8716812530727852
fixed,TSB-HB,0.0
fixed,TSB-HB,0.0
fixed,TSB-HB,0.0
fixed,TSB-HB,0.0
fixed,TSB-HB,0.0
fixed,TSB-HB,0.0
fixed,TSB-HB,0.0
fixed,TSB-HB,0.0
fixed,TSB-HB,0.0
fixed,TSB-HB,0.0
fixed,TSB-HB,0.0
fixed,TSB-HB,0.861854404467888
fixed,TSB-HB,0.861854404467888
fixed,TSB-HB,0.0
fixed,TSB-HB,0.0
fixed,TSB-HB,0.0
fixed,TSB-HB,0.0
fixed,TSB-HB,0.0
fixed,TSB-HB,0.0
fixed,TSB-HB,0.0
fixed,TSB-HB,0.0
fixed,TSB-HB,0.0
fixed,TSB-HB,0.0
fixed,TSB-HB,0.0
fixed,TSB-HB,0.0
fixed,TSB-HB,0.0
fixed,TSB-HB,0.0
fixed,TSB-HB,0.0
fixed,TSB-HB,0.0
fixed,TSB-HB,0.7374422517118038
fixed,TSB-HB,0.7374422517118038
fixed,TSB-HB,0.0
fixed,TSB-HB,0.670847813629728
fixed,TSB-HB,0.0
fixed,TSB-HB,0.9319102059512252
fixed,TSB-HB,0.670847813629728
fixed,TSB-HB,0.0
fixed,TSB-HB,0.0
fixed,TSB-HB,0.9577631620106126
fixed,TSB-HB,1.0
fixed,TSB-HB,0.7568953557697492
fixed,TSB-HB,0.7568953557697492
fixed,TSB-HB,0.8968520238072211
fixed,TSB-HB,0.9815919303874595
fixed,TSB-HB,0.6919404949056147
fixed,TSB-HB,0.0
fixed,TSB-HB,0.6919404949056147
fixed,TSB-HB,0.0
fixed,TSB-HB,0.0
fixed,TSB-HB,0.0
fixed,TSB-HB,0.0
fixed,TSB-HB,0.839989766276837
fixed,TSB-HB,0.0
fixed,TSB-HB,0.839989766276837
fixed,TSB-HB,0.9892180057748159
fixed,TSB-HB,0.9230542007665401
fixed,TSB-HB,0.8556565534681623
fixed,TSB-HB,0.0
fixed,TSB-HB,0.714155309498361
fixed,TSB-HB,0.714155309498361
fixed,TSB-HB,0.8556565534681623
fixed,TSB-HB,0.714155309498361
fixed,TSB-HB,0.0
fixed,TSB-HB,0.0
fixed,TSB-HB,0.0
fixed,TSB-HB,0.0
fixed,TSB-HB,0.0
fixed,TSB-HB,0.7474378485020259
fixed,TSB-HB,0.9843483200761421
fixed,TSB-HB,0.0
fixed,TSB-HB,0.0
fixed,TSB-HB,0.0
fixed,TSB-HB,0.0
fixed,TSB-HB,0.0
fixed,TSB-HB,0.0
fixed,TSB-HB,0.7691222517293727
fixed,TSB-HB,0.0
fixed,TSB-HB,0.0
fixed,TSB-HB,0.0
fixed,TSB-HB,0.0
fixed,TSB-HB,0.0
fixed,TSB-HB,0.0
fixed,TSB-HB,0.0
fixed,TSB-HB,0.0
fixed,TSB-HB,0.0
fixed,TSB-HB,0.0
fixed,TSB-HB,0.0
fixed,TSB-HB,0.0
fixed,TSB-HB,0.0
fixed,TSB-HB,0.0
fixed,TSB-HB,0.9597356145274457
fixed,TSB-HB,0.0
fixed,TSB-HB,0.9241389450971429
fixed,TSB-HB,0.0
fixed,TSB-HB,0.0
fixed,TSB-HB,0.7443470010451092
fixed,TSB-HB,0.0
fixed,TSB-HB,0.0
fixed,TSB-HB,0.0
fixed,TSB-HB,0.0
fixed,TSB-HB,0.0
fixed,TSB-HB,0.0
fixed,TSB-HB,0.0
fixed,TSB-HB,0.0
fixed,TSB-HB,0.0
fixed,TSB-HB,0.0
fixed,TSB-HB,0.0
fixed,TSB-HB,0.0
fixed,TSB-HB,0.0
fixed,TSB-HB,0.7890643774034213
fixed,TSB-HB,0.8454083362308649
fixed,TSB-HB,0.0
fixed,TSB-HB,0.0
fixed,TSB-HB,0.0
fixed,TSB-HB,0.0
fixed,TSB-HB,0.0
fixed,TSB-HB,0.7837077502396693
fixed,TSB-HB,0.0
fixed,TSB-HB,0.9272811551254228
fixed,TSB-HB,0.0
fixed,TSB-HB,0.0
fixed,TSB-HB,0.0
fixed,TSB-HB,0.0
fixed,TSB-HB,0.0
fixed,TSB-HB,0.8396768590007243
fixed,TSB-HB,0.0
fixed,TSB-HB,0.0
fixed,TSB-HB,0.0
fixed,TSB-HB,0.0
fixed,TSB-HB,0.0
fixed,TSB-HB,0.801326794599509
fixed,TSB-HB,0.0
fixed,TSB-HB,0.9753837714130655
fixed,TSB-HB,0.0
fixed,TSB-HB,0.0
fixed,TSB-HB,0.0
fixed,TSB-HB,0.0
fixed,TSB-HB,0.0
fixed,TSB-HB,0.0
fixed,TSB-HB,0.0
fixed,TSB-HB,0.0
fixed,TSB-HB,0.9223757645848317
fixed,TSB-HB,0.0
fixed,TSB-HB,0.0
fixed,TSB-HB,0.0
fixed,TSB-HB,0.0
fixed,TSB-HB,0.0
fixed,TSB-HB,0.9762894242217955
fixed,TSB-HB,0.7669698673219831
fixed,TSB-HB,0.0
fixed,TSB-HB,0.0
fixed,TSB-HB,0.0
fixed,TSB-HB,0.0
fixed,TSB-HB,0.0
fixed,TSB-HB,0.9292483108185191
fixed,TSB-HB,0.0
fixed,TSB-HB,0.0
fixed,TSB-HB,0.0
fixed,TSB-HB,0.0
fixed,TSB-HB,0.0
fixed,TSB-HB,0.0
fixed,TSB-HB,0.0
fixed,TSB-HB,0.0
fixed,TSB-HB,0.0
fixed,TSB-HB,0.0
fixed,TSB-HB,0.0
fixed,TSB-HB,0.0
fixed,TSB-HB,0.0
fixed,TSB-HB,0.0
fixed,TSB-HB,0.0
fixed,TSB-HB,0.0
fixed,TSB-HB,0.0
fixed,TSB-HB,0.0
fixed,TSB-HB,0.0
fixed,TSB-HB,0.0
fixed,TSB-HB,0.0
fixed,TSB-HB,0.0
fixed,TSB-HB,0.0
fixed,TSB-HB,0.0
fixed,TSB-HB,0.0
fixed,TSB-HB,0.0
fixed,TSB-HB,0.0
fixed,TSB-HB,0.0
fixed,TSB-HB,0.0
fixed,TSB-HB,0.0
fixed,TSB-HB,0.0
fixed,TSB-HB,0.0
fixed,TSB-HB,0.0
fixed,TSB-HB,0.0
fixed,TSB-HB,0.0
fixed,TSB-HB,0.0
fixed,TSB-HB,0.0
fixed,TSB-HB,0.0
fixed,TSB-HB,0.0
fixed,TSB-HB,0.0
fixed,TSB-HB,0.0
fixed,TSB-HB,0.0
fixed,TSB-HB,0.0
fixed,TSB-HB,0.0
fixed,TSB-HB,0.0
fixed,TSB-HB,0.0
fixed,TSB-HB,0.0
fixed,TSB-HB,0.0
fixed,TSB-HB,0.0
fixed,TSB-HB,0.0
fixed,TSB-HB,0.0
fixed,TSB-HB,0.0
fixed,TSB-HB,0.0
fixed,TSB-HB,0.0
fixed,TSB-HB,0.0
fixed,TSB-HB,0.8317198843397485
fixed,TSB-HB,0.0
fixed,TSB-HB,0.0
fixed,TSB-HB,0.0
fixed,TSB-HB,0.0
fixed,TSB-HB,0.0
fixed,TSB-HB,0.0
fixed,TSB-HB,0.7530817969712371
fixed,TSB-HB,0.0
fixed,TSB-HB,0.0
fixed,TSB-HB,0.0
fixed,TSB-HB,0.0
fixed,TSB-HB,0.0
fixed,TSB-HB,0.0
fixed,TSB-HB,0.0
fixed,TSB-HB,0.0
fixed,TSB-HB,0.0
fixed,TSB-HB,0.0
fixed,TSB-HB,0.0
fixed,TSB-HB,0.0
fixed,TSB-HB,0.0
fixed,TSB-HB,0.0
fixed,TSB-HB,0.7996486941769203
fixed,TSB-HB,0.7996486941769203
fixed,TSB-HB,0.0
fixed,TSB-HB,0.0
fixed,TSB-HB,0.0
fixed,TSB-HB,0.0
fixed,TSB-HB,0.0
fixed,TSB-HB,0.0
fixed,TSB-HB,0.0
fixed,TSB-HB,0.0
fixed,TSB-HB,0.0
fixed,TSB-HB,0.0
fixed,TSB-HB,0.0
fixed,TSB-HB,0.902408997546235
fixed,TSB-HB,0.0
fixed,TSB-HB,0.0
fixed,TSB-HB,0.9677053759524902
fixed,TSB-HB,0.0
fixed,TSB-HB,0.8979857603672174
fixed,TSB-HB,0.8979857603672174
fixed,TSB-HB,1.0
fixed,TSB-HB,0.709615106938861
fixed,TSB-HB,0.0
fixed,TSB-HB,0.8272792709752701
fixed,TSB-HB,0.8272792709752701
fixed,TSB-HB,0.8272792709752701
fixed,TSB-HB,0.0
fixed,TSB-HB,0.0
fixed,TSB-HB,0.0
fixed,TSB-HB,0.7308034157873025
fixed,TSB-HB,0.0
fixed,TSB-HB,0.7308034157873025
fixed,TSB-HB,0.7308034157873025
fixed,TSB-HB,0.0
fixed,TSB-HB,0.0
fixed,TSB-HB,0.0
fixed,TSB-HB,0.9044922429042762
fixed,TSB-HB,0.0
fixed,TSB-HB,0.0
fixed,TSB-HB,0.0
fixed,TSB-HB,0.6881687492695605
fixed,TSB-HB,0.0
fixed,TSB-HB,0.0
fixed,TSB-HB,0.6881687492695605
fixed,TSB-HB,0.0
fixed,TSB-HB,0.0
fixed,TSB-HB,0.0
fixed,TSB-HB,0.0
fixed,TSB-HB,0.0
fixed,TSB-HB,0.0
fixed,TSB-HB,0.0
fixed,TSB-HB,0.0
fixed,TSB-HB,0.0
fixed,TSB-HB,0.0
fixed,TSB-HB,0.0
fixed,TSB-HB,0.7451552367988348
fixed,TSB-HB,0.0
fixed,TSB-HB,0.0
fixed,TSB-HB,0.7854095740278674
fixed,TSB-HB,0.0
fixed,TSB-HB,0.0
fixed,TSB-HB,0.0
fixed,TSB-HB,0.0
fixed,TSB-HB,0.0
fixed,TSB-HB,0.0
fixed,TSB-HB,0.8423496968601655
fixed,TSB-HB,0.8423496968601655
fixed,TSB-HB,0.8423496968601655
fixed,TSB-HB,0.9267312346141248
fixed,TSB-HB,0.0
fixed,TSB-HB,0.0
fixed,TSB-HB,0.0
fixed,TSB-HB,0.8246500889750499
fixed,TSB-HB,0.0
fixed,TSB-HB,0.6711430840697219
fixed,TSB-HB,0.0
fixed,TSB-HB,0.0
fixed,TSB-HB,0.0
fixed,TSB-HB,0.0
fixed,TSB-HB,0.0
fixed,TSB-HB,0.0
fixed,TSB-HB,0.0
fixed,TSB-HB,0.0
fixed,TSB-HB,0.9306945755460267
fixed,TSB-HB,0.0
fixed,TSB-HB,0.0
fixed,TSB-HB,1.0
fixed,TSB-HB,0.0
fixed,TSB-HB,0.9179547079369698
fixed,TSB-HB,0.0
fixed,TSB-HB,0.0
fixed,TSB-HB,0.0
fixed,TSB-HB,0.0
fixed,TSB-HB,0.0
fixed,TSB-HB,0.0
fixed,TSB-HB,0.0
fixed,TSB-HB,0.8645637347598755
fixed,TSB-HB,0.8645637347598755
fixed,TSB-HB,0.0
fixed,TSB-HB,0.0
fixed,TSB-HB,0.0
fixed,TSB-HB,0.0
fixed,TSB-HB,0.0
fixed,TSB-HB,0.0
fixed,TSB-HB,0.0
fixed,TSB-HB,0.0
fixed,TSB-HB,0.0
fixed,TSB-HB,0.0
fixed,TSB-HB,0.0
fixed,TSB-HB,0.0
fixed,TSB-HB,0.0
fixed,TSB-HB,0.0
fixed,TSB-HB,0.0
fixed,TSB-HB,0.0
fixed,TSB-HB,0.0
fixed,TSB-HB,0.0
fixed,TSB-HB,0.0
fixed,TSB-HB,0.0
fixed,TSB-HB,0.7356280076599971
fixed,TSB-HB,0.0
fixed,TSB-HB,0.0
fixed,TSB-HB,0.7356280076599971
fixed,TSB-HB,0.0
fixed,TSB-HB,0.0
fixed,TSB-HB,0.0
fixed,TSB-HB,0.0
fixed,TSB-HB,0.0
fixed,TSB-HB,0.806967957004271
fixed,TSB-HB,0.0
fixed,TSB-HB,0.0
fixed,TSB-HB,0.0
fixed,TSB-HB,0.0
fixed,TSB-HB,0.0
fixed,TSB-HB,0.0
fixed,TSB-HB,0.0
fixed,TSB-HB,0.0
fixed,TSB-HB,0.0
fixed,TSB-HB,0.0
fixed,TSB-HB,0.0
fixed,TSB-HB,0.0
fixed,TSB-HB,0.9716955255482987
fixed,TSB-HB,0.0
fixed,TSB-HB,0.0
fixed,TSB-HB,0.8496370002270377
fixed,TSB-HB,0.0
fixed,TSB-HB,0.0
fixed,TSB-HB,0.0
fixed,TSB-HB,0.0
fixed,TSB-HB,0.0
fixed,TSB-HB,0.0
fixed,TSB-HB,0.0
fixed,TSB-HB,0.7702855806109615
fixed,TSB-HB,0.9757553979081364
fixed,TSB-HB,0.0
fixed,TSB-HB,0.7596120875959952
fixed,TSB-HB,0.0
fixed,TSB-HB,0.0
fixed,TSB-HB,0.7596120875959952
fixed,TSB-HB,0.0
fixed,TSB-HB,0.0
fixed,TSB-HB,0.0
fixed,TSB-HB,0.0
fixed,TSB-HB,0.0
fixed,TSB-HB,0.8437070206287501
fixed,TSB-HB,0.0
fixed,TSB-HB,0.0
fixed,TSB-HB,0.8019653369042549
fixed,TSB-HB,0.0
fixed,TSB-HB,0.0
fixed,TSB-HB,0.0
fixed,TSB-HB,0.0
fixed,TSB-HB,0.9272770452520936
fixed,TSB-HB,0.7659669149015798
fixed,TSB-HB,0.7659669149015798
fixed,TSB-HB,0.0
fixed,TSB-HB,0.7659669149015798
fixed,TSB-HB,0.0
fixed,TSB-HB,0.0
fixed,TSB-HB,0.0
fixed,TSB-HB,0.0
fixed,TSB-HB,0.0
fixed,TSB-HB,0.0
fixed,TSB-HB,0.0
fixed,TSB-HB,0.9724729491429395
fixed,TSB-HB,0.0
fixed,TSB-HB,0.6884469460859572
fixed,TSB-HB,0.6884469460859572
fixed,TSB-HB,0.0
fixed,TSB-HB,0.6884469460859572
fixed,TSB-HB,0.0
fixed,TSB-HB,0.0
fixed,TSB-HB,0.0
fixed,TSB-HB,0.0
fixed,TSB-HB,0.0
fixed,TSB-HB,0.0
fixed,TSB-HB,0.655789014777544
fixed,TSB-HB,0.0
fixed,TSB-HB,0.0
fixed,TSB-HB,0.0
fixed,TSB-HB,0.0
fixed,TSB-HB,0.0
fixed,TSB-HB,0.0
fixed,TSB-HB,1.0
fixed,TSB-HB,0.0
fixed,TSB-HB,0.0
fixed,TSB-HB,0.0
fixed,TSB-HB,0.0
fixed,TSB-HB,0.0
fixed,TSB-HB,0.0
fixed,TSB-HB,0.0
fixed,TSB-HB,0.0
fixed,TSB-HB,0.0
fixed,TSB-HB,0.0
fixed,TSB-HB,0.0
fixed,TSB-HB,0.0
fixed,TSB-HB,0.0
fixed,TSB-HB,0.0
fixed,TSB-HB,0.0
fixed,TSB-HB,0.0
fixed,TSB-HB,0.0
fixed,TSB-HB,0.0
fixed,TSB-HB,0.0
fixed,TSB-HB,0.0
fixed,TSB-HB,0.0
fixed,TSB-HB,0.0
fixed,TSB-HB,1.0
fixed,TSB-HB,0.0
fixed,TSB-HB,0.0
fixed,TSB-HB,0.8757345541256938
fixed,TSB-HB,0.0
fixed,TSB-HB,1.0
fixed,TSB-HB,0.0
fixed,TSB-HB,0.0
fixed,TSB-HB,0.0
fixed,TSB-HB,0.0
fixed,TSB-HB,0.0
fixed,TSB-HB,0.0
fixed,TSB-HB,0.0
fixed,TSB-HB,0.0
fixed,TSB-HB,0.0
fixed,TSB-HB,0.0
fixed,TSB-HB,0.0
fixed,TSB-HB,0.0
fixed,TSB-HB,0.0
fixed,TSB-HB,0.0
fixed,TSB-HB,0.0
fixed,TSB-HB,0.0
fixed,TSB-HB,0.0
fixed,TSB-HB,0.0
fixed,TSB-HB,0.0
fixed,TSB-HB,1.0
fixed,TSB-HB,0.7402112093194015
fixed,TSB-HB,0.0
fixed,TSB-HB,0.0
fixed,TSB-HB,0.0
fixed,TSB-HB,0.0
fixed,TSB-HB,0.0
fixed,TSB-HB,0.0
fixed,TSB-HB,0.0
fixed,TSB-HB,0.0
fixed,TSB-HB,0.988807425704895
fixed,TSB-HB,0.0
fixed,TSB-HB,0.0
fixed,TSB-HB,0.0
fixed,TSB-HB,0.0
fixed,TSB-HB,0.0
fixed,TSB-HB,0.0
fixed,TSB-HB,0.0
fixed,TSB-HB,0.0
fixed,TSB-HB,0.8429360450290818
fixed,TSB-HB,0.0
fixed,TSB-HB,0.8429360450290818
fixed,TSB-HB,0.0
fixed,TSB-HB,0.6845412282251647
fixed,TSB-HB,0.0
fixed,TSB-HB,0.0
fixed,TSB-HB,0.0
fixed,TSB-HB,0.0
fixed,TSB-HB,0.0
fixed,TSB-HB,0.0
fixed,TSB-HB,0.0
fixed,TSB-HB,0.9483484540644004
fixed,TSB-HB,0.9483484540644004
fixed,TSB-HB,0.0
fixed,TSB-HB,0.0
fixed,TSB-HB,0.0
fixed,TSB-HB,0.7490976920416512
fixed,TSB-HB,0.7490976920416512
fixed,TSB-HB,0.0
fixed,TSB-HB,0.7490976920416512
fixed,TSB-HB,0.7490976920416512
fixed,TSB-HB,1.0
fixed,TSB-HB,0.722799928108899
fixed,TSB-HB,0.722799928108899
fixed,TSB-HB,0.9033287209165124
fixed,TSB-HB,0.722799928108899
fixed,TSB-HB,0.9033287209165124
fixed,TSB-HB,0.0
fixed,TSB-HB,0.9590404405888748
fixed,TSB-HB,0.0
fixed,TSB-HB,0.0
fixed,TSB-HB,0.650762604087524
fixed,TSB-HB,0.0
fixed,TSB-HB,0.0
fixed,TSB-HB,0.0
fixed,TSB-HB,0.0
fixed,TSB-HB,0.0
fixed,TSB-HB,0.0
fixed,TSB-HB,0.0
fixed,TSB-HB,0.0
fixed,TSB-HB,0.0
fixed,TSB-HB,0.0
fixed,TSB-HB,0.0
fixed,TSB-HB,0.0
fixed,TSB-HB,0.0
fixed,TSB-HB,0.0
fixed,TSB-HB,0.6752275383456878
fixed,TSB-HB,0.6752275383456878
fixed,TSB-HB,0.0
fixed,TSB-HB,1.0
fixed,TSB-HB,0.9418360977539845
fixed,TSB-HB,0.6752275383456878
fixed,TSB-HB,0.0
fixed,TSB-HB,0.0
fixed,TSB-HB,0.0
fixed,TSB-HB,0.0
fixed,TSB-HB,0.0
fixed,TSB-HB,1.0
fixed,TSB-HB,0.0
fixed,TSB-HB,0.8042397187630526
fixed,TSB-HB,0.0
fixed,TSB-HB,0.0
fixed,TSB-HB,0.9296199615405494
fixed,TSB-HB,0.9296199615405494
fixed,TSB-HB,0.0
fixed,TSB-HB,0.0
fixed,TSB-HB,0.0
fixed,TSB-HB,0.0
fixed,TSB-HB,0.7429679668656402
fixed,TSB-HB,0.7429679668656402
fixed,TSB-HB,0.0
fixed,TSB-HB,0.0
fixed,TSB-HB,0.0
fixed,TSB-HB,0.9135684157735603
fixed,TSB-HB,0.9135684157735603
fixed,TSB-HB,0.0
fixed,TSB-HB,0.0
fixed,TSB-HB,0.0
fixed,TSB-HB,1.0
fixed,TSB-HB,0.0
fixed,TSB-HB,0.0
fixed,TSB-HB,1.0
fixed,TSB-HB,0.0
fixed,TSB-HB,0.0
fixed,TSB-HB,0.8555029205923639
fixed,TSB-HB,0.9416182924563085
fixed,TSB-HB,0.0
fixed,TSB-HB,0.0
fixed,TSB-HB,0.7368444434480973
fixed,TSB-HB,0.7368444434480973
fixed,TSB-HB,0.0
fixed,TSB-HB,0.0
fixed,TSB-HB,0.7368444434480973
fixed,TSB-HB,0.0
fixed,TSB-HB,0.0
fixed,TSB-HB,0.8509330450869396
fixed,TSB-HB,0.0
fixed,TSB-HB,0.8509330450869396
fixed,TSB-HB,0.0
fixed,TSB-HB,0.0
fixed,TSB-HB,0.0
fixed,TSB-HB,0.0
fixed,TSB-HB,0.0
fixed,TSB-HB,0.0
fixed,TSB-HB,0.0
fixed,TSB-HB,0.0
fixed,TSB-HB,0.0
fixed,TSB-HB,0.0
fixed,TSB-HB,0.0
fixed,TSB-HB,0.0
fixed,TSB-HB,0.0
fixed,TSB-HB,0.0
fixed,TSB-HB,0.0
fixed,TSB-HB,0.0
fixed,TSB-HB,0.0
fixed,TSB-HB,0.0
fixed,TSB-HB,0.7393497657269501
fixed,TSB-HB,0.0
fixed,TSB-HB,0.0
fixed,TSB-HB,0.0
fixed,TSB-HB,0.0
fixed,TSB-HB,0.0
fixed,TSB-HB,0.0
fixed,TSB-HB,0.0
fixed,TSB-HB,0.0
fixed,TSB-HB,0.0
fixed,TSB-HB,0.0
fixed,TSB-HB,0.0
fixed,TSB-HB,0.0
fixed,TSB-HB,0.0
fixed,TSB-HB,0.0
fixed,TSB-HB,0.0
fixed,TSB-HB,0.0
fixed,TSB-HB,0.0
fixed,TSB-HB,0.0
fixed,TSB-HB,0.0
fixed,TSB-HB,0.0
fixed,TSB-HB,0.0
fixed,TSB-HB,0.0
fixed,TSB-HB,0.0
fixed,TSB-HB,0.0
fixed,TSB-HB,0.0
fixed,TSB-HB,0.0
fixed,TSB-HB,0.0
fixed,TSB-HB,0.0
fixed,TSB-HB,0.0
fixed,TSB-HB,0.0
fixed,TSB-HB,0.9080570696788264
fixed,TSB-HB,0.0
fixed,TSB-HB,0.0
fixed,TSB-HB,0.0
fixed,TSB-HB,0.0
fixed,TSB-HB,0.0
fixed,TSB-HB,0.0
fixed,TSB-HB,0.0
fixed,TSB-HB,0.865617161367765
fixed,TSB-HB,0.9488894943201273
fixed,TSB-HB,0.0
fixed,TSB-HB,0.9488894943201273
fixed,TSB-HB,0.0
fixed,TSB-HB,0.0
fixed,TSB-HB,0.0
fixed,TSB-HB,0.0
fixed,TSB-HB,0.0
fixed,TSB-HB,0.0
fixed,TSB-HB,0.0
fixed,TSB-HB,0.0
fixed,TSB-HB,0.0
fixed,TSB-HB,0.0
fixed,TSB-HB,0.0
fixed,TSB-HB,0.0
fixed,TSB-HB,0.0
fixed,TSB-HB,0.0
fixed,TSB-HB,0.0
fixed,TSB-HB,0.0
fixed,TSB-HB,0.0
fixed,TSB-HB,0.0
fixed,TSB-HB,0.0
fixed,TSB-HB,0.0
fixed,TSB-HB,0.0
fixed,TSB-HB,1.0
fixed,TSB-HB,0.0
fixed,TSB-HB,0.0
fixed,TSB-HB,0.0
fixed,TSB-HB,0.0
fixed,TSB-HB,0.0
fixed,TSB-HB,0.0
fixed,TSB-HB,0.0
fixed,TSB-HB,0.0
fixed,TSB-HB,0.0
fixed,TSB-HB,0.0
fixed,TSB-HB,0.0
fixed,TSB-HB,0.0
fixed,TSB-HB,0.0
fixed,TSB-HB,0.0
fixed,TSB-HB,0.0
fixed,TSB-HB,0.706055008852381
fixed,TSB-HB,0.0
fixed,TSB-HB,0.0
fixed,TSB-HB,0.0
fixed,TSB-HB,0.888278617350649
fixed,TSB-HB,0.0
fixed,TSB-HB,0.8421641842239898
fixed,TSB-HB,0.0
fixed,TSB-HB,0.8421641842239898
fixed,TSB-HB,0.0
fixed,TSB-HB,0.8421641842239898
fixed,TSB-HB,0.0
fixed,TSB-HB,0.0
fixed,TSB-HB,0.9327791861865076
fixed,TSB-HB,0.8501028959300665
fixed,TSB-HB,0.0
fixed,TSB-HB,0.0
fixed,TSB-HB,0.0
fixed,TSB-HB,0.0
fixed,TSB-HB,0.0
fixed,TSB-HB,0.0
fixed,TSB-HB,0.8135185045852036
fixed,TSB-HB,0.0
fixed,TSB-HB,0.0
fixed,TSB-HB,0.0
fixed,TSB-HB,0.0
fixed,TSB-HB,0.0
fixed,TSB-HB,0.0
fixed,TSB-HB,0.9173021196414608
fixed,TSB-HB,0.0
fixed,TSB-HB,0.0
fixed,TSB-HB,0.0
fixed,TSB-HB,0.9055198153658327
fixed,TSB-HB,0.0
fixed,TSB-HB,0.9055198153658327
fixed,TSB-HB,0.7228800818075926
fixed,TSB-HB,0.7323158152635785
fixed,TSB-HB,0.0
fixed,TSB-HB,0.0
fixed,TSB-HB,0.7323158152635785
fixed,TSB-HB,0.0
fixed,TSB-HB,0.0
fixed,TSB-HB,0.0
fixed,TSB-HB,0.0
fixed,TSB-HB,0.0
fixed,TSB-HB,0.0
fixed,TSB-HB,0.0
fixed,TSB-HB,0.0
fixed,TSB-HB,0.8172299216704355
fixed,TSB-HB,0.0
fixed,TSB-HB,0.6684610125570474
fixed,TSB-HB,0.9641203284271774
fixed,TSB-HB,0.0
fixed,TSB-HB,0.921259061376199
fixed,TSB-HB,0.7098686360983331
fixed,TSB-HB,0.0
fixed,TSB-HB,0.0
fixed,TSB-HB,0.7098686360983331
fixed,TSB-HB,0.8671043057730542
fixed,TSB-HB,0.0
fixed,TSB-HB,0.6822227592699106
fixed,TSB-HB,0.8531837697319017
fixed,TSB-HB,0.0
fixed,TSB-HB,0.952310895408359
fixed,TSB-HB,0.0
fixed,TSB-HB,0.952310895408359
fixed,TSB-HB,0.8651372945733871
fixed,TSB-HB,0.0
fixed,TSB-HB,0.8651372945733871
fixed,TSB-HB,0.7203171665922667
fixed,TSB-HB,0.7203171665922667
fixed,TSB-HB,0.7203171665922667
fixed,TSB-HB,0.8169070697423422
fixed,TSB-HB,0.0
fixed,TSB-HB,0.0
fixed,TSB-HB,0.8169070697423422
fixed,TSB-HB,0.8169070697423422
fixed,TSB-HB,0.0
fixed,TSB-HB,0.8491521857867377
fixed,TSB-HB,0.6795896710538416
fixed,TSB-HB,0.6795896710538416
fixed,TSB-HB,0.8491521857867377
fixed,TSB-HB,0.0
fixed,TSB-HB,0.6795896710538416
fixed,TSB-HB,0.6738666910955974
fixed,TSB-HB,0.8448345135685941
fixed,TSB-HB,0.0
fixed,TSB-HB,0.8448345135685941
fixed,TSB-HB,0.0
fixed,TSB-HB,0.8448345135685941
fixed,TSB-HB,0.0
fixed,TSB-HB,0.0
fixed,TSB-HB,0.0
fixed,TSB-HB,0.0
fixed,TSB-HB,0.0
fixed,TSB-HB,1.0
fixed,TSB-HB,0.0
fixed,TSB-HB,0.0
fixed,TSB-HB,0.0
fixed,TSB-HB,0.9105457924896964
fixed,TSB-HB,0.0
fixed,TSB-HB,0.0
fixed,TSB-HB,0.7761172998217254
fixed,TSB-HB,0.7761172998217254
fixed,TSB-HB,0.0
fixed,TSB-HB,0.0
fixed,TSB-HB,0.0
fixed,TSB-HB,0.0
fixed,TSB-HB,0.0
fixed,TSB-HB,0.90898631068962
fixed,TSB-HB,0.0
fixed,TSB-HB,0.0
fixed,TSB-HB,0.0
fixed,TSB-HB,0.0
fixed,TSB-HB,0.0
fixed,TSB-HB,0.0
fixed,TSB-HB,0.0
fixed,TSB-HB,0.0
fixed,TSB-HB,0.7688599153657948
fixed,TSB-HB,0.7688599153657948
fixed,TSB-HB,0.0
fixed,TSB-HB,0.0
fixed,TSB-HB,0.7146258029770372
fixed,TSB-HB,0.8850679289607881
fixed,TSB-HB,0.9591829476601319
fixed,TSB-HB,0.8850679289607881
fixed,TSB-HB,0.8508444259879607
fixed,TSB-HB,0.0
fixed,TSB-HB,0.0
fixed,TSB-HB,0.0
fixed,TSB-HB,0.0
fixed,TSB-HB,0.9846464634525788
fixed,TSB-HB,1.0
fixed,TSB-HB,0.0
fixed,TSB-HB,0.0
fixed,TSB-HB,0.0
fixed,TSB-HB,0.0
fixed,TSB-HB,0.0
fixed,TSB-HB,0.0
fixed,TSB-HB,0.0
fixed,TSB-HB,0.0
fixed,TSB-HB,0.0
fixed,TSB-HB,0.0
fixed,TSB-HB,0.0
fixed,TSB-HB,0.0
fixed,TSB-HB,0.0
fixed,TSB-HB,0.0
fixed,TSB-HB,0.0
fixed,TSB-HB,0.0
fixed,TSB-HB,0.7692066117981778
fixed,TSB-HB,0.0
fixed,TSB-HB,0.0
fixed,TSB-HB,0.0
fixed,TSB-HB,0.0
fixed,TSB-HB,0.0
fixed,TSB-HB,0.0
fixed,TSB-HB,0.7839465028644249
fixed,TSB-HB,0.0
fixed,TSB-HB,0.0
fixed,TSB-HB,0.0
fixed,TSB-HB,0.7839465028644249
fixed,TSB-HB,0.0
fixed,TSB-HB,0.0
fixed,TSB-HB,0.0
fixed,TSB-HB,0.0
fixed,TSB-HB,0.0
fixed,TSB-HB,0.0
fixed,TSB-HB,0.7319590404545336
fixed,TSB-HB,0.0
fixed,TSB-HB,0.9156430888001987
fixed,TSB-HB,0.0
fixed,TSB-HB,0.7971802984472692
fixed,TSB-HB,0.0
fixed,TSB-HB,0.0
fixed,TSB-HB,0.0
fixed,TSB-HB,0.0
fixed,TSB-HB,0.93280292104853
fixed,TSB-HB,0.0
fixed,TSB-HB,0.0
fixed,TSB-HB,0.0
fixed,TSB-HB,0.0
fixed,TSB-HB,0.0
fixed,TSB-HB,0.0
fixed,TSB-HB,0.0
fixed,TSB-HB,0.0
fixed,TSB-HB,0.0
fixed,TSB-HB,0.0
fixed,TSB-HB,1.0
fixed,TSB-HB,0.0
fixed,TSB-HB,0.0
fixed,TSB-HB,0.0
fixed,TSB-HB,0.0
fixed,TSB-HB,0.0
fixed,TSB-HB,0.0
fixed,TSB-HB,0.0
fixed,TSB-HB,0.0
fixed,TSB-HB,0.0
fixed,TSB-HB,0.0
fixed,TSB-HB,0.0
fixed,TSB-HB,0.0
fixed,TSB-HB,0.0
fixed,TSB-HB,0.0
fixed,TSB-HB,0.0
fixed,TSB-HB,0.0
fixed,TSB-HB,0.0
fixed,TSB-HB,0.0
fixed,TSB-HB,0.902043887988428
fixed,TSB-HB,0.0
fixed,TSB-HB,0.0
fixed,TSB-HB,0.0
fixed,TSB-HB,0.0
fixed,TSB-HB,0.8129105368459822
fixed,TSB-HB,0.0
fixed,TSB-HB,0.8129105368459822
fixed,TSB-HB,0.8129105368459822
fixed,TSB-HB,0.0
fixed,TSB-HB,0.0
fixed,TSB-HB,0.0
fixed,TSB-HB,0.0
fixed,TSB-HB,0.0
fixed,TSB-HB,0.0
fixed,TSB-HB,0.0
fixed,TSB-HB,0.0
fixed,TSB-HB,0.0
fixed,TSB-HB,0.0
fixed,TSB-HB,0.0
fixed,TSB-HB,0.0
fixed,TSB-HB,0.0
fixed,TSB-HB,0.0
fixed,TSB-HB,0.8532518480296702
fixed,TSB-HB,0.0
fixed,TSB-HB,0.0
fixed,TSB-HB,0.0
fixed,TSB-HB,0.0
fixed,TSB-HB,0.8972888472785023
fixed,TSB-HB,0.0
fixed,TSB-HB,0.0
fixed,TSB-HB,0.0
fixed,TSB-HB,0.0
fixed,TSB-HB,0.0
fixed,TSB-HB,0.0
fixed,TSB-HB,0.0
fixed,TSB-HB,0.0
fixed,TSB-HB,0.0
fixed,TSB-HB,0.0
fixed,TSB-HB,0.0
fixed,TSB-HB,0.0
fixed,TSB-HB,0.0
fixed,TSB-HB,0.0
fixed,TSB-HB,0.0
fixed,TSB-HB,0.0
fixed,TSB-HB,0.0
fixed,TSB-HB,0.8743617372898447
fixed,TSB-HB,0.0
fixed,TSB-HB,0.0
fixed,TSB-HB,0.8743617372898447
fixed,TSB-HB,0.6870829700184518
fixed,TSB-HB,0.6870829700184518
fixed,TSB-HB,0.0
fixed,TSB-HB,0.0
fixed,TSB-HB,0.837724641262599
fixed,TSB-HB,0.837724641262599
fixed,TSB-HB,0.0
fixed,TSB-HB,0.0
fixed,TSB-HB,0.7893409118777988
fixed,TSB-HB,0.0
fixed,TSB-HB,0.0
fixed,TSB-HB,0.0
fixed,TSB-HB,0.7893409118777988
fixed,TSB-HB,0.0
fixed,TSB-HB,0.0
fixed,TSB-HB,0.752039155669973
fixed,TSB-HB,0.0
fixed,TSB-HB,0.752039155669973
fixed,TSB-HB,0.0
fixed,TSB-HB,0.0
fixed,TSB-HB,0.7239435953376746
fixed,TSB-HB,0.7239435953376746
fixed,TSB-HB,1.0
fixed,TSB-HB,0.7239435953376746
fixed,TSB-HB,0.9683468357239494
fixed,TSB-HB,0.7239435953376746
fixed,TSB-HB,0.9831490217988015
fixed,TSB-HB,0.0
fixed,TSB-HB,0.922536393164644
fixed,TSB-HB,0.0
fixed,TSB-HB,0.0
fixed,TSB-HB,0.0
fixed,TSB-HB,0.0
fixed,TSB-HB,0.0
fixed,TSB-HB,0.0
fixed,TSB-HB,0.0
fixed,TSB-HB,0.0
fixed,TSB-HB,0.0
fixed,TSB-HB,0.658793480636167
fixed,TSB-HB,0.0
fixed,TSB-HB,0.658793480636167
fixed,TSB-HB,0.658793480636167
fixed,TSB-HB,0.0
fixed,TSB-HB,0.0
fixed,TSB-HB,0.6892796171114282
fixed,TSB-HB,0.0
fixed,TSB-HB,0.8424920414801632
fixed,TSB-HB,0.8424920414801632
fixed,TSB-HB,0.8424920414801632
fixed,TSB-HB,0.8424920414801632
fixed,TSB-HB,0.0
fixed,TSB-HB,0.0
fixed,TSB-HB,0.0
fixed,TSB-HB,0.0
fixed,TSB-HB,0.0
fixed,TSB-HB,0.0
fixed,TSB-HB,0.0
fixed,TSB-HB,0.0
fixed,TSB-HB,0.0
fixed,TSB-HB,0.0
fixed,TSB-HB,0.0
fixed,TSB-HB,0.0
fixed,TSB-HB,0.0
fixed,TSB-HB,0.7030977668190095
fixed,TSB-HB,1.0
fixed,TSB-HB,0.0
fixed,TSB-HB,0.9652001110645476
fixed,TSB-HB,0.7030977668190095
fixed,TSB-HB,0.0
fixed,TSB-HB,0.7135136730614001
fixed,TSB-HB,0.0
fixed,TSB-HB,0.7135136730614001
fixed,TSB-HB,0.97971811770887
fixed,TSB-HB,0.0
fixed,TSB-HB,1.0
fixed,TSB-HB,0.0
fixed,TSB-HB,0.0
fixed,TSB-HB,1.0
fixed,TSB-HB,0.0
fixed,TSB-HB,0.0
fixed,TSB-HB,0.0
fixed,TSB-HB,1.0
fixed,TSB-HB,1.0
fixed,TSB-HB,0.0
fixed,TSB-HB,0.0
fixed,TSB-HB,0.0
fixed,TSB-HB,0.0
fixed,TSB-HB,0.7971782424584533
fixed,TSB-HB,0.0
fixed,TSB-HB,0.0
fixed,TSB-HB,0.0
fixed,TSB-HB,0.0
fixed,TSB-HB,0.0
fixed,TSB-HB,0.0
fixed,TSB-HB,0.0
fixed,TSB-HB,0.0
fixed,TSB-HB,0.0
fixed,TSB-HB,0.0
fixed,TSB-HB,0.0
fixed,TSB-HB,0.8957920017152874
fixed,TSB-HB,0.0
fixed,TSB-HB,0.8957920017152874
fixed,TSB-HB,0.0
fixed,TSB-HB,0.0
fixed,TSB-HB,0.0
fixed,TSB-HB,0.0
fixed,TSB-HB,0.0
fixed,TSB-HB,0.0
fixed,TSB-HB,0.0
fixed,TSB-HB,0.0
fixed,TSB-HB,0.9112722287635985
fixed,TSB-HB,0.0
fixed,TSB-HB,0.0
fixed,TSB-HB,0.0
fixed,TSB-HB,0.0
fixed,TSB-HB,0.0
fixed,TSB-HB,0.0
fixed,TSB-HB,0.0
fixed,TSB-HB,0.0
fixed,TSB-HB,0.0
fixed,TSB-HB,0.0
fixed,TSB-HB,0.0
fixed,TSB-HB,0.0
fixed,TSB-HB,0.0
fixed,TSB-HB,0.0
fixed,TSB-HB,0.7339418965198895
fixed,TSB-HB,0.7339418965198895
fixed,TSB-HB,0.9743588002615748
fixed,TSB-HB,0.751565751715804
fixed,TSB-HB,0.0
fixed,TSB-HB,0.0
fixed,TSB-HB,0.751565751715804
fixed,TSB-HB,0.9656212226525875
fixed,TSB-HB,0.0
fixed,TSB-HB,1.0
fixed,TSB-HB,1.0
fixed,TSB-HB,0.7431894316782149
fixed,TSB-HB,0.9075577907783716
fixed,TSB-HB,0.9075577907783716
fixed,TSB-HB,0.7431894316782149
fixed,TSB-HB,0.0
fixed,TSB-HB,0.0
fixed,TSB-HB,0.0
fixed,TSB-HB,0.0
fixed,TSB-HB,0.7639184157917405
fixed,TSB-HB,0.0
fixed,TSB-HB,0.0
fixed,TSB-HB,0.0
fixed,TSB-HB,0.8439539228059239
fixed,TSB-HB,0.0
fixed,TSB-HB,0.0
fixed,TSB-HB,0.0
fixed,TSB-HB,0.0
fixed,TSB-HB,0.7643201850839125
fixed,TSB-HB,0.0
fixed,TSB-HB,0.0
fixed,TSB-HB,0.0
fixed,TSB-HB,0.0
fixed,TSB-HB,0.7411388223247726
fixed,TSB-HB,0.0
fixed,TSB-HB,0.0
fixed,TSB-HB,0.0
fixed,TSB-HB,0.0
fixed,TSB-HB,0.0
fixed,TSB-HB,0.0
fixed,TSB-HB,0.0
fixed,TSB-HB,0.0
fixed,TSB-HB,0.0
fixed,TSB-HB,0.0
fixed,TSB-HB,0.0
fixed,TSB-HB,0.6770272482311275
fixed,TSB-HB,0.0
fixed,TSB-HB,0.6770272482311275
fixed,TSB-HB,0.0
fixed,TSB-HB,0.6770272482311275
fixed,TSB-HB,0.6770272482311275
fixed,TSB-HB,0.0
fixed,TSB-HB,0.0
fixed,TSB-HB,0.0
fixed,TSB-HB,0.0
fixed,TSB-HB,0.0
fixed,TSB-HB,0.0
fixed,TSB-HB,0.0
fixed,TSB-HB,0.0
fixed,TSB-HB,0.0
fixed,TSB-HB,0.0
fixed,TSB-HB,0.0
fixed,TSB-HB,0.0
fixed,TSB-HB,0.0
fixed,TSB-HB,0.0
fixed,TSB-HB,0.0
fixed,TSB-HB,0.0
fixed,TSB-HB,0.0
fixed,TSB-HB,0.0
fixed,TSB-HB,0.9883360585226151
fixed,TSB-HB,0.9754773697739615
fixed,TSB-HB,0.0
fixed,TSB-HB,0.9754773697739615
fixed,TSB-HB,0.0
fixed,TSB-HB,0.0
fixed,TSB-HB,0.0
fixed,TSB-HB,0.0
fixed,TSB-HB,0.0
fixed,TSB-HB,0.7284055451365485
fixed,TSB-HB,0.0
fixed,TSB-HB,0.0
fixed,TSB-HB,0.0
fixed,TSB-HB,0.0
fixed,TSB-HB,0.0
fixed,TSB-HB,0.0
fixed,TSB-HB,0.8518307298410445
fixed,TSB-HB,0.0
fixed,TSB-HB,0.8497863599059857
fixed,TSB-HB,0.8497863599059857
fixed,TSB-HB,0.0
fixed,TSB-HB,0.9370545763218494
fixed,TSB-HB,0.0
fixed,TSB-HB,0.0
fixed,TSB-HB,0.8383702059005192
fixed,TSB-HB,0.0
fixed,TSB-HB,0.8383702059005192
fixed,TSB-HB,0.0
fixed,TSB-HB,0.6747952635138521
fixed,TSB-HB,0.0
fixed,TSB-HB,0.0
fixed,TSB-HB,0.6938319918996411
fixed,TSB-HB,0.0
fixed,TSB-HB,0.0
fixed,TSB-HB,0.0
fixed,TSB-HB,0.6938319918996411
fixed,TSB-HB,0.6581009636822922
fixed,TSB-HB,0.8125552739100044
fixed,TSB-HB,0.8125552739100044
fixed,TSB-HB,0.9289541640213581
fixed,TSB-HB,0.0
fixed,TSB-HB,0.0
fixed,TSB-HB,0.0
fixed,TSB-HB,0.6824862896031482
fixed,TSB-HB,0.8599508917356101
fixed,TSB-HB,0.6824862896031482
fixed,TSB-HB,0.8599508917356101
fixed,TSB-HB,0.8599508917356101
fixed,TSB-HB,0.0
fixed,TSB-HB,1.0
fixed,TSB-HB,0.8415962014882017
fixed,TSB-HB,0.9394343903575991
fixed,TSB-HB,0.6862676179924826
fixed,TSB-HB,0.8415962014882017
fixed,TSB-HB,0.0
fixed,TSB-HB,0.0
fixed,TSB-HB,0.0
fixed,TSB-HB,0.0
fixed,TSB-HB,0.0
fixed,TSB-HB,0.0
fixed,TSB-HB,0.6706407846286113
fixed,TSB-HB,0.0
fixed,TSB-HB,0.8241218339124412
fixed,TSB-HB,0.9695155343126927
fixed,TSB-HB,0.6706407846286113
fixed,TSB-HB,0.6706407846286113
fixed,TSB-HB,0.6906597725938115
fixed,TSB-HB,0.6906597725938115
fixed,TSB-HB,0.6906597725938115
fixed,TSB-HB,0.6906597725938115
fixed,TSB-HB,0.0
fixed,TSB-HB,0.6906597725938115
fixed,TSB-HB,0.0
fixed,TSB-HB,0.0
fixed,TSB-HB,0.0
fixed,TSB-HB,0.989803488454225
fixed,TSB-HB,0.0
fixed,TSB-HB,0.0
fixed,TSB-HB,0.0
fixed,TSB-HB,0.0
fixed,TSB-HB,0.0
fixed,TSB-HB,0.0
fixed,TSB-HB,0.0
fixed,TSB-HB,0.0
fixed,TSB-HB,0.9735884478552899
fixed,TSB-HB,0.0
fixed,TSB-HB,0.0
fixed,TSB-HB,0.855908714069817
fixed,TSB-HB,0.7190862485993812
fixed,TSB-HB,0.0
fixed,TSB-HB,0.0
fixed,TSB-HB,0.7787490805867444
fixed,TSB-HB,0.0
fixed,TSB-HB,0.7787490805867444
fixed,TSB-HB,0.7787490805867444
fixed,TSB-HB,1.0
fixed,TSB-HB,0.9175146724769301
fixed,TSB-HB,0.0
fixed,TSB-HB,0.0
fixed,TSB-HB,0.0
fixed,TSB-HB,0.0
fixed,TSB-HB,0.0
fixed,TSB-HB,0.0
fixed,TSB-HB,0.0
fixed,TSB-HB,0.0
fixed,TSB-HB,0.0
fixed,TSB-HB,0.0
fixed,TSB-HB,0.0
fixed,TSB-HB,0.8431938917862013
fixed,TSB-HB,0.0
fixed,TSB-HB,0.0
fixed,TSB-HB,0.0
fixed,TSB-HB,0.0
fixed,TSB-HB,0.6737931397629643
fixed,TSB-HB,0.845296167884316
fixed,TSB-HB,0.0
fixed,TSB-HB,0.0
fixed,TSB-HB,0.0
fixed,TSB-HB,0.0
fixed,TSB-HB,0.0
fixed,TSB-HB,0.0
fixed,TSB-HB,0.0
fixed,TSB-HB,0.0
fixed,TSB-HB,0.0
fixed,TSB-HB,0.0
fixed,TSB-HB,0.0
fixed,TSB-HB,0.0
fixed,TSB-HB,0.8570972164175026
fixed,TSB-HB,0.6785332866912795
fixed,TSB-HB,0.0
fixed,TSB-HB,0.0
fixed,TSB-HB,0.0
fixed,TSB-HB,0.0
fixed,TSB-HB,0.0
fixed,TSB-HB,0.7797788660729007
fixed,TSB-HB,0.0
fixed,TSB-HB,0.0
fixed,TSB-HB,0.0
fixed,TSB-HB,0.0
fixed,TSB-HB,1.0
fixed,TSB-HB,0.0
fixed,TSB-HB,0.0
fixed,TSB-HB,0.0
fixed,TSB-HB,0.0
fixed,TSB-HB,0.0
fixed,TSB-HB,0.8472500908310677
fixed,TSB-HB,0.0
fixed,TSB-HB,0.8472500908310677
fixed,TSB-HB,0.0
fixed,TSB-HB,0.0
fixed,TSB-HB,0.0
fixed,TSB-HB,0.7536639557134093
fixed,TSB-HB,0.0
fixed,TSB-HB,0.0
fixed,TSB-HB,0.0
fixed,TSB-HB,0.0
fixed,TSB-HB,0.0
fixed,TSB-HB,0.0
fixed,TSB-HB,0.0
fixed,TSB-HB,0.0
fixed,TSB-HB,0.9059846024869112
fixed,TSB-HB,0.0
fixed,TSB-HB,0.0
fixed,TSB-HB,0.0
fixed,TSB-HB,0.8292747950480993
fixed,TSB-HB,0.0
fixed,TSB-HB,0.0
fixed,TSB-HB,0.8292747950480993
fixed,TSB-HB,0.0
fixed,TSB-HB,0.0
fixed,TSB-HB,0.7412829301797602
fixed,TSB-HB,0.0
fixed,TSB-HB,0.7412829301797602
fixed,TSB-HB,0.0
fixed,TSB-HB,0.0
fixed,TSB-HB,0.0
fixed,TSB-HB,0.0
fixed,TSB-HB,0.0
fixed,TSB-HB,0.0
fixed,TSB-HB,0.0
fixed,TSB-HB,0.0
fixed,TSB-HB,0.0
fixed,TSB-HB,0.0
fixed,TSB-HB,0.0
fixed,TSB-HB,0.0
fixed,TSB-HB,0.0
fixed,TSB-HB,0.0
fixed,TSB-HB,0.0
fixed,TSB-HB,0.0
fixed,TSB-HB,0.0
fixed,TSB-HB,0.0
fixed,TSB-HB,0.0
fixed,TSB-HB,0.7982187973763581
fixed,TSB-HB,0.0
fixed,TSB-HB,0.0
fixed,TSB-HB,0.0
fixed,TSB-HB,0.0
fixed,TSB-HB,0.0
fixed,TSB-HB,0.0
fixed,TSB-HB,0.0
fixed,TSB-HB,0.0
fixed,TSB-HB,0.0
fixed,TSB-HB,0.0
fixed,TSB-HB,0.0
fixed,TSB-HB,1.0
fixed,TSB-HB,0.0
fixed,TSB-HB,0.6813734833776095
fixed,TSB-HB,0.8504800870085374
fixed,TSB-HB,0.6813734833776095
fixed,TSB-HB,0.0
fixed,TSB-HB,0.0
fixed,TSB-HB,0.0
fixed,TSB-HB,0.0
fixed,TSB-HB,0.0
fixed,TSB-HB,0.0
fixed,TSB-HB,0.0
fixed,TSB-HB,0.0
fixed,TSB-HB,0.0
fixed,TSB-HB,0.9009598414332528
fixed,TSB-HB,0.9009598414332528
fixed,TSB-HB,0.0
fixed,TSB-HB,0.717130605180225
fixed,TSB-HB,0.0
fixed,TSB-HB,0.0
fixed,TSB-HB,0.7734812388487828
fixed,TSB-HB,0.7734812388487828
fixed,TSB-HB,0.9640216366634172
fixed,TSB-HB,0.0
fixed,TSB-HB,0.0
fixed,TSB-HB,0.0
fixed,TSB-HB,0.0
fixed,TSB-HB,0.8716013759032318
fixed,TSB-HB,0.0
fixed,TSB-HB,0.0
fixed,TSB-HB,0.0
fixed,TSB-HB,0.7020089179978786
fixed,TSB-HB,0.0
fixed,TSB-HB,0.0
fixed,TSB-HB,0.0
fixed,TSB-HB,0.7020089179978786
fixed,TSB-HB,0.6793762543636208
fixed,TSB-HB,0.6793762543636208
fixed,TSB-HB,0.9777706115593449
fixed,TSB-HB,0.9777706115593449
fixed,TSB-HB,0.9445350818386778
fixed,TSB-HB,0.8434463921992741
fixed,TSB-HB,0.0
fixed,TSB-HB,0.0
fixed,TSB-HB,0.0
fixed,TSB-HB,0.0
fixed,TSB-HB,0.0
fixed,TSB-HB,0.0
fixed,TSB-HB,0.8458382441027957
fixed,TSB-HB,1.0
fixed,TSB-HB,0.0
fixed,TSB-HB,0.9795153762924421
fixed,TSB-HB,0.0
fixed,TSB-HB,0.0
fixed,TSB-HB,0.7010881385512348
fixed,TSB-HB,0.7010881385512348
fixed,TSB-HB,0.0
fixed,TSB-HB,0.7010881385512348
fixed,TSB-HB,0.8753623240905797
fixed,TSB-HB,0.8753623240905797
fixed,TSB-HB,0.6706715943315078
fixed,TSB-HB,0.8435407406433006
fixed,TSB-HB,0.8435407406433006
fixed,TSB-HB,0.6706715943315078
fixed,TSB-HB,0.8435407406433006
fixed,TSB-HB,0.8435407406433006
fixed,TSB-HB,0.7208198079921269
fixed,TSB-HB,0.7208198079921269
fixed,TSB-HB,0.953931759701068
fixed,TSB-HB,0.9803070065888756
fixed,TSB-HB,0.953931759701068
fixed,TSB-HB,0.0
fixed,TSB-HB,0.7959545093846132
fixed,TSB-HB,0.0
fixed,TSB-HB,0.0
fixed,TSB-HB,0.0
fixed,TSB-HB,0.0
fixed,TSB-HB,0.0
fixed,TSB-HB,1.0
fixed,TSB-HB,0.9280482862120685
fixed,TSB-HB,0.0
fixed,TSB-HB,0.0
fixed,TSB-HB,0.0
fixed,TSB-HB,0.0
fixed,TSB-HB,0.0
fixed,TSB-HB,0.6985600045338338
fixed,TSB-HB,0.0
fixed,TSB-HB,0.0
fixed,TSB-HB,0.0
fixed,TSB-HB,0.0
fixed,TSB-HB,0.0
fixed,TSB-HB,0.0
fixed,TSB-HB,0.0
fixed,TSB-HB,0.0
fixed,TSB-HB,0.0
fixed,TSB-HB,0.0
fixed,TSB-HB,0.0
fixed,TSB-HB,0.0
fixed,TSB-HB,0.0
fixed,TSB-HB,0.7708722460634339
fixed,TSB-HB,0.0
fixed,TSB-HB,0.0
fixed,TSB-HB,0.0
fixed,TSB-HB,0.7527437874911289
fixed,TSB-HB,0.0
fixed,TSB-HB,0.0
fixed,TSB-HB,0.0
fixed,TSB-HB,0.0
fixed,TSB-HB,0.0
fixed,TSB-HB,0.0
fixed,TSB-HB,0.0
fixed,TSB-HB,0.0
fixed,TSB-HB,0.0
fixed,TSB-HB,0.0
fixed,TSB-HB,0.0
fixed,TSB-HB,0.0
fixed,TSB-HB,0.0
fixed,TSB-HB,0.0
fixed,TSB-HB,0.0
fixed,TSB-HB,0.0
fixed,TSB-HB,0.9620582103658483
fixed,TSB-HB,0.7159351239584122
fixed,TSB-HB,0.8902145406843462
fixed,TSB-HB,0.7159351239584122
fixed,TSB-HB,0.7159351239584122
fixed,TSB-HB,0.0
fixed,TSB-HB,0.0
fixed,TSB-HB,0.7481288866619371
fixed,TSB-HB,0.0
fixed,TSB-HB,0.0
fixed,TSB-HB,0.0
fixed,TSB-HB,0.7481288866619371
fixed,TSB-HB,0.8216456923929633
fixed,TSB-HB,0.0
fixed,TSB-HB,0.0
fixed,TSB-HB,0.0
fixed,TSB-HB,0.0
fixed,TSB-HB,0.0
fixed,TSB-HB,0.973543354028535
fixed,TSB-HB,0.7850673473267779
fixed,TSB-HB,0.0
fixed,TSB-HB,0.0
fixed,TSB-HB,0.0
fixed,TSB-HB,0.0
fixed,TSB-HB,0.0
fixed,TSB-HB,0.864294200100934
fixed,TSB-HB,0.0
fixed,TSB-HB,0.0
fixed,TSB-HB,0.9471437615410905
fixed,TSB-HB,0.0
fixed,TSB-HB,0.0
fixed,TSB-HB,0.0
fixed,TSB-HB,0.0
fixed,TSB-HB,0.8267013803405407
fixed,TSB-HB,0.0
fixed,TSB-HB,0.0
fixed,TSB-HB,0.0
fixed,TSB-HB,0.0
fixed,TSB-HB,0.0
fixed,TSB-HB,0.0
fixed,TSB-HB,0.0
fixed,TSB-HB,0.0
fixed,TSB-HB,0.7796682988865368
fixed,TSB-HB,0.0
fixed,TSB-HB,0.0
fixed,TSB-HB,0.0
fixed,TSB-HB,0.0
fixed,TSB-HB,0.7796682988865368
fixed,TSB-HB,0.7327973855360967
fixed,TSB-HB,0.0
fixed,TSB-HB,0.7327973855360967
fixed,TSB-HB,0.7327973855360967
fixed,TSB-HB,0.9588025052202183
fixed,TSB-HB,0.0
fixed,TSB-HB,0.0
fixed,TSB-HB,0.0
fixed,TSB-HB,0.0
fixed,TSB-HB,0.0
fixed,TSB-HB,0.0
fixed,TSB-HB,0.0
fixed,TSB-HB,0.7006157345895366
fixed,TSB-HB,0.8760107489447327
fixed,TSB-HB,0.0
fixed,TSB-HB,0.7006157345895366
fixed,TSB-HB,1.0
fixed,TSB-HB,0.8760107489447327
fixed,TSB-HB,1.0
fixed,TSB-HB,0.0
fixed,TSB-HB,0.680035372288317
fixed,TSB-HB,0.8347004090068478
fixed,TSB-HB,0.8347004090068478
fixed,TSB-HB,0.9327422712409635
fixed,TSB-HB,0.0
fixed,TSB-HB,0.9450700701926061
fixed,TSB-HB,0.0
fixed,TSB-HB,0.977939913933888
fixed,TSB-HB,0.0
fixed,TSB-HB,0.0
fixed,TSB-HB,0.8574110897926135
fixed,TSB-HB,0.8574110897926135
fixed,TSB-HB,0.8574110897926135
fixed,TSB-HB,0.0
fixed,TSB-HB,0.6957091636674617
fixed,TSB-HB,0.8574110897926135
fixed,TSB-HB,0.6426339928866218
fixed,TSB-HB,0.6426339928866218
fixed,TSB-HB,0.0
fixed,TSB-HB,0.6426339928866218
fixed,TSB-HB,0.0
fixed,TSB-HB,0.0
fixed,TSB-HB,0.0
fixed,TSB-HB,0.0
fixed,TSB-HB,0.0
fixed,TSB-HB,0.0
fixed,TSB-HB,0.0
fixed,TSB-HB,0.0
fixed,TSB-HB,0.0
fixed,TSB-HB,0.0
fixed,TSB-HB,0.0
fixed,TSB-HB,0.0
fixed,TSB-HB,0.0
fixed,TSB-HB,0.0
fixed,TSB-HB,0.0
fixed,TSB-HB,0.0
fixed,TSB-HB,0.0
fixed,TSB-HB,0.0
fixed,TSB-HB,0.0
fixed,TSB-HB,0.0
fixed,TSB-HB,1.0
fixed,TSB-HB,0.0
fixed,TSB-HB,0.0
fixed,TSB-HB,0.0
fixed,TSB-HB,0.0
fixed,TSB-HB,0.0
fixed,TSB-HB,0.0
fixed,TSB-HB,0.0
fixed,TSB-HB,0.0
fixed,TSB-HB,0.0
fixed,TSB-HB,0.0
fixed,TSB-HB,0.0
fixed,TSB-HB,0.0
fixed,TSB-HB,0.0
fixed,TSB-HB,0.0
fixed,TSB-HB,0.0
fixed,TSB-HB,0.0
fixed,TSB-HB,0.0
fixed,TSB-HB,0.0
fixed,TSB-HB,0.0
fixed,TSB-HB,0.0
fixed,TSB-HB,0.0
fixed,TSB-HB,0.0
fixed,TSB-HB,0.0
fixed,TSB-HB,0.9045781649234015
fixed,TSB-HB,0.0
fixed,TSB-HB,0.73853870599162
fixed,TSB-HB,0.9045781649234015
fixed,TSB-HB,0.73853870599162
fixed,TSB-HB,0.0
fixed,TSB-HB,0.0
fixed,TSB-HB,0.0
fixed,TSB-HB,0.0
fixed,TSB-HB,0.8469508500731895
fixed,TSB-HB,0.0
fixed,TSB-HB,0.8469508500731895
fixed,TSB-HB,0.9105034203060733
fixed,TSB-HB,0.0
fixed,TSB-HB,0.0
fixed,TSB-HB,0.0
fixed,TSB-HB,0.0
fixed,TSB-HB,0.7704413724922538
fixed,TSB-HB,0.0
fixed,TSB-HB,0.0
fixed,TSB-HB,0.0
fixed,TSB-HB,0.0
fixed,TSB-HB,0.0
fixed,TSB-HB,0.0
fixed,TSB-HB,0.9073394057248814
fixed,TSB-HB,0.0
fixed,TSB-HB,0.0
fixed,TSB-HB,0.0
fixed,TSB-HB,0.7804052526504344
fixed,TSB-HB,0.0
fixed,TSB-HB,0.7716491938271646
fixed,TSB-HB,0.975385004720518
fixed,TSB-HB,0.0
fixed,TSB-HB,0.0
fixed,TSB-HB,0.0
fixed,TSB-HB,0.7716491938271646
fixed,TSB-HB,0.0
fixed,TSB-HB,0.9735895406617091
fixed,TSB-HB,0.0
fixed,TSB-HB,0.0
fixed,TSB-HB,0.7800423590835975
fixed,TSB-HB,0.0
fixed,TSB-HB,0.9096614100349316
fixed,TSB-HB,0.0
fixed,TSB-HB,0.0
fixed,TSB-HB,0.0
fixed,TSB-HB,0.0
fixed,TSB-HB,0.0
fixed,TSB-HB,0.7187029961635918
fixed,TSB-HB,0.0
fixed,TSB-HB,0.7187029961635918
fixed,TSB-HB,0.0
fixed,TSB-HB,0.7187029961635918
fixed,TSB-HB,0.0
fixed,TSB-HB,0.0
fixed,TSB-HB,0.0
fixed,TSB-HB,0.0
fixed,TSB-HB,0.0
fixed,TSB-HB,0.8433161122288254
fixed,TSB-HB,0.8433161122288254
fixed,TSB-HB,0.0
fixed,TSB-HB,0.0
fixed,TSB-HB,0.0
fixed,TSB-HB,0.0
fixed,TSB-HB,0.0
fixed,TSB-HB,0.0
fixed,TSB-HB,0.0
fixed,TSB-HB,0.0
fixed,TSB-HB,0.7734138075572257
fixed,TSB-HB,0.0
fixed,TSB-HB,0.7734138075572257
fixed,TSB-HB,0.7734138075572257
fixed,TSB-HB,0.0
fixed,TSB-HB,0.0
fixed,TSB-HB,0.0
fixed,TSB-HB,0.0
fixed,TSB-HB,0.9255812121552048
fixed,TSB-HB,0.0
fixed,TSB-HB,0.0
fixed,TSB-HB,0.0
fixed,TSB-HB,0.0
fixed,TSB-HB,0.7949033585351243
fixed,TSB-HB,0.0
fixed,TSB-HB,0.0
fixed,TSB-HB,0.0
fixed,TSB-HB,0.0
fixed,TSB-HB,0.0
fixed,TSB-HB,0.0
fixed,TSB-HB,0.0
fixed,TSB-HB,0.0
fixed,TSB-HB,0.0
fixed,TSB-HB,0.0
fixed,TSB-HB,0.782200835939587
fixed,TSB-HB,0.0
fixed,TSB-HB,0.0
fixed,TSB-HB,0.0
fixed,TSB-HB,0.0
fixed,TSB-HB,0.9596443162455595
fixed,TSB-HB,0.7527521091583683
fixed,TSB-HB,0.0
fixed,TSB-HB,0.7527521091583683
fixed,TSB-HB,0.0
fixed,TSB-HB,0.8664500563413873
fixed,TSB-HB,0.0
fixed,TSB-HB,0.8664500563413873
fixed,TSB-HB,0.6841436899824008
fixed,TSB-HB,0.6841436899824008
fixed,TSB-HB,0.6841436899824008
fixed,TSB-HB,0.0
fixed,TSB-HB,0.5890771783152529
fixed,TSB-HB,0.5890771783152529
fixed,TSB-HB,0.8344666401716285
fixed,TSB-HB,0.0
fixed,TSB-HB,0.5890771783152529
fixed,TSB-HB,0.8672411591923356
fixed,TSB-HB,0.0
fixed,TSB-HB,0.0
fixed,TSB-HB,0.0
fixed,TSB-HB,0.0
fixed,TSB-HB,0.0
fixed,TSB-HB,0.7427518120290197
fixed,TSB-HB,0.8606059405241456
fixed,TSB-HB,0.0
fixed,TSB-HB,1.0
fixed,TSB-HB,0.7427518120290197
fixed,TSB-HB,0.7427518120290197
fixed,TSB-HB,0.8319654276829646
fixed,TSB-HB,0.8319654276829646
fixed,TSB-HB,0.8319654276829646
fixed,TSB-HB,0.0
fixed,TSB-HB,0.0
fixed,TSB-HB,0.8319654276829646
fixed,TSB-HB,0.8851699809859452
fixed,TSB-HB,0.0
fixed,TSB-HB,0.7243607641664396
fixed,TSB-HB,0.0
fixed,TSB-HB,0.0
fixed,TSB-HB,0.0
fixed,TSB-HB,0.7815048500714376
fixed,TSB-HB,0.7815048500714376
fixed,TSB-HB,0.0
fixed,TSB-HB,0.9223515205529849
fixed,TSB-HB,0.9223515205529849
fixed,TSB-HB,0.0
fixed,TSB-HB,0.9832357864443223
fixed,TSB-HB,0.0
fixed,TSB-HB,0.0
fixed,TSB-HB,0.768507486300169
fixed,TSB-HB,0.0
fixed,TSB-HB,0.768507486300169
fixed,TSB-HB,0.7028322674660575
fixed,TSB-HB,0.7028322674660575
fixed,TSB-HB,0.0
fixed,TSB-HB,0.7028322674660575
fixed,TSB-HB,0.0
fixed,TSB-HB,0.7028322674660575
fixed,TSB-HB,0.9824278554786927
fixed,TSB-HB,0.9528215937957771
fixed,TSB-HB,0.6739908033644271
fixed,TSB-HB,0.6739908033644271
fixed,TSB-HB,0.0
fixed,TSB-HB,0.6739908033644271
fixed,TSB-HB,0.841690225683698
fixed,TSB-HB,0.0
fixed,TSB-HB,0.0
fixed,TSB-HB,0.9724852225255965
fixed,TSB-HB,0.0
fixed,TSB-HB,0.9335053047549263
fixed,TSB-HB,0.9767276354477463
fixed,TSB-HB,0.6911933111115584
fixed,TSB-HB,0.0
fixed,TSB-HB,0.0
fixed,TSB-HB,0.0
fixed,TSB-HB,0.6911933111115584
fixed,TSB-HB,0.9192358132915746
fixed,TSB-HB,0.9757964116543306
fixed,TSB-HB,0.9192358132915746
fixed,TSB-HB,0.0
fixed,TSB-HB,0.0
fixed,TSB-HB,0.0
fixed,TSB-HB,0.971329250235908
fixed,TSB-HB,0.0
fixed,TSB-HB,0.0
fixed,TSB-HB,0.0
fixed,TSB-HB,0.0
fixed,TSB-HB,0.0
fixed,TSB-HB,0.0
fixed,TSB-HB,0.0
fixed,TSB-HB,0.0
fixed,TSB-HB,0.0
fixed,TSB-HB,0.0
fixed,TSB-HB,0.0
fixed,TSB-HB,0.0
fixed,TSB-HB,0.0
fixed,TSB-HB,0.9082477290067249
fixed,TSB-HB,0.0
fixed,TSB-HB,0.0
fixed,TSB-HB,0.0
fixed,TSB-HB,0.7707924033877699
fixed,TSB-HB,0.0
fixed,TSB-HB,0.0
fixed,TSB-HB,0.0
fixed,TSB-HB,0.7707924033877699
fixed,TSB-HB,0.918533959742507
fixed,TSB-HB,0.0
fixed,TSB-HB,0.9669115134811148
fixed,TSB-HB,0.9255135929768789
fixed,TSB-HB,0.0
fixed,TSB-HB,0.8254769225160078
fixed,TSB-HB,0.0
fixed,TSB-HB,0.0
fixed,TSB-HB,0.0
fixed,TSB-HB,0.7521449760008442
fixed,TSB-HB,0.0
fixed,TSB-HB,0.0
fixed,TSB-HB,0.7521449760008442
fixed,TSB-HB,0.776176236559406
fixed,TSB-HB,0.776176236559406
fixed,TSB-HB,0.0
fixed,TSB-HB,0.0
fixed,TSB-HB,0.0
fixed,TSB-HB,0.0
fixed,TSB-HB,0.0
fixed,TSB-HB,0.0
fixed,TSB-HB,0.0
fixed,TSB-HB,0.0
fixed,TSB-HB,0.0
fixed,TSB-HB,0.0
fixed,TSB-HB,0.0
fixed,TSB-HB,0.0
fixed,TSB-HB,0.0
fixed,TSB-HB,0.0
fixed,TSB-HB,0.0
fixed,TSB-HB,0.0
fixed,TSB-HB,0.7399855508966608
fixed,TSB-HB,0.0
fixed,TSB-HB,0.0
fixed,TSB-HB,0.0
fixed,TSB-HB,0.0
fixed,TSB-HB,0.0
fixed,TSB-HB,0.0
fixed,TSB-HB,0.0
fixed,TSB-HB,0.767725831568961
fixed,TSB-HB,0.0
fixed,TSB-HB,0.0
fixed,TSB-HB,0.9254090812570697
fixed,TSB-HB,0.0
fixed,TSB-HB,0.0
fixed,TSB-HB,0.0
fixed,TSB-HB,0.0
fixed,TSB-HB,0.0
fixed,TSB-HB,0.0
fixed,TSB-HB,0.751295646255155
fixed,TSB-HB,0.751295646255155
fixed,TSB-HB,0.0
fixed,TSB-HB,0.0
fixed,TSB-HB,0.751295646255155
fixed,TSB-HB,0.0
fixed,TSB-HB,0.0
fixed,TSB-HB,0.0
fixed,TSB-HB,0.0
fixed,TSB-HB,0.0
fixed,TSB-HB,0.0
fixed,TSB-HB,0.0
fixed,TSB-HB,0.0
fixed,TSB-HB,0.0
fixed,TSB-HB,0.0
fixed,TSB-HB,0.0
fixed,TSB-HB,0.8419891306797563
fixed,TSB-HB,0.0
fixed,TSB-HB,0.0
fixed,TSB-HB,0.0
fixed,TSB-HB,0.0
fixed,TSB-HB,0.8711839113326793
fixed,TSB-HB,0.0
fixed,TSB-HB,0.0
fixed,TSB-HB,0.0
fixed,TSB-HB,0.71960575624026
fixed,TSB-HB,0.0
fixed,TSB-HB,0.903370197798731
fixed,TSB-HB,0.0
fixed,TSB-HB,0.0
fixed,TSB-HB,0.7586365890556923
fixed,TSB-HB,0.7586365890556923
fixed,TSB-HB,0.0
fixed,TSB-HB,0.7586365890556923
fixed,TSB-HB,0.0
fixed,TSB-HB,0.7586365890556923
fixed,TSB-HB,0.6842703911553921
fixed,TSB-HB,0.0
fixed,TSB-HB,0.0
fixed,TSB-HB,1.0
fixed,TSB-HB,0.8470236999868774
fixed,TSB-HB,0.8470236999868774
fixed,TSB-HB,0.0
fixed,TSB-HB,0.7822752818450691
fixed,TSB-HB,0.0
fixed,TSB-HB,0.0
fixed,TSB-HB,0.0
fixed,TSB-HB,0.0
fixed,TSB-HB,0.9470232933693675
fixed,TSB-HB,0.8531888805321617
fixed,TSB-HB,0.6940327484482322
fixed,TSB-HB,0.0
fixed,TSB-HB,0.9470232933693675
fixed,TSB-HB,0.9470232933693675
fixed,TSB-HB,0.6873854383766271
fixed,TSB-HB,0.0
fixed,TSB-HB,0.6873854383766271
fixed,TSB-HB,0.0
fixed,TSB-HB,0.8585921051718542
fixed,TSB-HB,0.0
fixed,TSB-HB,0.0
fixed,TSB-HB,0.0
fixed,TSB-HB,0.0
fixed,TSB-HB,0.0
fixed,TSB-HB,0.0
fixed,TSB-HB,0.0
fixed,TSB-HB,0.0
fixed,TSB-HB,0.0
fixed,TSB-HB,0.0
fixed,TSB-HB,0.0
fixed,TSB-HB,0.0
fixed,TSB-HB,0.0
fixed,TSB-HB,0.0
fixed,TSB-HB,0.0
fixed,TSB-HB,0.6111317601806511
fixed,TSB-HB,0.6111317601806511
fixed,TSB-HB,0.0
fixed,TSB-HB,0.795520972643285
fixed,TSB-HB,0.0
fixed,TSB-HB,0.0
fixed,TSB-HB,0.0
fixed,TSB-HB,0.0
fixed,TSB-HB,0.0
fixed,TSB-HB,0.0
fixed,TSB-HB,0.0
fixed,TSB-HB,0.0
fixed,TSB-HB,0.0
fixed,TSB-HB,0.0
fixed,TSB-HB,0.0
fixed,TSB-HB,0.0
fixed,TSB-HB,0.8490319268960654
fixed,TSB-HB,0.0
fixed,TSB-HB,0.0
fixed,TSB-HB,0.0
fixed,TSB-HB,0.8490319268960654
fixed,TSB-HB,0.0
fixed,TSB-HB,0.7100608317133323
fixed,TSB-HB,0.8834395726834019
fixed,TSB-HB,0.8834395726834019
fixed,TSB-HB,0.7100608317133323
fixed,TSB-HB,0.0
fixed,TSB-HB,0.0
fixed,TSB-HB,1.0
fixed,TSB-HB,0.905187875792658
fixed,TSB-HB,0.0
fixed,TSB-HB,0.9854040000765939
fixed,TSB-HB,0.905187875792658
fixed,TSB-HB,0.0
fixed,TSB-HB,0.0
fixed,TSB-HB,0.0
fixed,TSB-HB,0.0
fixed,TSB-HB,0.0
fixed,TSB-HB,0.0
fixed,TSB-HB,0.0
fixed,TSB-HB,0.9028560312618952
fixed,TSB-HB,0.0
fixed,TSB-HB,0.9028560312618952
fixed,TSB-HB,0.7200366815208865
fixed,TSB-HB,0.7200366815208865
fixed,TSB-HB,0.0
fixed,TSB-HB,0.8507173104296866
fixed,TSB-HB,0.0
fixed,TSB-HB,0.0
fixed,TSB-HB,0.0
fixed,TSB-HB,0.0
fixed,TSB-HB,0.8507173104296866
fixed,TSB-HB,0.0
fixed,TSB-HB,0.0
fixed,TSB-HB,0.0
fixed,TSB-HB,0.0
fixed,TSB-HB,0.0
fixed,TSB-HB,0.9220325658934334
fixed,TSB-HB,0.0
fixed,TSB-HB,0.0
fixed,TSB-HB,0.0
fixed,TSB-HB,0.0
fixed,TSB-HB,0.0
fixed,TSB-HB,0.0
fixed,TSB-HB,0.8624322911044329
fixed,TSB-HB,0.8624322911044329
fixed,TSB-HB,0.0
fixed,TSB-HB,0.0
fixed,TSB-HB,0.0
fixed,TSB-HB,0.0
fixed,TSB-HB,0.9135482666160469
fixed,TSB-HB,0.0
fixed,TSB-HB,0.0
fixed,TSB-HB,0.0
fixed,TSB-HB,0.0
fixed,TSB-HB,0.0
fixed,TSB-HB,0.8585099275800214
fixed,TSB-HB,0.0
fixed,TSB-HB,0.0
fixed,TSB-HB,0.0
fixed,TSB-HB,0.0
fixed,TSB-HB,0.0
fixed,TSB-HB,0.0
fixed,TSB-HB,0.0
fixed,TSB-HB,0.0
fixed,TSB-HB,0.0
fixed,TSB-HB,0.6851173051668792
fixed,TSB-HB,0.0
fixed,TSB-HB,0.8239864876675378
fixed,TSB-HB,0.9337183823621772
fixed,TSB-HB,0.0
fixed,TSB-HB,0.0
fixed,TSB-HB,0.0
fixed,TSB-HB,0.0
fixed,TSB-HB,0.7476033435672597
fixed,TSB-HB,0.0
fixed,TSB-HB,0.0
fixed,TSB-HB,0.0
fixed,TSB-HB,0.0
fixed,TSB-HB,0.0
fixed,TSB-HB,0.9760775697403239
fixed,TSB-HB,0.7631224400554801
fixed,TSB-HB,0.0
fixed,TSB-HB,0.0
fixed,TSB-HB,0.0
fixed,TSB-HB,0.0
fixed,TSB-HB,0.9759590599272784
fixed,TSB-HB,0.7244501259544118
fixed,TSB-HB,0.0
fixed,TSB-HB,0.0
fixed,TSB-HB,0.0
fixed,TSB-HB,0.0
fixed,TSB-HB,0.9253780964351114
fixed,TSB-HB,0.0
fixed,TSB-HB,0.9253780964351114
fixed,TSB-HB,0.0
fixed,TSB-HB,0.0
fixed,TSB-HB,0.0
fixed,TSB-HB,0.0
fixed,TSB-HB,0.0
fixed,TSB-HB,0.0
fixed,TSB-HB,0.0
fixed,TSB-HB,0.0
fixed,TSB-HB,0.0
fixed,TSB-HB,0.0
fixed,TSB-HB,0.0
fixed,TSB-HB,0.0
fixed,TSB-HB,0.0
fixed,TSB-HB,0.0
fixed,TSB-HB,0.0
fixed,TSB-HB,0.0
fixed,TSB-HB,0.0
fixed,TSB-HB,0.0
fixed,TSB-HB,0.0
fixed,TSB-HB,0.0
fixed,TSB-HB,0.0
fixed,TSB-HB,0.841693545805245
fixed,TSB-HB,0.0
fixed,TSB-HB,0.0
fixed,TSB-HB,0.0
fixed,TSB-HB,0.0
fixed,TSB-HB,1.0
fixed,TSB-HB,0.0
fixed,TSB-HB,0.757667142045235
fixed,TSB-HB,0.757667142045235
fixed,TSB-HB,0.0
fixed,TSB-HB,0.0
fixed,TSB-HB,0.0
fixed,TSB-HB,0.9590537847550252
fixed,TSB-HB,0.0
fixed,TSB-HB,0.0
fixed,TSB-HB,0.0
fixed,TSB-HB,0.7525095456865014
fixed,TSB-HB,0.7525095456865014
fixed,TSB-HB,0.8573239214133457
fixed,TSB-HB,0.8573239214133457
fixed,TSB-HB,0.0
fixed,TSB-HB,0.0
fixed,TSB-HB,0.9381698890482858
fixed,TSB-HB,0.7228007799140845
fixed,TSB-HB,0.0
fixed,TSB-HB,0.8000658233032847
fixed,TSB-HB,0.0
fixed,TSB-HB,0.0
fixed,TSB-HB,0.0
fixed,TSB-HB,0.0
fixed,TSB-HB,0.9248499822722821
fixed,TSB-HB,0.673141189771256
fixed,TSB-HB,0.0
fixed,TSB-HB,0.8227458151610756
fixed,TSB-HB,0.0
fixed,TSB-HB,0.9248499822722821
fixed,TSB-HB,0.9603201182577908
fixed,TSB-HB,0.6524383742878092
fixed,TSB-HB,0.0
fixed,TSB-HB,0.0
fixed,TSB-HB,0.7971639137146328
fixed,TSB-HB,0.9126474962962606
fixed,TSB-HB,0.844105254339342
fixed,TSB-HB,0.844105254339342
fixed,TSB-HB,0.7013878161025978
fixed,TSB-HB,0.0
fixed,TSB-HB,1.0
fixed,TSB-HB,0.7013878161025978
fixed,TSB-HB,0.0
fixed,TSB-HB,1.0
fixed,TSB-HB,0.0
fixed,TSB-HB,0.0
fixed,TSB-HB,0.918640298771094
fixed,TSB-HB,0.0
fixed,TSB-HB,0.0
fixed,TSB-HB,0.0
fixed,TSB-HB,0.0
fixed,TSB-HB,0.9329486012154447
fixed,TSB-HB,0.0
fixed,TSB-HB,0.0
fixed,TSB-HB,0.0
fixed,TSB-HB,0.0
fixed,TSB-HB,0.0
fixed,TSB-HB,0.0
fixed,TSB-HB,0.0
fixed,TSB-HB,0.9788703369887013
fixed,TSB-HB,0.0
fixed,TSB-HB,0.0
fixed,TSB-HB,0.0
fixed,TSB-HB,0.0
fixed,TSB-HB,0.0
fixed,TSB-HB,0.0
fixed,TSB-HB,0.0
fixed,TSB-HB,0.0
fixed,TSB-HB,0.0
fixed,TSB-HB,0.0
fixed,TSB-HB,0.78619661568212
fixed,TSB-HB,0.9022096259690113
fixed,TSB-HB,0.0
fixed,TSB-HB,0.0
fixed,TSB-HB,0.7068507662065352
fixed,TSB-HB,0.0
fixed,TSB-HB,0.0
fixed,TSB-HB,0.0
fixed,TSB-HB,0.0
fixed,TSB-HB,0.0
fixed,TSB-HB,0.7420363881373819
fixed,TSB-HB,0.8957412120100202
fixed,TSB-HB,0.0
fixed,TSB-HB,0.0
fixed,TSB-HB,0.0
fixed,TSB-HB,0.0
fixed,TSB-HB,0.0
fixed,TSB-HB,0.0
fixed,TSB-HB,0.0
fixed,TSB-HB,0.0
fixed,TSB-HB,0.0
fixed,TSB-HB,0.0
fixed,TSB-HB,0.0
fixed,TSB-HB,0.0
fixed,TSB-HB,0.0
fixed,TSB-HB,0.0
fixed,TSB-HB,0.0
fixed,TSB-HB,0.9118687185423934
fixed,TSB-HB,0.0
fixed,TSB-HB,0.0
fixed,TSB-HB,0.0
fixed,TSB-HB,0.0
fixed,TSB-HB,0.0
fixed,TSB-HB,0.8422451020330866
fixed,TSB-HB,0.0
fixed,TSB-HB,0.0
fixed,TSB-HB,0.0
fixed,TSB-HB,0.8422451020330866
fixed,TSB-HB,0.0
fixed,TSB-HB,0.0
fixed,TSB-HB,0.0
fixed,TSB-HB,0.0
fixed,TSB-HB,0.8884662621364878
fixed,TSB-HB,0.0
fixed,TSB-HB,0.0
fixed,TSB-HB,0.0
fixed,TSB-HB,0.0
fixed,TSB-HB,0.0
fixed,TSB-HB,0.0
fixed,TSB-HB,0.0
fixed,TSB-HB,0.0
fixed,TSB-HB,0.0
fixed,TSB-HB,0.0
fixed,TSB-HB,0.8222054691686458
fixed,TSB-HB,0.0
fixed,TSB-HB,0.0
fixed,TSB-HB,0.0
fixed,TSB-HB,0.0
fixed,TSB-HB,0.0
fixed,TSB-HB,0.0
fixed,TSB-HB,0.0
fixed,TSB-HB,0.9714890727607711
fixed,TSB-HB,0.0
fixed,TSB-HB,0.0
fixed,TSB-HB,0.0
fixed,TSB-HB,0.0
fixed,TSB-HB,0.0
fixed,TSB-HB,0.0
fixed,TSB-HB,0.0
fixed,TSB-HB,0.7867745328818511
fixed,TSB-HB,0.0
fixed,TSB-HB,0.7867745328818511
fixed,TSB-HB,0.0
fixed,TSB-HB,0.0
fixed,TSB-HB,0.7901439803139281
fixed,TSB-HB,0.0
fixed,TSB-HB,0.0
fixed,TSB-HB,0.0
fixed,TSB-HB,0.0
fixed,TSB-HB,0.0
fixed,TSB-HB,0.0
fixed,TSB-HB,0.0
fixed,TSB-HB,0.0
fixed,TSB-HB,0.0
fixed,TSB-HB,0.6834892256714303
fixed,TSB-HB,0.6834892256714303
fixed,TSB-HB,0.9468747871611141
fixed,TSB-HB,0.0
fixed,TSB-HB,0.6540599844161673
fixed,TSB-HB,0.827694372188042
fixed,TSB-HB,0.0
fixed,TSB-HB,0.0
fixed,TSB-HB,0.0
fixed,TSB-HB,0.0
fixed,TSB-HB,0.0
fixed,TSB-HB,1.0
fixed,TSB-HB,0.0
fixed,TSB-HB,0.0
fixed,TSB-HB,0.8113039674530319
fixed,TSB-HB,0.9310494571098216
fixed,TSB-HB,0.0
fixed,TSB-HB,0.0
fixed,TSB-HB,0.6552983727060687
fixed,TSB-HB,0.8113039674530319
fixed,TSB-HB,0.0
fixed,TSB-HB,0.0
fixed,TSB-HB,0.7221749333119878
fixed,TSB-HB,0.0
fixed,TSB-HB,0.0
fixed,TSB-HB,0.0
fixed,TSB-HB,0.0
fixed,TSB-HB,0.0
fixed,TSB-HB,0.0
fixed,TSB-HB,0.0
fixed,TSB-HB,0.0
fixed,TSB-HB,0.0
fixed,TSB-HB,0.0
fixed,TSB-HB,0.0
fixed,TSB-HB,0.0
fixed,TSB-HB,0.0
fixed,TSB-HB,0.0
fixed,TSB-HB,0.0
fixed,TSB-HB,0.0
fixed,TSB-HB,0.0
fixed,TSB-HB,0.0
fixed,TSB-HB,0.0
fixed,TSB-HB,0.0
fixed,TSB-HB,0.0
fixed,TSB-HB,0.0
fixed,TSB-HB,0.0
fixed,TSB-HB,0.0
fixed,TSB-HB,0.0
fixed,TSB-HB,0.0
fixed,TSB-HB,0.0
fixed,TSB-HB,0.0
fixed,TSB-HB,0.0
fixed,TSB-HB,0.0
fixed,TSB-HB,0.0
fixed,TSB-HB,0.0
fixed,TSB-HB,0.0
fixed,TSB-HB,0.0
fixed,TSB-HB,0.0
fixed,TSB-HB,0.0
fixed,TSB-HB,0.0
fixed,TSB-HB,0.0
fixed,TSB-HB,0.6929588886753908
fixed,TSB-HB,0.0
fixed,TSB-HB,0.0
fixed,TSB-HB,0.0
fixed,TSB-HB,0.0
fixed,TSB-HB,0.0
fixed,TSB-HB,0.0
fixed,TSB-HB,0.0
fixed,TSB-HB,0.0
fixed,TSB-HB,0.0
fixed,TSB-HB,0.0
fixed,TSB-HB,0.7455932322655923
fixed,TSB-HB,0.0
fixed,TSB-HB,0.0
fixed,TSB-HB,0.0
fixed,TSB-HB,0.7192256455358923
fixed,TSB-HB,0.0
fixed,TSB-HB,0.0
fixed,TSB-HB,0.0
fixed,TSB-HB,0.8485651453165681
fixed,TSB-HB,0.0
fixed,TSB-HB,0.0
fixed,TSB-HB,0.0
fixed,TSB-HB,0.0
fixed,TSB-HB,0.0
fixed,TSB-HB,0.0
fixed,TSB-HB,0.0
fixed,TSB-HB,0.0
fixed,TSB-HB,0.7538364805441384
fixed,TSB-HB,0.0
fixed,TSB-HB,0.7538364805441384
fixed,TSB-HB,0.0
fixed,TSB-HB,0.0
fixed,TSB-HB,0.0
fixed,TSB-HB,0.0
fixed,TSB-HB,0.0
fixed,TSB-HB,0.0
fixed,TSB-HB,0.0
fixed,TSB-HB,0.0
fixed,TSB-HB,0.0
fixed,TSB-HB,0.0
fixed,TSB-HB,0.0
fixed,TSB-HB,0.0
fixed,TSB-HB,0.0
fixed,TSB-HB,0.0
fixed,TSB-HB,0.0
fixed,TSB-HB,0.0
fixed,TSB-HB,0.0
fixed,TSB-HB,0.0
fixed,TSB-HB,0.0
fixed,TSB-HB,0.755947625349635
fixed,TSB-HB,0.0
fixed,TSB-HB,0.0
fixed,TSB-HB,0.0
fixed,TSB-HB,0.0
fixed,TSB-HB,0.0
fixed,TSB-HB,0.0
fixed,TSB-HB,0.0
fixed,TSB-HB,0.7495255841223253
fixed,TSB-HB,0.7495255841223253
fixed,TSB-HB,0.0
fixed,TSB-HB,0.8619447383147194
fixed,TSB-HB,0.9512513054169062
fixed,TSB-HB,1.0
fixed,TSB-HB,0.8619447383147194
fixed,TSB-HB,0.8619447383147194
fixed,TSB-HB,0.979389429724522
fixed,TSB-HB,0.0
fixed,TSB-HB,0.0
fixed,TSB-HB,0.0
fixed,TSB-HB,0.9806521948879219
fixed,TSB-HB,0.9806521948879219
fixed,TSB-HB,0.0
fixed,TSB-HB,0.0
fixed,TSB-HB,0.0
fixed,TSB-HB,0.0
fixed,TSB-HB,0.0
fixed,TSB-HB,0.0
fixed,TSB-HB,0.0
fixed,TSB-HB,0.0
fixed,TSB-HB,0.0
fixed,TSB-HB,0.0
fixed,TSB-HB,0.0
fixed,TSB-HB,0.9344978591269144
fixed,TSB-HB,0.0
fixed,TSB-HB,0.9198235580810252
fixed,TSB-HB,0.7772438538502693
fixed,TSB-HB,0.7772438538502693
fixed,TSB-HB,0.0
fixed,TSB-HB,0.9198235580810252
fixed,TSB-HB,0.0
fixed,TSB-HB,0.7111207522586525
fixed,TSB-HB,0.0
fixed,TSB-HB,0.7111207522586525
fixed,TSB-HB,0.0
fixed,TSB-HB,0.0
fixed,TSB-HB,0.0
fixed,TSB-HB,0.0
fixed,TSB-HB,0.0
fixed,TSB-HB,0.0
fixed,TSB-HB,0.0
fixed,TSB-HB,0.0
fixed,TSB-HB,0.0
fixed,TSB-HB,0.8360300310997235
fixed,TSB-HB,0.9182559586549046
fixed,TSB-HB,0.0
fixed,TSB-HB,0.0
fixed,TSB-HB,0.0
fixed,TSB-HB,0.9698240149513436
fixed,TSB-HB,0.0
fixed,TSB-HB,0.0
fixed,TSB-HB,0.0
fixed,TSB-HB,0.0
fixed,TSB-HB,0.0
fixed,TSB-HB,0.0
fixed,TSB-HB,0.0
fixed,TSB-HB,0.0
fixed,TSB-HB,0.0
fixed,TSB-HB,0.0
fixed,TSB-HB,0.0
fixed,TSB-HB,0.0
fixed,TSB-HB,0.0
fixed,TSB-HB,0.0
fixed,TSB-HB,0.0
fixed,TSB-HB,0.0
fixed,TSB-HB,0.0
fixed,TSB-HB,0.0
fixed,TSB-HB,0.0
fixed,TSB-HB,0.0
fixed,TSB-HB,0.0
fixed,TSB-HB,0.0
fixed,TSB-HB,0.0
fixed,TSB-HB,0.0
fixed,TSB-HB,0.0
fixed,TSB-HB,0.0
fixed,TSB-HB,0.0
fixed,TSB-HB,0.0
fixed,TSB-HB,0.0
fixed,TSB-HB,0.7277717553608517
fixed,TSB-HB,0.0
fixed,TSB-HB,0.0
fixed,TSB-HB,0.0
fixed,TSB-HB,0.0
fixed,TSB-HB,0.0
fixed,TSB-HB,0.0
fixed,TSB-HB,0.0
fixed,TSB-HB,0.0
fixed,TSB-HB,0.0
fixed,TSB-HB,0.0
fixed,TSB-HB,0.0
fixed,TSB-HB,0.0
fixed,TSB-HB,0.0
fixed,TSB-HB,0.0
fixed,TSB-HB,0.0
fixed,TSB-HB,0.0
fixed,TSB-HB,0.0
fixed,TSB-HB,0.0
fixed,TSB-HB,0.0
fixed,TSB-HB,0.0
fixed,TSB-HB,0.7194829252820443
fixed,TSB-HB,0.8787038297551656
fixed,TSB-HB,0.7194829252820443
fixed,TSB-HB,0.0
fixed,TSB-HB,0.0
fixed,TSB-HB,0.0
fixed,TSB-HB,0.0
fixed,TSB-HB,0.0
fixed,TSB-HB,0.0
fixed,TSB-HB,0.0
fixed,TSB-HB,0.0
fixed,TSB-HB,0.0
fixed,TSB-HB,0.0
fixed,TSB-HB,0.0
fixed,TSB-HB,0.0
fixed,TSB-HB,0.0
fixed,TSB-HB,0.0
fixed,TSB-HB,1.0
fixed,TSB-HB,0.0
fixed,TSB-HB,0.0
fixed,TSB-HB,1.0
fixed,TSB-HB,1.0
fixed,TSB-HB,0.0
fixed,TSB-HB,0.0
fixed,TSB-HB,0.0
fixed,TSB-HB,0.0
fixed,TSB-HB,0.0
fixed,TSB-HB,0.0
fixed,TSB-HB,0.0
fixed,TSB-HB,0.6932439896772433
fixed,TSB-HB,0.0
fixed,TSB-HB,0.8578688222172554
fixed,TSB-HB,0.0
fixed,TSB-HB,0.6932439896772433
fixed,TSB-HB,0.9618722355355697
fixed,TSB-HB,0.7796565498606763
fixed,TSB-HB,0.0
fixed,TSB-HB,0.9098541784517742
fixed,TSB-HB,0.0
fixed,TSB-HB,0.0
fixed,TSB-HB,0.0
fixed,TSB-HB,0.0
fixed,TSB-HB,0.0
fixed,TSB-HB,0.0
fixed,TSB-HB,0.0
fixed,TSB-HB,0.0
fixed,TSB-HB,0.9216464784791173
fixed,TSB-HB,0.0
fixed,TSB-HB,1.0
fixed,TSB-HB,0.0
fixed,TSB-HB,0.0
fixed,TSB-HB,0.0
fixed,TSB-HB,0.0
fixed,TSB-HB,0.0
fixed,TSB-HB,0.0
fixed,TSB-HB,0.7035534223690063
fixed,TSB-HB,0.0
fixed,TSB-HB,0.7035534223690063
fixed,TSB-HB,0.929533171569145
fixed,TSB-HB,1.0
fixed,TSB-HB,0.0
fixed,TSB-HB,0.0
fixed,TSB-HB,0.0
fixed,TSB-HB,0.0
fixed,TSB-HB,0.0
fixed,TSB-HB,0.0
fixed,TSB-HB,0.0
fixed,TSB-HB,0.0
fixed,TSB-HB,0.0
fixed,TSB-HB,0.0
fixed,TSB-HB,0.0
fixed,TSB-HB,0.0
fixed,TSB-HB,0.0
fixed,TSB-HB,0.0
fixed,TSB-HB,0.0
fixed,TSB-HB,0.9286562025975624
fixed,TSB-HB,0.8742553673599915
fixed,TSB-HB,0.0
fixed,TSB-HB,0.0
fixed,TSB-HB,0.0
fixed,TSB-HB,0.0
fixed,TSB-HB,0.0
fixed,TSB-HB,0.0
fixed,TSB-HB,0.0
fixed,TSB-HB,0.0
fixed,TSB-HB,0.0
fixed,TSB-HB,0.0
fixed,TSB-HB,0.0
fixed,TSB-HB,0.0
fixed,TSB-HB,0.8715095927754936
fixed,TSB-HB,0.0
fixed,TSB-HB,0.0
fixed,TSB-HB,0.0
fixed,TSB-HB,0.8715095927754936
fixed,TSB-HB,0.0
fixed,TSB-HB,0.9534298139114404
fixed,TSB-HB,0.7276991570829869
fixed,TSB-HB,0.0
fixed,TSB-HB,0.0
fixed,TSB-HB,0.0
fixed,TSB-HB,0.0
fixed,TSB-HB,0.7722626379431122
fixed,TSB-HB,0.0
fixed,TSB-HB,0.7722626379431122
fixed,TSB-HB,0.0
fixed,TSB-HB,0.0
fixed,TSB-HB,0.0
fixed,TSB-HB,0.0
fixed,TSB-HB,0.0
fixed,TSB-HB,0.0
fixed,TSB-HB,0.0
fixed,TSB-HB,0.7688175182459192
fixed,TSB-HB,0.0
fixed,TSB-HB,0.8477778561205719
fixed,TSB-HB,0.0
fixed,TSB-HB,0.0
fixed,TSB-HB,0.0
fixed,TSB-HB,0.0
fixed,TSB-HB,0.0
fixed,TSB-HB,0.0
fixed,TSB-HB,0.0
fixed,TSB-HB,0.0
fixed,TSB-HB,0.846783196655086
fixed,TSB-HB,0.0
fixed,TSB-HB,0.0
fixed,TSB-HB,0.0
fixed,TSB-HB,0.6676752950350713
fixed,TSB-HB,0.6676752950350713
fixed,TSB-HB,0.0
fixed,TSB-HB,0.6676752950350713
fixed,TSB-HB,0.8075726741876819
fixed,TSB-HB,0.0
fixed,TSB-HB,0.0
fixed,TSB-HB,0.0
fixed,TSB-HB,0.0
fixed,TSB-HB,0.0
fixed,TSB-HB,0.0
fixed,TSB-HB,0.0
fixed,TSB-HB,0.9351252815623099
fixed,TSB-HB,0.0
fixed,TSB-HB,0.0
fixed,TSB-HB,0.0
fixed,TSB-HB,0.0
fixed,TSB-HB,0.0
fixed,TSB-HB,0.0
fixed,TSB-HB,0.0
fixed,TSB-HB,0.0
fixed,TSB-HB,0.0
fixed,TSB-HB,0.0
fixed,TSB-HB,0.0
fixed,TSB-HB,0.0
fixed,TSB-HB,0.7929410728789237
fixed,TSB-HB,0.973444067047964
fixed,TSB-HB,0.7929410728789237
fixed,TSB-HB,0.0
fixed,TSB-HB,0.0
fixed,TSB-HB,0.0
fixed,TSB-HB,0.0
fixed,TSB-HB,0.9225641443030775
fixed,TSB-HB,0.0
fixed,TSB-HB,0.0
fixed,TSB-HB,0.7252132368831363
fixed,TSB-HB,0.7252132368831363
fixed,TSB-HB,0.0
fixed,TSB-HB,0.7252132368831363
fixed,TSB-HB,0.7252132368831363
fixed,TSB-HB,0.9895432530002028
fixed,TSB-HB,0.9712495623251087
fixed,TSB-HB,0.9712495623251087
fixed,TSB-HB,0.8077499292058965
fixed,TSB-HB,0.0
fixed,TSB-HB,0.8077499292058965
fixed,TSB-HB,0.975303711574309
fixed,TSB-HB,0.6922626518387929
fixed,TSB-HB,0.975303711574309
fixed,TSB-HB,0.6922626518387929
fixed,TSB-HB,0.8455127294526497
fixed,TSB-HB,0.9887255289258916
fixed,TSB-HB,0.0
fixed,TSB-HB,0.0
fixed,TSB-HB,0.0
fixed,TSB-HB,0.0
fixed,TSB-HB,0.0
fixed,TSB-HB,0.0
fixed,TSB-HB,0.9023967527337197
fixed,TSB-HB,0.0
fixed,TSB-HB,0.9023967527337197
fixed,TSB-HB,0.9832170951669202
fixed,TSB-HB,0.0
fixed,TSB-HB,0.9023967527337197
fixed,TSB-HB,0.0
fixed,TSB-HB,0.0
fixed,TSB-HB,0.0
fixed,TSB-HB,0.0
fixed,TSB-HB,0.0
fixed,TSB-HB,0.0
fixed,TSB-HB,0.0
fixed,TSB-HB,0.0
fixed,TSB-HB,0.0
fixed,TSB-HB,0.6269986352330909
fixed,TSB-HB,0.6269986352330909
fixed,TSB-HB,1.0
fixed,TSB-HB,0.7269911806039736
fixed,TSB-HB,0.9007426510633905
fixed,TSB-HB,0.0
fixed,TSB-HB,0.9007426510633905
fixed,TSB-HB,0.0
fixed,TSB-HB,0.0
fixed,TSB-HB,0.0
fixed,TSB-HB,0.0
fixed,TSB-HB,0.0
fixed,TSB-HB,0.0
fixed,TSB-HB,0.0
fixed,TSB-HB,0.0
fixed,TSB-HB,0.0
fixed,TSB-HB,0.0
fixed,TSB-HB,0.7649258807276491
fixed,TSB-HB,0.0
fixed,TSB-HB,0.0
fixed,TSB-HB,0.0
fixed,TSB-HB,0.0
fixed,TSB-HB,0.6887336418056821
fixed,TSB-HB,0.9837194930836478
fixed,TSB-HB,0.6887336418056821
fixed,TSB-HB,0.9562930238534995
fixed,TSB-HB,0.0
fixed,TSB-HB,0.0
fixed,TSB-HB,0.6970300201037769
fixed,TSB-HB,0.0
fixed,TSB-HB,0.0
fixed,TSB-HB,0.0
fixed,TSB-HB,0.0
fixed,TSB-HB,0.0
fixed,TSB-HB,0.0
fixed,TSB-HB,0.0
fixed,TSB-HB,0.0
fixed,TSB-HB,0.0
fixed,TSB-HB,0.0
fixed,TSB-HB,0.9198893425537773
fixed,TSB-HB,0.0
fixed,TSB-HB,0.0
fixed,TSB-HB,0.0
fixed,TSB-HB,0.0
fixed,TSB-HB,0.0
fixed,TSB-HB,0.0
fixed,TSB-HB,0.0
fixed,TSB-HB,0.0
fixed,TSB-HB,0.0
fixed,TSB-HB,0.0
fixed,TSB-HB,0.0
fixed,TSB-HB,0.0
fixed,TSB-HB,0.0
fixed,TSB-HB,0.8926102974519768
fixed,TSB-HB,0.0
fixed,TSB-HB,0.0
fixed,TSB-HB,0.8926102974519768
fixed,TSB-HB,0.7657382937118548
fixed,TSB-HB,0.0
fixed,TSB-HB,0.0
fixed,TSB-HB,0.7657382937118548
fixed,TSB-HB,0.7657382937118548
fixed,TSB-HB,0.0
fixed,TSB-HB,0.0
fixed,TSB-HB,0.0
fixed,TSB-HB,0.0
fixed,TSB-HB,0.7644698831681815
fixed,TSB-HB,0.0
fixed,TSB-HB,0.8979036303508692
fixed,TSB-HB,0.0
fixed,TSB-HB,0.910160482007706
fixed,TSB-HB,0.7252047846531781
fixed,TSB-HB,0.0
fixed,TSB-HB,0.0
fixed,TSB-HB,0.910160482007706
fixed,TSB-HB,0.0
fixed,TSB-HB,0.0
fixed,TSB-HB,0.0
fixed,TSB-HB,0.0
fixed,TSB-HB,0.0
fixed,TSB-HB,0.0
fixed,TSB-HB,0.0
fixed,TSB-HB,0.0
fixed,TSB-HB,0.0
fixed,TSB-HB,0.0
fixed,TSB-HB,0.0
fixed,TSB-HB,0.0
fixed,TSB-HB,0.0
fixed,TSB-HB,0.0
fixed,TSB-HB,0.772099760742228
fixed,TSB-HB,0.0
fixed,TSB-HB,0.0
fixed,TSB-HB,0.0
fixed,TSB-HB,0.0
fixed,TSB-HB,0.0
fixed,TSB-HB,0.0
fixed,TSB-HB,0.0
fixed,TSB-HB,0.0
fixed,TSB-HB,0.0
fixed,TSB-HB,0.0
fixed,TSB-HB,0.0
fixed,TSB-HB,0.8902153903786287
fixed,TSB-HB,0.0
fixed,TSB-HB,0.7071068541587129
fixed,TSB-HB,0.7071068541587129
fixed,TSB-HB,0.0
fixed,TSB-HB,0.0
fixed,TSB-HB,0.0
fixed,TSB-HB,0.0
fixed,TSB-HB,0.0
fixed,TSB-HB,0.0
fixed,TSB-HB,0.7031548773044108
fixed,TSB-HB,0.7031548773044108
fixed,TSB-HB,0.0
fixed,TSB-HB,0.7031548773044108
fixed,TSB-HB,0.936615921194657
fixed,TSB-HB,0.7031548773044108
fixed,TSB-HB,0.8981967753955595
fixed,TSB-HB,0.0
fixed,TSB-HB,0.0
fixed,TSB-HB,0.0
fixed,TSB-HB,0.0
fixed,TSB-HB,0.8981967753955595
fixed,TSB-HB,0.0
fixed,TSB-HB,0.0
fixed,TSB-HB,0.0
fixed,TSB-HB,0.9361539703253396
fixed,TSB-HB,0.0
fixed,TSB-HB,0.0
fixed,TSB-HB,0.9138129951370909
fixed,TSB-HB,0.9138129951370909
fixed,TSB-HB,1.0
fixed,TSB-HB,0.6692548824359211
fixed,TSB-HB,0.811901170191517
fixed,TSB-HB,0.9585561841793474
fixed,TSB-HB,0.0
fixed,TSB-HB,0.8601246705236842
fixed,TSB-HB,0.8601246705236842
fixed,TSB-HB,0.0
fixed,TSB-HB,0.0
fixed,TSB-HB,0.8601246705236842
fixed,TSB-HB,0.0
fixed,TSB-HB,0.0
fixed,TSB-HB,0.0
fixed,TSB-HB,0.0
fixed,TSB-HB,0.0
fixed,TSB-HB,0.0
fixed,TSB-HB,0.9319068850153992
fixed,TSB-HB,0.6934844748213554
fixed,TSB-HB,0.8412453678092318
fixed,TSB-HB,0.8412453678092318
fixed,TSB-HB,0.6934844748213554
fixed,TSB-HB,0.6934844748213554
fixed,TSB-HB,0.0
fixed,TSB-HB,0.7324170036383728
fixed,TSB-HB,0.7324170036383728
fixed,TSB-HB,0.0
fixed,TSB-HB,0.0
fixed,TSB-HB,0.0
fixed,TSB-HB,0.7179689907327201
fixed,TSB-HB,0.8656708107363704
fixed,TSB-HB,0.0
fixed,TSB-HB,0.7179689907327201
fixed,TSB-HB,0.7179689907327201
fixed,TSB-HB,0.7179689907327201
fixed,TSB-HB,0.0
fixed,TSB-HB,0.0
fixed,TSB-HB,0.0
fixed,TSB-HB,0.0
fixed,TSB-HB,0.0
fixed,TSB-HB,0.0
fixed,TSB-HB,0.7074736386380058
fixed,TSB-HB,0.0
fixed,TSB-HB,0.7074736386380058
fixed,TSB-HB,0.0
fixed,TSB-HB,0.7074736386380058
fixed,TSB-HB,0.8655919873235368
fixed,TSB-HB,0.8978269760853201
fixed,TSB-HB,0.0
fixed,TSB-HB,0.0
fixed,TSB-HB,0.8978269760853201
fixed,TSB-HB,0.8978269760853201
fixed,TSB-HB,0.0
fixed,TSB-HB,0.6610734230357952
fixed,TSB-HB,0.8053393678857144
fixed,TSB-HB,0.6610734230357952
fixed,TSB-HB,0.8053393678857144
fixed,TSB-HB,0.0
fixed,TSB-HB,0.0
fixed,TSB-HB,0.0
fixed,TSB-HB,0.0
fixed,TSB-HB,0.6889605065054979
fixed,TSB-HB,0.0
fixed,TSB-HB,0.0
fixed,TSB-HB,0.8577741536217189
fixed,TSB-HB,0.0
fixed,TSB-HB,0.0
fixed,TSB-HB,0.0
fixed,TSB-HB,0.9339499122780955
fixed,TSB-HB,0.8455709928142324
fixed,TSB-HB,0.0
fixed,TSB-HB,0.0
fixed,TSB-HB,0.0
fixed,TSB-HB,0.0
fixed,TSB-HB,0.0
fixed,TSB-HB,0.0
fixed,TSB-HB,0.0
fixed,TSB-HB,0.0
fixed,TSB-HB,0.0
fixed,TSB-HB,0.0
fixed,TSB-HB,0.8426768600212258
fixed,TSB-HB,1.0
fixed,TSB-HB,1.0
fixed,TSB-HB,0.6789842363234777
fixed,TSB-HB,0.8513937897162279
fixed,TSB-HB,0.6789842363234777
fixed,TSB-HB,0.8513937897162279
fixed,TSB-HB,0.9819357407616978
fixed,TSB-HB,0.9526837638557384
fixed,TSB-HB,0.0
fixed,TSB-HB,0.0
fixed,TSB-HB,0.0
fixed,TSB-HB,0.0
fixed,TSB-HB,0.0
fixed,TSB-HB,0.0
fixed,TSB-HB,0.0
fixed,TSB-HB,1.0
fixed,TSB-HB,0.9211120809493464
fixed,TSB-HB,0.0
fixed,TSB-HB,0.0
fixed,TSB-HB,0.0
fixed,TSB-HB,0.7762982817378181
fixed,TSB-HB,0.0
fixed,TSB-HB,0.7762982817378181
fixed,TSB-HB,0.7762982817378181
fixed,TSB-HB,0.0
fixed,TSB-HB,0.0
fixed,TSB-HB,0.0
fixed,TSB-HB,0.0
fixed,TSB-HB,0.8446200684337997
fixed,TSB-HB,0.0
fixed,TSB-HB,0.0
fixed,TSB-HB,0.0
fixed,TSB-HB,0.8691377747885137
fixed,TSB-HB,0.0
fixed,TSB-HB,0.0
fixed,TSB-HB,0.0
fixed,TSB-HB,0.6818611587301536
fixed,TSB-HB,0.0
fixed,TSB-HB,0.0
fixed,TSB-HB,0.9650771075427463
fixed,TSB-HB,0.0
fixed,TSB-HB,0.8780963735374334
fixed,TSB-HB,0.0
fixed,TSB-HB,0.0
fixed,TSB-HB,0.0
fixed,TSB-HB,0.0
fixed,TSB-HB,0.7102366462281378
fixed,TSB-HB,0.0
fixed,TSB-HB,0.0
fixed,TSB-HB,0.0
fixed,TSB-HB,0.9514671178071045
fixed,TSB-HB,0.0
fixed,TSB-HB,0.6806817555677181
fixed,TSB-HB,0.981197273188159
fixed,TSB-HB,0.9514671178071045
fixed,TSB-HB,0.8500232678487358
fixed,TSB-HB,0.0
fixed,TSB-HB,0.0
fixed,TSB-HB,0.0
fixed,TSB-HB,0.0
fixed,TSB-HB,0.0
fixed,TSB-HB,0.0
fixed,TSB-HB,0.0
fixed,TSB-HB,0.0
fixed,TSB-HB,0.0
fixed,TSB-HB,0.0
fixed,TSB-HB,0.9732356486735277
fixed,TSB-HB,0.0
fixed,TSB-HB,0.7632240534377105
fixed,TSB-HB,0.7632240534377105
fixed,TSB-HB,0.0
fixed,TSB-HB,0.9718106503078018
fixed,TSB-HB,0.0
fixed,TSB-HB,0.0
fixed,TSB-HB,0.0
fixed,TSB-HB,0.0
fixed,TSB-HB,0.0
fixed,TSB-HB,0.0
fixed,TSB-HB,0.0
fixed,TSB-HB,0.0
fixed,TSB-HB,0.8319084597999461
fixed,TSB-HB,0.6382539964689923
fixed,TSB-HB,0.0
fixed,TSB-HB,0.8319084597999461
fixed,TSB-HB,0.0
fixed,TSB-HB,0.0
fixed,TSB-HB,0.9598879186965033
fixed,TSB-HB,0.6864948727495028
fixed,TSB-HB,0.0
fixed,TSB-HB,0.0
fixed,TSB-HB,0.0
fixed,TSB-HB,0.0
fixed,TSB-HB,0.0
fixed,TSB-HB,0.7956549261554168
fixed,TSB-HB,0.0
fixed,TSB-HB,0.7956549261554168
fixed,TSB-HB,0.0
fixed,TSB-HB,0.0
fixed,TSB-HB,0.0
fixed,TSB-HB,0.0
fixed,TSB-HB,0.9143574571743287
fixed,TSB-HB,0.0
fixed,TSB-HB,0.0
fixed,TSB-HB,0.0
fixed,TSB-HB,0.7565662972762826
fixed,TSB-HB,0.0
fixed,TSB-HB,0.0
fixed,TSB-HB,0.0
fixed,TSB-HB,0.7565662972762826
fixed,TSB-HB,0.0
fixed,TSB-HB,0.0
fixed,TSB-HB,0.0
fixed,TSB-HB,0.0
fixed,TSB-HB,0.0
fixed,TSB-HB,0.9187096049474891
fixed,TSB-HB,0.0
fixed,TSB-HB,0.0
fixed,TSB-HB,0.0
fixed,TSB-HB,0.9713948756191293
fixed,TSB-HB,0.9195147150445758
fixed,TSB-HB,0.0
fixed,TSB-HB,0.0
fixed,TSB-HB,0.0
fixed,TSB-HB,0.0
fixed,TSB-HB,0.0
fixed,TSB-HB,0.0
fixed,TSB-HB,0.0
fixed,TSB-HB,0.0
fixed,TSB-HB,0.9055848917542195
fixed,TSB-HB,0.7137396246842421
fixed,TSB-HB,0.0
fixed,TSB-HB,0.0
fixed,TSB-HB,0.7137396246842421
fixed,TSB-HB,0.0
fixed,TSB-HB,0.0
fixed,TSB-HB,0.0
fixed,TSB-HB,0.9149031193351173
fixed,TSB-HB,0.8338400046672095
fixed,TSB-HB,0.0
fixed,TSB-HB,0.8338400046672095
fixed,TSB-HB,0.9202254382454
fixed,TSB-HB,0.0
fixed,TSB-HB,0.0
fixed,TSB-HB,0.0
fixed,TSB-HB,0.0
fixed,TSB-HB,0.0
fixed,TSB-HB,0.0
fixed,TSB-HB,0.0
fixed,TSB-HB,0.0
fixed,TSB-HB,0.0
fixed,TSB-HB,0.0
fixed,TSB-HB,0.0
fixed,TSB-HB,0.0
fixed,TSB-HB,0.0
fixed,TSB-HB,0.0
fixed,TSB-HB,0.7881581573471292
fixed,TSB-HB,0.0
fixed,TSB-HB,0.0
fixed,TSB-HB,0.0
fixed,TSB-HB,0.8552076210120022
fixed,TSB-HB,0.0
fixed,TSB-HB,0.0
fixed,TSB-HB,0.8552076210120022
fixed,TSB-HB,1.0
fixed,TSB-HB,0.0
fixed,TSB-HB,0.9039513231492785
fixed,TSB-HB,0.0
fixed,TSB-HB,0.0
fixed,TSB-HB,0.0
fixed,TSB-HB,0.0
fixed,TSB-HB,0.0
fixed,TSB-HB,0.0
fixed,TSB-HB,0.0
fixed,TSB-HB,0.0
fixed,TSB-HB,0.0
fixed,TSB-HB,0.0
fixed,TSB-HB,0.0
fixed,TSB-HB,0.0
fixed,TSB-HB,0.7576139384164821
fixed,TSB-HB,0.0
fixed,TSB-HB,0.0
fixed,TSB-HB,0.0
fixed,TSB-HB,0.6579387408414132
fixed,TSB-HB,0.0
fixed,TSB-HB,0.9539410594758416
fixed,TSB-HB,0.0
fixed,TSB-HB,0.0
fixed,TSB-HB,0.0
fixed,TSB-HB,0.0
fixed,TSB-HB,0.0
fixed,TSB-HB,0.0
fixed,TSB-HB,0.0
fixed,TSB-HB,0.0
fixed,TSB-HB,0.0
fixed,TSB-HB,0.6412501707593304
fixed,TSB-HB,0.0
fixed,TSB-HB,0.0
fixed,TSB-HB,0.6412501707593304
fixed,TSB-HB,0.9403530616802487
fixed,TSB-HB,1.0
fixed,TSB-HB,0.9066025577788539
fixed,TSB-HB,0.6505656129412647
fixed,TSB-HB,0.7919052064585301
fixed,TSB-HB,0.7919052064585301
fixed,TSB-HB,0.0
fixed,TSB-HB,0.0
fixed,TSB-HB,0.0
fixed,TSB-HB,0.788885844799388
fixed,TSB-HB,0.0
fixed,TSB-HB,0.9782645971538336
fixed,TSB-HB,0.0
fixed,TSB-HB,0.0
fixed,TSB-HB,0.0
fixed,TSB-HB,0.9882826706049145
fixed,TSB-HB,0.0
fixed,TSB-HB,0.0
fixed,TSB-HB,0.0
fixed,TSB-HB,0.0
fixed,TSB-HB,0.0
fixed,TSB-HB,0.9898967139834522
fixed,TSB-HB,0.0
fixed,TSB-HB,1.0
fixed,TSB-HB,0.0
fixed,TSB-HB,0.0
fixed,TSB-HB,0.0
fixed,TSB-HB,0.0
fixed,TSB-HB,0.0
fixed,TSB-HB,0.0
fixed,TSB-HB,0.0
fixed,TSB-HB,0.0
fixed,TSB-HB,0.0
fixed,TSB-HB,0.6726368428117651
fixed,TSB-HB,0.6726368428117651
fixed,TSB-HB,0.8421350287759723
fixed,TSB-HB,0.6726368428117651
fixed,TSB-HB,0.8421350287759723
fixed,TSB-HB,0.0
fixed,TSB-HB,0.0
fixed,TSB-HB,0.0
fixed,TSB-HB,0.0
fixed,TSB-HB,0.0
fixed,TSB-HB,0.9898606952737625
fixed,TSB-HB,0.0
fixed,TSB-HB,0.0
fixed,TSB-HB,0.0
fixed,TSB-HB,0.0
fixed,TSB-HB,0.0
fixed,TSB-HB,0.0
fixed,TSB-HB,0.0
fixed,TSB-HB,0.0
fixed,TSB-HB,0.0
fixed,TSB-HB,0.0
fixed,TSB-HB,0.0
fixed,TSB-HB,0.0
fixed,TSB-HB,0.0
fixed,TSB-HB,0.0
fixed,TSB-HB,0.0
fixed,TSB-HB,0.0
fixed,TSB-HB,0.0
fixed,TSB-HB,0.0
fixed,TSB-HB,0.766593052689336
fixed,TSB-HB,0.766593052689336
fixed,TSB-HB,0.0
fixed,TSB-HB,0.0
fixed,TSB-HB,0.9203990895144397
fixed,TSB-HB,0.9768964537234806
fixed,TSB-HB,0.0
fixed,TSB-HB,0.6695638004205959
fixed,TSB-HB,0.0
fixed,TSB-HB,0.6695638004205959
fixed,TSB-HB,0.0
fixed,TSB-HB,0.0
fixed,TSB-HB,0.6685967677159963
fixed,TSB-HB,0.6685967677159963
fixed,TSB-HB,0.8274735225823175
fixed,TSB-HB,0.0
fixed,TSB-HB,0.0
fixed,TSB-HB,0.0
fixed,TSB-HB,0.0
fixed,TSB-HB,0.0
fixed,TSB-HB,0.0
fixed,TSB-HB,0.0
fixed,TSB-HB,0.0
fixed,TSB-HB,0.0
fixed,TSB-HB,0.8757561345864817
fixed,TSB-HB,0.0
fixed,TSB-HB,0.0
fixed,TSB-HB,0.0
fixed,TSB-HB,0.0
fixed,TSB-HB,0.8757561345864817
fixed,TSB-HB,0.0
fixed,TSB-HB,0.7305679884330443
fixed,TSB-HB,0.0
fixed,TSB-HB,0.0
fixed,TSB-HB,0.0
fixed,TSB-HB,0.0
fixed,TSB-HB,0.0
fixed,TSB-HB,0.0
fixed,TSB-HB,0.0
fixed,TSB-HB,0.0
fixed,TSB-HB,0.0
fixed,TSB-HB,0.0
fixed,TSB-HB,0.0
fixed,TSB-HB,0.9011707873403947
fixed,TSB-HB,0.9547450158919127
fixed,TSB-HB,0.0
fixed,TSB-HB,0.0
fixed,TSB-HB,0.0
fixed,TSB-HB,0.0
fixed,TSB-HB,0.0
fixed,TSB-HB,0.0
fixed,TSB-HB,0.6969185144522235
fixed,TSB-HB,0.6969185144522235
fixed,TSB-HB,0.0
fixed,TSB-HB,0.8416299804676396
fixed,TSB-HB,0.0
fixed,TSB-HB,0.9269453518872893
fixed,TSB-HB,0.0
fixed,TSB-HB,0.0
fixed,TSB-HB,0.0
fixed,TSB-HB,0.0
fixed,TSB-HB,0.0
fixed,TSB-HB,0.0
fixed,TSB-HB,0.0
fixed,TSB-HB,0.0
fixed,TSB-HB,0.0
fixed,TSB-HB,0.0
fixed,TSB-HB,0.0
fixed,TSB-HB,0.0
fixed,TSB-HB,0.0
fixed,TSB-HB,0.0
fixed,TSB-HB,0.9773751687079726
fixed,TSB-HB,0.0
fixed,TSB-HB,0.0
fixed,TSB-HB,0.0
fixed,TSB-HB,0.0
fixed,TSB-HB,0.0
fixed,TSB-HB,0.7372744352568836
fixed,TSB-HB,0.0
fixed,TSB-HB,0.0
fixed,TSB-HB,0.0
fixed,TSB-HB,0.8223259776016859
fixed,TSB-HB,0.0
fixed,TSB-HB,0.0
fixed,TSB-HB,0.9321184504970625
fixed,TSB-HB,0.8442521047726007
fixed,TSB-HB,0.8442521047726007
fixed,TSB-HB,0.8442521047726007
fixed,TSB-HB,0.8442521047726007
fixed,TSB-HB,0.0
fixed,TSB-HB,0.0
fixed,TSB-HB,0.0
fixed,TSB-HB,0.8418902432458472
fixed,TSB-HB,0.0
fixed,TSB-HB,0.0
fixed,TSB-HB,0.9267177505213373
fixed,TSB-HB,0.7511323258205287
fixed,TSB-HB,0.0
fixed,TSB-HB,0.0
fixed,TSB-HB,0.0
fixed,TSB-HB,0.880312912210717
fixed,TSB-HB,0.880312912210717
fixed,TSB-HB,0.0
fixed,TSB-HB,0.0
fixed,TSB-HB,0.0
fixed,TSB-HB,0.0
fixed,TSB-HB,0.0
fixed,TSB-HB,0.0
fixed,TSB-HB,0.0
fixed,TSB-HB,0.0
fixed,TSB-HB,0.0
fixed,TSB-HB,0.0
fixed,TSB-HB,0.0
fixed,TSB-HB,0.0
fixed,TSB-HB,0.0
fixed,TSB-HB,0.0
fixed,TSB-HB,0.0
fixed,TSB-HB,0.0
fixed,TSB-HB,0.0
fixed,TSB-HB,0.0
fixed,TSB-HB,0.0
fixed,TSB-HB,0.7452558809917769
fixed,TSB-HB,0.7452558809917769
fixed,TSB-HB,0.8900449524501542
fixed,TSB-HB,0.0
fixed,TSB-HB,0.0
fixed,TSB-HB,0.0
fixed,TSB-HB,0.0
fixed,TSB-HB,0.0
fixed,TSB-HB,0.0
fixed,TSB-HB,0.0
fixed,TSB-HB,0.0
fixed,TSB-HB,0.0
fixed,TSB-HB,0.0
fixed,TSB-HB,0.0
fixed,TSB-HB,0.0
fixed,TSB-HB,0.0
fixed,TSB-HB,0.0
fixed,TSB-HB,0.6835792804374564
fixed,TSB-HB,0.0
fixed,TSB-HB,0.0
fixed,TSB-HB,0.0
fixed,TSB-HB,0.0
fixed,TSB-HB,0.0
fixed,TSB-HB,0.0
fixed,TSB-HB,0.0
fixed,TSB-HB,0.0
fixed,TSB-HB,0.0
fixed,TSB-HB,0.0
fixed,TSB-HB,0.0
fixed,TSB-HB,0.8424020502943863
fixed,TSB-HB,1.0
fixed,TSB-HB,0.9455097122155577
fixed,TSB-HB,0.8424020502943863
fixed,TSB-HB,0.8424020502943863
fixed,TSB-HB,0.978603934806988
fixed,TSB-HB,0.6776691190844374
fixed,TSB-HB,0.6776691190844374
fixed,TSB-HB,0.0
fixed,TSB-HB,0.0
fixed,TSB-HB,0.6776691190844374
fixed,TSB-HB,0.6776691190844374
fixed,TSB-HB,0.0
fixed,TSB-HB,0.0
fixed,TSB-HB,0.0
fixed,TSB-HB,0.9709442266219148
fixed,TSB-HB,0.0
fixed,TSB-HB,0.0
fixed,TSB-HB,0.0
fixed,TSB-HB,0.0
fixed,TSB-HB,0.0
fixed,TSB-HB,0.9800935901148874
fixed,TSB-HB,0.0
fixed,TSB-HB,0.0
fixed,TSB-HB,0.7677913952744347
fixed,TSB-HB,0.7677913952744347
fixed,TSB-HB,0.7677913952744347
fixed,TSB-HB,0.0
fixed,TSB-HB,0.0
fixed,TSB-HB,0.7677913952744347
fixed,TSB-HB,0.0
fixed,TSB-HB,0.0
fixed,TSB-HB,0.0
fixed,TSB-HB,0.0
fixed,TSB-HB,0.0
fixed,TSB-HB,0.0
fixed,TSB-HB,0.0
fixed,TSB-HB,0.6847231453874683
fixed,TSB-HB,0.0
fixed,TSB-HB,0.6847231453874683
fixed,TSB-HB,0.0
fixed,TSB-HB,0.0
fixed,TSB-HB,0.0
fixed,TSB-HB,0.0
fixed,TSB-HB,0.0
fixed,TSB-HB,0.8635581931519221
fixed,TSB-HB,0.0
fixed,TSB-HB,0.0
fixed,TSB-HB,0.0
fixed,TSB-HB,0.0
fixed,TSB-HB,0.0
fixed,TSB-HB,0.0
fixed,TSB-HB,0.0
fixed,TSB-HB,0.0
fixed,TSB-HB,0.8965764808997477
fixed,TSB-HB,0.0
fixed,TSB-HB,0.0
fixed,TSB-HB,0.7165047393042969
fixed,TSB-HB,0.0
fixed,TSB-HB,0.7165047393042969
fixed,TSB-HB,0.9763240200776406
fixed,TSB-HB,0.0
fixed,TSB-HB,0.8385344240490002
fixed,TSB-HB,0.9763240200776406
fixed,TSB-HB,0.0
fixed,TSB-HB,0.0
fixed,TSB-HB,0.0
fixed,TSB-HB,0.0
fixed,TSB-HB,0.0
fixed,TSB-HB,0.0
fixed,TSB-HB,0.763018613816072
fixed,TSB-HB,0.0
fixed,TSB-HB,0.0
fixed,TSB-HB,0.0
fixed,TSB-HB,0.7173136352184726
fixed,TSB-HB,0.0
fixed,TSB-HB,0.7173136352184726
fixed,TSB-HB,0.7173136352184726
fixed,TSB-HB,0.0
fixed,TSB-HB,0.0
fixed,TSB-HB,0.0
fixed,TSB-HB,0.7690105360097621
fixed,TSB-HB,0.0
fixed,TSB-HB,0.9037088136736732
fixed,TSB-HB,0.0
fixed,TSB-HB,0.0
fixed,TSB-HB,0.0
fixed,TSB-HB,0.0
fixed,TSB-HB,0.0
fixed,TSB-HB,0.0
fixed,TSB-HB,0.0
fixed,TSB-HB,0.0
fixed,TSB-HB,0.0
fixed,TSB-HB,0.0
fixed,TSB-HB,0.0
fixed,TSB-HB,0.0
fixed,TSB-HB,0.0
fixed,TSB-HB,0.8854421380689824
fixed,TSB-HB,0.0
fixed,TSB-HB,0.8854421380689824
fixed,TSB-HB,0.0
fixed,TSB-HB,0.0
fixed,TSB-HB,0.0
fixed,TSB-HB,0.0
fixed,TSB-HB,0.0
fixed,TSB-HB,0.7994435445268866
fixed,TSB-HB,0.7994435445268866
fixed,TSB-HB,0.0
fixed,TSB-HB,0.0
fixed,TSB-HB,0.0
fixed,TSB-HB,0.0
fixed,TSB-HB,0.0
fixed,TSB-HB,0.0
fixed,TSB-HB,0.0
fixed,TSB-HB,0.0
fixed,TSB-HB,0.0
fixed,TSB-HB,0.0
fixed,TSB-HB,0.0
fixed,TSB-HB,0.0
fixed,TSB-HB,0.0
fixed,TSB-HB,0.0
fixed,TSB-HB,0.0
fixed,TSB-HB,0.7645786258958405
fixed,TSB-HB,0.9167780510537386
fixed,TSB-HB,0.7645786258958405
fixed,TSB-HB,0.7645786258958405
fixed,TSB-HB,0.8173679904342742
fixed,TSB-HB,0.6591213497961249
fixed,TSB-HB,0.8173679904342742
fixed,TSB-HB,0.9337142427369642
fixed,TSB-HB,0.0
fixed,TSB-HB,0.0
fixed,TSB-HB,0.9854614108687041
fixed,TSB-HB,1.0
fixed,TSB-HB,0.0
fixed,TSB-HB,0.8186796918988379
fixed,TSB-HB,1.0
fixed,TSB-HB,0.9264126675612312
fixed,TSB-HB,0.0
fixed,TSB-HB,0.0
fixed,TSB-HB,0.7507291535765962
fixed,TSB-HB,0.0
fixed,TSB-HB,0.0
fixed,TSB-HB,0.0
fixed,TSB-HB,0.8808590986709658
fixed,TSB-HB,0.0
fixed,TSB-HB,0.8808590986709658
fixed,TSB-HB,0.8808590986709658
fixed,TSB-HB,0.0
fixed,TSB-HB,0.6311899338717464
fixed,TSB-HB,0.0
fixed,TSB-HB,0.7926715145929646
fixed,TSB-HB,0.0
fixed,TSB-HB,0.0
fixed,TSB-HB,0.0
fixed,TSB-HB,0.0
fixed,TSB-HB,0.8561844044911314
fixed,TSB-HB,0.6972375731275624
fixed,TSB-HB,0.6972375731275624
fixed,TSB-HB,0.0
fixed,TSB-HB,0.0
fixed,TSB-HB,0.0
fixed,TSB-HB,0.0
fixed,TSB-HB,0.0
fixed,TSB-HB,0.7886077058041413
fixed,TSB-HB,0.0
fixed,TSB-HB,0.0
fixed,TSB-HB,0.0
fixed,TSB-HB,0.0
fixed,TSB-HB,0.0
fixed,TSB-HB,0.0
fixed,TSB-HB,0.0
fixed,TSB-HB,0.0
fixed,TSB-HB,0.0
fixed,TSB-HB,0.0
fixed,TSB-HB,0.0
fixed,TSB-HB,0.0
fixed,TSB-HB,0.0
fixed,TSB-HB,0.8464385768785249
fixed,TSB-HB,0.8464385768785249
fixed,TSB-HB,0.0
fixed,TSB-HB,0.0
fixed,TSB-HB,0.0
fixed,TSB-HB,0.0
fixed,TSB-HB,0.0
fixed,TSB-HB,0.0
fixed,TSB-HB,0.0
fixed,TSB-HB,0.7057089827441818
fixed,TSB-HB,0.0
fixed,TSB-HB,0.0
fixed,TSB-HB,0.7057089827441818
fixed,TSB-HB,0.7057089827441818
fixed,TSB-HB,0.0
fixed,TSB-HB,0.0
fixed,TSB-HB,0.0
fixed,TSB-HB,0.7589102364377609
fixed,TSB-HB,0.7589102364377609
fixed,TSB-HB,0.7589102364377609
fixed,TSB-HB,0.0
fixed,TSB-HB,0.0
fixed,TSB-HB,0.8759551654484904
fixed,TSB-HB,0.8759551654484904
fixed,TSB-HB,0.0
fixed,TSB-HB,0.0
fixed,TSB-HB,0.937599463280079
fixed,TSB-HB,0.0
fixed,TSB-HB,0.0
fixed,TSB-HB,0.0
fixed,TSB-HB,0.0
fixed,TSB-HB,0.0
fixed,TSB-HB,1.0
fixed,TSB-HB,0.0
fixed,TSB-HB,0.0
fixed,TSB-HB,0.0
fixed,TSB-HB,0.0
fixed,TSB-HB,0.0
fixed,TSB-HB,0.8120104657392527
fixed,TSB-HB,0.9629582681680322
fixed,TSB-HB,0.8120104657392527
fixed,TSB-HB,0.8120104657392527
fixed,TSB-HB,0.6631022810386817
fixed,TSB-HB,0.6631022810386817
fixed,TSB-HB,0.0
fixed,TSB-HB,0.0
fixed,TSB-HB,0.0
fixed,TSB-HB,0.0
fixed,TSB-HB,0.0
fixed,TSB-HB,0.0
fixed,TSB-HB,0.0
fixed,TSB-HB,0.0
fixed,TSB-HB,0.0
fixed,TSB-HB,0.8501153014604763
fixed,TSB-HB,0.9644796757682974
fixed,TSB-HB,0.0
fixed,TSB-HB,0.0
fixed,TSB-HB,0.0
fixed,TSB-HB,0.0
fixed,TSB-HB,0.0
fixed,TSB-HB,0.0
fixed,TSB-HB,0.0
fixed,TSB-HB,0.0
fixed,TSB-HB,0.0
fixed,TSB-HB,0.983876001101527
fixed,TSB-HB,0.0
fixed,TSB-HB,0.0
fixed,TSB-HB,0.0
fixed,TSB-HB,0.0
fixed,TSB-HB,0.0
fixed,TSB-HB,0.0
fixed,TSB-HB,0.0
fixed,TSB-HB,0.0
fixed,TSB-HB,0.0
fixed,TSB-HB,0.0
fixed,TSB-HB,0.0
fixed,TSB-HB,0.0
fixed,TSB-HB,0.0
fixed,TSB-HB,0.0
fixed,TSB-HB,0.0
fixed,TSB-HB,0.7034577408469747
fixed,TSB-HB,0.0
fixed,TSB-HB,0.0
fixed,TSB-HB,0.7034577408469747
fixed,TSB-HB,0.9510869983028004
fixed,TSB-HB,0.7034577408469747
fixed,TSB-HB,0.0
fixed,TSB-HB,0.0
fixed,TSB-HB,0.0
fixed,TSB-HB,0.0
fixed,TSB-HB,0.0
fixed,TSB-HB,0.0
fixed,TSB-HB,0.0
fixed,TSB-HB,0.0
fixed,TSB-HB,0.0
fixed,TSB-HB,0.0
fixed,TSB-HB,0.842670870143465
fixed,TSB-HB,0.0
fixed,TSB-HB,0.9375650417668094
fixed,TSB-HB,0.8265607083974296
fixed,TSB-HB,0.8265607083974296
fixed,TSB-HB,0.0
fixed,TSB-HB,0.9375650417668094
fixed,TSB-HB,0.8265607083974296
fixed,TSB-HB,0.0
fixed,TSB-HB,0.0
fixed,TSB-HB,0.0
fixed,TSB-HB,0.0
fixed,TSB-HB,0.0
fixed,TSB-HB,0.0
fixed,TSB-HB,0.0
fixed,TSB-HB,0.0
fixed,TSB-HB,0.6599924523090098
fixed,TSB-HB,0.0
fixed,TSB-HB,0.0
fixed,TSB-HB,0.0
fixed,TSB-HB,0.692856124615735
fixed,TSB-HB,0.692856124615735
fixed,TSB-HB,0.692856124615735
fixed,TSB-HB,0.0
fixed,TSB-HB,0.692856124615735
fixed,TSB-HB,0.0
fixed,TSB-HB,0.0
fixed,TSB-HB,0.0
fixed,TSB-HB,0.8634331222610866
fixed,TSB-HB,0.9530702010357102
fixed,TSB-HB,0.0
fixed,TSB-HB,0.69131409135229
fixed,TSB-HB,0.9705173307223747
fixed,TSB-HB,0.0
fixed,TSB-HB,0.0
fixed,TSB-HB,0.0
fixed,TSB-HB,0.0
fixed,TSB-HB,0.0
fixed,TSB-HB,0.0
fixed,TSB-HB,0.0
fixed,TSB-HB,0.0
fixed,TSB-HB,0.0
fixed,TSB-HB,0.0
fixed,TSB-HB,0.0
fixed,TSB-HB,0.0
fixed,TSB-HB,0.7792046266546263
fixed,TSB-HB,0.0
fixed,TSB-HB,0.0
fixed,TSB-HB,0.0
fixed,TSB-HB,0.0
fixed,TSB-HB,0.0
fixed,TSB-HB,0.0
fixed,TSB-HB,0.0
fixed,TSB-HB,0.0
fixed,TSB-HB,0.0
fixed,TSB-HB,0.7860491654670096
fixed,TSB-HB,0.0
fixed,TSB-HB,0.6964022618978317
fixed,TSB-HB,0.0
fixed,TSB-HB,0.0
fixed,TSB-HB,0.0
fixed,TSB-HB,0.0
fixed,TSB-HB,0.0
fixed,TSB-HB,0.0
fixed,TSB-HB,0.9708581749474516
fixed,TSB-HB,0.0
fixed,TSB-HB,0.0
fixed,TSB-HB,0.8371997428588822
fixed,TSB-HB,0.7028335852481449
fixed,TSB-HB,0.0
fixed,TSB-HB,0.0
fixed,TSB-HB,0.7028335852481449
fixed,TSB-HB,0.0
fixed,TSB-HB,0.7028335852481449
fixed,TSB-HB,0.6661723207021034
fixed,TSB-HB,0.8297468901987399
fixed,TSB-HB,0.0
fixed,TSB-HB,0.0
fixed,TSB-HB,0.0
fixed,TSB-HB,0.0
fixed,TSB-HB,0.8928085193451771
fixed,TSB-HB,0.9892110662535415
fixed,TSB-HB,0.7821849169343922
fixed,TSB-HB,1.0
fixed,TSB-HB,0.7821849169343922
fixed,TSB-HB,0.7821849169343922
fixed,TSB-HB,0.0
fixed,TSB-HB,0.0
fixed,TSB-HB,0.6553306274455605
fixed,TSB-HB,1.0
fixed,TSB-HB,1.0
fixed,TSB-HB,0.808971791291011
fixed,TSB-HB,0.0
fixed,TSB-HB,0.0
fixed,TSB-HB,0.8157104688035185
fixed,TSB-HB,0.0
fixed,TSB-HB,0.0
fixed,TSB-HB,0.975019661905528
fixed,TSB-HB,0.0
fixed,TSB-HB,0.0
fixed,TSB-HB,0.7164662416712441
fixed,TSB-HB,0.0
fixed,TSB-HB,0.0
fixed,TSB-HB,0.7164662416712441
fixed,TSB-HB,0.0
fixed,TSB-HB,0.0
fixed,TSB-HB,0.0
fixed,TSB-HB,0.0
fixed,TSB-HB,0.0
fixed,TSB-HB,0.0
fixed,TSB-HB,0.0
fixed,TSB-HB,0.0
fixed,TSB-HB,0.0
fixed,TSB-HB,0.0
fixed,TSB-HB,0.0
fixed,TSB-HB,0.0
fixed,TSB-HB,0.0
fixed,TSB-HB,0.928443304597848
fixed,TSB-HB,0.0
fixed,TSB-HB,0.0
fixed,TSB-HB,0.0
fixed,TSB-HB,0.0
fixed,TSB-HB,0.880605566418533
fixed,TSB-HB,0.9625609997793128
fixed,TSB-HB,0.0
fixed,TSB-HB,0.880605566418533
fixed,TSB-HB,0.0
fixed,TSB-HB,0.0
fixed,TSB-HB,0.6947863278870816
fixed,TSB-HB,0.0
fixed,TSB-HB,0.0
fixed,TSB-HB,0.0
fixed,TSB-HB,0.0
fixed,TSB-HB,0.6947863278870816
fixed,TSB-HB,0.0
fixed,TSB-HB,0.7314270215231085
fixed,TSB-HB,0.0
fixed,TSB-HB,0.0
fixed,TSB-HB,0.0
fixed,TSB-HB,0.0
fixed,TSB-HB,0.0
fixed,TSB-HB,0.0
fixed,TSB-HB,0.0
fixed,TSB-HB,0.0
fixed,TSB-HB,0.8545024358860823
fixed,TSB-HB,0.0
fixed,TSB-HB,0.0
fixed,TSB-HB,0.6914373288734046
fixed,TSB-HB,0.0
fixed,TSB-HB,1.0
fixed,TSB-HB,0.6914373288734046
fixed,TSB-HB,0.0
fixed,TSB-HB,0.9143204786811241
fixed,TSB-HB,0.7557717839008318
fixed,TSB-HB,0.0
fixed,TSB-HB,0.0
fixed,TSB-HB,0.0
fixed,TSB-HB,0.0
fixed,TSB-HB,0.0
fixed,TSB-HB,0.6785949639228586
fixed,TSB-HB,0.6785949639228586
fixed,TSB-HB,0.0
fixed,TSB-HB,0.0
fixed,TSB-HB,0.0
fixed,TSB-HB,0.0
fixed,TSB-HB,0.0
fixed,TSB-HB,0.0
fixed,TSB-HB,0.0
fixed,TSB-HB,0.0
fixed,TSB-HB,0.0
fixed,TSB-HB,0.0
fixed,TSB-HB,0.0
fixed,TSB-HB,0.0
fixed,TSB-HB,0.0
fixed,TSB-HB,0.0
fixed,TSB-HB,0.0
fixed,TSB-HB,0.0
fixed,TSB-HB,0.0
fixed,TSB-HB,0.0
fixed,TSB-HB,0.0
fixed,TSB-HB,0.0
fixed,TSB-HB,0.0
fixed,TSB-HB,0.0
fixed,TSB-HB,0.0
fixed,TSB-HB,0.6651908639829598
fixed,TSB-HB,0.0
fixed,TSB-HB,0.6651908639829598
fixed,TSB-HB,0.0
fixed,TSB-HB,0.9739296846620881
fixed,TSB-HB,0.0
fixed,TSB-HB,0.0
fixed,TSB-HB,0.0
fixed,TSB-HB,0.0
fixed,TSB-HB,0.0
fixed,TSB-HB,0.9182307617392236
fixed,TSB-HB,0.0
fixed,TSB-HB,0.8017679128685467
fixed,TSB-HB,0.0
fixed,TSB-HB,0.0
fixed,TSB-HB,0.8017679128685467
fixed,TSB-HB,0.7091272214001082
fixed,TSB-HB,0.0
fixed,TSB-HB,0.7091272214001082
fixed,TSB-HB,0.0
fixed,TSB-HB,0.7091272214001082
fixed,TSB-HB,0.0
fixed,TSB-HB,0.8365703439073631
fixed,TSB-HB,0.0
fixed,TSB-HB,0.8365703439073631
fixed,TSB-HB,0.0
fixed,TSB-HB,0.0
fixed,TSB-HB,0.0
fixed,TSB-HB,0.0
fixed,TSB-HB,0.0
fixed,TSB-HB,0.0
fixed,TSB-HB,0.0
fixed,TSB-HB,0.0
fixed,TSB-HB,0.0
fixed,TSB-HB,0.0
fixed,TSB-HB,0.7418074031161652
fixed,TSB-HB,0.0
fixed,TSB-HB,0.0
fixed,TSB-HB,0.0
fixed,TSB-HB,0.0
fixed,TSB-HB,0.0
fixed,TSB-HB,0.0
fixed,TSB-HB,0.0
fixed,TSB-HB,0.0
fixed,TSB-HB,0.0
fixed,TSB-HB,0.8410958924904696
fixed,TSB-HB,0.0
fixed,TSB-HB,0.0
fixed,TSB-HB,0.7234027162462408
fixed,TSB-HB,0.7234027162462408
fixed,TSB-HB,0.0
fixed,TSB-HB,0.7234027162462408
fixed,TSB-HB,0.0
fixed,TSB-HB,0.0
fixed,TSB-HB,0.936578879585945
fixed,TSB-HB,0.0
fixed,TSB-HB,0.0
fixed,TSB-HB,0.0
fixed,TSB-HB,0.0
fixed,TSB-HB,0.0
fixed,TSB-HB,0.0
fixed,TSB-HB,0.0
fixed,TSB-HB,0.748341578788771
fixed,TSB-HB,0.0
fixed,TSB-HB,0.6480159863793138
fixed,TSB-HB,0.0
fixed,TSB-HB,0.6480159863793138
fixed,TSB-HB,0.9636744522594236
fixed,TSB-HB,0.7933781165588422
fixed,TSB-HB,0.0
fixed,TSB-HB,0.0
fixed,TSB-HB,0.0
fixed,TSB-HB,0.8420944944684123
fixed,TSB-HB,0.0
fixed,TSB-HB,0.0
fixed,TSB-HB,0.8420944944684123
fixed,TSB-HB,0.0
fixed,TSB-HB,1.0
fixed,TSB-HB,0.0
fixed,TSB-HB,0.0
fixed,TSB-HB,0.0
fixed,TSB-HB,0.0
fixed,TSB-HB,0.8950931985457141
fixed,TSB-HB,0.0
fixed,TSB-HB,0.0
fixed,TSB-HB,0.0
fixed,TSB-HB,0.0
fixed,TSB-HB,0.770232644789247
fixed,TSB-HB,0.0
fixed,TSB-HB,0.0
fixed,TSB-HB,0.0
fixed,TSB-HB,0.0
fixed,TSB-HB,0.0
fixed,TSB-HB,0.0
fixed,TSB-HB,0.9855517033930499
fixed,TSB-HB,0.617688966363752
fixed,TSB-HB,0.617688966363752
fixed,TSB-HB,0.8033950909917538
fixed,TSB-HB,0.8033950909917538
fixed,TSB-HB,0.0
fixed,TSB-HB,1.0
fixed,TSB-HB,1.0
fixed,TSB-HB,0.0
fixed,TSB-HB,0.9606989269969181
fixed,TSB-HB,0.0
fixed,TSB-HB,0.0
fixed,TSB-HB,0.0
fixed,TSB-HB,0.0
fixed,TSB-HB,0.0
fixed,TSB-HB,0.7147631425026633
fixed,TSB-HB,0.0
fixed,TSB-HB,0.7147631425026633
fixed,TSB-HB,0.0
fixed,TSB-HB,0.0
fixed,TSB-HB,0.6097160731140822
fixed,TSB-HB,0.0
fixed,TSB-HB,0.0
fixed,TSB-HB,0.0
fixed,TSB-HB,0.0
fixed,TSB-HB,0.0
fixed,TSB-HB,0.0
fixed,TSB-HB,0.0
fixed,TSB-HB,0.0
fixed,TSB-HB,0.0
fixed,TSB-HB,0.0
fixed,TSB-HB,0.7677128361991218
fixed,TSB-HB,0.0
fixed,TSB-HB,0.7677128361991218
fixed,TSB-HB,0.7677128361991218
fixed,TSB-HB,0.7677128361991218
fixed,TSB-HB,0.0
fixed,TSB-HB,0.0
fixed,TSB-HB,0.7020531287656935
fixed,TSB-HB,0.0
fixed,TSB-HB,0.7020531287656935
fixed,TSB-HB,0.0
fixed,TSB-HB,0.0
fixed,TSB-HB,0.8523943590133105
fixed,TSB-HB,0.697836619622331
fixed,TSB-HB,0.0
fixed,TSB-HB,0.0
fixed,TSB-HB,0.0
fixed,TSB-HB,0.0
fixed,TSB-HB,0.0
fixed,TSB-HB,0.0
fixed,TSB-HB,0.0
fixed,TSB-HB,0.0
fixed,TSB-HB,0.0
fixed,TSB-HB,0.9620686542858482
fixed,TSB-HB,0.0
fixed,TSB-HB,0.7311436937723607
fixed,TSB-HB,0.0
fixed,TSB-HB,0.0
fixed,TSB-HB,0.0
fixed,TSB-HB,0.0
fixed,TSB-HB,0.0
fixed,TSB-HB,0.0
fixed,TSB-HB,0.0
fixed,TSB-HB,0.0
fixed,TSB-HB,0.6981740845758385
fixed,TSB-HB,0.0
fixed,TSB-HB,0.0
fixed,TSB-HB,0.0
fixed,TSB-HB,0.0
fixed,TSB-HB,0.0
fixed,TSB-HB,0.0
fixed,TSB-HB,0.6673201172344325
fixed,TSB-HB,0.6673201172344325
fixed,TSB-HB,0.0
fixed,TSB-HB,0.6673201172344325
fixed,TSB-HB,0.6673201172344325
fixed,TSB-HB,0.0
fixed,TSB-HB,0.9578195578311085
fixed,TSB-HB,0.6355313982248687
fixed,TSB-HB,0.9578195578311085
fixed,TSB-HB,0.6355313982248687
fixed,TSB-HB,0.9578195578311085
fixed,TSB-HB,0.6355313982248687
fixed,TSB-HB,0.0
fixed,TSB-HB,0.0
fixed,TSB-HB,0.0
fixed,TSB-HB,0.0
fixed,TSB-HB,0.7448763574193491
fixed,TSB-HB,0.9041094506253256
fixed,TSB-HB,0.0
fixed,TSB-HB,0.0
fixed,TSB-HB,0.0
fixed,TSB-HB,0.0
fixed,TSB-HB,0.0
fixed,TSB-HB,0.0
fixed,TSB-HB,0.0
fixed,TSB-HB,0.0
fixed,TSB-HB,0.0
fixed,TSB-HB,0.0
fixed,TSB-HB,0.0
fixed,TSB-HB,0.0
fixed,TSB-HB,0.8497506748829252
fixed,TSB-HB,0.6791120119309073
fixed,TSB-HB,0.0
fixed,TSB-HB,0.6791120119309073
fixed,TSB-HB,0.0
fixed,TSB-HB,0.0
fixed,TSB-HB,0.0
fixed,TSB-HB,0.0
fixed,TSB-HB,0.0
fixed,TSB-HB,0.0
fixed,TSB-HB,0.6284708540361303
fixed,TSB-HB,0.0
fixed,TSB-HB,0.0
fixed,TSB-HB,0.0
fixed,TSB-HB,0.8399730301979933
fixed,TSB-HB,0.8399730301979933
fixed,TSB-HB,0.0
fixed,TSB-HB,0.0
fixed,TSB-HB,0.7839476976037782
fixed,TSB-HB,0.7839476976037782
fixed,TSB-HB,0.7839476976037782
fixed,TSB-HB,0.9050992006316109
fixed,TSB-HB,0.7839476976037782
fixed,TSB-HB,0.0
fixed,TSB-HB,0.6593580788068784
fixed,TSB-HB,0.6593580788068784
fixed,TSB-HB,0.6593580788068784
fixed,TSB-HB,0.0
fixed,TSB-HB,0.8156858209124661
fixed,TSB-HB,0.6593580788068784
fixed,TSB-HB,0.0
fixed,TSB-HB,0.0
fixed,TSB-HB,0.0
fixed,TSB-HB,0.0
fixed,TSB-HB,0.0
fixed,TSB-HB,0.0
fixed,TSB-HB,0.0
fixed,TSB-HB,0.0
fixed,TSB-HB,0.0
fixed,TSB-HB,0.7454666459821258
fixed,TSB-HB,0.7454666459821258
fixed,TSB-HB,0.7454666459821258
fixed,TSB-HB,0.0
fixed,TSB-HB,0.0
fixed,TSB-HB,0.0
fixed,TSB-HB,0.0
fixed,TSB-HB,0.0
fixed,TSB-HB,0.0
fixed,TSB-HB,0.7138770061871524
fixed,TSB-HB,0.0
fixed,TSB-HB,0.0
fixed,TSB-HB,0.0
fixed,TSB-HB,0.0
fixed,TSB-HB,0.0
fixed,TSB-HB,0.0
fixed,TSB-HB,0.0
fixed,TSB-HB,0.0
fixed,TSB-HB,0.0
fixed,TSB-HB,0.0
fixed,TSB-HB,0.0
fixed,TSB-HB,0.0
fixed,TSB-HB,0.0
fixed,TSB-HB,0.0
fixed,TSB-HB,0.9074246207466956
fixed,TSB-HB,0.0
fixed,TSB-HB,0.0
fixed,TSB-HB,0.0
fixed,TSB-HB,0.0
fixed,TSB-HB,0.7489073325474588
fixed,TSB-HB,0.0
fixed,TSB-HB,0.0
fixed,TSB-HB,0.0
fixed,TSB-HB,0.0
fixed,TSB-HB,0.0
fixed,TSB-HB,0.7503399299134953
fixed,TSB-HB,0.0
fixed,TSB-HB,0.0
fixed,TSB-HB,0.0
fixed,TSB-HB,0.0
fixed,TSB-HB,0.8506924770970956
fixed,TSB-HB,0.0
fixed,TSB-HB,0.0
fixed,TSB-HB,0.0
fixed,TSB-HB,0.0
fixed,TSB-HB,0.7073056630594224
fixed,TSB-HB,0.7073056630594224
fixed,TSB-HB,0.0
fixed,TSB-HB,0.8902153424420164
fixed,TSB-HB,0.0
fixed,TSB-HB,0.7073056630594224
fixed,TSB-HB,0.0
fixed,TSB-HB,0.0
fixed,TSB-HB,0.0
fixed,TSB-HB,0.7230294375951931
fixed,TSB-HB,0.9644174485587351
fixed,TSB-HB,0.7230294375951931
fixed,TSB-HB,0.7209219776977907
fixed,TSB-HB,0.7209219776977907
fixed,TSB-HB,0.7209219776977907
fixed,TSB-HB,0.0
fixed,TSB-HB,0.0
fixed,TSB-HB,0.0
fixed,TSB-HB,0.9179494119057867
fixed,TSB-HB,0.0
fixed,TSB-HB,0.0
fixed,TSB-HB,0.0
fixed,TSB-HB,0.0
fixed,TSB-HB,0.7536564704742239
fixed,TSB-HB,0.0
fixed,TSB-HB,0.9753820015845378
fixed,TSB-HB,0.8320900187412059
fixed,TSB-HB,0.9364893575000323
fixed,TSB-HB,0.0
fixed,TSB-HB,0.6726665834506973
fixed,TSB-HB,0.0
fixed,TSB-HB,0.0
fixed,TSB-HB,0.0
fixed,TSB-HB,0.0
fixed,TSB-HB,0.0
fixed,TSB-HB,0.0
fixed,TSB-HB,0.901958371095284
fixed,TSB-HB,0.715210267771507
fixed,TSB-HB,0.0
fixed,TSB-HB,0.0
fixed,TSB-HB,0.715210267771507
fixed,TSB-HB,0.0
fixed,TSB-HB,0.0
fixed,TSB-HB,0.0
fixed,TSB-HB,0.0
fixed,TSB-HB,0.0
fixed,TSB-HB,0.0
fixed,TSB-HB,0.0
fixed,TSB-HB,0.0
fixed,TSB-HB,0.0
fixed,TSB-HB,0.0
fixed,TSB-HB,0.0
fixed,TSB-HB,0.0
fixed,TSB-HB,0.0
fixed,TSB-HB,0.0
fixed,TSB-HB,0.9535718186843541
fixed,TSB-HB,0.0
fixed,TSB-HB,0.0
fixed,TSB-HB,0.0
fixed,TSB-HB,0.0
fixed,TSB-HB,0.8439958811714801
fixed,TSB-HB,0.0
fixed,TSB-HB,0.8439958811714801
fixed,TSB-HB,0.8439958811714801
fixed,TSB-HB,0.726041534552523
fixed,TSB-HB,0.0
fixed,TSB-HB,0.0
fixed,TSB-HB,0.0
fixed,TSB-HB,0.8233434456280022
fixed,TSB-HB,0.0
fixed,TSB-HB,0.0
fixed,TSB-HB,0.9294049029809137
fixed,TSB-HB,1.0
fixed,TSB-HB,0.9049653862525396
fixed,TSB-HB,0.0
fixed,TSB-HB,0.0
fixed,TSB-HB,0.7273434281432269
fixed,TSB-HB,0.7273434281432269
fixed,TSB-HB,0.0
fixed,TSB-HB,0.0
fixed,TSB-HB,0.7962237744160776
fixed,TSB-HB,0.9149292863132364
fixed,TSB-HB,0.0
fixed,TSB-HB,0.0
fixed,TSB-HB,0.0
fixed,TSB-HB,0.7892702101640463
fixed,TSB-HB,0.0
fixed,TSB-HB,0.7892702101640463
fixed,TSB-HB,0.0
fixed,TSB-HB,0.7892702101640463
fixed,TSB-HB,0.0
fixed,TSB-HB,0.0
fixed,TSB-HB,0.723962458327018
fixed,TSB-HB,0.723962458327018
fixed,TSB-HB,0.0
fixed,TSB-HB,0.0
fixed,TSB-HB,0.0
fixed,TSB-HB,0.0
fixed,TSB-HB,0.0
fixed,TSB-HB,0.0
fixed,TSB-HB,0.0
fixed,TSB-HB,0.0
fixed,TSB-HB,0.0
fixed,TSB-HB,0.8033944209322199
fixed,TSB-HB,0.8033944209322199
fixed,TSB-HB,0.0
fixed,TSB-HB,0.0
fixed,TSB-HB,0.0
fixed,TSB-HB,0.0
fixed,TSB-HB,0.0
fixed,TSB-HB,0.0
fixed,TSB-HB,0.0
fixed,TSB-HB,0.0
fixed,TSB-HB,0.0
fixed,TSB-HB,0.0
fixed,TSB-HB,0.0
fixed,TSB-HB,0.0
fixed,TSB-HB,0.7367031918092077
fixed,TSB-HB,0.0
fixed,TSB-HB,0.7367031918092077
fixed,TSB-HB,0.0
fixed,TSB-HB,0.0
fixed,TSB-HB,0.0
fixed,TSB-HB,0.92682960279254
fixed,TSB-HB,0.0
fixed,TSB-HB,0.0
fixed,TSB-HB,0.0
fixed,TSB-HB,0.7185772050147481
fixed,TSB-HB,0.0
fixed,TSB-HB,0.0
fixed,TSB-HB,0.8625869918595076
fixed,TSB-HB,0.0
fixed,TSB-HB,0.0
fixed,TSB-HB,0.6960562892761835
fixed,TSB-HB,0.0
fixed,TSB-HB,0.0
fixed,TSB-HB,0.0
fixed,TSB-HB,0.6960562892761835
fixed,TSB-HB,0.0
fixed,TSB-HB,0.0
fixed,TSB-HB,0.9516995958650891
fixed,TSB-HB,0.0
fixed,TSB-HB,0.0
fixed,TSB-HB,0.684114999173849
fixed,TSB-HB,0.0
fixed,TSB-HB,0.0
fixed,TSB-HB,0.0
fixed,TSB-HB,0.0
fixed,TSB-HB,0.0
fixed,TSB-HB,0.0
fixed,TSB-HB,0.8833224088088333
fixed,TSB-HB,0.0
fixed,TSB-HB,0.0
fixed,TSB-HB,0.943899778453796
fixed,TSB-HB,0.943899778453796
fixed,TSB-HB,0.6347634454782425
fixed,TSB-HB,0.9840115024342354
fixed,TSB-HB,0.0
fixed,TSB-HB,0.0
fixed,TSB-HB,0.0
fixed,TSB-HB,0.0
fixed,TSB-HB,0.8238481235794981
fixed,TSB-HB,0.0
fixed,TSB-HB,0.0
fixed,TSB-HB,0.0
fixed,TSB-HB,0.0
fixed,TSB-HB,0.0
fixed,TSB-HB,0.0
fixed,TSB-HB,0.0
fixed,TSB-HB,0.8383374353113353
fixed,TSB-HB,0.0
fixed,TSB-HB,0.8383374353113353
fixed,TSB-HB,0.0
fixed,TSB-HB,0.0
fixed,TSB-HB,0.0
fixed,TSB-HB,0.0
fixed,TSB-HB,0.0
fixed,TSB-HB,0.0
fixed,TSB-HB,0.0
fixed,TSB-HB,0.0
fixed,TSB-HB,0.7080736391772957
fixed,TSB-HB,0.0
fixed,TSB-HB,0.7080736391772957
fixed,TSB-HB,0.89567850808754
fixed,TSB-HB,0.0
fixed,TSB-HB,0.0
fixed,TSB-HB,0.9465641478822647
fixed,TSB-HB,0.0
fixed,TSB-HB,0.0
fixed,TSB-HB,0.0
fixed,TSB-HB,0.6839327355020111
fixed,TSB-HB,0.9783598338278506
fixed,TSB-HB,0.8313368288361187
fixed,TSB-HB,0.9668481125889594
fixed,TSB-HB,0.0
fixed,TSB-HB,0.0
fixed,TSB-HB,0.0
fixed,TSB-HB,0.8313368288361187
fixed,TSB-HB,0.0
fixed,TSB-HB,0.0
fixed,TSB-HB,0.0
fixed,TSB-HB,0.0
fixed,TSB-HB,0.8246842694800923
fixed,TSB-HB,0.0
fixed,TSB-HB,0.0
fixed,TSB-HB,0.0
fixed,TSB-HB,0.9734205197501481
fixed,TSB-HB,0.9734205197501481
fixed,TSB-HB,0.0
fixed,TSB-HB,0.0
fixed,TSB-HB,0.0
fixed,TSB-HB,0.0
fixed,TSB-HB,0.9808934128086586
fixed,TSB-HB,0.0
fixed,TSB-HB,0.0
fixed,TSB-HB,0.0
fixed,TSB-HB,0.0
fixed,TSB-HB,0.0
fixed,TSB-HB,0.0
fixed,TSB-HB,0.0
fixed,TSB-HB,0.0
fixed,TSB-HB,0.0
fixed,TSB-HB,0.0
fixed,TSB-HB,0.0
fixed,TSB-HB,0.0
fixed,TSB-HB,0.0
fixed,TSB-HB,0.9853400691321818
fixed,TSB-HB,0.0
fixed,TSB-HB,1.0
fixed,TSB-HB,1.0
fixed,TSB-HB,0.0
fixed,TSB-HB,0.0
fixed,TSB-HB,0.9848464453363139
fixed,TSB-HB,0.0
fixed,TSB-HB,0.0
fixed,TSB-HB,0.0
fixed,TSB-HB,0.0
fixed,TSB-HB,0.0
fixed,TSB-HB,0.0
fixed,TSB-HB,0.0
fixed,TSB-HB,0.0
fixed,TSB-HB,0.0
fixed,TSB-HB,0.9375836387051247
fixed,TSB-HB,0.0
fixed,TSB-HB,0.0
fixed,TSB-HB,0.0
fixed,TSB-HB,0.6838135949880519
fixed,TSB-HB,0.0
fixed,TSB-HB,0.6838135949880519
fixed,TSB-HB,0.0
fixed,TSB-HB,0.0
fixed,TSB-HB,0.0
fixed,TSB-HB,0.0
fixed,TSB-HB,0.6916000887902505
fixed,TSB-HB,0.0
fixed,TSB-HB,0.6916000887902505
fixed,TSB-HB,0.0
fixed,TSB-HB,0.6916000887902505
fixed,TSB-HB,0.0
fixed,TSB-HB,0.0
fixed,TSB-HB,0.0
fixed,TSB-HB,0.0
fixed,TSB-HB,0.756131175739404
fixed,TSB-HB,0.9054985257742089
fixed,TSB-HB,0.0
fixed,TSB-HB,0.8882048879349397
fixed,TSB-HB,0.0
fixed,TSB-HB,0.746045090066903
fixed,TSB-HB,0.0
fixed,TSB-HB,0.0
fixed,TSB-HB,0.0
fixed,TSB-HB,0.0
fixed,TSB-HB,0.0
fixed,TSB-HB,0.0
fixed,TSB-HB,0.0
fixed,TSB-HB,0.0
fixed,TSB-HB,0.0
fixed,TSB-HB,0.685980525848596
fixed,TSB-HB,0.8470640208452699
fixed,TSB-HB,0.0
fixed,TSB-HB,0.0
fixed,TSB-HB,0.0
fixed,TSB-HB,0.0
fixed,TSB-HB,0.0
fixed,TSB-HB,0.0
fixed,TSB-HB,0.9188015441853509
fixed,TSB-HB,0.0
fixed,TSB-HB,0.7878756112218471
fixed,TSB-HB,0.0
fixed,TSB-HB,0.0
fixed,TSB-HB,0.0
fixed,TSB-HB,0.0
fixed,TSB-HB,0.8621425571696251
fixed,TSB-HB,0.0
fixed,TSB-HB,0.0
fixed,TSB-HB,0.8976579855262382
fixed,TSB-HB,0.0
fixed,TSB-HB,0.0
fixed,TSB-HB,0.8976579855262382
fixed,TSB-HB,0.7232251595647201
fixed,TSB-HB,0.0
fixed,TSB-HB,0.7680044532535348
fixed,TSB-HB,0.0
fixed,TSB-HB,0.0
fixed,TSB-HB,0.0
fixed,TSB-HB,0.7680044532535348
fixed,TSB-HB,0.0
fixed,TSB-HB,0.0
fixed,TSB-HB,0.0
fixed,TSB-HB,0.0
fixed,TSB-HB,0.0
fixed,TSB-HB,0.0
fixed,TSB-HB,0.0
fixed,TSB-HB,0.0
fixed,TSB-HB,0.0
fixed,TSB-HB,0.8402860122449356
fixed,TSB-HB,0.0
fixed,TSB-HB,0.9423876705911798
fixed,TSB-HB,0.0
fixed,TSB-HB,0.0
fixed,TSB-HB,0.7619807263891607
fixed,TSB-HB,0.0
fixed,TSB-HB,0.0
fixed,TSB-HB,0.9115736385567708
fixed,TSB-HB,0.7047367779743781
fixed,TSB-HB,0.8761393122321497
fixed,TSB-HB,0.8761393122321497
fixed,TSB-HB,0.9573802392175383
fixed,TSB-HB,0.0
fixed,TSB-HB,0.7047367779743781
fixed,TSB-HB,0.0
fixed,TSB-HB,0.0
fixed,TSB-HB,0.7218664665809236
fixed,TSB-HB,0.96084194051684
fixed,TSB-HB,0.0
fixed,TSB-HB,0.7218664665809236
fixed,TSB-HB,0.0
fixed,TSB-HB,0.7723254514457041
fixed,TSB-HB,0.915178192390904
fixed,TSB-HB,0.7723254514457041
fixed,TSB-HB,0.0
fixed,TSB-HB,0.9729353123829645
fixed,TSB-HB,0.9054834433649048
fixed,TSB-HB,0.0
fixed,TSB-HB,0.0
fixed,TSB-HB,0.0
fixed,TSB-HB,0.0
fixed,TSB-HB,0.0
fixed,TSB-HB,0.0
fixed,TSB-HB,0.0
fixed,TSB-HB,0.9677142884932254
fixed,TSB-HB,0.0
fixed,TSB-HB,0.9098937667741988
fixed,TSB-HB,0.0
fixed,TSB-HB,0.0
fixed,TSB-HB,0.7866479839640935
fixed,TSB-HB,0.0
fixed,TSB-HB,0.0
fixed,TSB-HB,0.0
fixed,TSB-HB,0.0
fixed,TSB-HB,0.0
fixed,TSB-HB,1.0
fixed,TSB-HB,0.0
fixed,TSB-HB,0.0
fixed,TSB-HB,0.0
fixed,TSB-HB,1.0
fixed,TSB-HB,1.0
fixed,TSB-HB,0.0
fixed,TSB-HB,0.0
fixed,TSB-HB,0.9822949476786692
fixed,TSB-HB,0.0
fixed,TSB-HB,0.9822949476786692
fixed,TSB-HB,0.0
fixed,TSB-HB,0.0
fixed,TSB-HB,0.0
fixed,TSB-HB,0.0
fixed,TSB-HB,0.0
fixed,TSB-HB,0.0
fixed,TSB-HB,0.0
fixed,TSB-HB,0.0
fixed,TSB-HB,0.0
fixed,TSB-HB,0.0
fixed,TSB-HB,0.0
fixed,TSB-HB,0.0
fixed,TSB-HB,0.8397941735818641
fixed,TSB-HB,0.0
fixed,TSB-HB,0.8397941735818641
fixed,TSB-HB,1.0
fixed,TSB-HB,0.0
fixed,TSB-HB,0.8397941735818641
fixed,TSB-HB,0.0
fixed,TSB-HB,0.0
fixed,TSB-HB,0.0
fixed,TSB-HB,0.0
fixed,TSB-HB,0.0
fixed,TSB-HB,0.0
fixed,TSB-HB,0.0
fixed,TSB-HB,0.0
fixed,TSB-HB,0.0
fixed,TSB-HB,0.6856585823516831
fixed,TSB-HB,0.0
fixed,TSB-HB,0.6856585823516831
fixed,TSB-HB,0.0
fixed,TSB-HB,0.0
fixed,TSB-HB,0.0
fixed,TSB-HB,0.0
fixed,TSB-HB,0.0
fixed,TSB-HB,0.0
fixed,TSB-HB,0.0
fixed,TSB-HB,0.8399595242921826
fixed,TSB-HB,1.0
fixed,TSB-HB,0.8399595242921826
fixed,TSB-HB,0.0
fixed,TSB-HB,0.0
fixed,TSB-HB,0.0
fixed,TSB-HB,0.0
fixed,TSB-HB,0.0
fixed,TSB-HB,0.0
fixed,TSB-HB,0.82325098217928
fixed,TSB-HB,0.0
fixed,TSB-HB,0.0
fixed,TSB-HB,0.0
fixed,TSB-HB,0.0
fixed,TSB-HB,0.0
fixed,TSB-HB,0.8607460776646343
fixed,TSB-HB,0.0
fixed,TSB-HB,0.0
fixed,TSB-HB,0.0
fixed,TSB-HB,0.0
fixed,TSB-HB,0.0
fixed,TSB-HB,0.0
fixed,TSB-HB,0.0
fixed,TSB-HB,0.0
fixed,TSB-HB,0.0
fixed,TSB-HB,0.0
fixed,TSB-HB,0.7367889559648084
fixed,TSB-HB,0.0
fixed,TSB-HB,0.909942143067653
fixed,TSB-HB,0.0
fixed,TSB-HB,0.0
fixed,TSB-HB,0.0
fixed,TSB-HB,0.0
fixed,TSB-HB,0.0
fixed,TSB-HB,0.0
fixed,TSB-HB,0.0
fixed,TSB-HB,0.0
fixed,TSB-HB,0.0
fixed,TSB-HB,0.0
fixed,TSB-HB,0.0
fixed,TSB-HB,0.0
fixed,TSB-HB,0.9637821755865146
fixed,TSB-HB,0.0
fixed,TSB-HB,0.0
fixed,TSB-HB,0.7641985086268369
fixed,TSB-HB,0.0
fixed,TSB-HB,0.0
fixed,TSB-HB,0.0
fixed,TSB-HB,0.0
fixed,TSB-HB,0.0
fixed,TSB-HB,0.0
fixed,TSB-HB,0.0
fixed,TSB-HB,0.0
fixed,TSB-HB,0.0
fixed,TSB-HB,0.0
fixed,TSB-HB,0.0
fixed,TSB-HB,0.0
fixed,TSB-HB,0.0
fixed,TSB-HB,0.7173540176807993
fixed,TSB-HB,1.0
fixed,TSB-HB,0.6417789298518564
fixed,TSB-HB,0.9513926648218599
fixed,TSB-HB,0.9857083603344549
fixed,TSB-HB,0.6417789298518564
fixed,TSB-HB,0.6417789298518564
fixed,TSB-HB,0.0
fixed,TSB-HB,0.0
fixed,TSB-HB,0.0
fixed,TSB-HB,0.0
fixed,TSB-HB,0.0
fixed,TSB-HB,0.0
fixed,TSB-HB,0.8653268286263385
fixed,TSB-HB,0.0
fixed,TSB-HB,0.8653268286263385
fixed,TSB-HB,0.0
fixed,TSB-HB,0.0
fixed,TSB-HB,0.8653268286263385
fixed,TSB-HB,0.8786419688161616
fixed,TSB-HB,0.6947467232519349
fixed,TSB-HB,0.0
fixed,TSB-HB,0.6947467232519349
fixed,TSB-HB,0.0
fixed,TSB-HB,0.0
fixed,TSB-HB,0.8548718197105067
fixed,TSB-HB,0.9531391652533625
fixed,TSB-HB,0.9531391652533625
fixed,TSB-HB,0.8548718197105067
fixed,TSB-HB,0.0
fixed,TSB-HB,0.0
fixed,TSB-HB,0.0
fixed,TSB-HB,0.0
fixed,TSB-HB,0.0
fixed,TSB-HB,0.968799785031325
fixed,TSB-HB,0.0
fixed,TSB-HB,0.0
fixed,TSB-HB,0.0
fixed,TSB-HB,0.0
fixed,TSB-HB,0.0
fixed,TSB-HB,0.0
fixed,TSB-HB,0.0
fixed,TSB-HB,0.0
fixed,TSB-HB,0.0
fixed,TSB-HB,0.6578930306961045
fixed,TSB-HB,0.8132321923768562
fixed,TSB-HB,0.0
fixed,TSB-HB,0.6578930306961045
fixed,TSB-HB,0.0
fixed,TSB-HB,0.0
fixed,TSB-HB,0.0
fixed,TSB-HB,0.0
fixed,TSB-HB,0.6232662475129007
fixed,TSB-HB,0.0
fixed,TSB-HB,0.0
fixed,TSB-HB,0.7119753312857591
fixed,TSB-HB,0.7119753312857591
fixed,TSB-HB,0.0
fixed,TSB-HB,0.7119753312857591
fixed,TSB-HB,0.0
fixed,TSB-HB,0.0
fixed,TSB-HB,0.0
fixed,TSB-HB,0.0
fixed,TSB-HB,0.0
fixed,TSB-HB,0.8316707789042324
fixed,TSB-HB,0.8316707789042324
fixed,TSB-HB,0.0
fixed,TSB-HB,0.0
fixed,TSB-HB,0.7974545059244955
fixed,TSB-HB,0.7974545059244955
fixed,TSB-HB,0.7974545059244955
fixed,TSB-HB,0.7974545059244955
fixed,TSB-HB,0.9630950990043993
fixed,TSB-HB,0.0
fixed,TSB-HB,0.0
fixed,TSB-HB,0.0
fixed,TSB-HB,0.0
fixed,TSB-HB,0.0
fixed,TSB-HB,0.0
fixed,TSB-HB,0.0
fixed,TSB-HB,0.0
fixed,TSB-HB,0.0
fixed,TSB-HB,0.0
fixed,TSB-HB,0.0
fixed,TSB-HB,0.7534914693214964
fixed,TSB-HB,0.9777243632699762
fixed,TSB-HB,1.0
fixed,TSB-HB,0.9777243632699762
fixed,TSB-HB,0.0
fixed,TSB-HB,0.0
fixed,TSB-HB,0.8072344404091052
fixed,TSB-HB,1.0
fixed,TSB-HB,0.6783357496430367
fixed,TSB-HB,0.8113509455885568
fixed,TSB-HB,0.0
fixed,TSB-HB,0.0
fixed,TSB-HB,0.9063212993072333
fixed,TSB-HB,0.0
fixed,TSB-HB,0.7052606333936831
fixed,TSB-HB,0.0
fixed,TSB-HB,0.7052606333936831
fixed,TSB-HB,0.0
fixed,TSB-HB,0.0
fixed,TSB-HB,0.0
fixed,TSB-HB,0.91329703824834
fixed,TSB-HB,0.0
fixed,TSB-HB,0.0
fixed,TSB-HB,0.0
fixed,TSB-HB,0.0
fixed,TSB-HB,0.0
fixed,TSB-HB,0.0
fixed,TSB-HB,0.0
fixed,TSB-HB,0.0
fixed,TSB-HB,0.0
fixed,TSB-HB,0.0
fixed,TSB-HB,0.7571338417243649
fixed,TSB-HB,0.0
fixed,TSB-HB,0.0
fixed,TSB-HB,0.0
fixed,TSB-HB,0.7571338417243649
fixed,TSB-HB,0.0
fixed,TSB-HB,0.7849900599576323
fixed,TSB-HB,0.0
fixed,TSB-HB,0.0
fixed,TSB-HB,0.0
fixed,TSB-HB,0.7849900599576323
fixed,TSB-HB,0.0
fixed,TSB-HB,0.0
fixed,TSB-HB,0.0
fixed,TSB-HB,0.0
fixed,TSB-HB,0.0
fixed,TSB-HB,0.0
fixed,TSB-HB,1.0
fixed,TSB-HB,0.0
fixed,TSB-HB,0.0
fixed,TSB-HB,0.0
fixed,TSB-HB,0.7275176818450059
fixed,TSB-HB,0.7275176818450059
fixed,TSB-HB,0.0
fixed,TSB-HB,0.0
fixed,TSB-HB,0.0
fixed,TSB-HB,0.0
fixed,TSB-HB,0.7020355773180255
fixed,TSB-HB,0.8847244147291795
fixed,TSB-HB,0.8847244147291795
fixed,TSB-HB,0.0
fixed,TSB-HB,0.7577635289904433
fixed,TSB-HB,0.7577635289904433
fixed,TSB-HB,0.0
fixed,TSB-HB,0.9133276892371143
fixed,TSB-HB,0.0
fixed,TSB-HB,0.0
fixed,TSB-HB,0.6647699092285108
fixed,TSB-HB,0.0
fixed,TSB-HB,0.0
fixed,TSB-HB,0.0
fixed,TSB-HB,0.0
fixed,TSB-HB,0.0
fixed,TSB-HB,0.0
fixed,TSB-HB,0.0
fixed,TSB-HB,0.0
fixed,TSB-HB,0.8751852515539861
fixed,TSB-HB,0.7128134664511867
fixed,TSB-HB,0.0
fixed,TSB-HB,0.8583111352370486
fixed,TSB-HB,0.0
fixed,TSB-HB,0.8583111352370486
fixed,TSB-HB,0.0
fixed,TSB-HB,0.0
fixed,TSB-HB,0.0
fixed,TSB-HB,0.0
fixed,TSB-HB,0.9087065190526444
fixed,TSB-HB,0.7301755082418674
fixed,TSB-HB,0.0
fixed,TSB-HB,0.0
fixed,TSB-HB,0.0
fixed,TSB-HB,0.0
fixed,TSB-HB,0.0
fixed,TSB-HB,0.0
fixed,TSB-HB,0.0
fixed,TSB-HB,0.0
fixed,TSB-HB,0.7152197169034795
fixed,TSB-HB,0.7152197169034795
fixed,TSB-HB,0.0
fixed,TSB-HB,0.7152197169034795
fixed,TSB-HB,0.0
fixed,TSB-HB,0.0
fixed,TSB-HB,0.0
fixed,TSB-HB,0.6659979605472928
fixed,TSB-HB,0.8250324766852808
fixed,TSB-HB,0.0
fixed,TSB-HB,0.0
fixed,TSB-HB,0.0
fixed,TSB-HB,0.0
fixed,TSB-HB,0.0
fixed,TSB-HB,0.7684379053185744
fixed,TSB-HB,0.0
fixed,TSB-HB,0.0
fixed,TSB-HB,0.0
fixed,TSB-HB,0.0
fixed,TSB-HB,0.0
fixed,TSB-HB,0.0
fixed,TSB-HB,0.0
fixed,TSB-HB,0.0
fixed,TSB-HB,0.0
fixed,TSB-HB,0.0
fixed,TSB-HB,0.0
fixed,TSB-HB,0.0
fixed,TSB-HB,0.0
fixed,TSB-HB,0.0
fixed,TSB-HB,0.0
fixed,TSB-HB,0.0
fixed,TSB-HB,0.0
fixed,TSB-HB,1.0
fixed,TSB-HB,0.0
fixed,TSB-HB,0.0
fixed,TSB-HB,0.0
fixed,TSB-HB,0.0
fixed,TSB-HB,0.0
fixed,TSB-HB,0.0
fixed,TSB-HB,0.0
fixed,TSB-HB,0.9801781625756935
fixed,TSB-HB,0.0
fixed,TSB-HB,0.0
fixed,TSB-HB,0.0
fixed,TSB-HB,0.0
fixed,TSB-HB,0.0
fixed,TSB-HB,0.0
fixed,TSB-HB,0.0
fixed,TSB-HB,0.0
fixed,TSB-HB,0.0
fixed,TSB-HB,0.0
fixed,TSB-HB,0.0
fixed,TSB-HB,0.0
fixed,TSB-HB,0.0
fixed,TSB-HB,0.0
fixed,TSB-HB,0.0
fixed,TSB-HB,0.0
fixed,TSB-HB,0.0
fixed,TSB-HB,0.9867586056760613
fixed,TSB-HB,0.0
fixed,TSB-HB,0.0
fixed,TSB-HB,0.0
fixed,TSB-HB,0.0
fixed,TSB-HB,0.0
fixed,TSB-HB,0.0
fixed,TSB-HB,0.0
fixed,TSB-HB,0.0
fixed,TSB-HB,0.0
fixed,TSB-HB,0.9842295398134701
fixed,TSB-HB,0.0
fixed,TSB-HB,1.0
fixed,TSB-HB,0.0
fixed,TSB-HB,0.7203927916021884
fixed,TSB-HB,0.7203927916021884
fixed,TSB-HB,0.7203927916021884
fixed,TSB-HB,0.8936683712531688
fixed,TSB-HB,0.7203927916021884
fixed,TSB-HB,0.9631898067527976
fixed,TSB-HB,0.9686326623313313
fixed,TSB-HB,0.0
fixed,TSB-HB,0.0
fixed,TSB-HB,1.0
fixed,TSB-HB,0.0
fixed,TSB-HB,0.9686326623313313
fixed,TSB-HB,0.0
fixed,TSB-HB,0.0
fixed,TSB-HB,0.0
fixed,TSB-HB,0.0
fixed,TSB-HB,0.0
fixed,TSB-HB,0.0
fixed,TSB-HB,0.0
fixed,TSB-HB,0.0
fixed,TSB-HB,0.0
fixed,TSB-HB,0.0
fixed,TSB-HB,1.0
fixed,TSB-HB,0.0
fixed,TSB-HB,0.0
fixed,TSB-HB,0.5929369689769426
fixed,TSB-HB,0.5929369689769426
fixed,TSB-HB,0.0
fixed,TSB-HB,0.0
fixed,TSB-HB,0.0
fixed,TSB-HB,0.0
fixed,TSB-HB,0.0
fixed,TSB-HB,0.7230478116555616
fixed,TSB-HB,0.959096745784343
fixed,TSB-HB,0.0
fixed,TSB-HB,0.7230478116555616
fixed,TSB-HB,0.0
fixed,TSB-HB,0.0
fixed,TSB-HB,0.0
fixed,TSB-HB,0.0
fixed,TSB-HB,0.0
fixed,TSB-HB,0.0
fixed,TSB-HB,0.7135565050785558
fixed,TSB-HB,0.0
fixed,TSB-HB,0.0
fixed,TSB-HB,0.0
fixed,TSB-HB,0.0
fixed,TSB-HB,0.0
fixed,TSB-HB,0.0
fixed,TSB-HB,0.0
fixed,TSB-HB,0.9100106470226335
fixed,TSB-HB,0.0
fixed,TSB-HB,0.0
fixed,TSB-HB,0.0
fixed,TSB-HB,0.0
fixed,TSB-HB,0.0
fixed,TSB-HB,0.0
fixed,TSB-HB,0.0
fixed,TSB-HB,0.0
fixed,TSB-HB,0.0
fixed,TSB-HB,0.0
fixed,TSB-HB,0.0
fixed,TSB-HB,0.0
fixed,TSB-HB,0.0
fixed,TSB-HB,0.0
fixed,TSB-HB,0.0
fixed,TSB-HB,0.0
fixed,TSB-HB,0.0
fixed,TSB-HB,0.7675461945980309
fixed,TSB-HB,0.0
fixed,TSB-HB,0.7675461945980309
fixed,TSB-HB,0.9108480337678697
fixed,TSB-HB,0.0
fixed,TSB-HB,0.0
fixed,TSB-HB,0.7641556063393364
fixed,TSB-HB,0.7641556063393364
fixed,TSB-HB,0.7641556063393364
fixed,TSB-HB,0.0
fixed,TSB-HB,0.7676035627992954
fixed,TSB-HB,0.0
fixed,TSB-HB,0.7676035627992954
fixed,TSB-HB,0.0
fixed,TSB-HB,0.0
fixed,TSB-HB,0.0
fixed,TSB-HB,0.0
fixed,TSB-HB,0.0
fixed,TSB-HB,0.0
fixed,TSB-HB,0.0
fixed,TSB-HB,0.0
fixed,TSB-HB,0.0
fixed,TSB-HB,0.0
fixed,TSB-HB,0.0
fixed,TSB-HB,0.6771184941140789
fixed,TSB-HB,0.6771184941140789
fixed,TSB-HB,0.0
fixed,TSB-HB,0.6771184941140789
fixed,TSB-HB,0.8264281760769501
fixed,TSB-HB,0.663309441650597
fixed,TSB-HB,0.9403273831902073
fixed,TSB-HB,0.663309441650597
fixed,TSB-HB,0.663309441650597
fixed,TSB-HB,0.0
fixed,TSB-HB,0.7541227260030248
fixed,TSB-HB,0.0
fixed,TSB-HB,0.0
fixed,TSB-HB,0.0
fixed,TSB-HB,0.7541227260030248
fixed,TSB-HB,0.0
fixed,TSB-HB,1.0
fixed,TSB-HB,0.0
fixed,TSB-HB,0.0
fixed,TSB-HB,0.0
fixed,TSB-HB,0.0
fixed,TSB-HB,1.0
fixed,TSB-HB,1.0
fixed,TSB-HB,1.0
fixed,TSB-HB,0.0
fixed,TSB-HB,0.0
fixed,TSB-HB,0.0
fixed,TSB-HB,0.0
fixed,TSB-HB,0.0
fixed,TSB-HB,0.0
fixed,TSB-HB,0.0
fixed,TSB-HB,0.0
fixed,TSB-HB,0.0
fixed,TSB-HB,0.0
fixed,TSB-HB,0.0
fixed,TSB-HB,0.0
fixed,TSB-HB,0.0
fixed,TSB-HB,0.0
fixed,TSB-HB,0.0
fixed,TSB-HB,0.0
fixed,TSB-HB,0.8241926117427961
fixed,TSB-HB,0.668617728855712
fixed,TSB-HB,0.0
fixed,TSB-HB,0.0
fixed,TSB-HB,0.0
fixed,TSB-HB,0.0
fixed,TSB-HB,0.8575693603683969
fixed,TSB-HB,0.691195398878914
fixed,TSB-HB,0.0
fixed,TSB-HB,0.9521202780013021
fixed,TSB-HB,0.0
fixed,TSB-HB,0.0
fixed,TSB-HB,0.0
fixed,TSB-HB,0.0
fixed,TSB-HB,0.919127539468673
fixed,TSB-HB,0.0
fixed,TSB-HB,0.0
fixed,TSB-HB,0.8366941830994404
fixed,TSB-HB,0.7041650158289509
fixed,TSB-HB,0.7041650158289509
fixed,TSB-HB,0.0
fixed,TSB-HB,0.8831205640790767
fixed,TSB-HB,0.8831205640790767
fixed,TSB-HB,0.0
fixed,TSB-HB,0.0
fixed,TSB-HB,0.0
fixed,TSB-HB,0.0
fixed,TSB-HB,0.0
fixed,TSB-HB,0.0
fixed,TSB-HB,0.0
fixed,TSB-HB,0.8384681912298773
fixed,TSB-HB,0.0
fixed,TSB-HB,0.0
fixed,TSB-HB,0.0
fixed,TSB-HB,0.8384681912298773
fixed,TSB-HB,0.0
fixed,TSB-HB,0.0
fixed,TSB-HB,0.0
fixed,TSB-HB,0.0
fixed,TSB-HB,0.0
fixed,TSB-HB,0.0
fixed,TSB-HB,0.0
fixed,TSB-HB,0.8020866130111556
fixed,TSB-HB,0.6397357117697242
fixed,TSB-HB,0.0
fixed,TSB-HB,0.0
fixed,TSB-HB,0.0
fixed,TSB-HB,0.0
fixed,TSB-HB,0.6861400118955744
fixed,TSB-HB,0.0
fixed,TSB-HB,0.0
fixed,TSB-HB,0.6861400118955744
fixed,TSB-HB,0.0
fixed,TSB-HB,0.6861400118955744
fixed,TSB-HB,0.0
fixed,TSB-HB,0.0
fixed,TSB-HB,0.0
fixed,TSB-HB,0.0
fixed,TSB-HB,0.0
fixed,TSB-HB,0.0
fixed,TSB-HB,0.8407168970527449
fixed,TSB-HB,0.0
fixed,TSB-HB,0.0
fixed,TSB-HB,0.0
fixed,TSB-HB,0.677076332329216
fixed,TSB-HB,0.0
fixed,TSB-HB,0.0
fixed,TSB-HB,0.838801623275662
fixed,TSB-HB,0.838801623275662
fixed,TSB-HB,0.0
fixed,TSB-HB,0.838801623275662
fixed,TSB-HB,0.0
fixed,TSB-HB,0.0
fixed,TSB-HB,0.0
fixed,TSB-HB,0.9461119981837456
fixed,TSB-HB,0.9461119981837456
fixed,TSB-HB,0.9736355212349788
fixed,TSB-HB,0.9461119981837456
fixed,TSB-HB,0.0
fixed,TSB-HB,0.0
fixed,TSB-HB,0.0
fixed,TSB-HB,0.0
fixed,TSB-HB,0.0
fixed,TSB-HB,0.0
fixed,TSB-HB,0.0
fixed,TSB-HB,0.0
fixed,TSB-HB,0.0
fixed,TSB-HB,0.0
fixed,TSB-HB,0.9151330358157644
fixed,TSB-HB,0.0
fixed,TSB-HB,0.7326998110585494
fixed,TSB-HB,0.0
fixed,TSB-HB,0.7326998110585494
fixed,TSB-HB,0.7326998110585494
fixed,TSB-HB,0.7326998110585494
fixed,TSB-HB,0.0
fixed,TSB-HB,0.0
fixed,TSB-HB,0.7687978267391665
fixed,TSB-HB,0.0
fixed,TSB-HB,0.0
fixed,TSB-HB,0.0
fixed,TSB-HB,0.0
fixed,TSB-HB,0.0
fixed,TSB-HB,0.0
fixed,TSB-HB,0.0
fixed,TSB-HB,0.0
fixed,TSB-HB,0.0
fixed,TSB-HB,0.0
fixed,TSB-HB,0.0
fixed,TSB-HB,0.0
fixed,TSB-HB,0.0
fixed,TSB-HB,0.0
fixed,TSB-HB,0.0
fixed,TSB-HB,0.0
fixed,TSB-HB,0.9332223378745883
fixed,TSB-HB,0.0
fixed,TSB-HB,0.0
fixed,TSB-HB,0.8470220520718227
fixed,TSB-HB,0.8470220520718227
fixed,TSB-HB,0.0
fixed,TSB-HB,0.0
fixed,TSB-HB,0.0
fixed,TSB-HB,0.0
fixed,TSB-HB,0.0
fixed,TSB-HB,0.0
fixed,TSB-HB,0.0
fixed,TSB-HB,0.9034363826318709
fixed,TSB-HB,0.0
fixed,TSB-HB,0.0
fixed,TSB-HB,0.0
fixed,TSB-HB,0.0
fixed,TSB-HB,0.0
fixed,TSB-HB,0.0
fixed,TSB-HB,0.9210360075466193
fixed,TSB-HB,0.8282868963906092
fixed,TSB-HB,0.0
fixed,TSB-HB,0.0
fixed,TSB-HB,0.0
fixed,TSB-HB,0.0
fixed,TSB-HB,0.7012598745471306
fixed,TSB-HB,0.0
fixed,TSB-HB,0.0
fixed,TSB-HB,0.0
fixed,TSB-HB,0.0
fixed,TSB-HB,0.0
fixed,TSB-HB,0.0
fixed,TSB-HB,0.0
fixed,TSB-HB,0.0
fixed,TSB-HB,0.0
fixed,TSB-HB,0.0
fixed,TSB-HB,0.0
fixed,TSB-HB,0.0
fixed,TSB-HB,0.7374343075464366
fixed,TSB-HB,0.7374343075464366
fixed,TSB-HB,0.0
fixed,TSB-HB,0.0
fixed,TSB-HB,0.0
fixed,TSB-HB,0.0
fixed,TSB-HB,0.0
fixed,TSB-HB,0.0
fixed,TSB-HB,0.0
fixed,TSB-HB,0.0
fixed,TSB-HB,0.7756063517888062
fixed,TSB-HB,0.0
fixed,TSB-HB,0.7756063517888062
fixed,TSB-HB,0.9845446786608524
fixed,TSB-HB,0.0
fixed,TSB-HB,0.9845446786608524
fixed,TSB-HB,0.7511632826898956
fixed,TSB-HB,0.7511632826898956
fixed,TSB-HB,0.0
fixed,TSB-HB,0.7511632826898956
fixed,TSB-HB,0.0
fixed,TSB-HB,0.0
fixed,TSB-HB,0.9027088793188646
fixed,TSB-HB,0.7764138333980568
fixed,TSB-HB,0.0
fixed,TSB-HB,0.0
fixed,TSB-HB,0.7764138333980568
fixed,TSB-HB,0.0
fixed,TSB-HB,0.0
fixed,TSB-HB,0.0
fixed,TSB-HB,0.764638512186713
fixed,TSB-HB,0.0
fixed,TSB-HB,0.0
fixed,TSB-HB,0.764638512186713
fixed,TSB-HB,0.0
fixed,TSB-HB,0.0
fixed,TSB-HB,0.0
fixed,TSB-HB,0.0
fixed,TSB-HB,0.0
fixed,TSB-HB,0.0
fixed,TSB-HB,0.0
fixed,TSB-HB,0.7065373721406556
fixed,TSB-HB,1.0
fixed,TSB-HB,0.8771983929981992
fixed,TSB-HB,0.0
fixed,TSB-HB,0.8771983929981992
fixed,TSB-HB,0.7031490974221664
fixed,TSB-HB,0.0
fixed,TSB-HB,0.0
fixed,TSB-HB,0.0
fixed,TSB-HB,0.7031490974221664
fixed,TSB-HB,0.0
fixed,TSB-HB,0.7547730164809571
fixed,TSB-HB,0.8643476647551183
fixed,TSB-HB,0.8643476647551183
fixed,TSB-HB,0.9899911893647072
fixed,TSB-HB,0.7547730164809571
fixed,TSB-HB,0.6277830833706609
fixed,TSB-HB,0.9550709593296918
fixed,TSB-HB,0.0
fixed,TSB-HB,0.0
fixed,TSB-HB,0.7836342305984257
fixed,TSB-HB,0.7836342305984257
fixed,TSB-HB,0.9550709593296918
fixed,TSB-HB,0.0
fixed,TSB-HB,0.0
fixed,TSB-HB,0.0
fixed,TSB-HB,0.0
fixed,TSB-HB,0.0
fixed,TSB-HB,0.8440786186616795
fixed,TSB-HB,1.0
fixed,TSB-HB,0.8196589451564386
fixed,TSB-HB,1.0
fixed,TSB-HB,0.8196589451564386
fixed,TSB-HB,0.0
fixed,TSB-HB,0.9474368267925017
fixed,TSB-HB,0.0
fixed,TSB-HB,0.7021472140762245
fixed,TSB-HB,0.0
fixed,TSB-HB,0.0
fixed,TSB-HB,0.7021472140762245
fixed,TSB-HB,0.0
fixed,TSB-HB,0.7197222977009824
fixed,TSB-HB,0.0
fixed,TSB-HB,0.0
fixed,TSB-HB,0.0
fixed,TSB-HB,0.0
fixed,TSB-HB,0.0
fixed,TSB-HB,0.0
fixed,TSB-HB,0.0
fixed,TSB-HB,0.0
fixed,TSB-HB,0.0
fixed,TSB-HB,0.0
fixed,TSB-HB,0.833496163742168
fixed,TSB-HB,0.0
fixed,TSB-HB,0.6941593126958895
fixed,TSB-HB,0.0
fixed,TSB-HB,0.0
fixed,TSB-HB,0.0
fixed,TSB-HB,0.9669299214878153
fixed,TSB-HB,0.0
fixed,TSB-HB,0.0
fixed,TSB-HB,0.0
fixed,TSB-HB,0.0
fixed,TSB-HB,0.0
fixed,TSB-HB,0.0
fixed,TSB-HB,0.7153344455301724
fixed,TSB-HB,0.9579419915961415
fixed,TSB-HB,0.0
fixed,TSB-HB,0.7153344455301724
fixed,TSB-HB,0.7153344455301724
fixed,TSB-HB,0.7153344455301724
fixed,TSB-HB,0.6924697413654135
fixed,TSB-HB,0.0
fixed,TSB-HB,0.0
fixed,TSB-HB,0.0
fixed,TSB-HB,0.0
fixed,TSB-HB,0.6924697413654135
fixed,TSB-HB,0.0
fixed,TSB-HB,0.0
fixed,TSB-HB,0.0
fixed,TSB-HB,0.6811964724079589
fixed,TSB-HB,0.0
fixed,TSB-HB,0.0
fixed,TSB-HB,0.0
fixed,TSB-HB,1.0
fixed,TSB-HB,0.0
fixed,TSB-HB,0.0
fixed,TSB-HB,0.0
fixed,TSB-HB,0.0
fixed,TSB-HB,0.0
fixed,TSB-HB,0.9513121565032073
fixed,TSB-HB,0.6740920394262713
fixed,TSB-HB,0.0
fixed,TSB-HB,0.0
fixed,TSB-HB,0.6740920394262713
fixed,TSB-HB,0.9403650754392652
fixed,TSB-HB,0.0
fixed,TSB-HB,0.0
fixed,TSB-HB,0.9403650754392652
fixed,TSB-HB,0.0
fixed,TSB-HB,0.0
fixed,TSB-HB,0.0
fixed,TSB-HB,0.9209473212969688
fixed,TSB-HB,0.0
fixed,TSB-HB,0.0
fixed,TSB-HB,0.0
fixed,TSB-HB,0.0
fixed,TSB-HB,0.0
fixed,TSB-HB,0.0
fixed,TSB-HB,0.0
fixed,TSB-HB,0.0
fixed,TSB-HB,0.0
fixed,TSB-HB,0.0
fixed,TSB-HB,0.0
fixed,TSB-HB,0.0
fixed,TSB-HB,0.0
fixed,TSB-HB,0.9884993880342932
fixed,TSB-HB,0.0
fixed,TSB-HB,1.0
fixed,TSB-HB,0.0
fixed,TSB-HB,0.0
fixed,TSB-HB,0.0
fixed,TSB-HB,0.0
fixed,TSB-HB,0.0
fixed,TSB-HB,0.0
fixed,TSB-HB,0.0
fixed,TSB-HB,0.0
fixed,TSB-HB,0.0
fixed,TSB-HB,0.0
fixed,TSB-HB,0.0
fixed,TSB-HB,0.0
fixed,TSB-HB,0.9680298439818749
fixed,TSB-HB,0.9680298439818749
fixed,TSB-HB,0.0
fixed,TSB-HB,0.9680298439818749
fixed,TSB-HB,0.0
fixed,TSB-HB,0.0
fixed,TSB-HB,0.7306242943977395
fixed,TSB-HB,0.0
fixed,TSB-HB,0.0
fixed,TSB-HB,0.0
fixed,TSB-HB,1.0
fixed,TSB-HB,0.7306242943977395
fixed,TSB-HB,1.0
fixed,TSB-HB,0.0
fixed,TSB-HB,0.0
fixed,TSB-HB,0.0
fixed,TSB-HB,0.0
fixed,TSB-HB,0.0
fixed,TSB-HB,0.0
fixed,TSB-HB,0.670930322188046
fixed,TSB-HB,0.0
fixed,TSB-HB,0.0
fixed,TSB-HB,0.670930322188046
fixed,TSB-HB,0.0
fixed,TSB-HB,0.0
fixed,TSB-HB,0.0
fixed,TSB-HB,0.0
fixed,TSB-HB,0.9232400327843391
fixed,TSB-HB,0.0
fixed,TSB-HB,0.0
fixed,TSB-HB,0.0
fixed,TSB-HB,0.6649752810230531
fixed,TSB-HB,0.8256457588555443
fixed,TSB-HB,0.0
fixed,TSB-HB,0.0
fixed,TSB-HB,0.0
fixed,TSB-HB,0.6983787447369489
fixed,TSB-HB,0.0
fixed,TSB-HB,0.6983787447369489
fixed,TSB-HB,0.8786700935758796
fixed,TSB-HB,0.0
fixed,TSB-HB,0.6983787447369489
fixed,TSB-HB,0.9762594053545584
fixed,TSB-HB,0.0
fixed,TSB-HB,0.9304965003976906
fixed,TSB-HB,0.0
fixed,TSB-HB,0.0
fixed,TSB-HB,0.0
fixed,TSB-HB,0.0
fixed,TSB-HB,0.8905969840426288
fixed,TSB-HB,0.0
fixed,TSB-HB,0.0
fixed,TSB-HB,0.0
fixed,TSB-HB,0.0
fixed,TSB-HB,0.0
fixed,TSB-HB,0.9638146703790121
fixed,TSB-HB,0.0
fixed,TSB-HB,0.0
fixed,TSB-HB,0.0
fixed,TSB-HB,0.9638146703790121
fixed,TSB-HB,0.0
fixed,TSB-HB,0.0
fixed,TSB-HB,0.0
fixed,TSB-HB,0.0
fixed,TSB-HB,0.0
fixed,TSB-HB,0.0
fixed,TSB-HB,0.0
fixed,TSB-HB,0.0
fixed,TSB-HB,0.0
fixed,TSB-HB,0.0
fixed,TSB-HB,0.0
fixed,TSB-HB,0.0
fixed,TSB-HB,0.0
fixed,TSB-HB,0.9196316838056441
fixed,TSB-HB,0.0
fixed,TSB-HB,0.0
fixed,TSB-HB,0.0
fixed,TSB-HB,0.0
fixed,TSB-HB,0.0
fixed,TSB-HB,1.0
fixed,TSB-HB,0.9505795412795227
fixed,TSB-HB,0.0
fixed,TSB-HB,0.0
fixed,TSB-HB,0.0
fixed,TSB-HB,0.0
fixed,TSB-HB,0.0
fixed,TSB-HB,1.0
fixed,TSB-HB,0.0
fixed,TSB-HB,0.0
fixed,TSB-HB,0.0
fixed,TSB-HB,0.0
fixed,TSB-HB,0.7841646281810642
fixed,TSB-HB,0.0
fixed,TSB-HB,0.7841646281810642
fixed,TSB-HB,0.7841646281810642
fixed,TSB-HB,0.7841646281810642
fixed,TSB-HB,0.958587899811766
fixed,TSB-HB,0.958587899811766
fixed,TSB-HB,0.813318562622404
fixed,TSB-HB,1.0
fixed,TSB-HB,0.0
fixed,TSB-HB,0.813318562622404
fixed,TSB-HB,0.0
fixed,TSB-HB,0.7245794715437384
fixed,TSB-HB,0.0
fixed,TSB-HB,0.7245794715437384
fixed,TSB-HB,0.0
fixed,TSB-HB,0.0
fixed,TSB-HB,0.0
fixed,TSB-HB,0.7750947837800837
fixed,TSB-HB,0.7750947837800837
fixed,TSB-HB,0.0
fixed,TSB-HB,0.0
fixed,TSB-HB,0.9620920122793908
fixed,TSB-HB,0.9683887185231623
fixed,TSB-HB,0.0
fixed,TSB-HB,0.8023357313208266
fixed,TSB-HB,0.6511711491893919
fixed,TSB-HB,0.9221839579598606
fixed,TSB-HB,0.8023357313208266
fixed,TSB-HB,0.0
fixed,TSB-HB,0.0
fixed,TSB-HB,0.0
fixed,TSB-HB,0.0
fixed,TSB-HB,0.0
fixed,TSB-HB,0.0
fixed,TSB-HB,0.0
fixed,TSB-HB,0.6795660645491337
fixed,TSB-HB,0.0
fixed,TSB-HB,0.0
fixed,TSB-HB,0.0
fixed,TSB-HB,0.0
fixed,TSB-HB,0.0
fixed,TSB-HB,0.0
fixed,TSB-HB,0.0
fixed,TSB-HB,0.0
fixed,TSB-HB,0.0
fixed,TSB-HB,0.0
fixed,TSB-HB,0.0
fixed,TSB-HB,0.0
fixed,TSB-HB,0.7861712942787984
fixed,TSB-HB,0.5244483155492657
fixed,TSB-HB,0.5244483155492657
fixed,TSB-HB,0.5244483155492657
fixed,TSB-HB,0.0
fixed,TSB-HB,0.0
fixed,TSB-HB,0.0
fixed,TSB-HB,0.7055838222848287
fixed,TSB-HB,0.0
fixed,TSB-HB,0.8739153096739993
fixed,TSB-HB,0.0
fixed,TSB-HB,0.0
fixed,TSB-HB,0.0
fixed,TSB-HB,0.0
fixed,TSB-HB,0.0
fixed,TSB-HB,0.0
fixed,TSB-HB,0.0
fixed,TSB-HB,0.8312930092653577
fixed,TSB-HB,0.656393378198014
fixed,TSB-HB,0.656393378198014
fixed,TSB-HB,0.0
fixed,TSB-HB,0.0
fixed,TSB-HB,0.0
fixed,TSB-HB,0.6956802408963646
fixed,TSB-HB,0.0
fixed,TSB-HB,0.9779844571968153
fixed,TSB-HB,0.9779844571968153
fixed,TSB-HB,0.0
fixed,TSB-HB,0.0
fixed,TSB-HB,0.0
fixed,TSB-HB,0.9867355025526605
fixed,TSB-HB,0.0
fixed,TSB-HB,0.0
fixed,TSB-HB,0.0
fixed,TSB-HB,0.0
fixed,TSB-HB,0.0
fixed,TSB-HB,0.0
fixed,TSB-HB,0.0
fixed,TSB-HB,0.0
fixed,TSB-HB,0.0
fixed,TSB-HB,0.7290423098589327
fixed,TSB-HB,0.8722679349508902
fixed,TSB-HB,0.7290423098589327
fixed,TSB-HB,0.7290423098589327
fixed,TSB-HB,0.0
fixed,TSB-HB,0.0
fixed,TSB-HB,0.0
fixed,TSB-HB,0.0
fixed,TSB-HB,0.8353502002717117
fixed,TSB-HB,0.6218265525428809
fixed,TSB-HB,0.0
fixed,TSB-HB,0.0
fixed,TSB-HB,0.0
fixed,TSB-HB,0.0
fixed,TSB-HB,0.0
fixed,TSB-HB,0.0
fixed,TSB-HB,0.0
fixed,TSB-HB,1.0
fixed,TSB-HB,0.0
fixed,TSB-HB,0.0
fixed,TSB-HB,0.0
fixed,TSB-HB,0.0
fixed,TSB-HB,0.0
fixed,TSB-HB,0.0
fixed,TSB-HB,0.0
fixed,TSB-HB,0.0
fixed,TSB-HB,0.0
fixed,TSB-HB,0.0
fixed,TSB-HB,0.0
fixed,TSB-HB,0.0
fixed,TSB-HB,0.7363077776644692
fixed,TSB-HB,0.0
fixed,TSB-HB,0.7363077776644692
fixed,TSB-HB,0.8966963539278037
fixed,TSB-HB,0.0
fixed,TSB-HB,0.0
fixed,TSB-HB,0.0
fixed,TSB-HB,0.0
fixed,TSB-HB,0.0
fixed,TSB-HB,0.0
fixed,TSB-HB,0.9120425469492908
fixed,TSB-HB,0.7714690289838778
fixed,TSB-HB,0.0
fixed,TSB-HB,0.0
fixed,TSB-HB,0.0
fixed,TSB-HB,0.0
fixed,TSB-HB,0.6844710726033348
fixed,TSB-HB,0.0
fixed,TSB-HB,0.0
fixed,TSB-HB,0.0
fixed,TSB-HB,0.0
fixed,TSB-HB,0.0
fixed,TSB-HB,0.0
fixed,TSB-HB,0.0
fixed,TSB-HB,0.0
fixed,TSB-HB,0.0
fixed,TSB-HB,0.83502752468872
fixed,TSB-HB,0.0
fixed,TSB-HB,0.0
fixed,TSB-HB,0.0
fixed,TSB-HB,0.9689282439392328
fixed,TSB-HB,0.6601293294691678
fixed,TSB-HB,0.0
fixed,TSB-HB,0.0
fixed,TSB-HB,0.0
fixed,TSB-HB,0.9249452143301969
fixed,TSB-HB,0.0
fixed,TSB-HB,0.0
fixed,TSB-HB,0.6890845944346032
fixed,TSB-HB,0.9842257353643642
fixed,TSB-HB,0.0
fixed,TSB-HB,0.0
fixed,TSB-HB,0.0
fixed,TSB-HB,0.6723081064836154
fixed,TSB-HB,0.8371562794955086
fixed,TSB-HB,0.0
fixed,TSB-HB,0.8371562794955086
fixed,TSB-HB,0.0
fixed,TSB-HB,0.0
fixed,TSB-HB,0.6899164677353309
fixed,TSB-HB,0.0
fixed,TSB-HB,0.0
fixed,TSB-HB,0.0
fixed,TSB-HB,0.0
fixed,TSB-HB,0.0
fixed,TSB-HB,0.0
fixed,TSB-HB,0.0
fixed,TSB-HB,0.0
fixed,TSB-HB,0.0
fixed,TSB-HB,0.0
fixed,TSB-HB,0.0
fixed,TSB-HB,0.6996625593666306
fixed,TSB-HB,0.0
fixed,TSB-HB,0.0
fixed,TSB-HB,0.0
fixed,TSB-HB,0.6996625593666306
fixed,TSB-HB,0.6841041574123681
fixed,TSB-HB,0.0
fixed,TSB-HB,0.6841041574123681
fixed,TSB-HB,0.0
fixed,TSB-HB,0.0
fixed,TSB-HB,0.0
fixed,TSB-HB,0.0
fixed,TSB-HB,0.0
fixed,TSB-HB,0.0
fixed,TSB-HB,0.0
fixed,TSB-HB,0.9791981209033501
fixed,TSB-HB,0.0
fixed,TSB-HB,0.7179900143217348
fixed,TSB-HB,0.0
fixed,TSB-HB,0.0
fixed,TSB-HB,0.7179900143217348
fixed,TSB-HB,0.9788733925930234
fixed,TSB-HB,0.7179900143217348
fixed,TSB-HB,0.8684230196275643
fixed,TSB-HB,0.0
fixed,TSB-HB,0.0
fixed,TSB-HB,0.0
fixed,TSB-HB,0.0
fixed,TSB-HB,0.0
fixed,TSB-HB,0.8915924162389173
fixed,TSB-HB,0.0
fixed,TSB-HB,0.7214504832508503
fixed,TSB-HB,0.7214504832508503
fixed,TSB-HB,0.0
fixed,TSB-HB,0.0
fixed,TSB-HB,0.925049596719621
fixed,TSB-HB,0.925049596719621
fixed,TSB-HB,0.7457882807141989
fixed,TSB-HB,0.7457882807141989
fixed,TSB-HB,0.7457882807141989
fixed,TSB-HB,0.7457882807141989
fixed,TSB-HB,0.0
fixed,TSB-HB,0.0
fixed,TSB-HB,0.0
fixed,TSB-HB,0.6896137887312066
fixed,TSB-HB,0.6896137887312066
fixed,TSB-HB,0.6896137887312066
fixed,TSB-HB,0.0
fixed,TSB-HB,0.8470586375092252
fixed,TSB-HB,0.0
fixed,TSB-HB,0.0
fixed,TSB-HB,0.0
fixed,TSB-HB,0.6839919519475508
fixed,TSB-HB,0.0
fixed,TSB-HB,0.6545512806185655
fixed,TSB-HB,0.8067687858936361
fixed,TSB-HB,0.0
fixed,TSB-HB,0.0
fixed,TSB-HB,0.6545512806185655
fixed,TSB-HB,0.0
fixed,TSB-HB,0.0
fixed,TSB-HB,0.0
fixed,TSB-HB,0.0
fixed,TSB-HB,0.0
fixed,TSB-HB,0.0
fixed,TSB-HB,0.0
fixed,TSB-HB,0.8786004480955882
fixed,TSB-HB,0.0
fixed,TSB-HB,0.8786004480955882
fixed,TSB-HB,0.7414464561778283
fixed,TSB-HB,0.7414464561778283
fixed,TSB-HB,0.0
fixed,TSB-HB,0.0
fixed,TSB-HB,0.9037500154620006
fixed,TSB-HB,0.7610824377127127
fixed,TSB-HB,0.9638158478206837
fixed,TSB-HB,0.0
fixed,TSB-HB,0.0
fixed,TSB-HB,0.0
fixed,TSB-HB,0.0
fixed,TSB-HB,0.785459047184827
fixed,TSB-HB,0.0
fixed,TSB-HB,0.0
fixed,TSB-HB,0.7912988927365839
fixed,TSB-HB,0.0
fixed,TSB-HB,0.6469953750424702
fixed,TSB-HB,0.6469953750424702
fixed,TSB-HB,0.0
fixed,TSB-HB,0.91304452190037
fixed,TSB-HB,0.0
fixed,TSB-HB,0.0
fixed,TSB-HB,0.0
fixed,TSB-HB,0.0
fixed,TSB-HB,0.0
fixed,TSB-HB,0.0
fixed,TSB-HB,0.9040021414982078
fixed,TSB-HB,0.0
fixed,TSB-HB,0.0
fixed,TSB-HB,0.0
fixed,TSB-HB,0.0
fixed,TSB-HB,0.9040021414982078
fixed,TSB-HB,0.0
fixed,TSB-HB,0.0
fixed,TSB-HB,0.8185428758198585
fixed,TSB-HB,0.0
fixed,TSB-HB,0.8185428758198585
fixed,TSB-HB,0.0
fixed,TSB-HB,0.601641751917691
fixed,TSB-HB,0.0
fixed,TSB-HB,0.601641751917691
fixed,TSB-HB,0.8044982737920718
fixed,TSB-HB,0.0
fixed,TSB-HB,0.0
fixed,TSB-HB,0.0
fixed,TSB-HB,0.0
fixed,TSB-HB,0.0
fixed,TSB-HB,0.8368363996196786
fixed,TSB-HB,0.0
fixed,TSB-HB,0.0
fixed,TSB-HB,0.0
fixed,TSB-HB,0.0
fixed,TSB-HB,0.0
fixed,TSB-HB,0.0
fixed,TSB-HB,0.8649019746235713
fixed,TSB-HB,0.0
fixed,TSB-HB,0.0
fixed,TSB-HB,0.0
fixed,TSB-HB,0.0
fixed,TSB-HB,0.0
fixed,TSB-HB,0.0
fixed,TSB-HB,0.0
fixed,TSB-HB,0.0
fixed,TSB-HB,0.0
fixed,TSB-HB,0.0
fixed,TSB-HB,0.6887919579500486
fixed,TSB-HB,0.6887919579500486
fixed,TSB-HB,0.0
fixed,TSB-HB,0.0
fixed,TSB-HB,0.6954820209582153
fixed,TSB-HB,0.0
fixed,TSB-HB,0.6954820209582153
fixed,TSB-HB,0.6954820209582153
fixed,TSB-HB,0.6954820209582153
fixed,TSB-HB,0.0
fixed,TSB-HB,0.0
fixed,TSB-HB,0.9400557215249701
fixed,TSB-HB,0.0
fixed,TSB-HB,0.0
fixed,TSB-HB,0.0
fixed,TSB-HB,0.9518296468474914
fixed,TSB-HB,0.8145718130747215
fixed,TSB-HB,0.9518296468474914
fixed,TSB-HB,1.0
fixed,TSB-HB,0.8145718130747215
fixed,TSB-HB,0.9518296468474914
fixed,TSB-HB,0.8063435960098422
fixed,TSB-HB,0.9187261539442645
fixed,TSB-HB,0.0
fixed,TSB-HB,0.9187261539442645
fixed,TSB-HB,0.0
fixed,TSB-HB,0.0
fixed,TSB-HB,0.6258605357019293
fixed,TSB-HB,0.9482978672328428
fixed,TSB-HB,0.6258605357019293
fixed,TSB-HB,0.0
fixed,TSB-HB,0.8299871059329191
fixed,TSB-HB,0.6258605357019293
fixed,TSB-HB,0.0
fixed,TSB-HB,0.0
fixed,TSB-HB,0.0
fixed,TSB-HB,0.0
fixed,TSB-HB,0.68947244907408
fixed,TSB-HB,0.0
fixed,TSB-HB,0.877943586556991
fixed,TSB-HB,0.0
fixed,TSB-HB,0.7038281094297905
fixed,TSB-HB,0.0
fixed,TSB-HB,0.0
fixed,TSB-HB,0.0
fixed,TSB-HB,0.0
fixed,TSB-HB,0.0
fixed,TSB-HB,0.8274959692805405
fixed,TSB-HB,0.0
fixed,TSB-HB,0.0
fixed,TSB-HB,0.0
fixed,TSB-HB,0.0
fixed,TSB-HB,0.0
fixed,TSB-HB,0.0
fixed,TSB-HB,0.0
fixed,TSB-HB,0.0
fixed,TSB-HB,0.0
fixed,TSB-HB,0.0
fixed,TSB-HB,0.0
fixed,TSB-HB,0.0
fixed,TSB-HB,0.0
fixed,TSB-HB,0.0
fixed,TSB-HB,0.0
fixed,TSB-HB,0.6570762459215176
fixed,TSB-HB,0.0
fixed,TSB-HB,0.0
fixed,TSB-HB,0.0
fixed,TSB-HB,0.0
fixed,TSB-HB,0.9473474781884501
fixed,TSB-HB,0.8589476521554653
fixed,TSB-HB,0.6835607231534537
fixed,TSB-HB,0.0
fixed,TSB-HB,0.8589476521554653
fixed,TSB-HB,0.6835607231534537
fixed,TSB-HB,0.0
fixed,TSB-HB,0.9027485972855348
fixed,TSB-HB,0.0
fixed,TSB-HB,0.9879118236591532
fixed,TSB-HB,0.7393661220798552
fixed,TSB-HB,0.0
fixed,TSB-HB,0.0
fixed,TSB-HB,0.0
fixed,TSB-HB,0.0
fixed,TSB-HB,0.0
fixed,TSB-HB,0.722299820328071
fixed,TSB-HB,0.722299820328071
fixed,TSB-HB,0.0
fixed,TSB-HB,0.0
fixed,TSB-HB,0.0
fixed,TSB-HB,0.0
fixed,TSB-HB,0.0
fixed,TSB-HB,0.9819985753555251
fixed,TSB-HB,0.0
fixed,TSB-HB,0.0
fixed,TSB-HB,0.0
fixed,TSB-HB,0.0
fixed,TSB-HB,1.0
fixed,TSB-HB,0.8988918147644003
fixed,TSB-HB,0.0
fixed,TSB-HB,0.0
fixed,TSB-HB,0.0
fixed,TSB-HB,0.6845191416373915
fixed,TSB-HB,0.0
fixed,TSB-HB,0.8498577755304351
fixed,TSB-HB,0.8498577755304351
fixed,TSB-HB,0.0
fixed,TSB-HB,0.7061001214630346
fixed,TSB-HB,0.9611742968811908
fixed,TSB-HB,0.0
fixed,TSB-HB,0.0
fixed,TSB-HB,0.0
fixed,TSB-HB,0.0
fixed,TSB-HB,0.0
fixed,TSB-HB,0.0
fixed,TSB-HB,0.7659684585912813
fixed,TSB-HB,0.7659684585912813
fixed,TSB-HB,0.0
fixed,TSB-HB,1.0
fixed,TSB-HB,1.0
fixed,TSB-HB,0.0
fixed,TSB-HB,0.0
fixed,TSB-HB,0.6932609464558515
fixed,TSB-HB,0.0
fixed,TSB-HB,0.0
fixed,TSB-HB,0.0
fixed,TSB-HB,0.0
fixed,TSB-HB,0.0
fixed,TSB-HB,0.0
fixed,TSB-HB,0.0
fixed,TSB-HB,0.0
fixed,TSB-HB,0.7134211333495197
fixed,TSB-HB,0.0
fixed,TSB-HB,0.7134211333495197
fixed,TSB-HB,0.0
fixed,TSB-HB,0.0
fixed,TSB-HB,0.0
fixed,TSB-HB,0.0
fixed,TSB-HB,0.6857675176060221
fixed,TSB-HB,0.0
fixed,TSB-HB,0.852657647908519
fixed,TSB-HB,0.0
fixed,TSB-HB,0.0
fixed,TSB-HB,0.0
fixed,TSB-HB,0.0
fixed,TSB-HB,0.6964239039547963
fixed,TSB-HB,0.0
fixed,TSB-HB,0.0
fixed,TSB-HB,0.6508660632996277
fixed,TSB-HB,0.8497365007835092
fixed,TSB-HB,0.0
fixed,TSB-HB,0.8497365007835092
fixed,TSB-HB,0.0
fixed,TSB-HB,0.0
fixed,TSB-HB,0.0
fixed,TSB-HB,0.0
fixed,TSB-HB,0.0
fixed,TSB-HB,0.0
fixed,TSB-HB,0.8140777430930033
fixed,TSB-HB,0.621363266005584
fixed,TSB-HB,0.0
fixed,TSB-HB,0.0
fixed,TSB-HB,0.0
fixed,TSB-HB,0.0
fixed,TSB-HB,0.0
fixed,TSB-HB,0.0
fixed,TSB-HB,0.0
fixed,TSB-HB,0.0
fixed,TSB-HB,0.9846259290244694
fixed,TSB-HB,0.9846259290244694
fixed,TSB-HB,0.0
fixed,TSB-HB,0.0
fixed,TSB-HB,0.9181785153245697
fixed,TSB-HB,0.6724366216754492
fixed,TSB-HB,0.0
fixed,TSB-HB,0.9181785153245697
fixed,TSB-HB,0.6724366216754492
fixed,TSB-HB,0.0
fixed,TSB-HB,1.0
fixed,TSB-HB,0.0
fixed,TSB-HB,0.0
fixed,TSB-HB,0.0
fixed,TSB-HB,0.0
fixed,TSB-HB,0.0
fixed,TSB-HB,0.0
fixed,TSB-HB,0.0
fixed,TSB-HB,0.0
fixed,TSB-HB,0.0
fixed,TSB-HB,0.0
fixed,TSB-HB,0.0
fixed,TSB-HB,0.0
fixed,TSB-HB,0.0
fixed,TSB-HB,0.0
fixed,TSB-HB,0.0
fixed,TSB-HB,0.0
fixed,TSB-HB,0.0
fixed,TSB-HB,0.0
fixed,TSB-HB,0.0
fixed,TSB-HB,0.0
fixed,TSB-HB,0.0
fixed,TSB-HB,0.0
fixed,TSB-HB,0.0
fixed,TSB-HB,0.6496437869328378
fixed,TSB-HB,0.6496437869328378
fixed,TSB-HB,0.0
fixed,TSB-HB,0.7983829382616192
fixed,TSB-HB,0.0
fixed,TSB-HB,0.0
fixed,TSB-HB,0.0
fixed,TSB-HB,0.931697908224238
fixed,TSB-HB,0.6072038146370482
fixed,TSB-HB,0.8122107480101493
fixed,TSB-HB,0.6072038146370482
fixed,TSB-HB,0.975189630014644
fixed,TSB-HB,0.6862486090448232
fixed,TSB-HB,0.866868462254172
fixed,TSB-HB,0.6862486090448232
fixed,TSB-HB,0.0
fixed,TSB-HB,0.6862486090448232
fixed,TSB-HB,0.6862486090448232
fixed,TSB-HB,0.68092394585984
fixed,TSB-HB,0.0
fixed,TSB-HB,0.0
fixed,TSB-HB,0.68092394585984
fixed,TSB-HB,0.0
fixed,TSB-HB,0.68092394585984
fixed,TSB-HB,0.6727493099718247
fixed,TSB-HB,0.0
fixed,TSB-HB,0.0
fixed,TSB-HB,0.0
fixed,TSB-HB,0.9800535949922463
fixed,TSB-HB,0.0
fixed,TSB-HB,0.0
fixed,TSB-HB,0.0
fixed,TSB-HB,0.0
fixed,TSB-HB,0.0
fixed,TSB-HB,0.0
fixed,TSB-HB,0.0
fixed,TSB-HB,0.0
fixed,TSB-HB,1.0
fixed,TSB-HB,0.0
fixed,TSB-HB,0.0
fixed,TSB-HB,0.0
fixed,TSB-HB,0.0
fixed,TSB-HB,0.0
fixed,TSB-HB,0.0
fixed,TSB-HB,0.0
fixed,TSB-HB,0.0
fixed,TSB-HB,0.8273315347226743
fixed,TSB-HB,0.0
fixed,TSB-HB,0.8280813208453133
fixed,TSB-HB,0.0
fixed,TSB-HB,0.8280813208453133
fixed,TSB-HB,0.0
fixed,TSB-HB,0.0
fixed,TSB-HB,0.0
fixed,TSB-HB,0.0
fixed,TSB-HB,0.0
fixed,TSB-HB,0.0
fixed,TSB-HB,0.0
fixed,TSB-HB,0.8843366434821064
fixed,TSB-HB,0.0
fixed,TSB-HB,0.0
fixed,TSB-HB,0.0
fixed,TSB-HB,0.0
fixed,TSB-HB,0.0
fixed,TSB-HB,0.0
fixed,TSB-HB,0.0
fixed,TSB-HB,0.8571852306170455
fixed,TSB-HB,0.0
fixed,TSB-HB,0.0
fixed,TSB-HB,0.0
fixed,TSB-HB,0.0
fixed,TSB-HB,0.0
fixed,TSB-HB,0.7482980111998436
fixed,TSB-HB,0.0
fixed,TSB-HB,0.0
fixed,TSB-HB,0.0
fixed,TSB-HB,0.0
fixed,TSB-HB,0.0
fixed,TSB-HB,0.725690959510733
fixed,TSB-HB,0.725690959510733
fixed,TSB-HB,0.8828671024933602
fixed,TSB-HB,0.0
fixed,TSB-HB,0.0
fixed,TSB-HB,0.0
fixed,TSB-HB,0.0
fixed,TSB-HB,0.0
fixed,TSB-HB,0.0
fixed,TSB-HB,0.0
fixed,TSB-HB,0.0
fixed,TSB-HB,0.0
fixed,TSB-HB,0.8493315698382835
fixed,TSB-HB,0.0
fixed,TSB-HB,0.0
fixed,TSB-HB,0.8493315698382835
fixed,TSB-HB,0.0
fixed,TSB-HB,0.0
fixed,TSB-HB,0.0
fixed,TSB-HB,0.6777416230214184
fixed,TSB-HB,0.0
fixed,TSB-HB,0.6777416230214184
fixed,TSB-HB,0.0
fixed,TSB-HB,0.0
fixed,TSB-HB,0.0
fixed,TSB-HB,0.0
fixed,TSB-HB,0.0
fixed,TSB-HB,0.0
fixed,TSB-HB,0.0
fixed,TSB-HB,0.0
fixed,TSB-HB,0.9528443314595596
fixed,TSB-HB,0.7111294813327874
fixed,TSB-HB,0.0
fixed,TSB-HB,0.0
fixed,TSB-HB,0.0
fixed,TSB-HB,0.0
fixed,TSB-HB,0.0
fixed,TSB-HB,0.0
fixed,TSB-HB,0.7755696292872938
fixed,TSB-HB,0.0
fixed,TSB-HB,0.0
fixed,TSB-HB,1.0
fixed,TSB-HB,0.0
fixed,TSB-HB,0.0
fixed,TSB-HB,0.0
fixed,TSB-HB,0.0
fixed,TSB-HB,0.0
fixed,TSB-HB,0.0
fixed,TSB-HB,0.0
fixed,TSB-HB,0.0
fixed,TSB-HB,0.0
fixed,TSB-HB,0.0
fixed,TSB-HB,0.0
fixed,TSB-HB,0.0
fixed,TSB-HB,0.0
fixed,TSB-HB,0.6509802130174119
fixed,TSB-HB,0.6509802130174119
fixed,TSB-HB,0.0
fixed,TSB-HB,0.6509802130174119
fixed,TSB-HB,0.6509802130174119
fixed,TSB-HB,0.0
fixed,TSB-HB,0.0
fixed,TSB-HB,0.7846349176158551
fixed,TSB-HB,1.0
fixed,TSB-HB,0.9546690270583875
fixed,TSB-HB,0.7846349176158551
fixed,TSB-HB,0.0
fixed,TSB-HB,0.0
fixed,TSB-HB,0.8330164448684652
fixed,TSB-HB,0.0
fixed,TSB-HB,0.0
fixed,TSB-HB,0.8330164448684652
fixed,TSB-HB,0.0
fixed,TSB-HB,0.0
fixed,TSB-HB,0.0
fixed,TSB-HB,0.0
fixed,TSB-HB,0.948939949263238
fixed,TSB-HB,0.0
fixed,TSB-HB,0.0
fixed,TSB-HB,0.0
fixed,TSB-HB,0.0
fixed,TSB-HB,0.0
fixed,TSB-HB,0.0
fixed,TSB-HB,0.0
fixed,TSB-HB,0.9841290900559924
fixed,TSB-HB,0.0
fixed,TSB-HB,0.7485619661497492
fixed,TSB-HB,0.0
fixed,TSB-HB,0.0
fixed,TSB-HB,0.0
fixed,TSB-HB,0.6894168102928102
fixed,TSB-HB,0.6894168102928102
fixed,TSB-HB,0.6894168102928102
fixed,TSB-HB,0.0
fixed,TSB-HB,0.6894168102928102
fixed,TSB-HB,0.0
fixed,TSB-HB,0.0
fixed,TSB-HB,0.0
fixed,TSB-HB,0.0
fixed,TSB-HB,0.0
fixed,TSB-HB,0.6985366924143028
fixed,TSB-HB,0.0
fixed,TSB-HB,0.9293692312335122
fixed,TSB-HB,0.0
fixed,TSB-HB,0.6653977529235314
fixed,TSB-HB,0.9712079068327871
fixed,TSB-HB,0.0
fixed,TSB-HB,0.0
fixed,TSB-HB,0.0
fixed,TSB-HB,0.0
fixed,TSB-HB,0.632331446978401
fixed,TSB-HB,0.0
fixed,TSB-HB,0.0
fixed,TSB-HB,0.0
fixed,TSB-HB,0.0
fixed,TSB-HB,0.0
fixed,TSB-HB,0.0
fixed,TSB-HB,0.0
fixed,TSB-HB,0.0
fixed,TSB-HB,0.0
fixed,TSB-HB,0.6937572409605386
fixed,TSB-HB,0.836637377792987
fixed,TSB-HB,0.0
fixed,TSB-HB,0.0
fixed,TSB-HB,0.0
fixed,TSB-HB,0.0
fixed,TSB-HB,0.7101627840323388
fixed,TSB-HB,0.0
fixed,TSB-HB,0.0
fixed,TSB-HB,0.7101627840323388
fixed,TSB-HB,0.0
fixed,TSB-HB,0.7101627840323388
fixed,TSB-HB,0.0
fixed,TSB-HB,0.6735234239052424
fixed,TSB-HB,0.0
fixed,TSB-HB,0.8389272265586878
fixed,TSB-HB,0.0
fixed,TSB-HB,0.6735234239052424
fixed,TSB-HB,0.0
fixed,TSB-HB,0.0
fixed,TSB-HB,0.0
fixed,TSB-HB,0.0
fixed,TSB-HB,0.0
fixed,TSB-HB,0.0
fixed,TSB-HB,0.0
fixed,TSB-HB,0.0
fixed,TSB-HB,0.97227183447956
fixed,TSB-HB,1.0
fixed,TSB-HB,0.0
fixed,TSB-HB,0.0
fixed,TSB-HB,0.0
fixed,TSB-HB,0.0
fixed,TSB-HB,1.0
fixed,TSB-HB,0.0
fixed,TSB-HB,0.0
fixed,TSB-HB,0.0
fixed,TSB-HB,0.938013397732828
fixed,TSB-HB,0.0
fixed,TSB-HB,0.0
fixed,TSB-HB,0.938013397732828
fixed,TSB-HB,0.938013397732828
fixed,TSB-HB,0.938013397732828
fixed,TSB-HB,0.0
fixed,TSB-HB,0.0
fixed,TSB-HB,0.0
fixed,TSB-HB,0.0
fixed,TSB-HB,0.0
fixed,TSB-HB,0.0
fixed,TSB-HB,0.0
fixed,TSB-HB,1.0
fixed,TSB-HB,0.0
fixed,TSB-HB,0.0
fixed,TSB-HB,0.0
fixed,TSB-HB,1.0
fixed,TSB-HB,0.0
fixed,TSB-HB,0.0
fixed,TSB-HB,0.0
fixed,TSB-HB,0.0
fixed,TSB-HB,0.0
fixed,TSB-HB,0.9780635199222867
fixed,TSB-HB,0.0
fixed,TSB-HB,0.0
fixed,TSB-HB,0.0
fixed,TSB-HB,0.0
fixed,TSB-HB,0.0
fixed,TSB-HB,0.0
fixed,TSB-HB,0.0
fixed,TSB-HB,0.9643809393891498
fixed,TSB-HB,0.0
fixed,TSB-HB,0.0
fixed,TSB-HB,0.0
fixed,TSB-HB,0.0
fixed,TSB-HB,0.0
fixed,TSB-HB,0.0
fixed,TSB-HB,0.0
fixed,TSB-HB,0.0
fixed,TSB-HB,0.0
fixed,TSB-HB,0.0
fixed,TSB-HB,1.0
fixed,TSB-HB,0.0
fixed,TSB-HB,0.0
fixed,TSB-HB,0.0
fixed,TSB-HB,0.0
fixed,TSB-HB,0.0
fixed,TSB-HB,0.7804101048777338
fixed,TSB-HB,0.0
fixed,TSB-HB,0.0
fixed,TSB-HB,0.9503440962036568
fixed,TSB-HB,0.0
fixed,TSB-HB,0.7804101048777338
fixed,TSB-HB,0.6532063391363623
fixed,TSB-HB,0.0
fixed,TSB-HB,0.0
fixed,TSB-HB,0.0
fixed,TSB-HB,0.0
fixed,TSB-HB,0.6532063391363623
fixed,TSB-HB,0.0
fixed,TSB-HB,0.8269228940051268
fixed,TSB-HB,0.0
fixed,TSB-HB,0.6650453857047771
fixed,TSB-HB,0.8269228940051268
fixed,TSB-HB,0.0
fixed,TSB-HB,0.0
fixed,TSB-HB,0.0
fixed,TSB-HB,0.0
fixed,TSB-HB,0.0
fixed,TSB-HB,0.0
fixed,TSB-HB,0.0
fixed,TSB-HB,0.0
fixed,TSB-HB,0.0
fixed,TSB-HB,0.8524506460933962
fixed,TSB-HB,0.0
fixed,TSB-HB,0.0
fixed,TSB-HB,0.0
fixed,TSB-HB,0.0
fixed,TSB-HB,0.0
fixed,TSB-HB,0.0
fixed,TSB-HB,0.0
fixed,TSB-HB,0.8187730123854379
fixed,TSB-HB,0.8187730123854379
fixed,TSB-HB,0.0
fixed,TSB-HB,0.0
fixed,TSB-HB,0.9863742614330407
fixed,TSB-HB,0.0
fixed,TSB-HB,0.9863742614330407
fixed,TSB-HB,0.0
fixed,TSB-HB,0.0
fixed,TSB-HB,0.0
fixed,TSB-HB,0.0
fixed,TSB-HB,0.0
fixed,TSB-HB,0.0
fixed,TSB-HB,0.0
fixed,TSB-HB,0.0
fixed,TSB-HB,0.8848476259646915
fixed,TSB-HB,0.6626398985300208
fixed,TSB-HB,0.8848476259646915
fixed,TSB-HB,0.79266692545766
fixed,TSB-HB,0.9328804532425952
fixed,TSB-HB,0.6434502653865337
fixed,TSB-HB,0.6434502653865337
fixed,TSB-HB,0.0
fixed,TSB-HB,0.9149714810254113
fixed,TSB-HB,0.962589306543559
fixed,TSB-HB,0.0
fixed,TSB-HB,0.7346877751120376
fixed,TSB-HB,0.7346877751120376
fixed,TSB-HB,0.7346877751120376
fixed,TSB-HB,0.0
fixed,TSB-HB,0.0
fixed,TSB-HB,0.0
fixed,TSB-HB,0.0
fixed,TSB-HB,0.7583427873793833
fixed,TSB-HB,0.0
fixed,TSB-HB,0.9249455124871928
fixed,TSB-HB,0.8589164423404472
fixed,TSB-HB,0.6304088379705497
fixed,TSB-HB,0.8053435675831053
fixed,TSB-HB,0.0
fixed,TSB-HB,0.0
fixed,TSB-HB,0.0
fixed,TSB-HB,0.0
fixed,TSB-HB,0.0
fixed,TSB-HB,0.9121904631646585
fixed,TSB-HB,0.0
fixed,TSB-HB,0.0
fixed,TSB-HB,0.0
fixed,TSB-HB,0.6821791322856607
fixed,TSB-HB,0.9121904631646585
fixed,TSB-HB,0.0
fixed,TSB-HB,0.0
fixed,TSB-HB,0.9704795628484231
fixed,TSB-HB,0.0
fixed,TSB-HB,0.0
fixed,TSB-HB,0.0
fixed,TSB-HB,0.0
fixed,TSB-HB,0.5947764015813973
fixed,TSB-HB,0.0
fixed,TSB-HB,0.5947764015813973
fixed,TSB-HB,0.5947764015813973
fixed,TSB-HB,0.5947764015813973
fixed,TSB-HB,0.0
fixed,TSB-HB,0.9465167908567962
fixed,TSB-HB,0.0
fixed,TSB-HB,1.0
fixed,TSB-HB,1.0
fixed,TSB-HB,0.0
fixed,TSB-HB,0.0
fixed,TSB-HB,0.6640125461366817
fixed,TSB-HB,0.0
fixed,TSB-HB,0.0
fixed,TSB-HB,0.8169710439990037
fixed,TSB-HB,0.0
fixed,TSB-HB,0.0
fixed,TSB-HB,0.0
fixed,TSB-HB,0.0
fixed,TSB-HB,0.0
fixed,TSB-HB,0.0
fixed,TSB-HB,0.0
fixed,TSB-HB,0.0
fixed,TSB-HB,0.0
fixed,TSB-HB,0.0
fixed,TSB-HB,0.8402421137524978
fixed,TSB-HB,0.9233996928025998
fixed,TSB-HB,0.9233996928025998
fixed,TSB-HB,0.5788024811772854
fixed,TSB-HB,0.0
fixed,TSB-HB,0.0
fixed,TSB-HB,0.0
fixed,TSB-HB,0.5788024811772854
fixed,TSB-HB,0.0
fixed,TSB-HB,0.0
fixed,TSB-HB,0.6905795458920132
fixed,TSB-HB,0.6905795458920132
fixed,TSB-HB,0.6905795458920132
fixed,TSB-HB,0.0
fixed,TSB-HB,0.0
fixed,TSB-HB,0.8103534144828075
fixed,TSB-HB,0.0
fixed,TSB-HB,0.660081804422022
fixed,TSB-HB,0.965882617302951
fixed,TSB-HB,0.0
fixed,TSB-HB,0.0
fixed,TSB-HB,0.0
fixed,TSB-HB,0.8973502985806563
fixed,TSB-HB,0.0
fixed,TSB-HB,0.8973502985806563
fixed,TSB-HB,0.9744512176799973
fixed,TSB-HB,0.0
fixed,TSB-HB,0.942875980290733
fixed,TSB-HB,0.942875980290733
fixed,TSB-HB,0.6962588208676093
fixed,TSB-HB,0.0
fixed,TSB-HB,0.6962588208676093
fixed,TSB-HB,0.0
fixed,TSB-HB,0.0
fixed,TSB-HB,0.817641500072338
fixed,TSB-HB,0.6602071788623437
fixed,TSB-HB,0.0
fixed,TSB-HB,0.0
fixed,TSB-HB,0.0
fixed,TSB-HB,0.0
fixed,TSB-HB,0.8368617492529932
fixed,TSB-HB,0.0
fixed,TSB-HB,0.0
fixed,TSB-HB,0.0
fixed,TSB-HB,0.8368617492529932
fixed,TSB-HB,0.6808027018799607
fixed,TSB-HB,0.0
fixed,TSB-HB,0.0
fixed,TSB-HB,0.6808027018799607
fixed,TSB-HB,0.6808027018799607
fixed,TSB-HB,0.9401879468066139
fixed,TSB-HB,0.0
fixed,TSB-HB,0.0
fixed,TSB-HB,0.9886957889240693
fixed,TSB-HB,0.9886957889240693
fixed,TSB-HB,0.9886957889240693
fixed,TSB-HB,0.0
fixed,TSB-HB,0.0
fixed,TSB-HB,0.0
fixed,TSB-HB,0.0
fixed,TSB-HB,0.0
fixed,TSB-HB,0.0
fixed,TSB-HB,0.0
fixed,TSB-HB,0.0
fixed,TSB-HB,0.0
fixed,TSB-HB,0.0
fixed,TSB-HB,0.0
fixed,TSB-HB,0.0
fixed,TSB-HB,0.0
fixed,TSB-HB,0.0
fixed,TSB-HB,0.0
fixed,TSB-HB,0.9787716750669833
fixed,TSB-HB,0.0
fixed,TSB-HB,1.0
fixed,TSB-HB,0.0
fixed,TSB-HB,0.0
fixed,TSB-HB,0.0
fixed,TSB-HB,0.0
fixed,TSB-HB,1.0
fixed,TSB-HB,0.0
fixed,TSB-HB,1.0
fixed,TSB-HB,0.9690134691485638
fixed,TSB-HB,0.9690134691485638
fixed,TSB-HB,0.0
fixed,TSB-HB,0.0
fixed,TSB-HB,0.9690134691485638
fixed,TSB-HB,0.9690134691485638
fixed,TSB-HB,0.0
fixed,TSB-HB,0.8425789163599038
fixed,TSB-HB,0.0
fixed,TSB-HB,0.0
fixed,TSB-HB,0.8425789163599038
fixed,TSB-HB,0.0
fixed,TSB-HB,0.8645507948571134
fixed,TSB-HB,0.9545675028054954
fixed,TSB-HB,0.6923008519488311
fixed,TSB-HB,0.0
fixed,TSB-HB,0.8645507948571134
fixed,TSB-HB,0.6923008519488311
fixed,TSB-HB,0.8249033866364857
fixed,TSB-HB,0.0
fixed,TSB-HB,0.0
fixed,TSB-HB,0.0
fixed,TSB-HB,0.8249033866364857
fixed,TSB-HB,0.0
fixed,TSB-HB,0.0
fixed,TSB-HB,0.0
fixed,TSB-HB,0.0
fixed,TSB-HB,0.0
fixed,TSB-HB,0.0
fixed,TSB-HB,0.0
fixed,TSB-HB,0.0
fixed,TSB-HB,0.6681329610227246
fixed,TSB-HB,0.0
fixed,TSB-HB,0.6681329610227246
fixed,TSB-HB,0.6681329610227246
fixed,TSB-HB,0.6681329610227246
fixed,TSB-HB,0.6552966630172923
fixed,TSB-HB,0.0
fixed,TSB-HB,0.0
fixed,TSB-HB,0.0
fixed,TSB-HB,0.6552966630172923
fixed,TSB-HB,0.9285553126491701
fixed,TSB-HB,0.0
fixed,TSB-HB,0.0
fixed,TSB-HB,0.0
fixed,TSB-HB,0.0
fixed,TSB-HB,0.0
fixed,TSB-HB,0.0
fixed,TSB-HB,0.5837747640498244
fixed,TSB-HB,0.0
fixed,TSB-HB,0.5837747640498244
fixed,TSB-HB,0.914110712798869
fixed,TSB-HB,0.0
fixed,TSB-HB,0.5837747640498244
fixed,TSB-HB,0.0
fixed,TSB-HB,0.0
fixed,TSB-HB,0.9100539864139878
fixed,TSB-HB,0.9100539864139878
fixed,TSB-HB,1.0
fixed,TSB-HB,0.9100539864139878
fixed,TSB-HB,0.0
fixed,TSB-HB,1.0
fixed,TSB-HB,0.0
fixed,TSB-HB,0.0
fixed,TSB-HB,0.0
fixed,TSB-HB,0.0
fixed,TSB-HB,0.0
fixed,TSB-HB,0.0
fixed,TSB-HB,0.0
fixed,TSB-HB,0.0
fixed,TSB-HB,0.0
fixed,TSB-HB,0.0
fixed,TSB-HB,0.0
fixed,TSB-HB,0.7226578123925607
fixed,TSB-HB,0.0
fixed,TSB-HB,0.7226578123925607
fixed,TSB-HB,0.0
fixed,TSB-HB,0.8857083120254868
fixed,TSB-HB,0.0
fixed,TSB-HB,0.0
fixed,TSB-HB,0.8047404529814112
fixed,TSB-HB,0.0
fixed,TSB-HB,0.0
fixed,TSB-HB,0.0
fixed,TSB-HB,1.0
fixed,TSB-HB,1.0
fixed,TSB-HB,0.0
fixed,TSB-HB,0.7485078901386013
fixed,TSB-HB,0.0
fixed,TSB-HB,0.7485078901386013
fixed,TSB-HB,0.0
fixed,TSB-HB,0.6498248776463287
fixed,TSB-HB,0.0
fixed,TSB-HB,0.0
fixed,TSB-HB,0.0
fixed,TSB-HB,0.6498248776463287
fixed,TSB-HB,0.9852969652270995
fixed,TSB-HB,0.0
fixed,TSB-HB,0.0
fixed,TSB-HB,0.5820864187456881
fixed,TSB-HB,0.5820864187456881
fixed,TSB-HB,0.5820864187456881
fixed,TSB-HB,0.0
fixed,TSB-HB,0.0
fixed,TSB-HB,0.0
fixed,TSB-HB,0.8334568939395279
fixed,TSB-HB,0.0
fixed,TSB-HB,0.8334568939395279
fixed,TSB-HB,0.0
fixed,TSB-HB,0.0
fixed,TSB-HB,0.0
fixed,TSB-HB,0.0
fixed,TSB-HB,0.0
fixed,TSB-HB,0.0
fixed,TSB-HB,0.8706965921366625
fixed,TSB-HB,0.0
fixed,TSB-HB,0.7079483148243018
fixed,TSB-HB,0.0
fixed,TSB-HB,0.953243863549618
fixed,TSB-HB,0.0
fixed,TSB-HB,0.0
fixed,TSB-HB,0.0
fixed,TSB-HB,0.0
fixed,TSB-HB,0.0
fixed,TSB-HB,0.6887318279485459
fixed,TSB-HB,0.0
fixed,TSB-HB,0.8195212943293608
fixed,TSB-HB,0.8195212943293608
fixed,TSB-HB,0.8890425886587217
fixed,TSB-HB,0.8195212943293608
fixed,TSB-HB,0.8890425886587217
fixed,TSB-HB,0.0
fixed,TSB-HB,0.6724032088945622
fixed,TSB-HB,0.8214516856226447
fixed,TSB-HB,0.8214516856226447
fixed,TSB-HB,0.9233838802795964
fixed,TSB-HB,0.6724032088945622
fixed,TSB-HB,0.9233838802795964
fixed,TSB-HB,0.0
fixed,TSB-HB,0.8509166785069893
fixed,TSB-HB,0.8509166785069893
fixed,TSB-HB,0.0
fixed,TSB-HB,0.6811591889278457
fixed,TSB-HB,0.6811591889278457
fixed,TSB-HB,0.0
fixed,TSB-HB,0.0
fixed,TSB-HB,0.0
fixed,TSB-HB,0.0
fixed,TSB-HB,0.0
fixed,TSB-HB,0.0
fixed,TSB-HB,0.0
fixed,TSB-HB,0.0
fixed,TSB-HB,0.0
fixed,TSB-HB,0.0
fixed,TSB-HB,0.0
fixed,TSB-HB,0.0
fixed,TSB-HB,0.0
fixed,TSB-HB,0.0
fixed,TSB-HB,0.0
fixed,TSB-HB,0.0
fixed,TSB-HB,0.0
fixed,TSB-HB,0.0
fixed,TSB-HB,0.0
fixed,TSB-HB,0.0
fixed,TSB-HB,0.0
fixed,TSB-HB,0.0
fixed,TSB-HB,0.0
fixed,TSB-HB,0.0
fixed,TSB-HB,0.0
fixed,TSB-HB,0.0
fixed,TSB-HB,0.0
fixed,TSB-HB,0.0
fixed,TSB-HB,0.0
fixed,TSB-HB,0.0
fixed,TSB-HB,0.0
fixed,TSB-HB,0.0
fixed,TSB-HB,0.0
fixed,TSB-HB,0.0
fixed,TSB-HB,0.0
fixed,TSB-HB,0.0
fixed,TSB-HB,0.0
fixed,TSB-HB,0.0
fixed,TSB-HB,0.0
fixed,TSB-HB,0.0
fixed,TSB-HB,0.0
fixed,TSB-HB,0.0
fixed,TSB-HB,0.0
fixed,TSB-HB,0.0
fixed,TSB-HB,0.0
fixed,TSB-HB,0.0
fixed,TSB-HB,0.0
fixed,TSB-HB,0.0
fixed,TSB-HB,0.0
fixed,TSB-HB,0.0
fixed,TSB-HB,0.0
fixed,TSB-HB,0.0
fixed,TSB-HB,0.0
fixed,TSB-HB,0.0
fixed,TSB-HB,0.0
fixed,TSB-HB,0.0
fixed,TSB-HB,0.0
fixed,TSB-HB,0.0
fixed,TSB-HB,0.0
fixed,TSB-HB,0.0
fixed,TSB-HB,0.0
fixed,TSB-HB,0.0
fixed,TSB-HB,0.0
fixed,TSB-HB,0.0
fixed,TSB-HB,0.0
fixed,TSB-HB,0.0
fixed,TSB-HB,0.9377438036415267
fixed,TSB-HB,0.0
fixed,TSB-HB,0.0
fixed,TSB-HB,0.0
fixed,TSB-HB,0.0
fixed,TSB-HB,0.0
fixed,TSB-HB,0.0
fixed,TSB-HB,0.0
fixed,TSB-HB,0.0
fixed,TSB-HB,0.0
fixed,TSB-HB,0.0
fixed,TSB-HB,0.0
fixed,TSB-HB,0.0
fixed,TSB-HB,0.0
fixed,TSB-HB,0.0
fixed,TSB-HB,0.0
fixed,TSB-HB,0.0
fixed,TSB-HB,0.0
fixed,TSB-HB,0.0
fixed,TSB-HB,0.0
fixed,TSB-HB,0.0
fixed,TSB-HB,0.0
fixed,TSB-HB,0.0
fixed,TSB-HB,0.0
fixed,TSB-HB,0.0
fixed,TSB-HB,0.0
fixed,TSB-HB,0.0
fixed,TSB-HB,0.0
fixed,TSB-HB,0.0
fixed,TSB-HB,0.0
fixed,TSB-HB,0.0
fixed,TSB-HB,0.0
fixed,TSB-HB,0.0
fixed,TSB-HB,0.0
fixed,TSB-HB,0.0
fixed,TSB-HB,0.0
fixed,TSB-HB,0.0
fixed,TSB-HB,0.0
fixed,TSB-HB,0.0
fixed,TSB-HB,0.0
fixed,TSB-HB,0.0
fixed,TSB-HB,0.0
fixed,TSB-HB,0.0
fixed,TSB-HB,0.0
fixed,TSB-HB,0.0
fixed,TSB-HB,0.0
fixed,TSB-HB,0.0
fixed,TSB-HB,0.0
fixed,TSB-HB,0.0
fixed,TSB-HB,0.0
fixed,TSB-HB,0.0
fixed,TSB-HB,0.0
fixed,TSB-HB,0.0
fixed,TSB-HB,0.0
fixed,TSB-HB,0.0
fixed,TSB-HB,0.0
fixed,TSB-HB,0.0
fixed,TSB-HB,0.0
fixed,TSB-HB,0.0
fixed,TSB-HB,0.0
fixed,TSB-HB,0.0
fixed,TSB-HB,0.0
fixed,TSB-HB,0.0
fixed,TSB-HB,0.0
fixed,TSB-HB,0.0
fixed,TSB-HB,0.0
fixed,TSB-HB,0.0
fixed,TSB-HB,0.0
fixed,TSB-HB,0.0
fixed,TSB-HB,0.0
fixed,TSB-HB,0.0
fixed,TSB-HB,0.0
fixed,TSB-HB,0.0
fixed,TSB-HB,0.0
fixed,TSB-HB,0.0
fixed,TSB-HB,0.0
fixed,TSB-HB,0.0
fixed,TSB-HB,0.0
fixed,TSB-HB,0.0
fixed,TSB-HB,0.0
fixed,TSB-HB,0.0
fixed,TSB-HB,0.0
fixed,TSB-HB,0.0
fixed,TSB-HB,0.0
fixed,TSB-HB,0.0
fixed,TSB-HB,0.0
fixed,TSB-HB,0.0
fixed,TSB-HB,0.0
fixed,TSB-HB,0.0
fixed,TSB-HB,0.0
fixed,TSB-HB,0.0
fixed,TSB-HB,0.0
fixed,TSB-HB,0.0
fixed,TSB-HB,0.0
fixed,TSB-HB,0.0
fixed,TSB-HB,0.0
fixed,TSB-HB,0.0
fixed,TSB-HB,0.0
fixed,TSB-HB,0.0
fixed,TSB-HB,0.0
fixed,TSB-HB,0.0
fixed,TSB-HB,0.0
fixed,TSB-HB,0.0
fixed,TSB-HB,0.0
fixed,TSB-HB,0.0
fixed,TSB-HB,0.0
fixed,TSB-HB,0.9159845295516401
fixed,TSB-HB,0.0
fixed,TSB-HB,0.0
fixed,TSB-HB,0.0
fixed,TSB-HB,0.0
fixed,TSB-HB,0.0
fixed,TSB-HB,0.0
fixed,TSB-HB,0.0
fixed,TSB-HB,0.0
fixed,TSB-HB,0.0
fixed,TSB-HB,0.0
fixed,TSB-HB,0.9361674031998527
fixed,TSB-HB,0.0
fixed,TSB-HB,0.0
fixed,TSB-HB,0.0
fixed,TSB-HB,0.0
fixed,TSB-HB,0.0
fixed,TSB-HB,0.0
fixed,TSB-HB,0.0
fixed,TSB-HB,0.0
fixed,TSB-HB,0.0
fixed,TSB-HB,0.0
fixed,TSB-HB,0.0
fixed,TSB-HB,0.0
fixed,TSB-HB,0.0
fixed,TSB-HB,0.0
fixed,TSB-HB,0.0
fixed,TSB-HB,0.9360608260269354
fixed,TSB-HB,0.0
fixed,TSB-HB,0.0
fixed,TSB-HB,0.0
fixed,TSB-HB,0.0
fixed,TSB-HB,0.0
fixed,TSB-HB,0.0
fixed,TSB-HB,0.0
fixed,TSB-HB,0.0
fixed,TSB-HB,0.0
fixed,TSB-HB,0.0
fixed,TSB-HB,0.0
fixed,TSB-HB,0.0
fixed,TSB-HB,0.0
fixed,TSB-HB,0.0
fixed,TSB-HB,0.0
fixed,TSB-HB,0.0
fixed,TSB-HB,0.0
fixed,TSB-HB,0.0
fixed,TSB-HB,0.0
fixed,TSB-HB,0.0
fixed,TSB-HB,0.0
fixed,TSB-HB,0.0
fixed,TSB-HB,0.0
fixed,TSB-HB,0.0
fixed,TSB-HB,0.0
fixed,TSB-HB,0.0
fixed,TSB-HB,0.0
fixed,TSB-HB,0.0
fixed,TSB-HB,0.0
fixed,TSB-HB,0.0
fixed,TSB-HB,0.0
fixed,TSB-HB,0.0
fixed,TSB-HB,0.0
fixed,TSB-HB,0.0
fixed,TSB-HB,0.0
fixed,TSB-HB,0.0
fixed,TSB-HB,0.0
fixed,TSB-HB,0.0
fixed,TSB-HB,0.0
fixed,TSB-HB,0.0
fixed,TSB-HB,0.0
fixed,TSB-HB,0.0
fixed,TSB-HB,0.0
fixed,TSB-HB,0.0
fixed,TSB-HB,0.0
fixed,TSB-HB,0.0
fixed,TSB-HB,0.0
fixed,TSB-HB,0.0
fixed,TSB-HB,0.0
fixed,TSB-HB,0.0
fixed,TSB-HB,0.0
fixed,TSB-HB,0.0
fixed,TSB-HB,0.0
fixed,TSB-HB,0.0
fixed,TSB-HB,0.0
fixed,TSB-HB,0.0
fixed,TSB-HB,0.0
fixed,TSB-HB,0.0
fixed,TSB-HB,0.0
fixed,TSB-HB,0.0
fixed,TSB-HB,0.0
fixed,TSB-HB,0.0
fixed,TSB-HB,0.0
fixed,TSB-HB,0.9569776150872938
fixed,TSB-HB,0.0
fixed,TSB-HB,0.0
fixed,TSB-HB,0.0
fixed,TSB-HB,0.0
fixed,TSB-HB,0.0
fixed,TSB-HB,0.8840418398973194
fixed,TSB-HB,0.0
fixed,TSB-HB,0.0
fixed,TSB-HB,0.0
fixed,TSB-HB,0.0
fixed,TSB-HB,0.0
fixed,TSB-HB,0.0
fixed,TSB-HB,0.0
fixed,TSB-HB,0.0
fixed,TSB-HB,0.0
fixed,TSB-HB,0.0
fixed,TSB-HB,0.0
fixed,TSB-HB,0.0
fixed,TSB-HB,0.0
fixed,TSB-HB,0.0
fixed,TSB-HB,0.0
fixed,TSB-HB,0.9056594517074589
fixed,TSB-HB,0.9056594517074589
fixed,TSB-HB,0.0
fixed,TSB-HB,0.0
fixed,TSB-HB,0.0
fixed,TSB-HB,0.0
fixed,TSB-HB,0.0
fixed,TSB-HB,0.0
fixed,TSB-HB,0.0
fixed,TSB-HB,0.0
fixed,TSB-HB,0.0
fixed,TSB-HB,0.0
fixed,TSB-HB,0.0
fixed,TSB-HB,0.0
fixed,TSB-HB,0.0
fixed,TSB-HB,0.0
fixed,TSB-HB,0.0
fixed,TSB-HB,0.0
fixed,TSB-HB,0.0
fixed,TSB-HB,0.0
fixed,TSB-HB,0.0
fixed,TSB-HB,0.0
fixed,TSB-HB,0.0
fixed,TSB-HB,0.0
fixed,TSB-HB,0.0
fixed,TSB-HB,0.0
fixed,TSB-HB,0.0
fixed,TSB-HB,0.0
fixed,TSB-HB,0.0
fixed,TSB-HB,0.0
fixed,TSB-HB,0.0
fixed,TSB-HB,0.0
fixed,TSB-HB,0.0
fixed,TSB-HB,0.0
fixed,TSB-HB,0.0
fixed,TSB-HB,0.0
fixed,TSB-HB,0.0
fixed,TSB-HB,0.0
fixed,TSB-HB,0.0
fixed,TSB-HB,0.0
fixed,TSB-HB,0.0
fixed,TSB-HB,0.0
fixed,TSB-HB,0.0
fixed,TSB-HB,0.0
fixed,TSB-HB,0.0
fixed,TSB-HB,0.0
fixed,TSB-HB,0.9357424275261876
fixed,TSB-HB,0.0
fixed,TSB-HB,0.970503496056018
fixed,TSB-HB,0.0
fixed,TSB-HB,0.0
fixed,TSB-HB,0.0
fixed,TSB-HB,0.0
fixed,TSB-HB,0.0
fixed,TSB-HB,0.0
fixed,TSB-HB,0.0
fixed,TSB-HB,0.0
fixed,TSB-HB,0.0
fixed,TSB-HB,0.0
fixed,TSB-HB,0.0
fixed,TSB-HB,0.0
fixed,TSB-HB,0.0
fixed,TSB-HB,0.0
fixed,TSB-HB,0.0
fixed,TSB-HB,0.0
fixed,TSB-HB,0.0
fixed,TSB-HB,0.0
fixed,TSB-HB,0.0
fixed,TSB-HB,0.0
fixed,TSB-HB,0.0
fixed,TSB-HB,0.0
fixed,TSB-HB,0.0
fixed,TSB-HB,0.0
fixed,TSB-HB,0.0
fixed,TSB-HB,0.0
fixed,TSB-HB,0.0
fixed,TSB-HB,0.0
fixed,TSB-HB,0.0
fixed,TSB-HB,0.0
fixed,TSB-HB,0.0
fixed,TSB-HB,0.0
fixed,TSB-HB,0.0
fixed,TSB-HB,0.0
fixed,TSB-HB,0.0
fixed,TSB-HB,0.0
fixed,TSB-HB,0.0
fixed,TSB-HB,0.0
fixed,TSB-HB,0.0
fixed,TSB-HB,0.935497100192687
fixed,TSB-HB,0.0
fixed,TSB-HB,0.0
fixed,TSB-HB,0.0
fixed,TSB-HB,0.0
fixed,TSB-HB,0.0
fixed,TSB-HB,0.0
fixed,TSB-HB,0.0
fixed,TSB-HB,0.0
fixed,TSB-HB,0.0
fixed,TSB-HB,0.0
fixed,TSB-HB,0.0
fixed,TSB-HB,0.0
fixed,TSB-HB,0.0
fixed,TSB-HB,0.0
fixed,TSB-HB,0.0
fixed,TSB-HB,0.0
fixed,TSB-HB,0.8724600205804142
fixed,TSB-HB,0.0
fixed,TSB-HB,0.0
fixed,TSB-HB,0.0
fixed,TSB-HB,0.0
fixed,TSB-HB,0.0
fixed,TSB-HB,0.0
fixed,TSB-HB,0.8667492589584079
fixed,TSB-HB,0.0
fixed,TSB-HB,0.0
fixed,TSB-HB,0.0
fixed,TSB-HB,0.0
fixed,TSB-HB,0.0
fixed,TSB-HB,0.0
fixed,TSB-HB,0.0
fixed,TSB-HB,0.0
fixed,TSB-HB,0.0
fixed,TSB-HB,0.0
fixed,TSB-HB,0.0
fixed,TSB-HB,0.0
fixed,TSB-HB,0.0
fixed,TSB-HB,0.0
fixed,TSB-HB,0.0
fixed,TSB-HB,0.9171741685032494
fixed,TSB-HB,0.0
fixed,TSB-HB,0.0
fixed,TSB-HB,0.0
fixed,TSB-HB,0.0
fixed,TSB-HB,0.0
fixed,TSB-HB,0.0
fixed,TSB-HB,0.0
fixed,TSB-HB,0.0
fixed,TSB-HB,0.0
fixed,TSB-HB,0.8762725677772877
fixed,TSB-HB,0.0
fixed,TSB-HB,0.0
fixed,TSB-HB,0.0
fixed,TSB-HB,0.0
fixed,TSB-HB,0.0
fixed,TSB-HB,0.9364138459725487
fixed,TSB-HB,0.0
fixed,TSB-HB,0.0
fixed,TSB-HB,0.0
fixed,TSB-HB,0.9335585363041736
fixed,TSB-HB,0.0
fixed,TSB-HB,0.0
fixed,TSB-HB,0.0
fixed,TSB-HB,0.0
fixed,TSB-HB,0.0
fixed,TSB-HB,0.0
fixed,TSB-HB,0.0
fixed,TSB-HB,0.0
fixed,TSB-HB,0.0
fixed,TSB-HB,0.0
fixed,TSB-HB,0.0
fixed,TSB-HB,0.0
fixed,TSB-HB,0.0
fixed,TSB-HB,0.0
fixed,TSB-HB,0.9711820795409303
fixed,TSB-HB,0.0
fixed,TSB-HB,0.0
fixed,TSB-HB,0.0
fixed,TSB-HB,0.0
fixed,TSB-HB,0.0
fixed,TSB-HB,0.0
fixed,TSB-HB,0.0
fixed,TSB-HB,0.0
fixed,TSB-HB,0.0
fixed,TSB-HB,0.0
fixed,TSB-HB,0.0
fixed,TSB-HB,0.0
fixed,TSB-HB,0.0
fixed,TSB-HB,0.0
fixed,TSB-HB,0.0
fixed,TSB-HB,0.0
fixed,TSB-HB,0.0
fixed,TSB-HB,0.0
fixed,TSB-HB,0.0
fixed,TSB-HB,0.0
fixed,TSB-HB,0.0
fixed,TSB-HB,0.0
fixed,TSB-HB,0.0
fixed,TSB-HB,0.0
fixed,TSB-HB,0.0
fixed,TSB-HB,0.0
fixed,TSB-HB,0.0
fixed,TSB-HB,0.0
fixed,TSB-HB,0.0
fixed,TSB-HB,0.0
fixed,TSB-HB,0.0
fixed,TSB-HB,0.0
fixed,TSB-HB,0.0
fixed,TSB-HB,0.0
fixed,TSB-HB,0.0
fixed,TSB-HB,0.0
fixed,TSB-HB,0.0
fixed,TSB-HB,0.0
fixed,TSB-HB,0.0
fixed,TSB-HB,0.0
fixed,TSB-HB,0.0
fixed,TSB-HB,0.0
fixed,TSB-HB,0.0
fixed,TSB-HB,0.0
fixed,TSB-HB,0.0
fixed,TSB-HB,0.0
fixed,TSB-HB,0.0
fixed,TSB-HB,0.0
fixed,TSB-HB,0.0
fixed,TSB-HB,0.866363085086302
fixed,TSB-HB,0.0
fixed,TSB-HB,0.0
fixed,TSB-HB,0.0
fixed,TSB-HB,0.0
fixed,TSB-HB,0.0
fixed,TSB-HB,0.0
fixed,TSB-HB,0.0
fixed,TSB-HB,0.0
fixed,TSB-HB,0.0
fixed,TSB-HB,0.8601809652898951
fixed,TSB-HB,0.0
fixed,TSB-HB,0.0
fixed,TSB-HB,0.0
fixed,TSB-HB,0.0
fixed,TSB-HB,0.0
fixed,TSB-HB,0.0
fixed,TSB-HB,0.0
fixed,TSB-HB,0.0
fixed,TSB-HB,0.0
fixed,TSB-HB,0.0
fixed,TSB-HB,0.0
fixed,TSB-HB,0.0
fixed,TSB-HB,0.0
fixed,TSB-HB,0.0
fixed,TSB-HB,0.0
fixed,TSB-HB,0.0
fixed,TSB-HB,0.0
fixed,TSB-HB,0.0
fixed,TSB-HB,0.0
fixed,TSB-HB,0.0
fixed,TSB-HB,0.0
fixed,TSB-HB,0.0
fixed,TSB-HB,0.0
fixed,TSB-HB,0.0
fixed,TSB-HB,0.0
fixed,TSB-HB,0.0
fixed,TSB-HB,0.0
fixed,TSB-HB,0.0
fixed,TSB-HB,0.0
fixed,TSB-HB,0.0
fixed,TSB-HB,0.0
fixed,TSB-HB,0.0
fixed,TSB-HB,0.0
fixed,TSB-HB,0.0
fixed,TSB-HB,0.0
fixed,TSB-HB,0.0
fixed,TSB-HB,0.0
fixed,TSB-HB,0.0
fixed,TSB-HB,0.0
fixed,TSB-HB,0.9510944889245263
fixed,TSB-HB,0.0
fixed,TSB-HB,0.0
fixed,TSB-HB,0.0
fixed,TSB-HB,0.0
fixed,TSB-HB,0.0
fixed,TSB-HB,0.0
fixed,TSB-HB,0.0
fixed,TSB-HB,0.0
fixed,TSB-HB,0.0
fixed,TSB-HB,0.0
fixed,TSB-HB,0.0
fixed,TSB-HB,0.0
fixed,TSB-HB,0.0
fixed,TSB-HB,0.0
fixed,TSB-HB,0.0
fixed,TSB-HB,0.0
fixed,TSB-HB,0.0
fixed,TSB-HB,0.0
fixed,TSB-HB,0.0
fixed,TSB-HB,0.0
fixed,TSB-HB,0.0
fixed,TSB-HB,0.0
fixed,TSB-HB,0.0
fixed,TSB-HB,0.0
fixed,TSB-HB,0.0
fixed,TSB-HB,0.0
fixed,TSB-HB,0.0
fixed,TSB-HB,0.0
fixed,TSB-HB,0.9095059093596705
fixed,TSB-HB,0.0
fixed,TSB-HB,0.0
fixed,TSB-HB,0.0
fixed,TSB-HB,0.0
fixed,TSB-HB,0.0
fixed,TSB-HB,0.0
fixed,TSB-HB,0.0
fixed,TSB-HB,0.8935298890993342
fixed,TSB-HB,0.0
fixed,TSB-HB,0.8935298890993342
fixed,TSB-HB,0.0
fixed,TSB-HB,0.0
fixed,TSB-HB,0.0
fixed,TSB-HB,0.0
fixed,TSB-HB,0.0
fixed,TSB-HB,0.0
fixed,TSB-HB,0.0
fixed,TSB-HB,0.0
fixed,TSB-HB,0.0
fixed,TSB-HB,0.0
fixed,TSB-HB,0.0
fixed,TSB-HB,0.0
fixed,TSB-HB,0.0
fixed,TSB-HB,0.9678338039126908
fixed,TSB-HB,0.931344552344966
fixed,TSB-HB,0.0
fixed,TSB-HB,0.0
fixed,TSB-HB,0.0
fixed,TSB-HB,0.0
fixed,TSB-HB,0.0
fixed,TSB-HB,0.0
fixed,TSB-HB,0.0
fixed,TSB-HB,0.0
fixed,TSB-HB,0.0
fixed,TSB-HB,0.0
fixed,TSB-HB,0.0
fixed,TSB-HB,0.0
fixed,TSB-HB,0.0
fixed,TSB-HB,0.9320006572945915
fixed,TSB-HB,0.0
fixed,TSB-HB,0.0
fixed,TSB-HB,0.0
fixed,TSB-HB,0.0
fixed,TSB-HB,0.0
fixed,TSB-HB,0.0
fixed,TSB-HB,0.0
fixed,TSB-HB,0.0
fixed,TSB-HB,0.0
fixed,TSB-HB,0.0
fixed,TSB-HB,0.0
fixed,TSB-HB,0.8696602123014309
fixed,TSB-HB,0.0
fixed,TSB-HB,0.0
fixed,TSB-HB,0.866285394577823
fixed,TSB-HB,0.0
fixed,TSB-HB,0.0
fixed,TSB-HB,0.0
fixed,TSB-HB,0.0
fixed,TSB-HB,0.0
fixed,TSB-HB,0.0
fixed,TSB-HB,0.0
fixed,TSB-HB,0.0
fixed,TSB-HB,0.0
fixed,TSB-HB,0.0
fixed,TSB-HB,0.9708321745176446
fixed,TSB-HB,0.0
fixed,TSB-HB,0.0
fixed,TSB-HB,0.0
fixed,TSB-HB,0.0
fixed,TSB-HB,0.0
fixed,TSB-HB,0.0
fixed,TSB-HB,0.0
fixed,TSB-HB,0.0
fixed,TSB-HB,0.0
fixed,TSB-HB,0.0
fixed,TSB-HB,0.0
fixed,TSB-HB,0.0
fixed,TSB-HB,0.0
fixed,TSB-HB,0.0
fixed,TSB-HB,0.0
fixed,TSB-HB,0.0
fixed,TSB-HB,0.0
fixed,TSB-HB,0.0
fixed,TSB-HB,0.0
fixed,TSB-HB,0.9203226210014949
fixed,TSB-HB,0.0
fixed,TSB-HB,0.0
fixed,TSB-HB,0.0
fixed,TSB-HB,0.0
fixed,TSB-HB,0.0
fixed,TSB-HB,0.0
fixed,TSB-HB,0.0
fixed,TSB-HB,0.0
fixed,TSB-HB,0.0
fixed,TSB-HB,0.0
fixed,TSB-HB,0.9332367657972472
fixed,TSB-HB,0.0
fixed,TSB-HB,0.0
fixed,TSB-HB,0.0
fixed,TSB-HB,0.0
fixed,TSB-HB,0.0
fixed,TSB-HB,0.0
fixed,TSB-HB,0.0
fixed,TSB-HB,0.0
fixed,TSB-HB,0.0
fixed,TSB-HB,0.0
fixed,TSB-HB,0.0
fixed,TSB-HB,0.0
fixed,TSB-HB,0.0
fixed,TSB-HB,0.0
fixed,TSB-HB,0.0
fixed,TSB-HB,0.0
fixed,TSB-HB,0.0
fixed,TSB-HB,0.0
fixed,TSB-HB,0.0
fixed,TSB-HB,0.0
fixed,TSB-HB,0.0
fixed,TSB-HB,0.0
fixed,TSB-HB,0.0
fixed,TSB-HB,0.0
fixed,TSB-HB,0.0
fixed,TSB-HB,0.0
fixed,TSB-HB,0.0
fixed,TSB-HB,0.9614824329745617
fixed,TSB-HB,0.0
fixed,TSB-HB,0.0
fixed,TSB-HB,0.0
fixed,TSB-HB,0.0
fixed,TSB-HB,0.0
fixed,TSB-HB,0.0
fixed,TSB-HB,0.0
fixed,TSB-HB,0.0
fixed,TSB-HB,0.0
fixed,TSB-HB,0.0
fixed,TSB-HB,0.0
fixed,TSB-HB,0.0
fixed,TSB-HB,0.0
fixed,TSB-HB,0.0
fixed,TSB-HB,0.0
fixed,TSB-HB,0.0
fixed,TSB-HB,0.0
fixed,TSB-HB,0.0
fixed,TSB-HB,0.0
fixed,TSB-HB,0.0
fixed,TSB-HB,0.0
fixed,TSB-HB,0.0
fixed,TSB-HB,0.0
fixed,TSB-HB,0.0
fixed,TSB-HB,0.0
fixed,TSB-HB,0.0
fixed,TSB-HB,0.0
fixed,TSB-HB,0.0
fixed,TSB-HB,0.0
fixed,TSB-HB,0.0
fixed,TSB-HB,0.0
fixed,TSB-HB,0.0
fixed,TSB-HB,0.0
fixed,TSB-HB,0.0
fixed,TSB-HB,0.0
fixed,TSB-HB,0.0
fixed,TSB-HB,0.0
fixed,TSB-HB,0.0
fixed,TSB-HB,0.0
fixed,TSB-HB,0.0
fixed,TSB-HB,0.0
fixed,TSB-HB,0.0
fixed,TSB-HB,0.0
fixed,TSB-HB,0.0
fixed,TSB-HB,0.0
fixed,TSB-HB,0.0
fixed,TSB-HB,0.9352764279720985
fixed,TSB-HB,0.0
fixed,TSB-HB,0.8758005949814449
fixed,TSB-HB,0.0
fixed,TSB-HB,0.0
fixed,TSB-HB,0.0
fixed,TSB-HB,0.0
fixed,TSB-HB,0.0
fixed,TSB-HB,0.0
fixed,TSB-HB,0.0
fixed,TSB-HB,0.0
fixed,TSB-HB,0.0
fixed,TSB-HB,0.8891594274929187
fixed,TSB-HB,0.0
fixed,TSB-HB,0.0
fixed,TSB-HB,0.0
fixed,TSB-HB,0.0
fixed,TSB-HB,0.0
fixed,TSB-HB,0.0
fixed,TSB-HB,0.0
fixed,TSB-HB,0.0
fixed,TSB-HB,0.0
fixed,TSB-HB,0.0
fixed,TSB-HB,0.0
fixed,TSB-HB,0.0
fixed,TSB-HB,0.0
fixed,TSB-HB,0.0
fixed,TSB-HB,0.0
fixed,TSB-HB,0.0
fixed,TSB-HB,0.0
fixed,TSB-HB,0.0
fixed,TSB-HB,0.0
fixed,TSB-HB,0.0
fixed,TSB-HB,0.0
fixed,TSB-HB,0.0
fixed,TSB-HB,0.0
fixed,TSB-HB,0.0
fixed,TSB-HB,0.0
fixed,TSB-HB,0.0
fixed,TSB-HB,0.0
fixed,TSB-HB,0.9369524791223801
fixed,TSB-HB,0.0
fixed,TSB-HB,0.9369524791223801
fixed,TSB-HB,0.0
fixed,TSB-HB,0.0
fixed,TSB-HB,0.0
fixed,TSB-HB,0.0
fixed,TSB-HB,0.0
fixed,TSB-HB,0.0
fixed,TSB-HB,0.0
fixed,TSB-HB,0.9354446364579083
fixed,TSB-HB,0.0
fixed,TSB-HB,0.0
fixed,TSB-HB,0.0
fixed,TSB-HB,0.0
fixed,TSB-HB,0.0
fixed,TSB-HB,0.0
fixed,TSB-HB,0.0
fixed,TSB-HB,0.0
fixed,TSB-HB,0.0
fixed,TSB-HB,0.0
fixed,TSB-HB,0.0
fixed,TSB-HB,0.0
fixed,TSB-HB,0.0
fixed,TSB-HB,0.0
fixed,TSB-HB,0.0
fixed,TSB-HB,0.0
fixed,TSB-HB,0.0
fixed,TSB-HB,0.0
fixed,TSB-HB,0.0
fixed,TSB-HB,0.0
fixed,TSB-HB,0.0
fixed,TSB-HB,0.0
fixed,TSB-HB,0.0
fixed,TSB-HB,0.0
fixed,TSB-HB,0.0
fixed,TSB-HB,0.0
fixed,TSB-HB,0.0
fixed,TSB-HB,0.0
fixed,TSB-HB,0.0
fixed,TSB-HB,0.0
fixed,TSB-HB,0.0
fixed,TSB-HB,0.0
fixed,TSB-HB,0.0
fixed,TSB-HB,0.0
fixed,TSB-HB,0.0
fixed,TSB-HB,0.0
fixed,TSB-HB,0.0
fixed,TSB-HB,0.0
fixed,TSB-HB,0.8903259936067498
fixed,TSB-HB,0.0
fixed,TSB-HB,0.0
fixed,TSB-HB,0.0
fixed,TSB-HB,0.0
fixed,TSB-HB,0.0
fixed,TSB-HB,0.0
fixed,TSB-HB,0.0
fixed,TSB-HB,0.0
fixed,TSB-HB,0.0
fixed,TSB-HB,0.0
fixed,TSB-HB,0.0
fixed,TSB-HB,0.0
fixed,TSB-HB,0.0
fixed,TSB-HB,0.0
fixed,TSB-HB,0.0
fixed,TSB-HB,0.0
fixed,TSB-HB,0.0
fixed,TSB-HB,0.0
fixed,TSB-HB,0.0
fixed,TSB-HB,0.0
fixed,TSB-HB,0.0
fixed,TSB-HB,0.0
fixed,TSB-HB,0.0
fixed,TSB-HB,0.0
fixed,TSB-HB,0.0
fixed,TSB-HB,0.0
fixed,TSB-HB,0.0
fixed,TSB-HB,0.0
fixed,TSB-HB,0.0
fixed,TSB-HB,0.0
fixed,TSB-HB,0.0
fixed,TSB-HB,0.0
fixed,TSB-HB,0.0
fixed,TSB-HB,0.0
fixed,TSB-HB,0.0
fixed,TSB-HB,0.0
fixed,TSB-HB,0.0
fixed,TSB-HB,0.0
fixed,TSB-HB,0.0
fixed,TSB-HB,0.0
fixed,TSB-HB,0.0
fixed,TSB-HB,0.0
fixed,TSB-HB,0.9188294539032814
fixed,TSB-HB,0.0
fixed,TSB-HB,0.0
fixed,TSB-HB,0.0
fixed,TSB-HB,0.0
fixed,TSB-HB,0.0
fixed,TSB-HB,0.9092551623502435
fixed,TSB-HB,0.0
fixed,TSB-HB,0.0
fixed,TSB-HB,0.0
fixed,TSB-HB,0.0
fixed,TSB-HB,0.0
fixed,TSB-HB,0.0
fixed,TSB-HB,0.0
fixed,TSB-HB,0.0
fixed,TSB-HB,0.0
fixed,TSB-HB,0.0
fixed,TSB-HB,0.0
fixed,TSB-HB,0.0
fixed,TSB-HB,0.9090561988239415
fixed,TSB-HB,0.0
fixed,TSB-HB,0.9202588980874192
fixed,TSB-HB,0.0
fixed,TSB-HB,0.0
fixed,TSB-HB,0.0
fixed,TSB-HB,0.0
fixed,TSB-HB,0.0
fixed,TSB-HB,0.0
fixed,TSB-HB,0.0
fixed,TSB-HB,0.0
fixed,TSB-HB,0.0
fixed,TSB-HB,0.0
fixed,TSB-HB,0.0
fixed,TSB-HB,0.0
fixed,TSB-HB,0.0
fixed,TSB-HB,0.0
fixed,TSB-HB,0.0
fixed,TSB-HB,0.0
fixed,TSB-HB,0.0
fixed,TSB-HB,0.0
fixed,TSB-HB,0.0
fixed,TSB-HB,0.0
fixed,TSB-HB,0.0
fixed,TSB-HB,0.0
fixed,TSB-HB,0.0
fixed,TSB-HB,0.0
fixed,TSB-HB,0.0
fixed,TSB-HB,0.0
fixed,TSB-HB,0.0
fixed,TSB-HB,0.0
fixed,TSB-HB,0.0
fixed,TSB-HB,0.0
fixed,TSB-HB,0.0
fixed,TSB-HB,0.0
fixed,TSB-HB,0.8953323868391049
fixed,TSB-HB,0.0
fixed,TSB-HB,0.0
fixed,TSB-HB,0.0
fixed,TSB-HB,0.0
fixed,TSB-HB,0.0
fixed,TSB-HB,0.0
fixed,TSB-HB,0.0
fixed,TSB-HB,0.0
fixed,TSB-HB,0.0
fixed,TSB-HB,0.0
fixed,TSB-HB,0.0
fixed,TSB-HB,0.0
fixed,TSB-HB,0.0
fixed,TSB-HB,0.0
fixed,TSB-HB,0.0
fixed,TSB-HB,0.0
fixed,TSB-HB,0.0
fixed,TSB-HB,0.0
fixed,TSB-HB,0.0
fixed,TSB-HB,0.0
fixed,TSB-HB,0.0
fixed,TSB-HB,0.0
fixed,TSB-HB,0.8610832146588382
fixed,TSB-HB,0.0
fixed,TSB-HB,0.8610832146588382
fixed,TSB-HB,0.0
fixed,TSB-HB,0.0
fixed,TSB-HB,0.0
fixed,TSB-HB,0.0
fixed,TSB-HB,0.0
fixed,TSB-HB,0.0
fixed,TSB-HB,0.0
fixed,TSB-HB,0.0
fixed,TSB-HB,0.0
fixed,TSB-HB,0.0
fixed,TSB-HB,0.0
fixed,TSB-HB,0.9090799591558593
fixed,TSB-HB,0.0
fixed,TSB-HB,0.0
fixed,TSB-HB,0.0
fixed,TSB-HB,0.0
fixed,TSB-HB,0.0
fixed,TSB-HB,0.0
fixed,TSB-HB,0.0
fixed,TSB-HB,0.0
fixed,TSB-HB,0.0
fixed,TSB-HB,0.0
fixed,TSB-HB,0.0
fixed,TSB-HB,0.0
fixed,TSB-HB,0.0
fixed,TSB-HB,0.0
fixed,TSB-HB,0.0
fixed,TSB-HB,0.9351565116981471
fixed,TSB-HB,0.0
fixed,TSB-HB,0.0
fixed,TSB-HB,0.0
fixed,TSB-HB,0.0
fixed,TSB-HB,0.0
fixed,TSB-HB,0.0
fixed,TSB-HB,0.0
fixed,TSB-HB,0.0
fixed,TSB-HB,0.0
fixed,TSB-HB,0.0
fixed,TSB-HB,0.0
fixed,TSB-HB,0.0
fixed,TSB-HB,0.0
fixed,TSB-HB,0.0
fixed,TSB-HB,0.0
fixed,TSB-HB,0.0
fixed,TSB-HB,0.879395909583172
fixed,TSB-HB,0.0
fixed,TSB-HB,0.0
fixed,TSB-HB,0.0
fixed,TSB-HB,0.0
fixed,TSB-HB,0.0
fixed,TSB-HB,0.0
fixed,TSB-HB,0.0
fixed,TSB-HB,0.0
fixed,TSB-HB,0.0
fixed,TSB-HB,0.0
fixed,TSB-HB,0.0
fixed,TSB-HB,0.0
fixed,TSB-HB,0.0
fixed,TSB-HB,0.0
fixed,TSB-HB,0.0
fixed,TSB-HB,0.0
fixed,TSB-HB,0.0
fixed,TSB-HB,0.0
fixed,TSB-HB,0.0
fixed,TSB-HB,0.0
fixed,TSB-HB,0.0
fixed,TSB-HB,0.8951195767619812
fixed,TSB-HB,0.9586566675007325
fixed,TSB-HB,0.0
fixed,TSB-HB,0.0
fixed,TSB-HB,0.8951195767619812
fixed,TSB-HB,0.0
fixed,TSB-HB,1.0
fixed,TSB-HB,0.0
fixed,TSB-HB,0.0
fixed,TSB-HB,0.0
fixed,TSB-HB,0.0
fixed,TSB-HB,0.0
fixed,TSB-HB,0.9656869322443677
fixed,TSB-HB,0.9193217281859196
fixed,TSB-HB,0.0
fixed,TSB-HB,0.0
fixed,TSB-HB,0.0
fixed,TSB-HB,0.0
fixed,TSB-HB,0.9675873487566861
fixed,TSB-HB,0.9289052741601044
fixed,TSB-HB,0.0
fixed,TSB-HB,0.0
fixed,TSB-HB,0.0
fixed,TSB-HB,0.0
fixed,TSB-HB,0.0
fixed,TSB-HB,0.0
fixed,TSB-HB,0.0
fixed,TSB-HB,0.0
fixed,TSB-HB,0.0
fixed,TSB-HB,0.0
fixed,TSB-HB,0.0
fixed,TSB-HB,0.0
fixed,TSB-HB,0.0
fixed,TSB-HB,0.0
fixed,TSB-HB,0.0
fixed,TSB-HB,0.0
fixed,TSB-HB,0.0
fixed,TSB-HB,0.0
fixed,TSB-HB,0.0
fixed,TSB-HB,0.0
fixed,TSB-HB,0.863400752941518
fixed,TSB-HB,0.0
fixed,TSB-HB,0.0
fixed,TSB-HB,0.0
fixed,TSB-HB,0.0
fixed,TSB-HB,0.0
fixed,TSB-HB,0.0
fixed,TSB-HB,0.0
fixed,TSB-HB,0.9364234254690148
fixed,TSB-HB,0.0
fixed,TSB-HB,0.9364234254690148
fixed,TSB-HB,0.0
fixed,TSB-HB,0.9716112723750292
fixed,TSB-HB,0.0
fixed,TSB-HB,0.0
fixed,TSB-HB,0.0
fixed,TSB-HB,0.0
fixed,TSB-HB,0.0
fixed,TSB-HB,0.0
fixed,TSB-HB,0.0
fixed,TSB-HB,0.0
fixed,TSB-HB,0.0
fixed,TSB-HB,0.0
fixed,TSB-HB,0.0
fixed,TSB-HB,0.0
fixed,TSB-HB,0.0
fixed,TSB-HB,1.0
fixed,TSB-HB,0.0
fixed,TSB-HB,0.0
fixed,TSB-HB,0.0
fixed,TSB-HB,0.0
fixed,TSB-HB,0.0
fixed,TSB-HB,0.0
fixed,TSB-HB,0.0
fixed,TSB-HB,0.0
fixed,TSB-HB,0.0
fixed,TSB-HB,0.0
fixed,TSB-HB,0.0
fixed,TSB-HB,0.0
fixed,TSB-HB,0.0
fixed,TSB-HB,0.9325880133650423
fixed,TSB-HB,0.0
fixed,TSB-HB,0.0
fixed,TSB-HB,0.0
fixed,TSB-HB,0.0
fixed,TSB-HB,0.0
fixed,TSB-HB,0.0
fixed,TSB-HB,0.0
fixed,TSB-HB,0.0
fixed,TSB-HB,0.0
fixed,TSB-HB,0.0
fixed,TSB-HB,0.0
fixed,TSB-HB,0.0
fixed,TSB-HB,0.0
fixed,TSB-HB,0.0
fixed,TSB-HB,0.859136834283653
fixed,TSB-HB,0.0
fixed,TSB-HB,0.0
fixed,TSB-HB,0.0
fixed,TSB-HB,0.0
fixed,TSB-HB,0.0
fixed,TSB-HB,0.0
fixed,TSB-HB,0.0
fixed,TSB-HB,0.0
fixed,TSB-HB,0.0
fixed,TSB-HB,0.0
fixed,TSB-HB,0.0
fixed,TSB-HB,0.0
fixed,TSB-HB,0.0
fixed,TSB-HB,0.0
fixed,TSB-HB,0.0
fixed,TSB-HB,0.0
fixed,TSB-HB,0.0
fixed,TSB-HB,0.0
fixed,TSB-HB,0.0
fixed,TSB-HB,0.0
fixed,TSB-HB,0.0
fixed,TSB-HB,0.0
fixed,TSB-HB,0.0
fixed,TSB-HB,0.0
fixed,TSB-HB,0.0
fixed,TSB-HB,0.0
fixed,TSB-HB,0.8692871326352085
fixed,TSB-HB,0.0
fixed,TSB-HB,0.8692871326352085
fixed,TSB-HB,0.0
fixed,TSB-HB,0.9077561951224631
fixed,TSB-HB,0.0
fixed,TSB-HB,0.0
fixed,TSB-HB,0.9077561951224631
fixed,TSB-HB,0.0
fixed,TSB-HB,0.0
fixed,TSB-HB,0.9641913662564319
fixed,TSB-HB,0.0
fixed,TSB-HB,0.0
fixed,TSB-HB,0.0
fixed,TSB-HB,0.0
fixed,TSB-HB,0.0
fixed,TSB-HB,0.0
fixed,TSB-HB,0.0
fixed,TSB-HB,0.0
fixed,TSB-HB,0.8582246252279648
fixed,TSB-HB,0.0
fixed,TSB-HB,0.0
fixed,TSB-HB,0.8710699038359822
fixed,TSB-HB,0.0
fixed,TSB-HB,0.0
fixed,TSB-HB,0.0
fixed,TSB-HB,0.0
fixed,TSB-HB,0.8710699038359822
fixed,TSB-HB,0.0
fixed,TSB-HB,0.0
fixed,TSB-HB,0.0
fixed,TSB-HB,0.0
fixed,TSB-HB,0.0
fixed,TSB-HB,0.0
fixed,TSB-HB,0.0
fixed,TSB-HB,0.0
fixed,TSB-HB,0.0
fixed,TSB-HB,0.0
fixed,TSB-HB,0.0
fixed,TSB-HB,0.0
fixed,TSB-HB,0.0
fixed,TSB-HB,0.0
fixed,TSB-HB,0.0
fixed,TSB-HB,0.0
fixed,TSB-HB,0.0
fixed,TSB-HB,0.0
fixed,TSB-HB,0.0
fixed,TSB-HB,0.9084965113444275
fixed,TSB-HB,0.0
fixed,TSB-HB,0.0
fixed,TSB-HB,0.0
fixed,TSB-HB,0.0
fixed,TSB-HB,0.9076165397859914
fixed,TSB-HB,0.0
fixed,TSB-HB,0.9076165397859914
fixed,TSB-HB,0.9076165397859914
fixed,TSB-HB,0.0
fixed,TSB-HB,0.0
fixed,TSB-HB,0.0
fixed,TSB-HB,0.9896534630284284
fixed,TSB-HB,0.0
fixed,TSB-HB,0.0
fixed,TSB-HB,0.0
fixed,TSB-HB,0.0
fixed,TSB-HB,0.0
fixed,TSB-HB,0.0
fixed,TSB-HB,0.0
fixed,TSB-HB,0.0
fixed,TSB-HB,0.897118750279534
fixed,TSB-HB,0.9589886029365235
fixed,TSB-HB,0.0
fixed,TSB-HB,0.0
fixed,TSB-HB,0.0
fixed,TSB-HB,0.0
fixed,TSB-HB,0.0
fixed,TSB-HB,0.0
fixed,TSB-HB,0.0
fixed,TSB-HB,0.0
fixed,TSB-HB,0.878327343997966
fixed,TSB-HB,0.878327343997966
fixed,TSB-HB,0.0
fixed,TSB-HB,0.0
fixed,TSB-HB,0.0
fixed,TSB-HB,0.0
fixed,TSB-HB,0.0
fixed,TSB-HB,0.0
fixed,TSB-HB,0.0
fixed,TSB-HB,0.0
fixed,TSB-HB,0.0
fixed,TSB-HB,0.0
fixed,TSB-HB,0.0
fixed,TSB-HB,0.0
fixed,TSB-HB,0.0
fixed,TSB-HB,0.0
fixed,TSB-HB,0.0
fixed,TSB-HB,0.0
fixed,TSB-HB,0.8711956245476254
fixed,TSB-HB,0.0
fixed,TSB-HB,0.0
fixed,TSB-HB,0.0
fixed,TSB-HB,0.0
fixed,TSB-HB,0.8732078366197513
fixed,TSB-HB,0.0
fixed,TSB-HB,0.0
fixed,TSB-HB,0.0
fixed,TSB-HB,0.0
fixed,TSB-HB,0.0
fixed,TSB-HB,0.0
fixed,TSB-HB,0.0
fixed,TSB-HB,0.0
fixed,TSB-HB,0.0
fixed,TSB-HB,0.0
fixed,TSB-HB,0.0
fixed,TSB-HB,0.8496092147983771
fixed,TSB-HB,0.0
fixed,TSB-HB,0.0
fixed,TSB-HB,0.0
fixed,TSB-HB,0.0
fixed,TSB-HB,0.8952974911974535
fixed,TSB-HB,0.0
fixed,TSB-HB,0.0
fixed,TSB-HB,0.0
fixed,TSB-HB,0.8952974911974535
fixed,TSB-HB,0.0
fixed,TSB-HB,0.0
fixed,TSB-HB,0.0
fixed,TSB-HB,0.0
fixed,TSB-HB,0.0
fixed,TSB-HB,0.0
fixed,TSB-HB,0.0
fixed,TSB-HB,0.0
fixed,TSB-HB,0.0
fixed,TSB-HB,0.0
fixed,TSB-HB,0.0
fixed,TSB-HB,0.0
fixed,TSB-HB,0.0
fixed,TSB-HB,0.0
fixed,TSB-HB,0.0
fixed,TSB-HB,0.0
fixed,TSB-HB,0.0
fixed,TSB-HB,0.0
fixed,TSB-HB,0.0
fixed,TSB-HB,0.0
fixed,TSB-HB,0.0
fixed,TSB-HB,0.0
fixed,TSB-HB,0.0
fixed,TSB-HB,0.0
fixed,TSB-HB,0.0
fixed,TSB-HB,0.0
fixed,TSB-HB,0.0
fixed,TSB-HB,0.0
fixed,TSB-HB,0.0
fixed,TSB-HB,0.9372262219549458
fixed,TSB-HB,0.0
fixed,TSB-HB,0.0
fixed,TSB-HB,0.0
fixed,TSB-HB,0.0
fixed,TSB-HB,0.0
fixed,TSB-HB,0.0
fixed,TSB-HB,0.0
fixed,TSB-HB,0.0
fixed,TSB-HB,0.0
fixed,TSB-HB,0.0
fixed,TSB-HB,0.0
fixed,TSB-HB,0.0
fixed,TSB-HB,0.0
fixed,TSB-HB,0.0
fixed,TSB-HB,0.0
fixed,TSB-HB,0.0
fixed,TSB-HB,0.0
fixed,TSB-HB,0.0
fixed,TSB-HB,0.0
fixed,TSB-HB,0.0
fixed,TSB-HB,0.0
fixed,TSB-HB,0.0
fixed,TSB-HB,0.0
fixed,TSB-HB,0.8806256614350314
fixed,TSB-HB,0.0
fixed,TSB-HB,0.9006759297268376
fixed,TSB-HB,0.0
fixed,TSB-HB,0.0
fixed,TSB-HB,0.0
fixed,TSB-HB,0.0
fixed,TSB-HB,0.9006759297268376
fixed,TSB-HB,0.0
fixed,TSB-HB,0.0
fixed,TSB-HB,0.0
fixed,TSB-HB,0.0
fixed,TSB-HB,0.9647266016958491
fixed,TSB-HB,0.0
fixed,TSB-HB,0.0
fixed,TSB-HB,0.9333381163995662
fixed,TSB-HB,0.0
fixed,TSB-HB,0.0
fixed,TSB-HB,0.0
fixed,TSB-HB,0.0
fixed,TSB-HB,0.0
fixed,TSB-HB,0.935636086911586
fixed,TSB-HB,0.0
fixed,TSB-HB,0.9707371393091748
fixed,TSB-HB,0.0
fixed,TSB-HB,0.935636086911586
fixed,TSB-HB,0.0
fixed,TSB-HB,0.0
fixed,TSB-HB,0.0
fixed,TSB-HB,0.0
fixed,TSB-HB,0.9337137138723274
fixed,TSB-HB,0.0
fixed,TSB-HB,0.0
fixed,TSB-HB,0.0
fixed,TSB-HB,0.0
fixed,TSB-HB,0.0
fixed,TSB-HB,0.0
fixed,TSB-HB,0.0
fixed,TSB-HB,0.0
fixed,TSB-HB,0.0
fixed,TSB-HB,0.0
fixed,TSB-HB,0.0
fixed,TSB-HB,0.0
fixed,TSB-HB,0.0
fixed,TSB-HB,0.0
fixed,TSB-HB,0.0
fixed,TSB-HB,0.0
fixed,TSB-HB,0.0
fixed,TSB-HB,0.0
fixed,TSB-HB,0.0
fixed,TSB-HB,0.0
fixed,TSB-HB,0.9599428674848292
fixed,TSB-HB,0.0
fixed,TSB-HB,0.0
fixed,TSB-HB,0.0
fixed,TSB-HB,0.0
fixed,TSB-HB,0.0
fixed,TSB-HB,0.894936528076524
fixed,TSB-HB,0.0
fixed,TSB-HB,0.0
fixed,TSB-HB,0.0
fixed,TSB-HB,0.0
fixed,TSB-HB,0.0
fixed,TSB-HB,0.0
fixed,TSB-HB,0.0
fixed,TSB-HB,0.0
fixed,TSB-HB,0.0
fixed,TSB-HB,0.0
fixed,TSB-HB,0.0
fixed,TSB-HB,0.0
fixed,TSB-HB,0.0
fixed,TSB-HB,0.0
fixed,TSB-HB,0.0
fixed,TSB-HB,0.0
fixed,TSB-HB,0.0
fixed,TSB-HB,0.0
fixed,TSB-HB,0.0
fixed,TSB-HB,0.0
fixed,TSB-HB,0.0
fixed,TSB-HB,0.0
fixed,TSB-HB,0.0
fixed,TSB-HB,0.0
fixed,TSB-HB,0.0
fixed,TSB-HB,0.0
fixed,TSB-HB,0.0
fixed,TSB-HB,0.0
fixed,TSB-HB,0.0
fixed,TSB-HB,0.0
fixed,TSB-HB,0.0
fixed,TSB-HB,0.0
fixed,TSB-HB,0.0
fixed,TSB-HB,0.0
fixed,TSB-HB,0.0
fixed,TSB-HB,0.0
fixed,TSB-HB,0.0
fixed,TSB-HB,0.927092423880528
fixed,TSB-HB,0.9673314328183582
fixed,TSB-HB,0.0
fixed,TSB-HB,0.0
fixed,TSB-HB,0.0
fixed,TSB-HB,0.9359415291868322
fixed,TSB-HB,0.0
fixed,TSB-HB,0.0
fixed,TSB-HB,0.0
fixed,TSB-HB,0.0
fixed,TSB-HB,0.0
fixed,TSB-HB,0.0
fixed,TSB-HB,0.0
fixed,TSB-HB,0.0
fixed,TSB-HB,0.0
fixed,TSB-HB,0.0
fixed,TSB-HB,0.0
fixed,TSB-HB,0.0
fixed,TSB-HB,0.0
fixed,TSB-HB,0.0
fixed,TSB-HB,0.0
fixed,TSB-HB,0.0
fixed,TSB-HB,0.0
fixed,TSB-HB,0.0
fixed,TSB-HB,0.0
fixed,TSB-HB,0.0
fixed,TSB-HB,0.0
fixed,TSB-HB,0.0
fixed,TSB-HB,0.0
fixed,TSB-HB,0.0
fixed,TSB-HB,0.0
fixed,TSB-HB,0.0
fixed,TSB-HB,0.0
fixed,TSB-HB,0.0
fixed,TSB-HB,0.0
fixed,TSB-HB,0.0
fixed,TSB-HB,0.0
fixed,TSB-HB,0.0
fixed,TSB-HB,0.0
fixed,TSB-HB,0.0
fixed,TSB-HB,0.0
fixed,TSB-HB,0.0
fixed,TSB-HB,0.0
fixed,TSB-HB,0.0
fixed,TSB-HB,0.0
fixed,TSB-HB,0.0
fixed,TSB-HB,0.0
fixed,TSB-HB,0.0
fixed,TSB-HB,0.0
fixed,TSB-HB,0.8627016711316653
fixed,TSB-HB,0.0
fixed,TSB-HB,0.0
fixed,TSB-HB,0.0
fixed,TSB-HB,0.0
fixed,TSB-HB,0.0
fixed,TSB-HB,0.0
fixed,TSB-HB,0.9104159589112619
fixed,TSB-HB,0.0
fixed,TSB-HB,0.0
fixed,TSB-HB,0.0
fixed,TSB-HB,0.0
fixed,TSB-HB,0.0
fixed,TSB-HB,0.0
fixed,TSB-HB,0.0
fixed,TSB-HB,0.0
fixed,TSB-HB,0.0
fixed,TSB-HB,0.0
fixed,TSB-HB,0.0
fixed,TSB-HB,0.0
fixed,TSB-HB,0.0
fixed,TSB-HB,0.0
fixed,TSB-HB,0.0
fixed,TSB-HB,0.0
fixed,TSB-HB,0.0
fixed,TSB-HB,0.0
fixed,TSB-HB,0.0
fixed,TSB-HB,0.0
fixed,TSB-HB,0.0
fixed,TSB-HB,0.0
fixed,TSB-HB,0.0
fixed,TSB-HB,0.0
fixed,TSB-HB,0.0
fixed,TSB-HB,0.0
fixed,TSB-HB,0.0
fixed,TSB-HB,0.0
fixed,TSB-HB,0.9598672698483248
fixed,TSB-HB,0.0
fixed,TSB-HB,0.0
fixed,TSB-HB,0.0
fixed,TSB-HB,0.0
fixed,TSB-HB,0.0
fixed,TSB-HB,0.0
fixed,TSB-HB,0.0
fixed,TSB-HB,0.0
fixed,TSB-HB,0.0
fixed,TSB-HB,0.0
fixed,TSB-HB,0.0
fixed,TSB-HB,0.0
fixed,TSB-HB,0.0
fixed,TSB-HB,0.9291307423644655
fixed,TSB-HB,0.9291307423644655
fixed,TSB-HB,0.9291307423644655
fixed,TSB-HB,0.0
fixed,TSB-HB,0.0
fixed,TSB-HB,0.0
fixed,TSB-HB,0.0
fixed,TSB-HB,0.0
fixed,TSB-HB,0.0
fixed,TSB-HB,0.0
fixed,TSB-HB,0.0
fixed,TSB-HB,0.0
fixed,TSB-HB,0.9359323067625889
fixed,TSB-HB,0.0
fixed,TSB-HB,0.0
fixed,TSB-HB,0.0
fixed,TSB-HB,0.0
fixed,TSB-HB,0.0
fixed,TSB-HB,0.0
fixed,TSB-HB,0.0
fixed,TSB-HB,0.0
fixed,TSB-HB,0.0
fixed,TSB-HB,0.0
fixed,TSB-HB,0.0
fixed,TSB-HB,0.0
fixed,TSB-HB,0.0
fixed,TSB-HB,0.0
fixed,TSB-HB,0.0
fixed,TSB-HB,0.0
fixed,TSB-HB,0.0
fixed,TSB-HB,0.0
fixed,TSB-HB,0.0
fixed,TSB-HB,0.9325792726078739
fixed,TSB-HB,0.0
fixed,TSB-HB,0.9325792726078739
fixed,TSB-HB,0.0
fixed,TSB-HB,0.0
fixed,TSB-HB,0.0
fixed,TSB-HB,0.0
fixed,TSB-HB,0.0
fixed,TSB-HB,0.0
fixed,TSB-HB,0.0
fixed,TSB-HB,0.0
fixed,TSB-HB,0.0
fixed,TSB-HB,0.0
fixed,TSB-HB,0.0
fixed,TSB-HB,0.0
fixed,TSB-HB,0.0
fixed,TSB-HB,0.0
fixed,TSB-HB,0.0
fixed,TSB-HB,0.0
fixed,TSB-HB,0.0
fixed,TSB-HB,0.0
fixed,TSB-HB,0.0
fixed,TSB-HB,0.8694816492692821
fixed,TSB-HB,0.0
fixed,TSB-HB,0.0
fixed,TSB-HB,0.0
fixed,TSB-HB,0.0
fixed,TSB-HB,0.0
fixed,TSB-HB,0.0
fixed,TSB-HB,0.0
fixed,TSB-HB,0.0
fixed,TSB-HB,0.0
fixed,TSB-HB,0.0
fixed,TSB-HB,0.9368141482320009
fixed,TSB-HB,0.0
fixed,TSB-HB,0.0
fixed,TSB-HB,0.0
fixed,TSB-HB,0.0
fixed,TSB-HB,0.0
fixed,TSB-HB,0.0
fixed,TSB-HB,0.0
fixed,TSB-HB,0.0
fixed,TSB-HB,0.0
fixed,TSB-HB,0.0
fixed,TSB-HB,0.0
fixed,TSB-HB,0.0
fixed,TSB-HB,0.0
fixed,TSB-HB,0.0
fixed,TSB-HB,0.0
fixed,TSB-HB,0.0
fixed,TSB-HB,0.0
fixed,TSB-HB,0.0
fixed,TSB-HB,0.0
fixed,TSB-HB,0.0
fixed,TSB-HB,0.0
fixed,TSB-HB,0.0
fixed,TSB-HB,0.0
fixed,TSB-HB,0.0
fixed,TSB-HB,0.0
fixed,TSB-HB,0.0
fixed,TSB-HB,0.0
fixed,TSB-HB,0.0
fixed,TSB-HB,0.0
fixed,TSB-HB,0.0
fixed,TSB-HB,0.0
fixed,TSB-HB,0.0
fixed,TSB-HB,0.0
fixed,TSB-HB,0.0
fixed,TSB-HB,0.0
fixed,TSB-HB,0.0
fixed,TSB-HB,0.0
fixed,TSB-HB,0.0
fixed,TSB-HB,0.0
fixed,TSB-HB,0.0
fixed,TSB-HB,0.0
fixed,TSB-HB,0.9362708399221032
fixed,TSB-HB,0.0
fixed,TSB-HB,0.0
fixed,TSB-HB,0.0
fixed,TSB-HB,0.0
fixed,TSB-HB,0.0
fixed,TSB-HB,0.0
fixed,TSB-HB,0.0
fixed,TSB-HB,0.0
fixed,TSB-HB,0.0
fixed,TSB-HB,0.0
fixed,TSB-HB,0.0
fixed,TSB-HB,0.0
fixed,TSB-HB,0.0
fixed,TSB-HB,0.0
fixed,TSB-HB,0.0
fixed,TSB-HB,0.0
fixed,TSB-HB,0.0
fixed,TSB-HB,0.0
fixed,TSB-HB,0.0
fixed,TSB-HB,0.0
fixed,TSB-HB,0.0
fixed,TSB-HB,0.0
fixed,TSB-HB,0.0
fixed,TSB-HB,0.0
fixed,TSB-HB,0.0
fixed,TSB-HB,0.0
fixed,TSB-HB,0.0
fixed,TSB-HB,0.0
fixed,TSB-HB,0.0
fixed,TSB-HB,0.0
fixed,TSB-HB,0.0
fixed,TSB-HB,0.0
fixed,TSB-HB,0.0
fixed,TSB-HB,0.9369067727646023
fixed,TSB-HB,0.0
fixed,TSB-HB,0.0
fixed,TSB-HB,0.0
fixed,TSB-HB,0.0
fixed,TSB-HB,0.0
fixed,TSB-HB,0.0
fixed,TSB-HB,0.0
fixed,TSB-HB,0.0
fixed,TSB-HB,0.0
fixed,TSB-HB,0.0
fixed,TSB-HB,0.0
fixed,TSB-HB,0.0
fixed,TSB-HB,0.0
fixed,TSB-HB,0.0
fixed,TSB-HB,0.0
fixed,TSB-HB,0.0
fixed,TSB-HB,0.0
fixed,TSB-HB,0.0
fixed,TSB-HB,0.0
fixed,TSB-HB,0.0
fixed,TSB-HB,0.8861849648751324
fixed,TSB-HB,0.0
fixed,TSB-HB,0.0
fixed,TSB-HB,0.8861849648751324
fixed,TSB-HB,0.0
fixed,TSB-HB,0.0
fixed,TSB-HB,0.0
fixed,TSB-HB,0.0
fixed,TSB-HB,0.0
fixed,TSB-HB,0.0
fixed,TSB-HB,0.0
fixed,TSB-HB,0.0
fixed,TSB-HB,0.0
fixed,TSB-HB,0.0
fixed,TSB-HB,0.0
fixed,TSB-HB,0.0
fixed,TSB-HB,0.0
fixed,TSB-HB,0.0
fixed,TSB-HB,0.0
fixed,TSB-HB,0.0
fixed,TSB-HB,0.0
fixed,TSB-HB,0.0
fixed,TSB-HB,0.0
fixed,TSB-HB,0.0
fixed,TSB-HB,0.0
fixed,TSB-HB,0.0
fixed,TSB-HB,0.0
fixed,TSB-HB,0.0
fixed,TSB-HB,0.0
fixed,TSB-HB,0.0
fixed,TSB-HB,0.0
fixed,TSB-HB,0.0
fixed,TSB-HB,0.0
fixed,TSB-HB,0.0
fixed,TSB-HB,0.0
fixed,TSB-HB,0.0
fixed,TSB-HB,0.0
fixed,TSB-HB,0.0
fixed,TSB-HB,0.0
fixed,TSB-HB,0.0
fixed,TSB-HB,0.8726744819605227
fixed,TSB-HB,0.0
fixed,TSB-HB,0.0
fixed,TSB-HB,0.0
fixed,TSB-HB,0.0
fixed,TSB-HB,0.0
fixed,TSB-HB,0.0
fixed,TSB-HB,0.0
fixed,TSB-HB,0.9055601991136122
fixed,TSB-HB,0.9055601991136122
fixed,TSB-HB,0.9055601991136122
fixed,TSB-HB,0.0
fixed,TSB-HB,0.0
fixed,TSB-HB,0.0
fixed,TSB-HB,0.0
fixed,TSB-HB,0.0
fixed,TSB-HB,0.0
fixed,TSB-HB,0.0
fixed,TSB-HB,0.0
fixed,TSB-HB,0.0
fixed,TSB-HB,0.0
fixed,TSB-HB,0.0
fixed,TSB-HB,0.0
fixed,TSB-HB,0.0
fixed,TSB-HB,0.0
fixed,TSB-HB,1.0
fixed,TSB-HB,0.0
fixed,TSB-HB,0.0
fixed,TSB-HB,0.0
fixed,TSB-HB,0.0
fixed,TSB-HB,0.0
fixed,TSB-HB,0.0
fixed,TSB-HB,0.0
fixed,TSB-HB,0.0
fixed,TSB-HB,0.0
fixed,TSB-HB,0.0
fixed,TSB-HB,0.0
fixed,TSB-HB,0.8758208140563019
fixed,TSB-HB,0.0
fixed,TSB-HB,0.0
fixed,TSB-HB,0.0
fixed,TSB-HB,0.0
fixed,TSB-HB,0.0
fixed,TSB-HB,0.0
fixed,TSB-HB,0.0
fixed,TSB-HB,0.0
fixed,TSB-HB,0.0
fixed,TSB-HB,0.0
fixed,TSB-HB,0.0
fixed,TSB-HB,0.0
fixed,TSB-HB,0.0
fixed,TSB-HB,0.0
fixed,TSB-HB,0.0
fixed,TSB-HB,0.0
fixed,TSB-HB,0.0
fixed,TSB-HB,0.0
fixed,TSB-HB,0.0
fixed,TSB-HB,0.0
fixed,TSB-HB,0.0
fixed,TSB-HB,0.0
fixed,TSB-HB,0.0
fixed,TSB-HB,0.0
fixed,TSB-HB,0.0
fixed,TSB-HB,0.0
fixed,TSB-HB,0.0
fixed,TSB-HB,0.0
fixed,TSB-HB,0.0
fixed,TSB-HB,0.0
fixed,TSB-HB,0.0
fixed,TSB-HB,0.0
fixed,TSB-HB,0.0
fixed,TSB-HB,0.0
fixed,TSB-HB,0.0
fixed,TSB-HB,0.0
fixed,TSB-HB,0.0
fixed,TSB-HB,0.0
fixed,TSB-HB,0.0
fixed,TSB-HB,0.0
fixed,TSB-HB,0.0
fixed,TSB-HB,0.0
fixed,TSB-HB,0.0
fixed,TSB-HB,0.0
fixed,TSB-HB,0.0
fixed,TSB-HB,0.0
fixed,TSB-HB,0.0
fixed,TSB-HB,0.0
fixed,TSB-HB,0.0
fixed,TSB-HB,0.9105844008017874
fixed,TSB-HB,0.0
fixed,TSB-HB,0.0
fixed,TSB-HB,0.0
fixed,TSB-HB,0.0
fixed,TSB-HB,0.0
fixed,TSB-HB,0.0
fixed,TSB-HB,0.0
fixed,TSB-HB,0.0
fixed,TSB-HB,0.0
fixed,TSB-HB,0.0
fixed,TSB-HB,0.0
fixed,TSB-HB,0.0
fixed,TSB-HB,0.0
fixed,TSB-HB,0.0
fixed,TSB-HB,0.0
fixed,TSB-HB,0.0
fixed,TSB-HB,0.0
fixed,TSB-HB,0.0
fixed,TSB-HB,0.0
fixed,TSB-HB,0.0
fixed,TSB-HB,0.0
fixed,TSB-HB,0.0
fixed,TSB-HB,0.0
fixed,TSB-HB,0.0
fixed,TSB-HB,0.0
fixed,TSB-HB,0.0
fixed,TSB-HB,0.0
fixed,TSB-HB,0.0
fixed,TSB-HB,0.0
fixed,TSB-HB,0.0
fixed,TSB-HB,0.0
fixed,TSB-HB,0.0
fixed,TSB-HB,0.0
fixed,TSB-HB,0.0
fixed,TSB-HB,0.0
fixed,TSB-HB,0.0
fixed,TSB-HB,0.0
fixed,TSB-HB,0.0
fixed,TSB-HB,0.0
fixed,TSB-HB,0.0
fixed,TSB-HB,0.0
fixed,TSB-HB,0.0
fixed,TSB-HB,0.0
fixed,TSB-HB,0.0
fixed,TSB-HB,0.0
fixed,TSB-HB,0.0
fixed,TSB-HB,0.0
fixed,TSB-HB,0.0
fixed,TSB-HB,0.9415601225997773
fixed,TSB-HB,0.0
fixed,TSB-HB,0.0
fixed,TSB-HB,0.0
fixed,TSB-HB,0.0
fixed,TSB-HB,0.0
fixed,TSB-HB,0.0
fixed,TSB-HB,0.0
fixed,TSB-HB,0.0
fixed,TSB-HB,0.0
fixed,TSB-HB,0.9388725331736536
fixed,TSB-HB,0.0
fixed,TSB-HB,0.0
fixed,TSB-HB,0.0
fixed,TSB-HB,1.0
fixed,TSB-HB,0.9739822382765928
fixed,TSB-HB,0.0
fixed,TSB-HB,0.0
fixed,TSB-HB,0.0
fixed,TSB-HB,0.0
fixed,TSB-HB,0.0
fixed,TSB-HB,0.0
fixed,TSB-HB,0.0
fixed,TSB-HB,0.0
fixed,TSB-HB,0.0
fixed,TSB-HB,0.0
fixed,TSB-HB,0.0
fixed,TSB-HB,0.0
fixed,TSB-HB,0.0
fixed,TSB-HB,0.0
fixed,TSB-HB,0.0
fixed,TSB-HB,0.0
fixed,TSB-HB,0.0
fixed,TSB-HB,0.0
fixed,TSB-HB,0.0
fixed,TSB-HB,0.0
fixed,TSB-HB,0.0
fixed,TSB-HB,0.8510915044535348
fixed,TSB-HB,0.0
fixed,TSB-HB,0.0
fixed,TSB-HB,0.0
fixed,TSB-HB,0.0
fixed,TSB-HB,0.0
fixed,TSB-HB,0.0
fixed,TSB-HB,0.0
fixed,TSB-HB,0.0
fixed,TSB-HB,0.8728672443720872
fixed,TSB-HB,0.0
fixed,TSB-HB,0.0
fixed,TSB-HB,0.8728672443720872
fixed,TSB-HB,0.0
fixed,TSB-HB,0.0
fixed,TSB-HB,0.0
fixed,TSB-HB,0.0
fixed,TSB-HB,0.0
fixed,TSB-HB,0.0
fixed,TSB-HB,0.0
fixed,TSB-HB,0.0
fixed,TSB-HB,0.0
fixed,TSB-HB,0.0
fixed,TSB-HB,0.0
fixed,TSB-HB,0.9512646079937265
fixed,TSB-HB,0.0
fixed,TSB-HB,0.0
fixed,TSB-HB,0.0
fixed,TSB-HB,0.856040545154495
fixed,TSB-HB,0.0
fixed,TSB-HB,0.0
fixed,TSB-HB,0.0
fixed,TSB-HB,0.0
fixed,TSB-HB,0.0
fixed,TSB-HB,0.0
fixed,TSB-HB,0.0
fixed,TSB-HB,0.0
fixed,TSB-HB,0.0
fixed,TSB-HB,0.9150493178417382
fixed,TSB-HB,0.9563884817362273
fixed,TSB-HB,0.0
fixed,TSB-HB,0.0
fixed,TSB-HB,0.0
fixed,TSB-HB,0.0
fixed,TSB-HB,0.0
fixed,TSB-HB,0.0
fixed,TSB-HB,0.0
fixed,TSB-HB,0.0
fixed,TSB-HB,0.0
fixed,TSB-HB,0.0
fixed,TSB-HB,0.0
fixed,TSB-HB,0.0
fixed,TSB-HB,0.0
fixed,TSB-HB,0.0
fixed,TSB-HB,0.0
fixed,TSB-HB,0.0
fixed,TSB-HB,0.0
fixed,TSB-HB,0.0
fixed,TSB-HB,0.0
fixed,TSB-HB,0.0
fixed,TSB-HB,0.9599183464196646
fixed,TSB-HB,0.0
fixed,TSB-HB,0.0
fixed,TSB-HB,0.0
fixed,TSB-HB,0.0
fixed,TSB-HB,0.0
fixed,TSB-HB,0.0
fixed,TSB-HB,0.0
fixed,TSB-HB,0.0
fixed,TSB-HB,0.0
fixed,TSB-HB,0.0
fixed,TSB-HB,0.0
fixed,TSB-HB,0.0
fixed,TSB-HB,0.9717566413653791
fixed,TSB-HB,0.0
fixed,TSB-HB,0.0
fixed,TSB-HB,0.0
fixed,TSB-HB,0.0
fixed,TSB-HB,0.0
fixed,TSB-HB,0.0
fixed,TSB-HB,0.0
fixed,TSB-HB,0.0
fixed,TSB-HB,0.0
fixed,TSB-HB,0.0
fixed,TSB-HB,0.0
fixed,TSB-HB,0.0
fixed,TSB-HB,0.0
fixed,TSB-HB,0.0
fixed,TSB-HB,0.8572110657035323
fixed,TSB-HB,0.8572110657035323
fixed,TSB-HB,0.0
fixed,TSB-HB,0.0
fixed,TSB-HB,0.0
fixed,TSB-HB,0.0
fixed,TSB-HB,0.0
fixed,TSB-HB,0.0
fixed,TSB-HB,0.0
fixed,TSB-HB,0.0
fixed,TSB-HB,0.0
fixed,TSB-HB,0.0
fixed,TSB-HB,0.9165873526473971
fixed,TSB-HB,0.0
fixed,TSB-HB,0.9165873526473971
fixed,TSB-HB,0.0
fixed,TSB-HB,0.9648877558856286
fixed,TSB-HB,0.0
fixed,TSB-HB,0.0
fixed,TSB-HB,0.0
fixed,TSB-HB,0.0
fixed,TSB-HB,0.0
fixed,TSB-HB,0.0
fixed,TSB-HB,0.0
fixed,TSB-HB,0.0
fixed,TSB-HB,0.0
fixed,TSB-HB,0.0
fixed,TSB-HB,0.0
fixed,TSB-HB,0.0
fixed,TSB-HB,0.0
fixed,TSB-HB,0.0
fixed,TSB-HB,0.0
fixed,TSB-HB,0.0
fixed,TSB-HB,0.0
fixed,TSB-HB,0.0
fixed,TSB-HB,0.0
fixed,TSB-HB,0.0
fixed,TSB-HB,0.0
fixed,TSB-HB,0.0
fixed,TSB-HB,0.0
fixed,TSB-HB,0.0
fixed,TSB-HB,0.0
fixed,TSB-HB,0.0
fixed,TSB-HB,0.0
fixed,TSB-HB,0.0
fixed,TSB-HB,0.0
fixed,TSB-HB,0.0
fixed,TSB-HB,0.0
fixed,TSB-HB,0.0
fixed,TSB-HB,0.0
fixed,TSB-HB,0.0
fixed,TSB-HB,0.0
fixed,TSB-HB,0.0
fixed,TSB-HB,0.0
fixed,TSB-HB,0.0
fixed,TSB-HB,0.0
fixed,TSB-HB,0.0
fixed,TSB-HB,0.0
fixed,TSB-HB,0.8444925506895814
fixed,TSB-HB,0.0
fixed,TSB-HB,0.0
fixed,TSB-HB,0.0
fixed,TSB-HB,0.0
fixed,TSB-HB,0.0
fixed,TSB-HB,0.0
fixed,TSB-HB,0.966626525420197
fixed,TSB-HB,0.0
fixed,TSB-HB,0.0
fixed,TSB-HB,0.0
fixed,TSB-HB,0.0
fixed,TSB-HB,0.0
fixed,TSB-HB,0.0
fixed,TSB-HB,0.0
fixed,TSB-HB,0.0
fixed,TSB-HB,0.0
fixed,TSB-HB,0.0
fixed,TSB-HB,0.0
fixed,TSB-HB,0.0
fixed,TSB-HB,0.0
fixed,TSB-HB,0.0
fixed,TSB-HB,0.0
fixed,TSB-HB,0.0
fixed,TSB-HB,0.0
fixed,TSB-HB,0.0
fixed,TSB-HB,0.0
fixed,TSB-HB,0.0
fixed,TSB-HB,0.7647393257725341
fixed,TSB-HB,0.0
fixed,TSB-HB,0.7647393257725341
fixed,TSB-HB,0.0
fixed,TSB-HB,0.0
fixed,TSB-HB,0.0
fixed,TSB-HB,0.0
fixed,TSB-HB,0.0
fixed,TSB-HB,0.0
fixed,TSB-HB,0.0
fixed,TSB-HB,0.0
fixed,TSB-HB,0.0
fixed,TSB-HB,0.0
fixed,TSB-HB,0.0
fixed,TSB-HB,0.0
fixed,TSB-HB,0.0
fixed,TSB-HB,0.0
fixed,TSB-HB,0.0
fixed,TSB-HB,0.0
fixed,TSB-HB,0.0
fixed,TSB-HB,0.0
fixed,TSB-HB,0.0
fixed,TSB-HB,0.0
fixed,TSB-HB,0.8638580648140733
fixed,TSB-HB,0.8638580648140733
fixed,TSB-HB,0.0
fixed,TSB-HB,0.0
fixed,TSB-HB,0.0
fixed,TSB-HB,0.0
fixed,TSB-HB,0.0
fixed,TSB-HB,0.0
fixed,TSB-HB,0.0
fixed,TSB-HB,0.0
fixed,TSB-HB,0.0
fixed,TSB-HB,0.0
fixed,TSB-HB,0.0
fixed,TSB-HB,0.0
fixed,TSB-HB,0.0
fixed,TSB-HB,0.0
fixed,TSB-HB,0.0
fixed,TSB-HB,0.0
fixed,TSB-HB,0.0
fixed,TSB-HB,0.0
fixed,TSB-HB,0.0
fixed,TSB-HB,0.0
fixed,TSB-HB,0.0
fixed,TSB-HB,0.9330209582790662
fixed,TSB-HB,0.0
fixed,TSB-HB,0.0
fixed,TSB-HB,0.0
fixed,TSB-HB,0.0
fixed,TSB-HB,0.0
fixed,TSB-HB,0.0
fixed,TSB-HB,0.0
fixed,TSB-HB,0.0
fixed,TSB-HB,0.0
fixed,TSB-HB,0.0
fixed,TSB-HB,0.0
fixed,TSB-HB,0.0
fixed,TSB-HB,0.0
fixed,TSB-HB,0.8874839357263962
fixed,TSB-HB,0.8874839357263962
fixed,TSB-HB,0.0
fixed,TSB-HB,0.0
fixed,TSB-HB,0.0
fixed,TSB-HB,0.0
fixed,TSB-HB,0.0
fixed,TSB-HB,0.0
fixed,TSB-HB,0.0
fixed,TSB-HB,0.0
fixed,TSB-HB,0.0
fixed,TSB-HB,0.0
fixed,TSB-HB,0.0
fixed,TSB-HB,0.0
fixed,TSB-HB,0.0
fixed,TSB-HB,0.0
fixed,TSB-HB,0.0
fixed,TSB-HB,0.0
fixed,TSB-HB,0.0
fixed,TSB-HB,0.0
fixed,TSB-HB,0.0
fixed,TSB-HB,0.0
fixed,TSB-HB,0.9327538354917262
fixed,TSB-HB,0.0
fixed,TSB-HB,0.0
fixed,TSB-HB,0.9883780327092198
fixed,TSB-HB,0.0
fixed,TSB-HB,0.0
fixed,TSB-HB,0.0
fixed,TSB-HB,0.0
fixed,TSB-HB,0.0
fixed,TSB-HB,0.9182837388840325
fixed,TSB-HB,0.0
fixed,TSB-HB,0.0
fixed,TSB-HB,0.0
fixed,TSB-HB,0.0
fixed,TSB-HB,0.0
fixed,TSB-HB,0.0
fixed,TSB-HB,0.0
fixed,TSB-HB,0.0
fixed,TSB-HB,0.0
fixed,TSB-HB,0.0
fixed,TSB-HB,0.0
fixed,TSB-HB,0.0
fixed,TSB-HB,0.0
fixed,TSB-HB,0.0
fixed,TSB-HB,0.0
fixed,TSB-HB,0.0
fixed,TSB-HB,0.0
fixed,TSB-HB,0.0
fixed,TSB-HB,0.0
fixed,TSB-HB,0.0
fixed,TSB-HB,0.0
fixed,TSB-HB,0.0
fixed,TSB-HB,0.0
fixed,TSB-HB,0.0
fixed,TSB-HB,0.0
fixed,TSB-HB,0.0
fixed,TSB-HB,0.0
fixed,TSB-HB,0.0
fixed,TSB-HB,0.0
fixed,TSB-HB,0.0
fixed,TSB-HB,0.912814306024642
fixed,TSB-HB,0.0
fixed,TSB-HB,0.0
fixed,TSB-HB,0.0
fixed,TSB-HB,0.0
fixed,TSB-HB,0.0
fixed,TSB-HB,0.0
fixed,TSB-HB,0.0
fixed,TSB-HB,0.0
fixed,TSB-HB,0.0
fixed,TSB-HB,0.0
fixed,TSB-HB,0.909617810126393
fixed,TSB-HB,0.0
fixed,TSB-HB,0.0
fixed,TSB-HB,0.0
fixed,TSB-HB,0.0
fixed,TSB-HB,0.0
fixed,TSB-HB,0.0
fixed,TSB-HB,0.0
fixed,TSB-HB,0.0
fixed,TSB-HB,0.0
fixed,TSB-HB,0.0
fixed,TSB-HB,0.0
fixed,TSB-HB,0.0
fixed,TSB-HB,0.0
fixed,TSB-HB,0.9345441229410398
fixed,TSB-HB,0.0
fixed,TSB-HB,0.0
fixed,TSB-HB,0.0
fixed,TSB-HB,0.0
fixed,TSB-HB,0.0
fixed,TSB-HB,0.0
fixed,TSB-HB,0.0
fixed,TSB-HB,0.0
fixed,TSB-HB,0.0
fixed,TSB-HB,0.0
fixed,TSB-HB,0.0
fixed,TSB-HB,0.0
fixed,TSB-HB,0.9300726234830752
fixed,TSB-HB,0.0
fixed,TSB-HB,0.0
fixed,TSB-HB,0.0
fixed,TSB-HB,0.0
fixed,TSB-HB,0.0
fixed,TSB-HB,0.0
fixed,TSB-HB,0.0
fixed,TSB-HB,0.0
fixed,TSB-HB,0.0
fixed,TSB-HB,0.0
fixed,TSB-HB,0.0
fixed,TSB-HB,0.0
fixed,TSB-HB,0.0
fixed,TSB-HB,0.0
fixed,TSB-HB,0.9059015021071373
fixed,TSB-HB,0.0
fixed,TSB-HB,0.0
fixed,TSB-HB,0.0
fixed,TSB-HB,0.0
fixed,TSB-HB,0.0
fixed,TSB-HB,0.0
fixed,TSB-HB,0.0
fixed,TSB-HB,0.0
fixed,TSB-HB,0.0
fixed,TSB-HB,0.0
fixed,TSB-HB,0.0
fixed,TSB-HB,0.0
fixed,TSB-HB,0.0
fixed,TSB-HB,0.0
fixed,TSB-HB,0.0
fixed,TSB-HB,0.0
fixed,TSB-HB,0.0
fixed,TSB-HB,0.0
fixed,TSB-HB,0.8565959996216338
fixed,TSB-HB,0.8945022896497494
fixed,TSB-HB,0.0
fixed,TSB-HB,0.0
fixed,TSB-HB,0.0
fixed,TSB-HB,0.0
fixed,TSB-HB,0.0
fixed,TSB-HB,0.0
fixed,TSB-HB,0.0
fixed,TSB-HB,0.0
fixed,TSB-HB,0.0
fixed,TSB-HB,0.0
fixed,TSB-HB,0.9343836068734898
fixed,TSB-HB,0.0
fixed,TSB-HB,0.0
fixed,TSB-HB,0.0
fixed,TSB-HB,0.0
fixed,TSB-HB,0.9176240500849618
fixed,TSB-HB,0.0
fixed,TSB-HB,0.0
fixed,TSB-HB,0.0
fixed,TSB-HB,0.0
fixed,TSB-HB,0.0
fixed,TSB-HB,0.0
fixed,TSB-HB,0.0
fixed,TSB-HB,0.0
fixed,TSB-HB,0.9360354142793712
fixed,TSB-HB,0.0
fixed,TSB-HB,0.0
fixed,TSB-HB,0.0
fixed,TSB-HB,0.0
fixed,TSB-HB,0.0
fixed,TSB-HB,0.0
fixed,TSB-HB,0.0
fixed,TSB-HB,0.8687447703794817
fixed,TSB-HB,0.0
fixed,TSB-HB,0.0
fixed,TSB-HB,0.0
fixed,TSB-HB,0.0
fixed,TSB-HB,0.0
fixed,TSB-HB,0.0
fixed,TSB-HB,0.0
fixed,TSB-HB,0.0
fixed,TSB-HB,0.0
fixed,TSB-HB,0.0
fixed,TSB-HB,0.0
fixed,TSB-HB,0.0
fixed,TSB-HB,0.0
fixed,TSB-HB,0.0
fixed,TSB-HB,0.0
fixed,TSB-HB,0.0
fixed,TSB-HB,0.0
fixed,TSB-HB,0.0
fixed,TSB-HB,0.0
fixed,TSB-HB,0.0
fixed,TSB-HB,0.0
fixed,TSB-HB,0.0
fixed,TSB-HB,0.0
fixed,TSB-HB,0.0
fixed,TSB-HB,0.0
fixed,TSB-HB,0.0
fixed,TSB-HB,0.0
fixed,TSB-HB,0.9633599593316327
fixed,TSB-HB,0.0
fixed,TSB-HB,0.0
fixed,TSB-HB,0.0
fixed,TSB-HB,0.0
fixed,TSB-HB,0.0
fixed,TSB-HB,0.0
fixed,TSB-HB,0.0
fixed,TSB-HB,0.0
fixed,TSB-HB,0.0
fixed,TSB-HB,0.0
fixed,TSB-HB,0.8549014725562045
fixed,TSB-HB,0.0
fixed,TSB-HB,0.0
fixed,TSB-HB,0.0
fixed,TSB-HB,0.0
fixed,TSB-HB,0.0
fixed,TSB-HB,0.0
fixed,TSB-HB,0.0
fixed,TSB-HB,0.0
fixed,TSB-HB,0.0
fixed,TSB-HB,0.0
fixed,TSB-HB,0.0
fixed,TSB-HB,0.0
fixed,TSB-HB,0.0
fixed,TSB-HB,0.0
fixed,TSB-HB,0.0
fixed,TSB-HB,0.0
fixed,TSB-HB,0.0
fixed,TSB-HB,0.0
fixed,TSB-HB,0.0
fixed,TSB-HB,0.0
fixed,TSB-HB,0.0
fixed,TSB-HB,0.0
fixed,TSB-HB,0.0
fixed,TSB-HB,0.8472398708246646
fixed,TSB-HB,0.0
fixed,TSB-HB,0.0
fixed,TSB-HB,0.0
fixed,TSB-HB,0.0
fixed,TSB-HB,0.8472398708246646
fixed,TSB-HB,0.0
fixed,TSB-HB,0.0
fixed,TSB-HB,0.0
fixed,TSB-HB,0.0
fixed,TSB-HB,0.0
fixed,TSB-HB,0.0
fixed,TSB-HB,0.0
fixed,TSB-HB,0.0
fixed,TSB-HB,0.0
fixed,TSB-HB,0.0
fixed,TSB-HB,0.0
fixed,TSB-HB,0.0
fixed,TSB-HB,0.0
fixed,TSB-HB,0.0
fixed,TSB-HB,0.0
fixed,TSB-HB,0.0
fixed,TSB-HB,0.0
fixed,TSB-HB,0.0
fixed,TSB-HB,0.0
fixed,TSB-HB,0.0
fixed,TSB-HB,0.0
fixed,TSB-HB,0.0
fixed,TSB-HB,0.0
fixed,TSB-HB,0.0
fixed,TSB-HB,0.0
fixed,TSB-HB,0.0
fixed,TSB-HB,0.0
fixed,TSB-HB,0.0
fixed,TSB-HB,0.0
fixed,TSB-HB,0.0
fixed,TSB-HB,0.0
fixed,TSB-HB,0.0
fixed,TSB-HB,0.0
fixed,TSB-HB,0.0
fixed,TSB-HB,0.0
fixed,TSB-HB,0.0
fixed,TSB-HB,0.0
fixed,TSB-HB,0.0
fixed,TSB-HB,0.0
fixed,TSB-HB,0.0
fixed,TSB-HB,0.0
fixed,TSB-HB,0.0
fixed,TSB-HB,0.0
fixed,TSB-HB,0.0
fixed,TSB-HB,0.0
fixed,TSB-HB,0.0
fixed,TSB-HB,0.0
fixed,TSB-HB,0.0
fixed,TSB-HB,0.0
fixed,TSB-HB,0.0
fixed,TSB-HB,0.0
fixed,TSB-HB,0.0
fixed,TSB-HB,0.0
fixed,TSB-HB,0.0
fixed,TSB-HB,0.0
fixed,TSB-HB,0.0
fixed,TSB-HB,0.0
fixed,TSB-HB,0.9539994115548366
fixed,TSB-HB,0.8725456521740245
fixed,TSB-HB,0.0
fixed,TSB-HB,0.0
fixed,TSB-HB,0.0
fixed,TSB-HB,0.0
fixed,TSB-HB,0.0
fixed,TSB-HB,0.0
fixed,TSB-HB,0.0
fixed,TSB-HB,0.0
fixed,TSB-HB,0.0
fixed,TSB-HB,0.0
fixed,TSB-HB,0.9365044817810343
fixed,TSB-HB,0.0
fixed,TSB-HB,0.0
fixed,TSB-HB,0.0
fixed,TSB-HB,0.0
fixed,TSB-HB,0.0
fixed,TSB-HB,0.0
fixed,TSB-HB,0.8511768607913076
fixed,TSB-HB,0.0
fixed,TSB-HB,0.0
fixed,TSB-HB,0.0
fixed,TSB-HB,0.0
fixed,TSB-HB,0.0
fixed,TSB-HB,0.0
fixed,TSB-HB,0.0
fixed,TSB-HB,0.8926691699646258
fixed,TSB-HB,0.0
fixed,TSB-HB,0.0
fixed,TSB-HB,0.0
fixed,TSB-HB,0.0
fixed,TSB-HB,0.0
fixed,TSB-HB,0.0
fixed,TSB-HB,0.0
fixed,TSB-HB,0.8899637973742823
fixed,TSB-HB,0.0
fixed,TSB-HB,0.0
fixed,TSB-HB,0.0
fixed,TSB-HB,0.0
fixed,TSB-HB,0.0
fixed,TSB-HB,0.0
fixed,TSB-HB,0.9261493048448017
fixed,TSB-HB,0.0
fixed,TSB-HB,0.9261493048448017
fixed,TSB-HB,0.0
fixed,TSB-HB,0.0
fixed,TSB-HB,0.0
fixed,TSB-HB,0.0
fixed,TSB-HB,0.0
fixed,TSB-HB,0.0
fixed,TSB-HB,0.0
fixed,TSB-HB,0.0
fixed,TSB-HB,0.0
fixed,TSB-HB,0.0
fixed,TSB-HB,0.0
fixed,TSB-HB,0.0
fixed,TSB-HB,0.0
fixed,TSB-HB,0.0
fixed,TSB-HB,0.0
fixed,TSB-HB,0.0
fixed,TSB-HB,0.0
fixed,TSB-HB,0.0
fixed,TSB-HB,0.0
fixed,TSB-HB,0.0
fixed,TSB-HB,0.0
fixed,TSB-HB,0.0
fixed,TSB-HB,0.0
fixed,TSB-HB,0.0
fixed,TSB-HB,0.0
fixed,TSB-HB,0.0
fixed,TSB-HB,0.0
fixed,TSB-HB,0.0
fixed,TSB-HB,0.0
fixed,TSB-HB,0.0
fixed,TSB-HB,0.0
fixed,TSB-HB,0.0
fixed,TSB-HB,0.899564477011748
fixed,TSB-HB,0.0
fixed,TSB-HB,0.0
fixed,TSB-HB,0.0
fixed,TSB-HB,0.0
fixed,TSB-HB,0.0
fixed,TSB-HB,0.0
fixed,TSB-HB,0.0
fixed,TSB-HB,0.0
fixed,TSB-HB,0.0
fixed,TSB-HB,0.0
fixed,TSB-HB,0.0
fixed,TSB-HB,0.0
fixed,TSB-HB,0.0
fixed,TSB-HB,0.0
fixed,TSB-HB,0.0
fixed,TSB-HB,0.0
fixed,TSB-HB,0.0
fixed,TSB-HB,0.0
fixed,TSB-HB,0.0
fixed,TSB-HB,0.0
fixed,TSB-HB,0.0
fixed,TSB-HB,0.0
fixed,TSB-HB,0.0
fixed,TSB-HB,0.0
fixed,TSB-HB,0.0
fixed,TSB-HB,0.0
fixed,TSB-HB,0.8485281530576323
fixed,TSB-HB,0.0
fixed,TSB-HB,0.0
fixed,TSB-HB,0.8627573375048262
fixed,TSB-HB,0.8627573375048262
fixed,TSB-HB,0.0
fixed,TSB-HB,0.0
fixed,TSB-HB,0.0
fixed,TSB-HB,0.0
fixed,TSB-HB,0.0
fixed,TSB-HB,0.0
fixed,TSB-HB,0.0
fixed,TSB-HB,0.0
fixed,TSB-HB,0.0
fixed,TSB-HB,0.0
fixed,TSB-HB,0.9525478407500891
fixed,TSB-HB,0.0
fixed,TSB-HB,0.0
fixed,TSB-HB,0.9525478407500891
fixed,TSB-HB,0.0
fixed,TSB-HB,0.0
fixed,TSB-HB,0.0
fixed,TSB-HB,0.0
fixed,TSB-HB,0.0
fixed,TSB-HB,0.0
fixed,TSB-HB,0.0
fixed,TSB-HB,0.9443638378709763
fixed,TSB-HB,0.0
fixed,TSB-HB,0.0
fixed,TSB-HB,0.0
fixed,TSB-HB,0.0
fixed,TSB-HB,0.0
fixed,TSB-HB,0.0
fixed,TSB-HB,0.0
fixed,TSB-HB,0.0
fixed,TSB-HB,0.0
fixed,TSB-HB,0.8476841921792305
fixed,TSB-HB,0.8602251095994535
fixed,TSB-HB,0.0
fixed,TSB-HB,0.0
fixed,TSB-HB,0.8602251095994535
fixed,TSB-HB,0.0
fixed,TSB-HB,0.8602251095994535
fixed,TSB-HB,0.0
fixed,TSB-HB,0.0
fixed,TSB-HB,0.0
fixed,TSB-HB,0.0
fixed,TSB-HB,0.0
fixed,TSB-HB,0.9698382810189009
fixed,TSB-HB,0.0
fixed,TSB-HB,0.0
fixed,TSB-HB,0.8633767296831517
fixed,TSB-HB,0.0
fixed,TSB-HB,0.0
fixed,TSB-HB,0.8633767296831517
fixed,TSB-HB,0.0
fixed,TSB-HB,0.0
fixed,TSB-HB,0.0
fixed,TSB-HB,0.0
fixed,TSB-HB,0.0
fixed,TSB-HB,0.9532050766837384
fixed,TSB-HB,0.0
fixed,TSB-HB,0.0
fixed,TSB-HB,0.0
fixed,TSB-HB,0.0
fixed,TSB-HB,0.0
fixed,TSB-HB,0.0
fixed,TSB-HB,0.8492399436643563
fixed,TSB-HB,0.0
fixed,TSB-HB,0.0
fixed,TSB-HB,0.0
fixed,TSB-HB,0.0
fixed,TSB-HB,0.0
fixed,TSB-HB,0.0
fixed,TSB-HB,0.0
fixed,TSB-HB,0.0
fixed,TSB-HB,0.0
fixed,TSB-HB,0.0
fixed,TSB-HB,0.0
fixed,TSB-HB,0.0
fixed,TSB-HB,0.0
fixed,TSB-HB,0.0
fixed,TSB-HB,0.8689628089295868
fixed,TSB-HB,0.8689628089295868
fixed,TSB-HB,0.9476122292461501
fixed,TSB-HB,0.9551001620536222
fixed,TSB-HB,0.0
fixed,TSB-HB,0.0
fixed,TSB-HB,0.0
fixed,TSB-HB,0.0
fixed,TSB-HB,0.0
fixed,TSB-HB,0.0
fixed,TSB-HB,0.861045335275416
fixed,TSB-HB,0.0
fixed,TSB-HB,0.0
fixed,TSB-HB,0.861045335275416
fixed,TSB-HB,0.0
fixed,TSB-HB,0.0
fixed,TSB-HB,0.0
fixed,TSB-HB,0.0
fixed,TSB-HB,0.0
fixed,TSB-HB,0.0
fixed,TSB-HB,0.937325949416868
fixed,TSB-HB,0.8553821515522148
fixed,TSB-HB,0.8553821515522148
fixed,TSB-HB,0.0
fixed,TSB-HB,0.0
fixed,TSB-HB,0.0
fixed,TSB-HB,0.0
fixed,TSB-HB,0.0
fixed,TSB-HB,0.0
fixed,TSB-HB,0.8550658590307979
fixed,TSB-HB,0.0
fixed,TSB-HB,0.0
fixed,TSB-HB,0.8550658590307979
fixed,TSB-HB,0.0
fixed,TSB-HB,0.0
fixed,TSB-HB,0.0
fixed,TSB-HB,0.0
fixed,TSB-HB,0.0
fixed,TSB-HB,0.0
fixed,TSB-HB,0.0
fixed,TSB-HB,0.0
fixed,TSB-HB,0.0
fixed,TSB-HB,0.0
fixed,TSB-HB,0.0
fixed,TSB-HB,0.0
fixed,TSB-HB,0.9393177495660243
fixed,TSB-HB,0.0
fixed,TSB-HB,0.0
fixed,TSB-HB,0.0
fixed,TSB-HB,0.0
fixed,TSB-HB,0.0
fixed,TSB-HB,0.0
fixed,TSB-HB,0.8441547985636058
fixed,TSB-HB,0.0
fixed,TSB-HB,0.0
fixed,TSB-HB,0.0
fixed,TSB-HB,0.0
fixed,TSB-HB,0.8525127238849995
fixed,TSB-HB,0.0
fixed,TSB-HB,0.8525127238849995
fixed,TSB-HB,0.8525127238849995
fixed,TSB-HB,0.0
fixed,TSB-HB,0.0
fixed,TSB-HB,0.0
fixed,TSB-HB,0.8450034118121764
fixed,TSB-HB,0.0
fixed,TSB-HB,0.0
fixed,TSB-HB,0.0
fixed,TSB-HB,0.0
fixed,TSB-HB,0.0
fixed,TSB-HB,0.0
fixed,TSB-HB,0.0
fixed,TSB-HB,0.0
fixed,TSB-HB,0.0
fixed,TSB-HB,0.0
fixed,TSB-HB,0.0
fixed,TSB-HB,0.0
fixed,TSB-HB,0.0
fixed,TSB-HB,0.0
fixed,TSB-HB,0.0
fixed,TSB-HB,0.0
fixed,TSB-HB,0.0
fixed,TSB-HB,0.0
fixed,TSB-HB,0.0
fixed,TSB-HB,0.0
fixed,TSB-HB,0.0
fixed,TSB-HB,0.0
fixed,TSB-HB,0.0
fixed,TSB-HB,0.0
fixed,TSB-HB,0.943003265808093
fixed,TSB-HB,0.0
fixed,TSB-HB,0.0
fixed,TSB-HB,0.0
fixed,TSB-HB,0.8599348556227908
fixed,TSB-HB,0.8599348556227908
fixed,TSB-HB,0.0
fixed,TSB-HB,0.8599348556227908
fixed,TSB-HB,0.0
fixed,TSB-HB,0.0
fixed,TSB-HB,0.0
fixed,TSB-HB,0.0
fixed,TSB-HB,0.0
fixed,TSB-HB,0.0
fixed,TSB-HB,0.0
fixed,TSB-HB,0.0
fixed,TSB-HB,0.0
fixed,TSB-HB,0.0
fixed,TSB-HB,0.0
fixed,TSB-HB,0.0
fixed,TSB-HB,0.0
fixed,TSB-HB,0.0
fixed,TSB-HB,0.0
fixed,TSB-HB,0.0
fixed,TSB-HB,0.0
fixed,TSB-HB,0.0
fixed,TSB-HB,0.0
fixed,TSB-HB,0.0
fixed,TSB-HB,0.0
fixed,TSB-HB,0.0
fixed,TSB-HB,0.0
fixed,TSB-HB,0.0
fixed,TSB-HB,0.0
fixed,TSB-HB,0.0
fixed,TSB-HB,0.0
fixed,TSB-HB,0.0
fixed,TSB-HB,0.0
fixed,TSB-HB,0.0
fixed,TSB-HB,0.8768135023086895
fixed,TSB-HB,0.0
fixed,TSB-HB,0.0
fixed,TSB-HB,0.0
fixed,TSB-HB,0.0
fixed,TSB-HB,0.0
fixed,TSB-HB,0.0
fixed,TSB-HB,0.0
fixed,TSB-HB,0.0
fixed,TSB-HB,0.0
fixed,TSB-HB,0.0
fixed,TSB-HB,0.0
fixed,TSB-HB,0.0
fixed,TSB-HB,0.0
fixed,TSB-HB,0.0
fixed,TSB-HB,0.0
fixed,TSB-HB,0.0
fixed,TSB-HB,0.0
fixed,TSB-HB,0.0
fixed,TSB-HB,0.0
fixed,TSB-HB,0.0
fixed,TSB-HB,0.8533616811880574
fixed,TSB-HB,0.0
fixed,TSB-HB,0.0
fixed,TSB-HB,0.8533616811880574
fixed,TSB-HB,0.0
fixed,TSB-HB,0.0
fixed,TSB-HB,0.0
fixed,TSB-HB,0.0
fixed,TSB-HB,0.0
fixed,TSB-HB,0.0
fixed,TSB-HB,0.0
fixed,TSB-HB,0.0
fixed,TSB-HB,0.9513708382549406
fixed,TSB-HB,0.0
fixed,TSB-HB,0.0
fixed,TSB-HB,0.0
fixed,TSB-HB,0.0
fixed,TSB-HB,0.0
fixed,TSB-HB,0.0
fixed,TSB-HB,0.0
fixed,TSB-HB,0.0
fixed,TSB-HB,0.0
fixed,TSB-HB,0.0
fixed,TSB-HB,0.0
fixed,TSB-HB,0.0
fixed,TSB-HB,0.0
fixed,TSB-HB,0.0
fixed,TSB-HB,0.8489284646285538
fixed,TSB-HB,0.0
fixed,TSB-HB,0.0
fixed,TSB-HB,0.0
fixed,TSB-HB,0.0
fixed,TSB-HB,0.0
fixed,TSB-HB,0.0
fixed,TSB-HB,0.0
fixed,TSB-HB,0.0
fixed,TSB-HB,0.917047832299383
fixed,TSB-HB,0.0
fixed,TSB-HB,0.0
fixed,TSB-HB,0.917047832299383
fixed,TSB-HB,0.0
fixed,TSB-HB,0.0
fixed,TSB-HB,0.0
fixed,TSB-HB,0.0
fixed,TSB-HB,0.0
fixed,TSB-HB,0.0
fixed,TSB-HB,0.0
fixed,TSB-HB,0.0
fixed,TSB-HB,0.0
fixed,TSB-HB,0.0
fixed,TSB-HB,0.0
fixed,TSB-HB,0.0
fixed,TSB-HB,0.0
fixed,TSB-HB,0.0
fixed,TSB-HB,0.0
fixed,TSB-HB,0.0
fixed,TSB-HB,0.0
fixed,TSB-HB,0.0
fixed,TSB-HB,0.0
fixed,TSB-HB,0.0
fixed,TSB-HB,0.0
fixed,TSB-HB,0.0
fixed,TSB-HB,0.0
fixed,TSB-HB,0.8737416638202968
fixed,TSB-HB,0.0
fixed,TSB-HB,0.8847898123609612
fixed,TSB-HB,0.0
fixed,TSB-HB,0.0
fixed,TSB-HB,0.0
fixed,TSB-HB,0.0
fixed,TSB-HB,0.0
fixed,TSB-HB,0.0
fixed,TSB-HB,0.0
fixed,TSB-HB,0.0
fixed,TSB-HB,0.0
fixed,TSB-HB,0.875970109164695
fixed,TSB-HB,0.0
fixed,TSB-HB,0.0
fixed,TSB-HB,0.0
fixed,TSB-HB,0.0
fixed,TSB-HB,0.0
fixed,TSB-HB,0.0
fixed,TSB-HB,0.0
fixed,TSB-HB,0.8637404966943709
fixed,TSB-HB,0.0
fixed,TSB-HB,0.0
fixed,TSB-HB,0.0
fixed,TSB-HB,0.0
fixed,TSB-HB,0.0
fixed,TSB-HB,0.0
fixed,TSB-HB,0.0
fixed,TSB-HB,0.0
fixed,TSB-HB,0.0
fixed,TSB-HB,0.0
fixed,TSB-HB,0.0
fixed,TSB-HB,0.0
fixed,TSB-HB,0.0
fixed,TSB-HB,0.9515820373058499
fixed,TSB-HB,0.0
fixed,TSB-HB,0.0
fixed,TSB-HB,0.0
fixed,TSB-HB,0.0
fixed,TSB-HB,0.0
fixed,TSB-HB,0.0
fixed,TSB-HB,0.0
fixed,TSB-HB,0.0
fixed,TSB-HB,0.0
fixed,TSB-HB,0.0
fixed,TSB-HB,0.0
fixed,TSB-HB,0.0
fixed,TSB-HB,0.0
fixed,TSB-HB,0.0
fixed,TSB-HB,0.0
fixed,TSB-HB,0.8592563297811102
fixed,TSB-HB,0.0
fixed,TSB-HB,0.0
fixed,TSB-HB,0.0
fixed,TSB-HB,0.0
fixed,TSB-HB,0.8592563297811102
fixed,TSB-HB,0.0
fixed,TSB-HB,0.0
fixed,TSB-HB,0.0
fixed,TSB-HB,0.0
fixed,TSB-HB,0.0
fixed,TSB-HB,0.0
fixed,TSB-HB,0.0
fixed,TSB-HB,0.0
fixed,TSB-HB,0.0
fixed,TSB-HB,0.0
fixed,TSB-HB,0.0
fixed,TSB-HB,0.0
fixed,TSB-HB,0.0
fixed,TSB-HB,0.0
fixed,TSB-HB,0.0
fixed,TSB-HB,0.0
fixed,TSB-HB,0.0
fixed,TSB-HB,0.0
fixed,TSB-HB,0.0
fixed,TSB-HB,0.0
fixed,TSB-HB,0.0
fixed,TSB-HB,0.0
fixed,TSB-HB,0.0
fixed,TSB-HB,0.0
fixed,TSB-HB,0.0
fixed,TSB-HB,0.0
fixed,TSB-HB,0.0
fixed,TSB-HB,0.0
fixed,TSB-HB,0.0
fixed,TSB-HB,0.0
fixed,TSB-HB,0.0
fixed,TSB-HB,0.0
fixed,TSB-HB,0.0
fixed,TSB-HB,0.0
fixed,TSB-HB,0.0
fixed,TSB-HB,0.0
fixed,TSB-HB,0.0
fixed,TSB-HB,0.0
fixed,TSB-HB,0.8565652476382346
fixed,TSB-HB,0.0
fixed,TSB-HB,0.0
fixed,TSB-HB,0.8565652476382346
fixed,TSB-HB,0.0
fixed,TSB-HB,0.0
fixed,TSB-HB,0.0
fixed,TSB-HB,0.0
fixed,TSB-HB,0.0
fixed,TSB-HB,0.0
fixed,TSB-HB,0.0
fixed,TSB-HB,0.0
fixed,TSB-HB,0.0
fixed,TSB-HB,0.0
fixed,TSB-HB,0.0
fixed,TSB-HB,0.0
fixed,TSB-HB,0.0
fixed,TSB-HB,0.0
fixed,TSB-HB,0.0
fixed,TSB-HB,0.0
fixed,TSB-HB,0.0
fixed,TSB-HB,0.0
fixed,TSB-HB,0.0
fixed,TSB-HB,0.0
fixed,TSB-HB,0.0
fixed,TSB-HB,0.0
fixed,TSB-HB,0.0
fixed,TSB-HB,0.0
fixed,TSB-HB,0.0
fixed,TSB-HB,0.0
fixed,TSB-HB,0.8896977531395194
fixed,TSB-HB,0.0
fixed,TSB-HB,0.0
fixed,TSB-HB,0.0
fixed,TSB-HB,0.0
fixed,TSB-HB,0.0
fixed,TSB-HB,0.0
fixed,TSB-HB,0.0
fixed,TSB-HB,0.0
fixed,TSB-HB,0.0
fixed,TSB-HB,0.9339094627577132
fixed,TSB-HB,0.0
fixed,TSB-HB,0.0
fixed,TSB-HB,0.0
fixed,TSB-HB,0.0
fixed,TSB-HB,0.0
fixed,TSB-HB,0.0
fixed,TSB-HB,0.8532272523370916
fixed,TSB-HB,0.0
fixed,TSB-HB,0.0
fixed,TSB-HB,0.0
fixed,TSB-HB,0.0
fixed,TSB-HB,0.0
fixed,TSB-HB,0.0
fixed,TSB-HB,0.0
fixed,TSB-HB,0.0
fixed,TSB-HB,0.0
fixed,TSB-HB,0.0
fixed,TSB-HB,0.0
fixed,TSB-HB,0.9326171801506014
fixed,TSB-HB,0.0
fixed,TSB-HB,0.0
fixed,TSB-HB,0.0
fixed,TSB-HB,0.0
fixed,TSB-HB,0.9329941005496991
fixed,TSB-HB,0.0
fixed,TSB-HB,0.0
fixed,TSB-HB,0.0
fixed,TSB-HB,0.0
fixed,TSB-HB,0.0
fixed,TSB-HB,0.0
fixed,TSB-HB,0.0
fixed,TSB-HB,0.0
fixed,TSB-HB,0.0
fixed,TSB-HB,0.0
fixed,TSB-HB,0.0
fixed,TSB-HB,0.0
fixed,TSB-HB,0.0
fixed,TSB-HB,0.0
fixed,TSB-HB,0.0
fixed,TSB-HB,0.9088925300699477
fixed,TSB-HB,0.0
fixed,TSB-HB,0.0
fixed,TSB-HB,0.0
fixed,TSB-HB,0.0
fixed,TSB-HB,0.0
fixed,TSB-HB,0.0
fixed,TSB-HB,0.0
fixed,TSB-HB,0.0
fixed,TSB-HB,0.0
fixed,TSB-HB,0.0
fixed,TSB-HB,0.0
fixed,TSB-HB,0.0
fixed,TSB-HB,0.0
fixed,TSB-HB,0.0
fixed,TSB-HB,0.0
fixed,TSB-HB,0.0
fixed,TSB-HB,0.0
fixed,TSB-HB,0.0
fixed,TSB-HB,0.0
fixed,TSB-HB,0.0
fixed,TSB-HB,0.0
fixed,TSB-HB,0.0
fixed,TSB-HB,0.0
fixed,TSB-HB,0.0
fixed,TSB-HB,0.0
fixed,TSB-HB,0.0
fixed,TSB-HB,0.0
fixed,TSB-HB,0.0
fixed,TSB-HB,0.0
fixed,TSB-HB,0.0
fixed,TSB-HB,0.0
fixed,TSB-HB,0.0
fixed,TSB-HB,0.0
fixed,TSB-HB,0.0
fixed,TSB-HB,0.0
fixed,TSB-HB,0.0
fixed,TSB-HB,0.0
fixed,TSB-HB,0.0
fixed,TSB-HB,0.0
fixed,TSB-HB,0.0
fixed,TSB-HB,0.0
fixed,TSB-HB,0.0
fixed,TSB-HB,0.0
fixed,TSB-HB,0.0
fixed,TSB-HB,0.0
fixed,TSB-HB,0.0
fixed,TSB-HB,0.0
fixed,TSB-HB,0.0
fixed,TSB-HB,0.0
fixed,TSB-HB,0.0
fixed,TSB-HB,0.0
fixed,TSB-HB,0.0
fixed,TSB-HB,0.0
fixed,TSB-HB,0.0
fixed,TSB-HB,0.0
fixed,TSB-HB,0.0
fixed,TSB-HB,0.0
fixed,TSB-HB,0.0
fixed,TSB-HB,0.0
fixed,TSB-HB,0.0
fixed,TSB-HB,0.0
fixed,TSB-HB,0.8576809099601292
fixed,TSB-HB,0.0
fixed,TSB-HB,0.0
fixed,TSB-HB,0.0
fixed,TSB-HB,0.0
fixed,TSB-HB,0.0
fixed,TSB-HB,0.0
fixed,TSB-HB,0.0
fixed,TSB-HB,0.0
fixed,TSB-HB,0.0
fixed,TSB-HB,0.0
fixed,TSB-HB,0.0
fixed,TSB-HB,0.0
fixed,TSB-HB,0.0
fixed,TSB-HB,0.0
fixed,TSB-HB,0.0
fixed,TSB-HB,0.0
fixed,TSB-HB,0.0
fixed,TSB-HB,0.0
fixed,TSB-HB,0.9656750387076928
fixed,TSB-HB,0.0
fixed,TSB-HB,0.0
fixed,TSB-HB,0.0
fixed,TSB-HB,0.0
fixed,TSB-HB,0.0
fixed,TSB-HB,0.0
fixed,TSB-HB,0.0
fixed,TSB-HB,0.0
fixed,TSB-HB,0.0
fixed,TSB-HB,0.0
fixed,TSB-HB,0.0
fixed,TSB-HB,0.0
fixed,TSB-HB,0.0
fixed,TSB-HB,0.0
fixed,TSB-HB,0.0
fixed,TSB-HB,0.0
fixed,TSB-HB,0.0
fixed,TSB-HB,0.0
fixed,TSB-HB,0.0
fixed,TSB-HB,0.0
fixed,TSB-HB,0.0
fixed,TSB-HB,0.0
fixed,TSB-HB,0.0
fixed,TSB-HB,0.0
fixed,TSB-HB,0.0
fixed,TSB-HB,0.0
fixed,TSB-HB,0.0
fixed,TSB-HB,0.8427909278240858
fixed,TSB-HB,0.9595339111649209
fixed,TSB-HB,0.0
fixed,TSB-HB,0.0
fixed,TSB-HB,0.0
fixed,TSB-HB,0.0
fixed,TSB-HB,0.0
fixed,TSB-HB,0.0
fixed,TSB-HB,0.0
fixed,TSB-HB,0.944061074508455
fixed,TSB-HB,0.0
fixed,TSB-HB,0.0
fixed,TSB-HB,0.8515654547619079
fixed,TSB-HB,0.0
fixed,TSB-HB,0.0
fixed,TSB-HB,0.0
fixed,TSB-HB,0.0
fixed,TSB-HB,0.0
fixed,TSB-HB,0.0
fixed,TSB-HB,0.0
fixed,TSB-HB,0.0
fixed,TSB-HB,0.0
fixed,TSB-HB,0.0
fixed,TSB-HB,0.0
fixed,TSB-HB,0.0
fixed,TSB-HB,0.0
fixed,TSB-HB,0.0
fixed,TSB-HB,0.865333109414965
fixed,TSB-HB,0.0
fixed,TSB-HB,0.0
fixed,TSB-HB,0.865333109414965
fixed,TSB-HB,0.0
fixed,TSB-HB,0.0
fixed,TSB-HB,0.0
fixed,TSB-HB,0.0
fixed,TSB-HB,0.0
fixed,TSB-HB,0.0
fixed,TSB-HB,0.0
fixed,TSB-HB,0.0
fixed,TSB-HB,0.0
fixed,TSB-HB,0.0
fixed,TSB-HB,0.0
fixed,TSB-HB,0.0
fixed,TSB-HB,0.0
fixed,TSB-HB,0.0
fixed,TSB-HB,0.0
fixed,TSB-HB,0.0
fixed,TSB-HB,0.0
fixed,TSB-HB,0.0
fixed,TSB-HB,0.0
fixed,TSB-HB,0.0
fixed,TSB-HB,0.0
fixed,TSB-HB,0.0
fixed,TSB-HB,0.9424832841299767
fixed,TSB-HB,0.0
fixed,TSB-HB,0.0
fixed,TSB-HB,0.9446228095374087
fixed,TSB-HB,0.0
fixed,TSB-HB,0.0
fixed,TSB-HB,0.0
fixed,TSB-HB,0.0
fixed,TSB-HB,0.9387068479177276
fixed,TSB-HB,0.0
fixed,TSB-HB,0.0
fixed,TSB-HB,0.0
fixed,TSB-HB,0.0
fixed,TSB-HB,0.0
fixed,TSB-HB,0.8426548877815307
fixed,TSB-HB,0.9288513354710551
fixed,TSB-HB,0.0
fixed,TSB-HB,0.0
fixed,TSB-HB,0.0
fixed,TSB-HB,0.0
fixed,TSB-HB,0.9388725331736536
fixed,TSB-HB,0.0
fixed,TSB-HB,0.9388725331736536
fixed,TSB-HB,0.9739822382765928
fixed,TSB-HB,0.9739822382765928
fixed,TSB-HB,0.9739822382765928
fixed,TSB-HB,0.8709174476748996
fixed,TSB-HB,0.9501005282689233
fixed,TSB-HB,0.8709174476748996
fixed,TSB-HB,0.0
fixed,TSB-HB,0.0
fixed,TSB-HB,0.0
fixed,TSB-HB,0.0
fixed,TSB-HB,0.0
fixed,TSB-HB,0.0
fixed,TSB-HB,0.0
fixed,TSB-HB,0.0
fixed,TSB-HB,0.0
fixed,TSB-HB,0.0
fixed,TSB-HB,0.0
fixed,TSB-HB,0.0
fixed,TSB-HB,0.0
fixed,TSB-HB,0.9449911844741419
fixed,TSB-HB,0.0
fixed,TSB-HB,0.0
fixed,TSB-HB,0.0
fixed,TSB-HB,0.0
fixed,TSB-HB,0.0
fixed,TSB-HB,0.0
fixed,TSB-HB,0.0
fixed,TSB-HB,0.0
fixed,TSB-HB,0.0
fixed,TSB-HB,0.0
fixed,TSB-HB,0.0
fixed,TSB-HB,0.0
fixed,TSB-HB,0.0
fixed,TSB-HB,0.7629573576028456
fixed,TSB-HB,0.0
fixed,TSB-HB,0.0
fixed,TSB-HB,0.0
fixed,TSB-HB,0.0
fixed,TSB-HB,0.0
fixed,TSB-HB,0.0
fixed,TSB-HB,0.0
fixed,TSB-HB,0.0
fixed,TSB-HB,0.0
fixed,TSB-HB,0.0
fixed,TSB-HB,0.0
fixed,TSB-HB,0.8158158155435676
fixed,TSB-HB,0.8158158155435676
fixed,TSB-HB,0.0
fixed,TSB-HB,0.0
fixed,TSB-HB,0.0
fixed,TSB-HB,0.8158158155435676
fixed,TSB-HB,0.0
fixed,TSB-HB,0.0
fixed,TSB-HB,0.0
fixed,TSB-HB,0.0
fixed,TSB-HB,0.0
fixed,TSB-HB,0.0
fixed,TSB-HB,0.0
fixed,TSB-HB,0.0
fixed,TSB-HB,0.0
fixed,TSB-HB,0.0
fixed,TSB-HB,0.0
fixed,TSB-HB,0.0
fixed,TSB-HB,1.0
fixed,TSB-HB,0.0
fixed,TSB-HB,0.0
fixed,TSB-HB,0.0
fixed,TSB-HB,0.0
fixed,TSB-HB,0.0
fixed,TSB-HB,0.0
fixed,TSB-HB,0.0
fixed,TSB-HB,0.8628102711171494
fixed,TSB-HB,0.0
fixed,TSB-HB,0.0
fixed,TSB-HB,0.0
fixed,TSB-HB,0.0
fixed,TSB-HB,0.0
fixed,TSB-HB,0.0
fixed,TSB-HB,0.0
fixed,TSB-HB,0.0
fixed,TSB-HB,0.0
fixed,TSB-HB,0.0
fixed,TSB-HB,0.0
fixed,TSB-HB,0.8414921150127063
fixed,TSB-HB,0.0
fixed,TSB-HB,0.0
fixed,TSB-HB,0.8414921150127063
fixed,TSB-HB,0.946796217597957
fixed,TSB-HB,0.0
fixed,TSB-HB,0.0
fixed,TSB-HB,0.0
fixed,TSB-HB,0.0
fixed,TSB-HB,0.0
fixed,TSB-HB,0.0
fixed,TSB-HB,0.8533970134320613
fixed,TSB-HB,0.0
fixed,TSB-HB,0.0
fixed,TSB-HB,0.0
fixed,TSB-HB,0.0
fixed,TSB-HB,0.0
fixed,TSB-HB,0.0
fixed,TSB-HB,0.0
fixed,TSB-HB,0.0
fixed,TSB-HB,0.0
fixed,TSB-HB,0.0
fixed,TSB-HB,0.0
fixed,TSB-HB,0.0
fixed,TSB-HB,0.0
fixed,TSB-HB,0.0
fixed,TSB-HB,0.8543997455724089
fixed,TSB-HB,0.0
fixed,TSB-HB,0.0
fixed,TSB-HB,0.0
fixed,TSB-HB,0.0
fixed,TSB-HB,0.0
fixed,TSB-HB,0.0
fixed,TSB-HB,0.0
fixed,TSB-HB,0.0
fixed,TSB-HB,0.0
fixed,TSB-HB,0.0
fixed,TSB-HB,0.0
fixed,TSB-HB,0.0
fixed,TSB-HB,0.0
fixed,TSB-HB,0.0
fixed,TSB-HB,0.0
fixed,TSB-HB,0.0
fixed,TSB-HB,0.0
fixed,TSB-HB,0.0
fixed,TSB-HB,0.0
fixed,TSB-HB,0.0
fixed,TSB-HB,0.0
fixed,TSB-HB,0.0
fixed,TSB-HB,0.0
fixed,TSB-HB,0.0
fixed,TSB-HB,0.0
fixed,TSB-HB,0.8838257511914824
fixed,TSB-HB,0.0
fixed,TSB-HB,0.0
fixed,TSB-HB,0.0
fixed,TSB-HB,0.0
fixed,TSB-HB,0.0
fixed,TSB-HB,0.0
fixed,TSB-HB,0.0
fixed,TSB-HB,0.0
fixed,TSB-HB,0.9392302394043268
fixed,TSB-HB,0.0
fixed,TSB-HB,0.0
fixed,TSB-HB,0.0
fixed,TSB-HB,0.0
fixed,TSB-HB,0.0
fixed,TSB-HB,0.0
fixed,TSB-HB,0.0
fixed,TSB-HB,0.0
fixed,TSB-HB,0.0
fixed,TSB-HB,0.0
fixed,TSB-HB,0.0
fixed,TSB-HB,0.0
fixed,TSB-HB,0.0
fixed,TSB-HB,0.0
fixed,TSB-HB,0.0
fixed,TSB-HB,0.0
fixed,TSB-HB,0.0
fixed,TSB-HB,0.0
fixed,TSB-HB,0.0
fixed,TSB-HB,0.0
fixed,TSB-HB,0.0
fixed,TSB-HB,0.0
fixed,TSB-HB,0.0
fixed,TSB-HB,0.0
fixed,TSB-HB,0.0
fixed,TSB-HB,0.9193127167672056
fixed,TSB-HB,0.0
fixed,TSB-HB,0.0
fixed,TSB-HB,0.0
fixed,TSB-HB,0.0
fixed,TSB-HB,0.0
fixed,TSB-HB,0.0
fixed,TSB-HB,0.0
fixed,TSB-HB,0.0
fixed,TSB-HB,0.0
fixed,TSB-HB,0.0
fixed,TSB-HB,0.0
fixed,TSB-HB,0.0
fixed,TSB-HB,0.0
fixed,TSB-HB,0.0
fixed,TSB-HB,0.0
fixed,TSB-HB,0.0
fixed,TSB-HB,0.0
fixed,TSB-HB,0.0
fixed,TSB-HB,0.0
fixed,TSB-HB,0.0
fixed,TSB-HB,0.0
fixed,TSB-HB,0.0
fixed,TSB-HB,0.0
fixed,TSB-HB,0.0
fixed,TSB-HB,0.9110714859265855
fixed,TSB-HB,0.0
fixed,TSB-HB,0.0
fixed,TSB-HB,0.0
fixed,TSB-HB,0.0
fixed,TSB-HB,0.9110714859265855
fixed,TSB-HB,0.0
fixed,TSB-HB,0.0
fixed,TSB-HB,0.0
fixed,TSB-HB,0.0
fixed,TSB-HB,0.0
fixed,TSB-HB,0.0
fixed,TSB-HB,0.0
fixed,TSB-HB,0.0
fixed,TSB-HB,0.0
fixed,TSB-HB,0.0
fixed,TSB-HB,0.0
fixed,TSB-HB,0.0
fixed,TSB-HB,0.0
fixed,TSB-HB,0.0
fixed,TSB-HB,0.0
fixed,TSB-HB,0.0
fixed,TSB-HB,0.0
fixed,TSB-HB,0.0
fixed,TSB-HB,0.0
fixed,TSB-HB,0.0
fixed,TSB-HB,0.0
fixed,TSB-HB,0.0
fixed,TSB-HB,0.0
fixed,TSB-HB,0.0
fixed,TSB-HB,0.0
fixed,TSB-HB,0.0
fixed,TSB-HB,0.9065913096837545
fixed,TSB-HB,0.0
fixed,TSB-HB,0.0
fixed,TSB-HB,0.0
fixed,TSB-HB,0.9082167091741885
fixed,TSB-HB,0.0
fixed,TSB-HB,0.0
fixed,TSB-HB,0.0
fixed,TSB-HB,0.0
fixed,TSB-HB,0.0
fixed,TSB-HB,0.0
fixed,TSB-HB,0.0
fixed,TSB-HB,0.0
fixed,TSB-HB,0.9666503571185984
fixed,TSB-HB,0.0
fixed,TSB-HB,0.0
fixed,TSB-HB,0.0
fixed,TSB-HB,0.0
fixed,TSB-HB,0.0
fixed,TSB-HB,0.934849074385999
fixed,TSB-HB,0.0
fixed,TSB-HB,0.0
fixed,TSB-HB,0.0
fixed,TSB-HB,0.0
fixed,TSB-HB,0.0
fixed,TSB-HB,0.0
fixed,TSB-HB,0.0
fixed,TSB-HB,0.0
fixed,TSB-HB,0.0
fixed,TSB-HB,0.0
fixed,TSB-HB,0.0
fixed,TSB-HB,0.0
fixed,TSB-HB,0.0
fixed,TSB-HB,0.0
fixed,TSB-HB,0.0
fixed,TSB-HB,0.0
fixed,TSB-HB,0.0
fixed,TSB-HB,0.0
fixed,TSB-HB,0.0
fixed,TSB-HB,0.0
fixed,TSB-HB,0.0
fixed,TSB-HB,0.0
fixed,TSB-HB,0.0
fixed,TSB-HB,0.0
fixed,TSB-HB,0.0
fixed,TSB-HB,0.0
fixed,TSB-HB,0.0
fixed,TSB-HB,0.0
fixed,TSB-HB,0.0
fixed,TSB-HB,0.0
fixed,TSB-HB,0.0
fixed,TSB-HB,0.0
fixed,TSB-HB,0.0
fixed,TSB-HB,0.0
fixed,TSB-HB,0.0
fixed,TSB-HB,0.0
fixed,TSB-HB,0.0
fixed,TSB-HB,0.0
fixed,TSB-HB,0.0
fixed,TSB-HB,0.0
fixed,TSB-HB,0.0
fixed,TSB-HB,0.0
fixed,TSB-HB,0.0
fixed,TSB-HB,0.0
fixed,TSB-HB,0.0
fixed,TSB-HB,0.0
fixed,TSB-HB,0.0
fixed,TSB-HB,0.0
fixed,TSB-HB,0.0
fixed,TSB-HB,0.0
fixed,TSB-HB,0.9177263558875273
fixed,TSB-HB,0.0
fixed,TSB-HB,0.0
fixed,TSB-HB,0.0
fixed,TSB-HB,0.0
fixed,TSB-HB,0.0
fixed,TSB-HB,0.0
fixed,TSB-HB,0.0
fixed,TSB-HB,0.0
fixed,TSB-HB,0.0
fixed,TSB-HB,0.0
fixed,TSB-HB,0.9046195032805909
fixed,TSB-HB,0.0
fixed,TSB-HB,0.0
fixed,TSB-HB,0.0
fixed,TSB-HB,0.0
fixed,TSB-HB,0.0
fixed,TSB-HB,0.0
fixed,TSB-HB,0.0
fixed,TSB-HB,0.0
fixed,TSB-HB,0.0
fixed,TSB-HB,0.0
fixed,TSB-HB,0.0
fixed,TSB-HB,0.0
fixed,TSB-HB,0.0
fixed,TSB-HB,0.0
fixed,TSB-HB,0.0
fixed,TSB-HB,0.0
fixed,TSB-HB,0.0
fixed,TSB-HB,0.0
fixed,TSB-HB,0.0
fixed,TSB-HB,0.0
fixed,TSB-HB,0.0
fixed,TSB-HB,0.0
fixed,TSB-HB,0.0
fixed,TSB-HB,0.0
fixed,TSB-HB,0.9255362440912396
fixed,TSB-HB,0.0
fixed,TSB-HB,0.0
fixed,TSB-HB,0.0
fixed,TSB-HB,0.0
fixed,TSB-HB,0.0
fixed,TSB-HB,0.0
fixed,TSB-HB,0.0
fixed,TSB-HB,0.0
fixed,TSB-HB,0.9455231035120355
fixed,TSB-HB,0.0
fixed,TSB-HB,0.0
fixed,TSB-HB,0.0
fixed,TSB-HB,0.0
fixed,TSB-HB,0.0
fixed,TSB-HB,0.0
fixed,TSB-HB,0.0
fixed,TSB-HB,0.0
fixed,TSB-HB,0.0
fixed,TSB-HB,0.0
fixed,TSB-HB,0.0
fixed,TSB-HB,0.0
fixed,TSB-HB,0.0
fixed,TSB-HB,0.0
fixed,TSB-HB,0.0
fixed,TSB-HB,0.0
fixed,TSB-HB,0.0
fixed,TSB-HB,0.0
fixed,TSB-HB,0.0
fixed,TSB-HB,0.0
fixed,TSB-HB,0.0
fixed,TSB-HB,0.0
fixed,TSB-HB,0.0
fixed,TSB-HB,0.0
fixed,TSB-HB,0.0
fixed,TSB-HB,0.0
fixed,TSB-HB,0.0
fixed,TSB-HB,0.0
fixed,TSB-HB,0.0
fixed,TSB-HB,0.0
fixed,TSB-HB,0.0
fixed,TSB-HB,0.0
fixed,TSB-HB,0.0
fixed,TSB-HB,0.0
fixed,TSB-HB,0.0
fixed,TSB-HB,0.0
fixed,TSB-HB,0.0
fixed,TSB-HB,0.0
fixed,TSB-HB,0.0
fixed,TSB-HB,0.0
fixed,TSB-HB,0.0
fixed,TSB-HB,0.0
fixed,TSB-HB,0.0
fixed,TSB-HB,0.0
fixed,TSB-HB,0.0
fixed,TSB-HB,0.0
fixed,TSB-HB,0.0
fixed,TSB-HB,0.0
fixed,TSB-HB,0.0
fixed,TSB-HB,0.0
fixed,TSB-HB,0.0
fixed,TSB-HB,0.0
fixed,TSB-HB,0.0
fixed,TSB-HB,0.0
fixed,TSB-HB,0.0
fixed,TSB-HB,0.0
fixed,TSB-HB,0.0
fixed,TSB-HB,0.0
fixed,TSB-HB,0.0
fixed,TSB-HB,0.0
fixed,TSB-HB,0.0
fixed,TSB-HB,0.0
fixed,TSB-HB,0.0
fixed,TSB-HB,0.0
fixed,TSB-HB,0.0
fixed,TSB-HB,0.0
fixed,TSB-HB,0.0
fixed,TSB-HB,0.0
fixed,TSB-HB,0.0
fixed,TSB-HB,0.0
fixed,TSB-HB,0.0
fixed,TSB-HB,0.0
fixed,TSB-HB,0.0
fixed,TSB-HB,0.0
fixed,TSB-HB,0.0
fixed,TSB-HB,0.0
fixed,TSB-HB,0.0
fixed,TSB-HB,0.0
fixed,TSB-HB,0.0
fixed,TSB-HB,0.0
fixed,TSB-HB,0.0
fixed,TSB-HB,0.0
fixed,TSB-HB,0.0
fixed,TSB-HB,0.0
fixed,TSB-HB,0.0
fixed,TSB-HB,0.0
fixed,TSB-HB,0.0
fixed,TSB-HB,0.0
fixed,TSB-HB,0.0
fixed,TSB-HB,0.0
fixed,TSB-HB,0.0
fixed,TSB-HB,0.0
fixed,TSB-HB,0.0
fixed,TSB-HB,0.0
fixed,TSB-HB,0.0
fixed,TSB-HB,0.0
fixed,TSB-HB,0.0
fixed,TSB-HB,0.0
fixed,TSB-HB,0.0
fixed,TSB-HB,0.0
fixed,TSB-HB,0.0
fixed,TSB-HB,0.0
fixed,TSB-HB,0.0
fixed,TSB-HB,0.0
fixed,TSB-HB,0.0
fixed,TSB-HB,0.0
fixed,TSB-HB,0.0
fixed,TSB-HB,0.0
fixed,TSB-HB,0.0
fixed,TSB-HB,0.0
fixed,TSB-HB,0.0
fixed,TSB-HB,0.0
fixed,TSB-HB,0.0
fixed,TSB-HB,0.0
fixed,TSB-HB,0.0
fixed,TSB-HB,0.0
fixed,TSB-HB,0.9486131958297471
fixed,TSB-HB,0.8573354768716683
fixed,TSB-HB,0.8573354768716683
fixed,TSB-HB,0.0
fixed,TSB-HB,0.0
fixed,TSB-HB,0.0
fixed,TSB-HB,0.0
fixed,TSB-HB,0.0
fixed,TSB-HB,0.0
fixed,TSB-HB,0.0
fixed,TSB-HB,0.0
fixed,TSB-HB,0.0
fixed,TSB-HB,0.8496467962557483
fixed,TSB-HB,0.0
fixed,TSB-HB,0.0
fixed,TSB-HB,0.0
fixed,TSB-HB,0.0
fixed,TSB-HB,0.0
fixed,TSB-HB,0.9101002695471386
fixed,TSB-HB,0.0
fixed,TSB-HB,0.0
fixed,TSB-HB,0.9101002695471386
fixed,TSB-HB,0.0
fixed,TSB-HB,0.0
fixed,TSB-HB,0.0
fixed,TSB-HB,0.0
fixed,TSB-HB,0.0
fixed,TSB-HB,0.0
fixed,TSB-HB,0.0
fixed,TSB-HB,0.0
fixed,TSB-HB,0.0
fixed,TSB-HB,0.0
fixed,TSB-HB,0.7939364167836209
fixed,TSB-HB,0.0
fixed,TSB-HB,0.0
fixed,TSB-HB,0.0
fixed,TSB-HB,0.0
fixed,TSB-HB,0.0
fixed,TSB-HB,0.0
fixed,TSB-HB,0.0
fixed,TSB-HB,0.0
fixed,TSB-HB,0.0
fixed,TSB-HB,0.0
fixed,TSB-HB,0.0
fixed,TSB-HB,0.0
fixed,TSB-HB,0.0
fixed,TSB-HB,0.0
fixed,TSB-HB,0.0
fixed,TSB-HB,0.0
fixed,TSB-HB,0.0
fixed,TSB-HB,0.8518781822337645
fixed,TSB-HB,0.0
fixed,TSB-HB,0.0
fixed,TSB-HB,0.0
fixed,TSB-HB,0.0
fixed,TSB-HB,0.8507181336003207
fixed,TSB-HB,0.8507181336003207
fixed,TSB-HB,0.0
fixed,TSB-HB,0.0
fixed,TSB-HB,0.0
fixed,TSB-HB,0.0
fixed,TSB-HB,0.0
fixed,TSB-HB,0.0
fixed,TSB-HB,0.0
fixed,TSB-HB,0.0
fixed,TSB-HB,0.0
fixed,TSB-HB,0.0
fixed,TSB-HB,0.0
fixed,TSB-HB,0.0
fixed,TSB-HB,0.0
fixed,TSB-HB,0.0
fixed,TSB-HB,0.0
fixed,TSB-HB,0.0
fixed,TSB-HB,0.0
fixed,TSB-HB,0.0
fixed,TSB-HB,0.0
fixed,TSB-HB,0.0
fixed,TSB-HB,0.0
fixed,TSB-HB,0.0
fixed,TSB-HB,0.0
fixed,TSB-HB,0.0
fixed,TSB-HB,0.0
fixed,TSB-HB,0.9347809873417083
fixed,TSB-HB,0.0
fixed,TSB-HB,0.0
fixed,TSB-HB,0.0
fixed,TSB-HB,0.952551684324948
fixed,TSB-HB,0.0
fixed,TSB-HB,0.0
fixed,TSB-HB,0.0
fixed,TSB-HB,0.0
fixed,TSB-HB,0.0
fixed,TSB-HB,0.0
fixed,TSB-HB,0.8423531996163661
fixed,TSB-HB,0.8423531996163661
fixed,TSB-HB,0.0
fixed,TSB-HB,0.0
fixed,TSB-HB,0.0
fixed,TSB-HB,0.0
fixed,TSB-HB,0.0
fixed,TSB-HB,0.8157273851027675
fixed,TSB-HB,0.0
fixed,TSB-HB,0.7762519414975757
fixed,TSB-HB,0.0
fixed,TSB-HB,0.0
fixed,TSB-HB,0.0
fixed,TSB-HB,0.7762519414975757
fixed,TSB-HB,0.0
fixed,TSB-HB,0.0
fixed,TSB-HB,0.0
fixed,TSB-HB,0.0
fixed,TSB-HB,0.0
fixed,TSB-HB,0.0
fixed,TSB-HB,0.8433534933368149
fixed,TSB-HB,0.0
fixed,TSB-HB,0.0
fixed,TSB-HB,0.0
fixed,TSB-HB,0.0
fixed,TSB-HB,0.0
fixed,TSB-HB,0.9381962188142018
fixed,TSB-HB,0.0
fixed,TSB-HB,0.0
fixed,TSB-HB,0.0
fixed,TSB-HB,0.0
fixed,TSB-HB,0.0
fixed,TSB-HB,0.9381962188142018
fixed,TSB-HB,0.0
fixed,TSB-HB,0.0
fixed,TSB-HB,0.0
fixed,TSB-HB,0.9412917055734458
fixed,TSB-HB,0.0
fixed,TSB-HB,0.8545583667392123
fixed,TSB-HB,0.0
fixed,TSB-HB,0.0
fixed,TSB-HB,0.0
fixed,TSB-HB,0.0
fixed,TSB-HB,0.0
fixed,TSB-HB,0.0
fixed,TSB-HB,0.0
fixed,TSB-HB,0.0
fixed,TSB-HB,0.0
fixed,TSB-HB,0.0
fixed,TSB-HB,0.0
fixed,TSB-HB,0.8006443300949918
fixed,TSB-HB,0.0
fixed,TSB-HB,0.956061416347968
fixed,TSB-HB,0.0
fixed,TSB-HB,0.9837131341171677
fixed,TSB-HB,0.0
fixed,TSB-HB,0.0
fixed,TSB-HB,0.9022226163317529
fixed,TSB-HB,0.0
fixed,TSB-HB,0.0
fixed,TSB-HB,0.0
fixed,TSB-HB,0.0
fixed,TSB-HB,0.0
fixed,TSB-HB,0.0
fixed,TSB-HB,0.0
fixed,TSB-HB,0.0
fixed,TSB-HB,0.0
fixed,TSB-HB,0.0
fixed,TSB-HB,0.0
fixed,TSB-HB,0.0
fixed,TSB-HB,0.0
fixed,TSB-HB,0.0
fixed,TSB-HB,0.0
fixed,TSB-HB,0.0
fixed,TSB-HB,0.0
fixed,TSB-HB,0.0
fixed,TSB-HB,0.0
fixed,TSB-HB,0.0
fixed,TSB-HB,0.0
fixed,TSB-HB,0.0
fixed,TSB-HB,0.0
fixed,TSB-HB,0.0
fixed,TSB-HB,0.0
fixed,TSB-HB,0.0
fixed,TSB-HB,0.0
fixed,TSB-HB,0.0
fixed,TSB-HB,0.0
fixed,TSB-HB,0.0
fixed,TSB-HB,0.0
fixed,TSB-HB,0.0
fixed,TSB-HB,1.0
fixed,TSB-HB,0.0
fixed,TSB-HB,0.0
fixed,TSB-HB,0.0
fixed,TSB-HB,0.0
fixed,TSB-HB,0.0
fixed,TSB-HB,0.0
fixed,TSB-HB,0.0
fixed,TSB-HB,0.0
fixed,TSB-HB,0.0
fixed,TSB-HB,0.0
fixed,TSB-HB,0.0
fixed,TSB-HB,0.0
fixed,TSB-HB,0.0
fixed,TSB-HB,0.0
fixed,TSB-HB,0.0
fixed,TSB-HB,0.0
fixed,TSB-HB,0.0
fixed,TSB-HB,0.0
fixed,TSB-HB,0.0
fixed,TSB-HB,0.0
fixed,TSB-HB,0.0
fixed,TSB-HB,0.9261325472049943
fixed,TSB-HB,0.0
fixed,TSB-HB,0.8454413561461753
fixed,TSB-HB,0.0
fixed,TSB-HB,0.0
fixed,TSB-HB,0.0
fixed,TSB-HB,0.0
fixed,TSB-HB,0.0
fixed,TSB-HB,0.0
fixed,TSB-HB,0.0
fixed,TSB-HB,0.0
fixed,TSB-HB,0.0
fixed,TSB-HB,0.0
fixed,TSB-HB,0.0
fixed,TSB-HB,0.0
fixed,TSB-HB,0.0
fixed,TSB-HB,0.0
fixed,TSB-HB,0.0
fixed,TSB-HB,0.0
fixed,TSB-HB,0.0
fixed,TSB-HB,0.0
fixed,TSB-HB,0.0
fixed,TSB-HB,0.0
fixed,TSB-HB,0.9148893358030221
fixed,TSB-HB,0.0
fixed,TSB-HB,0.0
fixed,TSB-HB,0.0
fixed,TSB-HB,0.0
fixed,TSB-HB,0.0
fixed,TSB-HB,0.9185383646147974
fixed,TSB-HB,0.0
fixed,TSB-HB,0.9185383646147974
fixed,TSB-HB,0.0
fixed,TSB-HB,0.0
fixed,TSB-HB,0.0
fixed,TSB-HB,0.0
fixed,TSB-HB,0.0
fixed,TSB-HB,0.0
fixed,TSB-HB,0.0
fixed,TSB-HB,0.0
fixed,TSB-HB,0.0
fixed,TSB-HB,0.0
fixed,TSB-HB,0.0
fixed,TSB-HB,0.0
fixed,TSB-HB,0.0
fixed,TSB-HB,0.0
fixed,TSB-HB,0.0
fixed,TSB-HB,0.0
fixed,TSB-HB,0.0
fixed,TSB-HB,0.0
fixed,TSB-HB,0.0
fixed,TSB-HB,0.0
fixed,TSB-HB,0.8417021489704618
fixed,TSB-HB,0.0
fixed,TSB-HB,0.0
fixed,TSB-HB,0.0
fixed,TSB-HB,0.0
fixed,TSB-HB,0.0
fixed,TSB-HB,0.0
fixed,TSB-HB,0.0
fixed,TSB-HB,0.0
fixed,TSB-HB,0.0
fixed,TSB-HB,0.0
fixed,TSB-HB,0.0
fixed,TSB-HB,0.0
fixed,TSB-HB,0.0
fixed,TSB-HB,0.0
fixed,TSB-HB,0.0
fixed,TSB-HB,0.0
fixed,TSB-HB,0.0
fixed,TSB-HB,0.0
fixed,TSB-HB,1.0
fixed,TSB-HB,0.0
fixed,TSB-HB,0.0
fixed,TSB-HB,0.0
fixed,TSB-HB,0.0
fixed,TSB-HB,0.0
fixed,TSB-HB,1.0
fixed,TSB-HB,0.0
fixed,TSB-HB,0.0
fixed,TSB-HB,0.0
fixed,TSB-HB,0.0
fixed,TSB-HB,0.0
fixed,TSB-HB,0.0
fixed,TSB-HB,0.0
fixed,TSB-HB,0.0
fixed,TSB-HB,0.9263820627421678
fixed,TSB-HB,0.9263820627421678
fixed,TSB-HB,0.0
fixed,TSB-HB,0.0
fixed,TSB-HB,0.0
fixed,TSB-HB,0.0
fixed,TSB-HB,0.0
fixed,TSB-HB,0.0
fixed,TSB-HB,0.0
fixed,TSB-HB,0.0
fixed,TSB-HB,0.0
fixed,TSB-HB,0.0
fixed,TSB-HB,0.0
fixed,TSB-HB,0.0
fixed,TSB-HB,0.0
fixed,TSB-HB,0.9099776887700203
fixed,TSB-HB,0.0
fixed,TSB-HB,0.0
fixed,TSB-HB,0.0
fixed,TSB-HB,0.0
fixed,TSB-HB,0.0
fixed,TSB-HB,0.0
fixed,TSB-HB,0.0
fixed,TSB-HB,0.0
fixed,TSB-HB,0.0
fixed,TSB-HB,0.0
fixed,TSB-HB,0.0
fixed,TSB-HB,0.0
fixed,TSB-HB,0.0
fixed,TSB-HB,0.0
fixed,TSB-HB,0.0
fixed,TSB-HB,0.0
fixed,TSB-HB,0.0
fixed,TSB-HB,0.853418287994567
fixed,TSB-HB,0.0
fixed,TSB-HB,0.0
fixed,TSB-HB,0.0
fixed,TSB-HB,0.0
fixed,TSB-HB,0.0
fixed,TSB-HB,0.0
fixed,TSB-HB,0.0
fixed,TSB-HB,0.0
fixed,TSB-HB,0.0
fixed,TSB-HB,0.0
fixed,TSB-HB,0.0
fixed,TSB-HB,0.9103815959191394
fixed,TSB-HB,0.0
fixed,TSB-HB,0.0
fixed,TSB-HB,0.0
fixed,TSB-HB,0.0
fixed,TSB-HB,0.0
fixed,TSB-HB,0.0
fixed,TSB-HB,0.0
fixed,TSB-HB,0.0
fixed,TSB-HB,0.0
fixed,TSB-HB,0.0
fixed,TSB-HB,0.0
fixed,TSB-HB,0.0
fixed,TSB-HB,0.0
fixed,TSB-HB,0.0
fixed,TSB-HB,0.0
fixed,TSB-HB,0.0
fixed,TSB-HB,0.0
fixed,TSB-HB,0.0
fixed,TSB-HB,0.0
fixed,TSB-HB,0.0
fixed,TSB-HB,0.0
fixed,TSB-HB,0.0
fixed,TSB-HB,0.0
fixed,TSB-HB,0.0
fixed,TSB-HB,0.0
fixed,TSB-HB,0.0
fixed,TSB-HB,0.0
fixed,TSB-HB,0.0
fixed,TSB-HB,0.0
fixed,TSB-HB,0.0
fixed,TSB-HB,0.0
fixed,TSB-HB,0.0
fixed,TSB-HB,0.0
fixed,TSB-HB,0.0
fixed,TSB-HB,0.0
fixed,TSB-HB,0.0
fixed,TSB-HB,0.0
fixed,TSB-HB,0.0
fixed,TSB-HB,0.0
fixed,TSB-HB,0.0
fixed,TSB-HB,0.0
fixed,TSB-HB,0.0
fixed,TSB-HB,0.0
fixed,TSB-HB,0.0
fixed,TSB-HB,0.0
fixed,TSB-HB,0.0
fixed,TSB-HB,0.0
fixed,TSB-HB,0.0
fixed,TSB-HB,0.9291082320962873
fixed,TSB-HB,0.0
fixed,TSB-HB,1.0
fixed,TSB-HB,0.0
fixed,TSB-HB,0.0
fixed,TSB-HB,0.0
fixed,TSB-HB,0.0
fixed,TSB-HB,0.0
fixed,TSB-HB,0.0
fixed,TSB-HB,0.0
fixed,TSB-HB,0.0
fixed,TSB-HB,0.0
fixed,TSB-HB,0.0
fixed,TSB-HB,0.0
fixed,TSB-HB,0.0
fixed,TSB-HB,0.0
fixed,TSB-HB,0.0
fixed,TSB-HB,0.0
fixed,TSB-HB,0.0
fixed,TSB-HB,0.9568691348106204
fixed,TSB-HB,0.0
fixed,TSB-HB,0.0
fixed,TSB-HB,0.0
fixed,TSB-HB,0.9196123428739126
fixed,TSB-HB,0.0
fixed,TSB-HB,0.0
fixed,TSB-HB,0.0
fixed,TSB-HB,0.0
fixed,TSB-HB,0.0
fixed,TSB-HB,0.0
fixed,TSB-HB,0.0
fixed,TSB-HB,0.0
fixed,TSB-HB,0.0
fixed,TSB-HB,0.0
fixed,TSB-HB,0.0
fixed,TSB-HB,0.0
fixed,TSB-HB,0.0
fixed,TSB-HB,0.0
fixed,TSB-HB,0.0
fixed,TSB-HB,0.0
fixed,TSB-HB,0.0
fixed,TSB-HB,0.0
fixed,TSB-HB,0.0
fixed,TSB-HB,0.0
fixed,TSB-HB,0.0
fixed,TSB-HB,0.0
fixed,TSB-HB,0.0
fixed,TSB-HB,0.0
fixed,TSB-HB,0.0
fixed,TSB-HB,0.0
fixed,TSB-HB,0.0
fixed,TSB-HB,0.0
fixed,TSB-HB,0.0
fixed,TSB-HB,0.9495384548671851
fixed,TSB-HB,0.0
fixed,TSB-HB,0.0
fixed,TSB-HB,0.0
fixed,TSB-HB,0.0
fixed,TSB-HB,0.0
fixed,TSB-HB,0.0
fixed,TSB-HB,0.0
fixed,TSB-HB,0.0
fixed,TSB-HB,0.0
fixed,TSB-HB,0.0
fixed,TSB-HB,0.0
fixed,TSB-HB,0.0
fixed,TSB-HB,0.0
fixed,TSB-HB,0.0
fixed,TSB-HB,0.0
fixed,TSB-HB,0.0
fixed,TSB-HB,0.0
fixed,TSB-HB,0.0
fixed,TSB-HB,0.8706390989307301
fixed,TSB-HB,0.0
fixed,TSB-HB,0.0
fixed,TSB-HB,0.0
fixed,TSB-HB,0.0
fixed,TSB-HB,0.0
fixed,TSB-HB,0.0
fixed,TSB-HB,0.0
fixed,TSB-HB,0.0
fixed,TSB-HB,0.0
fixed,TSB-HB,0.8555384710827734
fixed,TSB-HB,0.0
fixed,TSB-HB,0.0
fixed,TSB-HB,0.0
fixed,TSB-HB,0.0
fixed,TSB-HB,0.883948448581606
fixed,TSB-HB,0.883948448581606
fixed,TSB-HB,0.0
fixed,TSB-HB,0.0
fixed,TSB-HB,0.0
fixed,TSB-HB,0.0
fixed,TSB-HB,0.0
fixed,TSB-HB,0.0
fixed,TSB-HB,0.0
fixed,TSB-HB,0.0
fixed,TSB-HB,0.0
fixed,TSB-HB,0.0
fixed,TSB-HB,0.0
fixed,TSB-HB,0.0
fixed,TSB-HB,0.0
fixed,TSB-HB,0.0
fixed,TSB-HB,0.0
fixed,TSB-HB,0.0
fixed,TSB-HB,0.0
fixed,TSB-HB,0.0
fixed,TSB-HB,0.0
fixed,TSB-HB,0.0
fixed,TSB-HB,0.0
fixed,TSB-HB,0.0
fixed,TSB-HB,0.0
fixed,TSB-HB,0.0
fixed,TSB-HB,0.0
fixed,TSB-HB,0.0
fixed,TSB-HB,0.0
fixed,TSB-HB,0.0
fixed,TSB-HB,0.0
fixed,TSB-HB,0.0
fixed,TSB-HB,0.0
fixed,TSB-HB,0.0
fixed,TSB-HB,0.0
fixed,TSB-HB,0.0
fixed,TSB-HB,0.0
fixed,TSB-HB,0.0
fixed,TSB-HB,0.0
fixed,TSB-HB,0.0
fixed,TSB-HB,0.0
fixed,TSB-HB,0.0
fixed,TSB-HB,0.0
fixed,TSB-HB,0.0
fixed,TSB-HB,0.8966086048622562
fixed,TSB-HB,0.0
fixed,TSB-HB,0.8966086048622562
fixed,TSB-HB,0.0
fixed,TSB-HB,0.0
fixed,TSB-HB,0.0
fixed,TSB-HB,0.0
fixed,TSB-HB,0.0
fixed,TSB-HB,0.0
fixed,TSB-HB,0.0
fixed,TSB-HB,0.0
fixed,TSB-HB,0.0
fixed,TSB-HB,0.0
fixed,TSB-HB,0.0
fixed,TSB-HB,0.0
fixed,TSB-HB,0.0
fixed,TSB-HB,0.0
fixed,TSB-HB,0.0
fixed,TSB-HB,0.0
fixed,TSB-HB,0.0
fixed,TSB-HB,0.0
fixed,TSB-HB,0.0
fixed,TSB-HB,0.0
fixed,TSB-HB,0.0
fixed,TSB-HB,0.0
fixed,TSB-HB,0.0
fixed,TSB-HB,0.0
fixed,TSB-HB,0.0
fixed,TSB-HB,0.0
fixed,TSB-HB,0.0
fixed,TSB-HB,0.0
fixed,TSB-HB,0.0
fixed,TSB-HB,0.0
fixed,TSB-HB,0.0
fixed,TSB-HB,0.0
fixed,TSB-HB,0.0
fixed,TSB-HB,0.0
fixed,TSB-HB,0.0
fixed,TSB-HB,0.0
fixed,TSB-HB,0.0
fixed,TSB-HB,0.0
fixed,TSB-HB,0.0
fixed,TSB-HB,0.0
fixed,TSB-HB,0.0
fixed,TSB-HB,0.0
fixed,TSB-HB,0.0
fixed,TSB-HB,0.0
fixed,TSB-HB,0.0
fixed,TSB-HB,0.0
fixed,TSB-HB,0.0
fixed,TSB-HB,0.0
fixed,TSB-HB,0.0
fixed,TSB-HB,0.0
fixed,TSB-HB,0.0
fixed,TSB-HB,0.0
fixed,TSB-HB,0.0
fixed,TSB-HB,0.9355828623534149
fixed,TSB-HB,0.0
fixed,TSB-HB,0.0
fixed,TSB-HB,0.0
fixed,TSB-HB,0.0
fixed,TSB-HB,0.0
fixed,TSB-HB,0.0
fixed,TSB-HB,0.0
fixed,TSB-HB,0.0
fixed,TSB-HB,0.0
fixed,TSB-HB,0.0
fixed,TSB-HB,0.0
fixed,TSB-HB,0.0
fixed,TSB-HB,0.0
fixed,TSB-HB,0.0
fixed,TSB-HB,0.0
fixed,TSB-HB,0.0
fixed,TSB-HB,0.0
fixed,TSB-HB,0.0
fixed,TSB-HB,0.0
fixed,TSB-HB,0.0
fixed,TSB-HB,0.0
fixed,TSB-HB,0.0
fixed,TSB-HB,0.0
fixed,TSB-HB,0.0
fixed,TSB-HB,0.0
fixed,TSB-HB,0.0
fixed,TSB-HB,0.0
fixed,TSB-HB,0.0
fixed,TSB-HB,0.0
fixed,TSB-HB,0.0
fixed,TSB-HB,0.0
fixed,TSB-HB,0.0
fixed,TSB-HB,0.0
fixed,TSB-HB,0.0
fixed,TSB-HB,0.0
fixed,TSB-HB,0.8726960509136641
fixed,TSB-HB,0.0
fixed,TSB-HB,0.0
fixed,TSB-HB,0.0
fixed,TSB-HB,0.0
fixed,TSB-HB,0.0
fixed,TSB-HB,0.0
fixed,TSB-HB,0.0
fixed,TSB-HB,0.0
fixed,TSB-HB,0.0
